Age,IQ,CGPA,Years_of_Experience,Package_LPA
59,128,9.53,0,16.72
49,103,6.08,0,11.47
35,105,9.48,12,39.72
28,134,7.77,1,15.34
41,86,5.91,14,38.51
59,157,6.6,8,29.22
39,120,9.15,11,38.39
43,81,9.76,9,34.2
31,109,9.38,13,41.25
31,99,9.36,8,31.54
44,135,5.02,3,15.61
56,153,7.24,14,41.16
44,103,9.19,5,26.02
23,91,5.18,7,23.89
42,94,8.47,12,39.13
22,152,7.51,0,13.18
44,127,8.95,1,17.1
50,140,6.3,2,16.35
58,150,9.41,13,42.46
22,107,6.48,12,34.44
41,82,9.76,2,20.97
53,95,8.2,9,31.9
32,115,5.98,6,23.22
42,83,8.88,13,40.79
45,88,7.67,8,28.66
47,91,7.04,5,22.02
48,153,7.36,14,39.76
36,123,7.0,14,39.82
35,145,8.54,6,27.3
23,98,6.29,8,26.71
57,92,7.56,9,31.43
27,134,8.78,1,17.44
41,144,5.72,6,23.5
29,149,6.46,4,20.31
59,82,6.07,1,13.61
38,104,7.86,9,30.99
24,131,7.06,8,27.63
45,95,6.62,4,18.87
34,122,6.79,13,38.16
29,135,7.35,0,13.47
46,147,7.09,4,21.09
22,87,8.53,2,18.22
40,159,8.46,10,35.98
48,123,5.13,6,22.11
27,117,8.55,3,20.31
28,102,6.11,1,11.74
55,85,7.1,13,39.23
34,122,6.11,0,10.96
37,123,5.59,12,34.63
56,159,7.92,11,35.64
24,159,9.75,2,21.02
22,102,6.86,11,33.7
26,95,8.39,8,29.03
24,155,7.27,3,18.32
49,88,5.91,11,32.27
38,88,9.6,10,35.64
46,137,7.25,13,38.55
54,144,5.04,3,15.98
30,138,7.28,3,19.24
56,102,5.03,4,17.94
34,148,8.97,14,43.43
51,98,6.84,10,32.6
35,114,8.07,0,15.31
28,134,8.83,9,33.23
34,119,5.14,0,8.96
43,93,7.59,10,33.2
41,92,8.19,3,20.09
36,132,7.36,10,32.31
38,159,6.53,9,30.44
44,118,7.32,13,38.79
46,144,6.97,6,25.31
45,135,8.06,9,32.31
49,119,7.35,14,41.16
35,125,5.65,14,38.93
21,156,5.42,2,13.82
45,86,5.82,14,37.87
27,124,5.33,11,31.75
29,101,6.27,7,24.19
44,86,5.35,1,11.32
21,131,8.02,6,26.31
28,147,7.22,0,12.58
44,149,6.28,14,39.93
31,146,5.06,10,28.48
37,82,5.73,10,30.5
28,137,8.33,8,29.99
55,146,6.25,6,23.63
55,133,6.66,5,22.89
53,88,5.38,9,28.1
25,133,7.74,14,41.37
59,159,9.02,9,34.36
48,130,6.77,5,22.71
27,95,5.57,8,25.79
29,91,9.77,4,24.23
28,99,7.56,9,30.22
32,132,5.45,5,19.69
54,110,7.49,14,41.01
53,100,5.22,8,25.2
43,82,5.28,7,23.73
44,100,6.59,14,40.23
57,107,8.39,2,18.95
55,84,8.53,5,25.03
42,150,9.51,11,39.02
47,148,5.54,12,34.59
55,152,7.32,3,19.39
21,126,7.38,6,25.36
55,99,7.3,12,36.41
57,117,9.21,11,38.28
34,116,9.06,7,29.54
23,137,7.54,7,26.61
21,96,8.89,4,23.34
25,121,5.3,12,34.33
46,111,7.66,12,37.97
34,141,5.47,8,26.43
59,100,9.33,13,42.04
47,112,7.52,0,13.42
29,146,5.09,2,14.52
35,85,7.75,2,17.26
35,145,8.69,11,37.09
46,111,5.67,8,26.0
33,143,6.41,0,11.46
52,105,7.24,0,12.75
59,141,7.07,10,33.36
52,84,7.51,9,31.86
24,90,5.08,7,23.36
50,153,8.69,5,25.2
57,158,6.58,11,34.36
43,128,8.51,12,38.5
59,157,9.28,13,43.13
35,141,8.44,10,35.47
49,139,8.36,4,23.13
56,156,7.9,3,20.57
33,81,5.01,6,20.46
52,138,9.52,0,16.41
27,155,9.17,3,22.06
42,104,5.97,0,10.75
48,147,5.9,4,19.05
22,121,5.18,6,21.18
26,155,6.9,5,22.71
48,150,9.93,14,45.49
48,134,5.49,10,29.7
40,117,7.83,3,19.48
50,122,6.32,5,21.93
31,149,9.31,13,41.57
48,132,7.54,5,23.11
45,100,9.27,1,18.49
59,99,9.65,3,23.8
53,98,8.17,3,20.71
21,112,6.41,13,37.02
47,142,7.24,5,23.29
33,147,8.16,9,33.17
23,139,8.25,11,35.43
59,98,5.34,4,18.56
26,107,6.75,12,36.26
28,101,7.66,11,35.28
47,130,6.68,0,11.73
29,142,7.89,6,26.04
57,141,5.88,2,16.23
53,108,5.17,10,30.11
44,153,6.71,2,16.36
35,111,7.84,2,18.4
52,152,5.06,0,10.05
52,104,8.06,0,13.78
44,95,6.77,7,26.31
32,94,9.97,13,42.3
59,138,8.91,0,14.94
22,127,6.46,3,17.22
23,97,9.86,14,44.15
57,102,6.39,11,34.41
37,134,5.54,3,15.98
22,121,5.13,10,29.92
22,82,8.92,10,34.74
48,150,6.6,3,17.62
43,131,9.92,10,36.49
57,90,8.09,0,14.62
52,134,5.82,4,18.86
53,104,6.68,8,27.83
21,155,7.56,1,15.07
39,120,8.61,7,29.35
22,116,7.96,0,13.34
46,134,6.3,3,17.71
52,88,7.38,6,25.07
26,115,6.08,7,23.97
52,136,6.75,13,38.94
24,142,6.43,6,23.38
31,99,9.49,14,44.68
37,126,8.94,8,31.55
58,99,7.66,9,31.8
44,85,5.87,1,12.57
25,152,7.97,7,27.14
54,108,6.77,8,28.22
26,156,5.19,13,35.78
42,128,8.45,3,20.5
31,85,6.28,4,18.89
36,118,6.17,8,26.8
53,111,8.32,10,34.54
29,128,9.36,6,27.96
26,122,6.41,14,39.65
36,107,8.89,2,19.22
49,124,9.43,12,40.46
23,144,6.05,11,33.6
40,129,9.59,2,20.78
56,133,6.42,14,39.77
39,130,6.09,14,39.03
46,122,6.8,0,11.39
23,143,6.14,9,29.74
39,109,7.86,4,21.48
40,121,7.36,0,12.61
52,117,8.35,11,36.48
27,145,8.62,10,35.27
53,148,5.41,12,34.73
59,94,5.77,2,14.11
38,140,8.95,1,16.86
21,85,5.33,9,27.95
31,157,8.29,4,22.24
48,103,8.32,11,36.27
45,93,8.69,13,41.13
43,91,6.09,5,20.3
51,134,5.76,4,18.63
50,147,7.25,12,36.89
55,123,5.21,11,32.69
27,130,9.21,14,43.72
36,159,8.73,9,33.39
46,117,9.42,2,19.82
22,120,5.35,7,24.91
21,123,9.6,7,29.68
32,154,8.78,9,32.68
25,95,5.56,2,13.52
57,129,5.52,2,14.43
52,117,9.5,12,40.36
29,84,7.33,4,20.85
55,88,9.99,12,41.85
39,156,8.18,2,19.35
36,118,8.44,8,29.54
23,106,7.34,2,16.56
40,111,7.18,4,20.8
44,143,9.01,5,25.79
53,112,7.24,8,29.19
44,97,7.49,14,41.7
31,155,6.95,8,28.53
28,146,5.98,9,28.56
56,84,9.24,4,23.84
58,157,6.1,4,18.5
40,138,6.51,8,28.48
55,155,7.96,7,28.35
45,83,6.63,7,26.12
55,95,6.77,5,22.22
45,154,5.02,6,21.92
49,127,9.01,13,42.09
38,145,7.47,12,37.8
38,156,5.98,2,14.96
22,87,8.56,11,35.99
55,123,8.28,7,28.76
36,100,6.88,7,26.36
56,105,7.89,7,27.78
53,114,8.33,11,36.28
24,94,5.31,14,38.56
53,119,7.09,12,36.56
34,109,7.62,0,13.12
41,145,8.62,14,43.61
40,159,6.91,8,28.77
28,92,5.85,3,15.6
27,80,5.45,3,16.22
23,122,9.05,12,39.62
37,107,7.4,1,15.69
53,80,6.15,8,26.41
32,119,9.02,5,25.09
42,113,9.06,4,24.17
42,92,8.26,2,17.29
50,140,5.6,14,38.31
58,145,6.52,6,25.41
58,83,9.41,8,32.18
28,92,5.61,4,17.89
47,115,8.5,0,14.45
47,140,6.28,14,40.43
54,137,5.17,14,38.63
41,94,8.45,9,32.5
50,91,6.32,9,30.18
53,155,8.72,6,26.96
48,148,6.83,8,28.84
53,140,6.1,0,11.26
25,121,9.55,2,21.19
39,111,6.78,2,16.15
24,81,9.57,12,38.87
55,87,9.81,2,20.54
37,133,7.03,4,20.07
48,87,8.59,12,39.02
50,92,6.98,10,32.68
49,108,8.28,8,30.05
26,92,8.86,11,36.59
55,137,8.19,12,38.31
57,142,6.45,10,32.35
44,126,6.54,2,15.56
49,158,9.31,0,16.44
51,153,7.82,8,30.45
55,117,9.51,9,34.59
53,148,7.09,9,31.0
41,148,6.32,14,39.96
52,119,8.04,14,41.26
43,80,9.45,2,19.73
53,81,7.51,10,32.78
23,108,6.39,13,36.91
38,86,6.11,3,17.17
45,136,7.25,5,23.76
51,134,9.27,6,28.67
23,152,6.43,5,22.11
44,115,7.77,11,35.29
52,86,5.87,0,9.68
42,89,8.72,2,18.97
43,159,7.3,2,17.03
22,153,6.19,10,30.83
47,118,8.77,3,20.85
22,137,8.64,4,22.08
46,119,5.17,4,18.16
37,93,7.21,9,30.89
53,80,7.97,4,21.04
29,96,6.28,13,37.49
59,128,5.28,1,12.21
49,95,6.42,12,35.93
46,86,9.34,9,33.23
55,94,6.7,8,28.94
45,100,8.93,8,30.85
44,145,8.51,11,36.9
33,138,9.79,3,22.57
27,127,9.36,2,19.71
56,152,9.71,5,27.46
40,129,5.12,0,8.78
21,89,6.49,3,16.75
28,131,9.36,1,18.3
36,147,6.86,8,28.22
34,109,5.26,6,20.83
32,113,9.64,8,31.79
43,157,7.26,6,25.93
35,144,5.26,1,12.05
48,139,6.42,1,13.96
54,87,9.28,7,29.27
22,154,8.95,8,31.86
52,144,9.99,5,27.69
43,148,7.2,13,38.97
42,136,6.51,2,16.39
45,124,5.67,14,38.09
42,128,6.49,8,28.24
42,153,6.0,6,23.12
26,141,8.34,0,14.37
35,118,8.83,14,42.51
57,156,9.02,10,36.08
53,100,8.76,8,30.58
28,132,7.45,1,14.72
25,124,6.96,4,19.65
59,107,5.5,6,23.06
24,132,7.89,9,31.62
26,88,7.26,10,32.39
52,154,6.22,2,15.89
50,150,9.01,10,36.08
55,140,8.56,8,31.12
36,106,7.84,13,40.3
33,101,6.0,2,14.02
50,109,7.85,1,15.96
39,94,6.02,9,28.95
37,94,8.66,10,34.37
39,132,5.86,12,35.25
48,155,8.7,14,43.39
46,102,7.7,2,16.59
57,149,9.88,9,35.43
46,95,7.33,5,22.64
43,144,6.2,0,11.25
29,124,9.2,3,22.32
32,86,7.9,3,18.72
21,124,7.68,4,21.53
21,118,5.53,9,28.86
54,129,6.9,10,33.99
52,128,5.02,1,12.89
45,127,6.08,0,11.09
21,128,7.63,11,35.22
36,119,7.37,13,38.61
59,118,7.84,13,40.72
25,136,9.34,13,42.73
42,142,6.3,8,27.3
49,135,8.39,1,17.56
23,81,7.76,11,35.38
32,105,9.1,7,29.94
46,102,6.34,2,15.43
36,97,9.95,7,29.99
57,147,8.32,1,17.06
42,139,5.2,2,14.71
49,81,5.02,3,15.58
34,128,9.34,9,33.97
48,117,6.31,11,34.0
25,110,6.19,11,32.39
50,119,7.75,9,31.98
25,159,5.85,12,34.91
32,132,6.44,8,27.15
36,143,7.58,2,17.6
46,112,9.91,3,22.52
46,137,5.77,3,16.17
41,129,5.21,9,28.45
59,143,8.54,2,19.0
56,82,8.08,8,30.01
53,140,6.57,12,36.96
50,89,6.4,11,32.62
57,145,9.34,9,35.39
43,130,6.61,11,33.56
30,109,7.96,3,19.36
25,104,7.13,7,26.65
56,122,7.64,4,21.65
54,143,9.44,14,44.48
51,138,7.24,5,23.94
30,141,9.13,2,19.96
39,89,8.01,12,37.91
52,143,6.82,12,36.67
21,139,5.12,8,25.54
25,99,8.34,3,19.23
24,128,8.48,12,38.46
36,153,9.96,13,43.86
44,106,8.56,13,40.09
36,130,9.1,13,42.03
22,136,5.84,5,20.6
48,158,8.81,11,37.28
52,158,6.76,14,39.72
47,116,9.9,5,27.42
40,82,7.26,7,27.0
44,108,7.32,10,32.11
32,147,7.49,9,31.18
55,126,6.54,13,38.52
53,159,6.9,11,35.76
53,148,6.96,7,27.66
57,100,7.56,10,33.38
32,121,5.71,10,30.6
23,100,7.99,11,35.49
21,81,7.7,5,22.87
53,157,9.91,13,44.12
30,148,9.37,13,42.3
49,86,7.31,0,13.9
33,154,8.49,7,29.92
32,114,8.28,6,25.92
51,109,6.17,4,18.99
22,123,6.66,12,35.19
55,125,5.17,12,34.31
43,134,5.48,7,23.75
37,80,6.55,5,21.08
46,133,8.89,0,15.27
28,159,8.58,3,22.27
49,80,9.82,12,40.23
46,142,6.83,3,17.64
30,134,6.71,0,11.98
46,156,5.51,9,28.31
54,106,8.94,0,15.83
27,94,5.83,5,20.15
24,88,9.77,0,16.11
31,148,6.58,7,25.16
49,138,8.24,10,34.59
56,102,7.25,1,15.61
45,90,6.12,2,14.75
41,103,7.28,2,16.8
56,151,6.63,3,18.75
30,133,8.13,12,37.81
57,110,7.76,7,27.29
29,101,5.41,12,34.98
44,93,5.36,2,14.17
55,84,9.83,0,16.62
55,96,6.51,11,34.49
56,150,5.45,2,14.91
38,123,5.91,11,33.23
59,158,5.77,8,27.72
52,128,6.05,8,27.89
44,144,5.23,8,25.62
43,83,5.99,3,16.61
52,88,9.71,9,34.95
57,115,7.86,8,30.08
32,130,6.63,1,13.43
33,111,8.95,5,25.08
43,97,9.48,2,20.07
45,94,5.35,1,11.1
55,99,6.72,7,26.96
50,137,9.09,7,29.4
37,119,8.04,3,20.58
40,145,8.41,13,41.66
45,92,7.8,6,25.11
42,92,5.41,13,36.27
33,141,9.25,9,34.29
39,107,6.19,6,23.1
56,125,5.52,3,17.37
32,94,6.7,4,19.95
39,123,8.73,8,31.32
32,102,9.4,1,18.6
29,146,8.25,14,42.8
27,157,6.79,0,12.31
48,145,8.64,13,40.82
34,129,8.83,10,35.21
51,92,9.62,1,17.62
39,81,5.59,12,34.61
36,155,5.7,13,36.75
25,113,7.18,2,16.21
55,119,6.7,5,22.82
32,148,8.86,4,23.35
45,140,7.94,2,19.02
41,104,5.48,3,15.76
56,154,7.67,5,23.97
43,156,6.43,3,18.41
36,142,7.04,5,23.92
59,107,5.41,3,16.48
59,135,5.18,8,25.75
34,105,9.83,3,21.36
51,106,8.71,0,15.6
25,105,8.27,1,15.61
55,94,8.38,14,42.74
43,129,8.19,2,17.74
49,85,6.9,12,37.14
31,147,7.49,10,32.54
38,83,9.63,10,34.98
32,109,6.85,1,14.4
29,156,5.96,5,20.22
30,88,5.27,5,19.79
37,121,6.3,11,33.46
58,93,5.66,8,25.51
27,119,8.25,10,34.75
33,82,6.18,10,30.6
29,120,6.66,2,15.51
47,112,5.48,13,36.4
22,158,7.18,14,40.78
25,139,9.77,13,42.31
49,143,7.19,4,20.63
57,141,8.76,0,15.5
58,158,7.85,2,17.97
39,86,6.59,4,19.26
28,155,9.71,6,29.0
21,129,7.59,9,30.5
42,118,8.86,11,37.15
37,150,5.61,1,12.63
27,126,6.13,8,26.87
45,149,7.27,10,32.99
24,105,8.85,10,34.95
56,137,9.08,12,40.52
26,152,9.89,2,22.03
51,130,9.75,7,31.31
39,131,7.11,10,32.01
59,95,7.66,14,41.94
47,127,5.13,2,13.43
30,106,7.45,14,40.91
46,112,5.18,11,31.71
39,102,5.07,11,31.2
59,124,7.78,5,24.53
23,101,9.49,6,27.36
33,121,9.82,0,17.45
48,112,8.67,0,14.78
40,89,8.74,5,25.32
48,126,7.21,3,19.24
28,158,7.83,14,42.43
59,118,7.92,6,26.17
21,125,5.35,11,32.1
23,151,5.23,1,12.12
33,130,5.73,0,10.16
48,104,8.97,4,23.01
45,94,7.81,3,19.82
53,137,7.96,13,40.57
58,138,6.75,6,24.36
26,105,9.34,11,37.87
52,120,9.82,7,30.61
41,123,6.07,10,31.46
36,101,6.57,0,11.25
41,116,6.64,11,33.56
31,93,9.81,7,30.22
57,83,7.59,13,39.25
56,103,7.84,8,29.63
55,145,6.84,13,39.11
39,142,9.5,6,28.84
40,144,5.95,10,30.71
38,145,7.29,5,22.82
34,92,6.13,8,27.56
35,106,7.93,0,13.45
51,96,7.74,0,14.11
21,148,5.66,0,10.03
23,136,9.15,12,39.16
36,151,5.61,13,36.29
43,152,5.88,0,10.93
31,97,6.35,4,19.48
32,95,9.07,11,36.83
30,130,6.02,6,22.85
52,119,6.1,6,22.82
36,118,8.26,7,28.16
28,135,9.15,11,37.09
58,133,8.5,12,39.01
32,123,7.69,6,24.97
44,125,8.25,3,20.61
48,111,7.74,1,15.53
28,127,6.78,5,22.12
48,140,8.45,10,35.83
56,145,8.44,10,35.06
46,117,8.16,10,34.22
28,122,8.18,10,34.22
48,83,6.18,11,33.7
48,84,9.64,10,36.18
57,137,9.96,0,16.04
56,116,7.78,4,21.35
47,105,6.12,11,32.05
37,88,6.59,6,23.78
29,94,8.7,6,26.07
53,105,6.36,13,37.21
40,142,8.04,6,25.7
33,149,5.51,2,14.59
48,106,9.84,11,38.78
49,133,9.21,2,19.5
33,110,9.11,13,41.33
55,111,8.88,1,16.97
26,81,5.0,7,23.14
38,97,5.34,14,37.91
25,107,7.95,9,31.78
45,150,8.84,11,37.6
22,104,8.78,1,16.53
30,118,7.65,8,29.63
50,128,7.6,8,29.48
25,83,5.44,4,17.61
53,131,9.64,5,26.94
21,147,6.56,1,13.75
38,136,6.05,6,22.83
52,92,7.98,11,34.57
31,144,5.12,6,22.8
41,142,9.81,11,39.12
46,150,6.83,9,30.53
45,104,6.48,4,19.58
42,102,5.76,10,29.99
47,109,7.54,5,22.61
33,140,6.95,10,32.77
53,86,6.53,10,32.19
54,133,5.66,12,34.45
55,96,6.63,1,14.31
21,139,9.1,3,21.92
41,145,8.97,14,43.78
26,117,7.86,12,36.59
48,92,8.76,6,26.57
37,131,8.06,12,37.95
25,131,5.58,5,19.82
51,111,9.63,6,29.0
25,88,7.5,8,29.33
58,96,8.7,8,31.64
23,119,9.38,1,18.45
43,154,9.4,11,38.11
57,133,9.67,2,21.38
57,133,8.24,2,19.18
30,107,8.17,2,17.85
30,151,6.2,10,32.08
39,129,6.57,7,25.32
37,97,8.02,1,14.98
41,92,6.25,9,28.16
34,112,6.79,8,27.78
29,94,5.83,2,14.58
21,117,8.75,10,34.35
33,85,8.16,11,35.39
24,124,8.62,2,18.45
21,138,7.22,13,37.88
52,157,8.68,1,17.53
54,127,7.33,8,30.51
48,120,7.66,4,21.04
51,158,5.64,14,39.31
28,153,5.18,13,36.13
59,134,8.73,10,35.5
46,140,9.45,7,30.65
54,81,6.8,2,16.27
23,81,9.23,6,26.92
32,155,6.38,4,19.76
21,89,8.66,13,40.83
25,155,7.91,13,40.22
50,118,5.17,12,33.5
50,81,6.21,11,33.29
37,144,8.14,5,24.0
43,145,6.04,1,13.11
35,131,7.95,2,19.06
57,123,8.53,4,23.93
41,113,6.73,8,28.58
34,152,8.46,4,22.47
22,124,8.21,6,26.07
31,111,9.94,13,42.42
59,84,8.07,14,42.71
58,157,6.38,4,20.26
54,142,6.24,14,39.86
58,148,8.3,1,17.93
54,133,5.52,2,14.54
38,117,6.13,6,22.16
50,88,5.04,5,19.65
35,140,7.56,14,41.79
47,100,8.93,4,23.72
54,115,7.55,4,21.75
58,80,6.43,10,32.23
53,101,9.19,9,34.24
44,94,7.42,10,33.23
35,125,8.45,14,42.41
50,144,9.93,9,34.07
37,85,9.07,11,37.07
25,119,9.25,2,20.73
49,114,5.6,3,16.41
24,140,7.7,1,15.61
30,102,9.99,4,24.26
37,99,6.62,8,28.09
30,107,5.21,1,11.45
37,116,5.17,4,18.02
40,86,9.89,0,16.78
44,128,7.17,14,40.79
25,103,6.42,3,17.45
54,159,7.57,4,22.46
26,92,8.05,6,24.5
22,86,9.4,10,35.36
33,94,7.21,10,32.98
31,102,9.27,10,35.49
43,148,6.3,12,37.2
36,139,7.74,1,15.33
51,89,8.91,5,25.59
31,130,7.21,3,18.71
36,143,6.39,12,34.91
28,150,9.05,14,43.95
24,135,9.04,8,31.59
24,111,6.41,5,21.13
45,102,8.02,6,26.55
23,133,6.23,4,18.4
52,152,9.48,12,40.5
23,149,5.38,6,21.78
47,140,6.91,7,26.67
49,158,8.25,13,41.47
52,99,9.3,11,38.11
39,132,8.98,1,18.33
41,94,8.42,7,27.68
25,108,9.63,14,43.48
38,149,5.12,1,11.03
48,159,9.9,7,31.9
42,144,6.73,9,29.26
41,141,8.74,1,16.68
26,149,6.4,3,17.54
21,95,7.07,6,22.73
25,133,9.38,8,31.98
32,86,7.24,12,36.96
46,139,9.42,6,28.2
54,89,7.75,7,27.84
34,132,6.32,2,16.37
46,87,7.43,1,15.13
47,116,5.44,3,16.85
29,83,7.39,4,20.26
46,102,8.94,1,17.14
42,88,5.34,5,19.93
50,117,6.17,1,13.65
37,124,7.11,6,24.97
46,124,8.79,13,41.85
56,97,8.76,6,27.77
21,125,9.44,13,42.63
28,81,5.73,13,36.88
55,127,5.78,4,18.92
35,96,8.34,7,28.26
42,95,5.9,11,32.79
34,124,7.07,1,15.04
46,127,7.7,7,27.77
48,103,6.28,8,27.0
43,144,8.46,4,23.19
34,112,9.29,4,24.85
44,83,5.06,3,14.67
22,80,6.45,3,16.92
46,112,8.56,13,41.17
34,153,6.38,9,29.34
27,141,7.61,14,42.02
23,82,8.78,12,38.01
43,124,6.72,4,20.39
38,100,8.94,4,22.87
58,143,9.08,4,24.49
55,152,9.96,3,23.48
35,136,7.16,3,18.53
45,119,7.38,6,25.69
57,141,8.91,14,44.41
48,122,9.34,14,44.01
30,125,7.53,14,42.05
59,151,5.11,3,16.42
37,103,7.29,13,39.24
59,103,6.13,4,19.06
42,89,5.48,7,23.66
46,147,6.7,12,36.09
45,136,6.96,13,38.9
37,123,9.91,5,26.52
33,152,7.28,12,37.11
40,154,9.84,0,16.46
45,127,8.66,3,21.17
24,156,6.27,7,25.76
30,106,8.51,5,23.74
23,109,7.01,6,25.03
38,125,7.9,3,19.6
56,91,7.6,10,33.69
42,139,9.66,2,19.63
54,98,5.65,3,16.65
28,147,7.22,2,16.79
39,133,5.41,0,10.8
57,113,6.27,13,37.85
26,86,5.38,1,11.33
46,121,9.69,3,23.28
54,147,6.57,13,38.48
26,132,8.91,5,25.43
57,87,8.74,12,39.06
53,101,5.7,14,38.74
42,105,5.71,5,20.5
41,156,6.89,8,29.05
26,142,7.84,2,16.93
26,125,7.13,0,12.69
24,123,8.84,5,24.64
50,141,7.68,0,14.12
31,115,9.41,11,36.77
50,120,7.96,8,29.78
51,158,7.96,7,28.5
44,106,8.3,0,14.22
29,149,8.02,14,41.23
23,120,8.06,10,33.78
51,84,7.25,0,12.52
57,136,5.45,7,24.26
56,155,6.84,1,15.26
44,108,8.84,1,15.88
51,91,5.19,0,9.33
26,104,8.45,10,34.84
22,113,9.9,2,19.93
40,154,7.18,5,22.72
48,103,6.06,3,17.51
31,142,5.12,5,19.71
24,142,9.27,1,17.94
35,89,5.74,4,18.34
26,84,5.22,13,35.78
50,132,7.43,12,37.53
58,107,6.91,14,40.79
22,144,9.8,9,35.11
35,124,7.31,1,15.6
31,145,9.18,2,20.03
28,128,9.66,1,17.77
46,119,5.92,6,23.77
25,145,6.73,5,21.71
26,87,9.62,2,20.43
46,106,7.78,5,23.26
24,96,6.61,2,16.41
39,147,7.6,12,37.9
40,123,8.66,6,27.66
53,110,8.09,3,20.11
40,84,9.67,6,28.19
32,139,9.81,9,35.26
21,98,8.56,3,21.08
46,121,8.32,8,30.43
34,102,5.07,4,17.43
58,156,8.92,9,33.63
57,96,7.5,7,27.82
31,137,9.37,13,42.15
56,128,9.67,7,30.97
33,82,6.85,6,22.83
23,156,9.53,9,34.66
53,124,8.3,3,20.41
26,114,7.14,8,27.79
30,81,5.25,10,29.25
25,126,8.71,11,37.08
43,82,9.47,4,23.58
30,108,7.91,0,13.52
22,153,7.01,14,40.05
33,99,7.26,14,40.68
22,113,8.54,3,20.3
40,158,5.99,9,29.05
21,119,6.02,3,16.39
57,144,6.74,4,21.66
29,142,5.15,4,17.45
37,135,8.34,12,39.12
29,111,7.24,3,19.23
31,145,9.47,14,44.63
35,120,8.24,12,38.4
44,108,8.52,7,28.31
58,130,8.36,14,42.77
55,91,7.09,5,22.9
50,123,9.66,2,19.81
51,89,9.57,12,40.63
25,153,7.41,8,29.69
34,88,8.9,9,33.42
31,108,9.93,11,38.68
29,108,6.66,14,39.3
54,140,8.12,11,36.97
32,143,7.85,12,37.39
55,82,7.7,11,35.91
55,83,9.67,3,22.53
21,134,5.63,0,9.9
42,93,7.58,3,19.81
49,156,5.13,9,28.56
28,107,6.54,6,23.72
31,142,8.38,3,20.82
57,118,8.9,8,31.65
34,143,9.27,5,26.05
50,139,5.38,10,30.57
55,99,5.92,2,14.31
41,107,7.01,11,34.21
57,93,6.91,0,12.38
25,156,6.27,7,25.19
39,154,9.68,2,21.16
34,137,7.67,14,42.31
46,118,8.29,8,30.4
24,137,8.75,10,35.14
45,94,7.72,5,23.45
45,152,9.17,8,32.33
38,82,9.92,11,38.62
28,84,6.96,10,32.16
59,121,8.22,12,39.11
34,94,6.58,3,18.21
52,82,5.35,3,16.1
58,114,5.14,0,9.37
53,86,6.16,3,18.14
43,103,5.81,10,31.89
35,110,8.61,3,21.51
53,157,7.32,11,35.6
45,159,7.7,14,42.21
37,83,5.41,13,35.93
53,82,5.1,0,10.24
22,88,7.18,3,18.6
34,147,6.28,1,13.53
59,139,8.11,1,17.21
26,90,7.56,2,16.98
26,158,9.14,0,15.94
23,115,9.19,10,35.66
27,151,7.69,11,35.79
28,81,9.53,8,31.49
35,129,9.66,4,24.17
49,82,6.22,0,11.08
53,146,9.89,11,39.85
50,141,9.93,1,19.66
59,155,5.32,3,17.27
47,93,5.01,9,27.27
56,102,5.29,0,9.82
49,156,6.75,3,18.84
58,95,9.04,2,20.0
53,97,7.52,0,13.23
57,92,6.48,11,33.6
47,135,5.28,14,38.37
53,124,6.98,5,22.06
24,119,5.18,8,24.67
42,110,5.86,8,26.7
22,111,9.39,5,26.0
30,80,8.81,11,35.99
25,114,9.98,5,26.63
30,115,9.47,8,31.5
53,145,9.28,12,39.94
58,108,5.87,7,24.88
33,122,8.24,3,20.8
51,108,8.0,12,38.55
56,122,9.59,7,29.7
44,98,8.91,9,32.15
35,143,8.87,0,15.85
49,110,6.62,9,31.04
28,98,5.62,1,11.75
25,108,6.85,9,29.67
49,152,6.04,6,23.96
24,86,8.64,8,30.46
32,137,7.3,6,25.4
22,155,6.16,9,29.27
47,139,8.29,13,41.11
51,130,5.35,6,22.27
56,129,9.59,13,42.88
56,100,7.89,1,15.4
46,88,7.3,5,23.44
47,113,6.25,11,33.88
25,113,7.74,9,30.96
40,126,6.44,13,37.61
31,103,6.97,7,26.07
30,159,9.44,10,36.18
58,107,5.97,0,10.51
26,125,6.74,11,33.98
28,130,8.28,12,37.56
43,85,8.62,6,27.13
46,142,5.57,2,15.33
32,132,9.68,13,42.47
46,143,5.14,5,20.01
33,131,5.33,4,17.23
38,139,8.81,2,19.2
45,120,8.86,11,36.64
53,90,8.33,7,28.75
32,83,7.61,7,26.52
56,93,6.44,2,15.61
24,92,9.2,0,14.7
25,94,8.49,6,26.36
57,87,9.84,8,32.8
28,90,7.27,0,11.45
48,102,7.35,2,15.79
51,86,8.96,3,21.16
29,148,9.97,5,27.17
49,111,9.48,9,34.26
34,123,6.49,11,33.83
42,82,9.77,11,39.12
31,123,5.99,7,24.69
43,148,7.11,12,37.66
21,130,9.43,5,25.59
57,140,6.57,11,34.2
41,130,6.76,9,30.07
46,112,9.97,2,20.49
56,99,7.26,2,17.43
43,109,9.74,1,19.04
21,123,6.37,10,30.17
35,108,7.5,8,28.56
41,100,6.91,10,32.81
29,132,7.82,8,29.41
29,90,9.49,1,17.81
30,89,9.95,9,34.2
46,114,7.51,14,40.79
55,105,5.88,7,24.94
45,123,5.25,11,31.13
46,83,5.8,10,30.2
31,153,8.73,6,27.72
58,136,7.97,12,38.42
22,118,8.74,5,24.42
27,159,9.77,10,36.33
38,120,8.53,11,36.96
47,146,8.89,14,44.32
54,115,7.14,10,33.28
47,83,7.56,4,21.1
37,153,9.12,2,19.92
44,92,8.2,4,21.95
45,149,7.68,12,37.01
27,86,6.11,6,22.23
26,107,8.01,3,19.19
44,138,6.46,4,19.61
53,116,7.95,9,32.45
49,94,7.32,4,20.97
42,109,5.51,1,11.75
46,153,9.29,1,18.85
48,91,7.91,0,14.63
41,109,9.51,0,16.49
27,80,9.63,1,19.09
37,115,7.59,12,37.3
40,100,8.39,6,27.23
40,111,9.48,4,24.49
42,142,8.4,14,43.7
48,92,6.22,4,18.97
27,116,6.29,0,10.96
21,123,7.09,7,26.6
52,100,5.19,0,9.35
33,97,6.85,13,37.17
50,125,5.72,9,27.86
43,126,9.14,4,23.78
39,105,8.91,10,35.89
52,84,5.88,7,24.95
50,84,6.42,1,12.98
49,110,7.85,14,41.59
49,107,6.25,5,21.35
50,156,5.28,3,15.58
36,154,8.83,5,25.64
39,144,5.46,1,12.34
38,92,8.39,13,40.44
21,97,5.75,14,37.83
34,103,5.04,6,21.03
22,108,7.81,0,12.34
48,107,6.42,1,14.13
50,124,5.65,5,20.74
58,90,8.42,4,23.0
24,130,8.22,5,23.53
21,138,7.06,0,12.82
28,92,5.44,0,9.92
49,126,7.33,14,40.96
59,122,5.52,5,21.33
23,103,9.97,10,35.92
52,127,6.17,12,36.04
30,142,5.02,12,33.78
30,96,6.1,11,32.67
39,148,8.1,2,18.76
54,133,9.88,13,43.69
53,93,7.63,6,25.67
43,94,7.23,10,33.17
48,152,9.96,3,22.51
52,157,5.82,9,29.23
27,89,5.99,11,32.31
49,101,6.9,11,33.89
28,92,8.74,14,42.93
21,144,6.51,6,23.6
23,93,7.35,4,20.16
44,123,9.7,12,40.73
43,118,9.36,6,28.77
28,114,9.74,9,35.32
57,144,5.83,2,16.0
23,106,7.41,7,26.19
53,124,8.57,6,26.74
48,136,8.66,4,23.25
28,101,7.75,2,17.39
54,113,9.1,9,34.26
55,88,5.21,9,27.9
52,129,5.98,4,19.35
44,133,6.64,0,12.5
34,137,8.64,13,40.72
52,141,9.51,7,31.06
36,117,7.64,13,39.3
24,106,8.54,5,24.75
57,143,7.97,3,19.62
41,82,9.62,10,35.92
34,90,9.5,3,21.88
51,103,9.04,14,44.3
38,108,6.4,9,29.95
27,148,6.87,0,12.07
30,87,7.08,10,32.57
27,98,5.02,0,9.46
53,147,6.16,7,26.05
43,148,8.57,10,34.92
41,127,7.72,5,24.01
39,119,9.79,3,23.13
39,146,5.15,2,14.26
56,95,6.89,0,12.08
49,143,8.54,8,31.54
38,87,5.67,9,28.74
22,84,7.5,2,16.73
21,151,5.08,13,35.97
25,104,5.9,6,23.28
40,132,9.69,3,23.1
31,128,8.0,12,37.54
22,151,8.8,7,29.22
23,100,5.51,10,29.56
43,130,6.17,7,25.5
32,125,5.96,4,19.68
40,88,6.37,12,35.02
25,143,6.29,13,36.73
57,156,7.82,13,40.37
58,102,8.53,9,32.53
50,139,7.74,2,17.93
29,138,6.5,4,19.64
54,87,8.47,1,16.96
55,143,7.76,13,39.7
42,133,8.19,13,40.97
44,94,6.06,9,28.33
37,131,9.8,13,42.18
30,130,6.64,12,35.74
50,83,6.85,5,22.51
43,113,7.7,11,34.6
52,103,5.25,11,32.07
37,100,5.96,14,38.67
37,81,9.06,6,26.84
34,86,8.97,13,40.69
29,135,5.71,12,34.33
22,154,7.95,5,24.54
45,155,5.33,8,27.41
59,147,5.37,10,30.45
29,114,9.0,4,23.13
42,105,7.35,10,32.83
24,97,9.63,14,44.13
46,143,7.39,7,28.27
49,135,9.03,8,31.65
54,159,8.19,14,43.17
43,134,7.15,11,34.9
57,91,7.77,9,31.01
31,116,9.67,5,26.79
26,131,5.38,4,18.23
38,98,7.65,3,19.8
41,94,5.26,2,13.09
56,131,7.78,6,26.31
58,156,8.03,9,33.21
54,105,9.04,10,35.92
37,124,8.99,1,17.78
57,100,5.05,14,38.41
45,132,5.36,2,13.7
58,108,8.42,9,33.34
32,127,5.91,2,14.76
43,98,7.64,9,30.54
42,133,6.16,13,36.28
41,157,9.17,12,39.84
47,81,8.4,1,16.89
51,111,7.18,1,14.95
26,141,6.12,13,37.05
47,86,8.3,12,38.54
54,147,6.76,4,20.77
32,101,7.95,7,27.21
27,108,8.34,12,38.63
30,82,5.69,10,29.09
37,101,5.25,1,12.29
46,132,7.47,5,22.64
41,136,5.79,11,32.69
48,89,5.45,12,33.38
22,119,5.45,10,29.45
21,99,8.51,10,33.65
56,90,9.53,5,26.74
46,87,9.66,9,34.18
49,115,9.68,14,44.78
41,104,8.35,14,41.76
31,118,9.63,12,39.95
31,141,5.66,1,12.99
56,100,8.01,0,14.29
59,98,8.8,4,22.8
55,104,9.72,11,38.53
54,84,6.64,2,15.98
44,91,7.92,2,18.62
42,104,7.02,4,20.98
25,84,7.69,8,29.96
53,155,7.52,11,36.15
56,106,9.25,5,25.9
40,83,9.12,2,19.69
39,124,6.97,7,27.45
55,126,6.41,7,25.49
37,107,9.25,9,32.82
54,114,9.77,1,17.84
29,95,5.09,1,12.02
46,91,7.51,7,27.54
22,159,8.86,2,19.47
29,154,9.93,1,18.73
29,122,7.65,10,33.62
37,107,8.6,4,22.9
21,98,9.67,9,33.86
45,154,6.88,9,30.32
45,147,9.42,10,36.21
59,153,6.33,13,38.64
55,134,8.63,10,35.32
23,115,9.78,10,37.01
57,141,8.24,3,21.4
50,118,6.88,12,36.18
58,120,5.39,9,28.22
54,139,6.0,2,15.97
32,145,8.65,2,19.65
39,138,9.95,6,29.2
57,119,9.25,7,29.71
37,98,8.96,10,35.04
30,134,5.09,9,27.13
32,125,8.67,2,19.65
36,83,9.14,11,37.33
44,141,6.62,11,34.1
39,104,10.0,10,36.5
28,142,5.18,4,16.69
51,149,6.96,11,34.74
41,92,6.06,1,12.84
37,83,9.86,8,31.92
43,81,8.36,14,42.61
57,146,7.08,8,28.63
36,109,9.86,3,22.69
26,83,5.31,14,37.59
28,127,6.1,4,18.87
45,122,7.11,11,34.26
38,124,5.62,1,12.36
45,92,9.98,4,24.26
32,126,7.87,1,15.64
35,107,5.81,10,30.62
46,116,6.24,6,23.4
46,107,6.98,2,16.07
52,106,8.63,2,18.76
30,109,6.52,10,32.24
36,85,6.49,2,16.08
27,88,8.13,6,25.47
37,85,5.23,12,33.12
43,108,8.56,9,32.71
46,149,7.74,4,21.4
41,145,7.17,13,38.67
42,132,6.96,3,19.02
27,149,6.11,4,19.74
34,84,6.2,6,23.38
35,99,7.5,2,16.22
27,91,5.99,2,14.6
29,87,7.84,6,25.37
28,137,8.25,14,42.01
43,128,7.29,0,13.66
49,143,5.53,12,35.79
38,129,9.69,1,18.44
51,118,9.17,13,42.71
50,119,9.77,7,30.28
59,110,6.84,5,22.44
55,82,5.16,8,25.73
38,151,7.18,4,21.87
59,109,7.33,6,24.58
37,108,8.53,9,33.47
34,149,8.67,7,28.4
51,135,7.12,7,27.53
44,145,9.89,14,45.24
55,142,5.56,7,25.44
54,109,9.51,0,16.49
23,132,8.85,0,15.17
57,125,7.67,8,29.45
46,88,8.81,4,23.72
43,86,8.77,7,28.74
59,142,5.83,0,12.14
35,126,7.66,10,33.43
24,123,7.35,12,37.15
49,128,7.47,8,28.75
42,158,5.84,3,17.01
45,158,6.92,9,30.62
33,141,7.59,6,25.45
38,138,8.42,1,16.01
53,157,7.12,5,23.41
36,154,8.23,8,31.1
22,154,8.09,11,36.66
55,92,9.06,9,33.95
54,109,7.07,13,38.38
50,122,9.36,11,38.92
33,130,5.13,2,13.37
33,87,9.5,7,30.28
38,116,9.76,4,24.45
52,143,7.06,11,36.15
52,118,9.75,8,32.78
55,87,9.32,6,27.92
59,141,5.29,8,26.35
49,118,8.26,0,14.32
49,93,9.59,3,22.14
36,131,6.03,1,12.99
30,136,9.6,4,24.49
50,100,6.03,14,38.47
45,102,8.16,11,37.49
59,83,6.9,1,14.8
40,153,7.74,10,33.95
25,122,6.41,2,14.66
21,90,7.04,13,37.25
50,98,7.52,11,35.84
23,144,7.51,4,21.36
34,81,9.97,4,23.65
50,128,9.27,9,33.94
24,148,5.74,3,16.0
38,113,9.8,5,27.15
57,83,7.84,12,38.26
45,118,8.05,8,30.2
21,128,6.38,8,27.25
35,82,6.52,14,39.85
29,105,5.69,7,24.89
35,120,9.15,5,25.48
44,144,7.42,7,27.72
24,95,5.49,11,31.75
32,137,7.22,13,38.48
57,114,6.7,13,38.07
57,95,8.45,0,14.34
26,112,5.93,10,30.63
59,110,9.68,11,38.77
44,101,8.91,4,23.4
31,140,6.96,8,29.05
33,143,5.94,7,24.95
54,149,8.84,5,26.51
45,114,5.59,14,38.27
27,118,5.44,13,35.84
24,82,8.4,10,34.05
28,92,6.0,9,28.96
40,93,8.22,11,36.15
49,120,6.78,12,36.28
30,87,5.48,11,32.15
54,98,8.12,7,27.77
46,93,8.23,14,42.54
23,154,7.7,11,35.85
26,129,6.74,11,34.27
25,140,9.57,10,36.71
25,115,8.4,13,40.43
43,146,7.77,3,21.3
29,156,7.41,14,41.43
55,159,9.22,14,44.16
40,124,9.81,8,32.75
55,153,7.79,1,16.06
38,151,5.25,13,35.9
37,86,7.46,11,34.57
44,101,8.23,7,28.61
23,88,9.09,10,34.18
52,139,6.55,7,25.51
55,121,8.38,1,16.25
58,138,5.23,14,38.31
33,119,6.76,5,21.23
45,108,6.49,8,27.45
29,134,5.43,12,34.71
24,143,8.51,1,16.78
34,121,6.84,11,33.61
57,108,6.09,4,19.52
54,100,5.74,2,15.33
31,142,9.52,0,16.33
23,142,5.69,6,22.12
48,117,9.33,12,40.1
49,158,7.6,4,21.22
29,145,5.16,3,15.23
23,91,9.79,9,33.73
45,112,7.77,3,19.35
54,158,6.59,10,32.38
32,80,6.34,14,38.44
29,147,6.59,9,30.3
35,107,6.07,5,21.0
45,141,6.23,4,19.5
25,157,6.9,14,40.42
31,138,7.6,12,37.19
54,128,8.63,3,20.58
44,124,6.52,6,23.63
35,155,5.68,7,24.08
58,85,5.1,1,11.4
28,99,6.86,13,37.74
25,95,8.95,11,36.37
46,91,6.64,5,21.9
38,131,6.09,9,29.66
26,99,9.56,3,22.8
57,137,8.31,14,43.3
33,124,9.88,3,23.3
48,81,7.8,1,15.39
25,113,7.7,6,24.59
33,105,9.86,5,25.9
37,112,8.05,12,37.82
52,121,7.57,11,35.53
49,144,6.19,5,22.18
23,87,6.91,2,15.44
54,144,7.81,7,28.26
47,89,7.82,8,29.58
33,111,7.28,7,26.01
53,130,8.45,12,39.24
26,136,5.78,4,18.09
44,119,9.34,7,29.72
39,145,8.69,5,25.26
36,110,9.12,14,43.16
48,142,5.18,8,26.64
53,147,8.91,7,30.36
33,135,8.7,8,30.88
45,91,5.1,12,33.59
56,110,7.25,9,31.94
47,102,6.52,0,11.25
58,112,6.28,12,35.71
27,87,5.79,10,29.49
25,141,6.27,13,37.44
51,159,8.81,8,30.77
43,94,9.54,11,38.19
30,120,6.76,6,24.28
52,131,6.43,4,19.83
50,105,6.47,0,11.81
59,157,7.67,2,17.7
51,91,5.23,3,15.86
38,106,7.87,2,18.08
56,147,9.6,2,21.6
22,109,7.46,8,28.49
34,83,6.99,9,29.51
33,133,5.2,13,35.06
49,113,7.74,0,14.33
32,147,5.68,6,22.34
59,135,7.31,3,19.22
22,97,6.54,9,28.1
52,126,6.3,11,33.59
33,151,9.79,13,44.25
47,139,8.94,4,24.69
37,138,5.6,3,16.54
51,81,6.58,3,18.38
54,152,8.52,11,37.05
44,95,9.12,3,22.28
55,137,7.63,0,14.02
26,91,9.5,11,38.02
39,84,6.81,1,13.57
50,118,5.38,5,20.51
27,94,9.71,0,17.58
30,151,7.07,10,33.23
52,98,5.12,0,9.42
54,128,8.6,1,16.18
48,118,6.26,0,11.18
35,157,5.46,14,38.51
50,94,9.22,6,27.48
57,134,6.21,6,23.86
49,146,7.72,4,21.93
42,135,8.06,5,24.79
24,124,9.73,12,39.4
40,154,6.98,2,16.75
52,136,7.51,3,19.87
56,146,6.51,13,37.07
24,85,7.33,6,23.81
47,149,5.04,14,38.59
37,110,9.29,0,15.74
32,101,5.33,7,23.88
42,117,6.23,9,28.94
37,137,8.6,7,28.43
30,149,8.21,2,18.4
21,108,8.76,0,15.35
42,135,7.53,10,33.27
46,90,9.64,14,44.25
38,127,9.72,0,16.8
34,139,8.79,9,33.72
49,130,6.61,4,20.56
32,118,5.21,8,26.11
56,85,7.75,11,34.93
55,109,5.05,13,35.83
32,80,9.05,12,38.95
27,88,7.94,11,35.05
49,124,8.09,9,32.06
31,87,5.3,5,20.05
53,113,7.93,13,39.56
26,159,5.9,10,29.95
35,87,7.01,5,21.73
52,91,6.6,7,25.2
31,122,6.23,12,35.59
43,135,7.24,14,40.99
46,110,8.81,1,17.6
54,121,6.17,14,39.19
54,112,7.55,4,21.08
49,98,6.78,11,34.78
24,134,8.27,0,14.32
37,83,7.84,6,25.3
55,91,8.25,12,38.22
33,107,9.91,7,30.1
59,137,7.53,13,39.62
35,127,5.51,10,30.39
49,80,5.22,5,20.4
49,154,5.25,11,32.6
31,123,6.76,10,31.2
52,142,8.62,0,15.48
22,117,9.2,7,29.61
34,88,7.97,13,40.25
40,85,7.4,13,39.08
42,149,9.23,8,31.99
31,131,5.28,0,9.9
47,146,6.62,14,40.05
23,95,5.29,2,13.41
37,81,9.66,2,21.44
48,115,5.45,4,18.58
49,150,9.8,0,16.05
41,114,8.65,5,24.92
36,109,7.47,6,25.63
57,124,6.56,11,34.53
40,125,7.69,13,39.78
26,144,8.21,8,30.56
39,80,7.41,9,30.61
25,136,9.59,6,28.24
23,150,5.7,10,30.39
21,146,5.64,6,22.31
58,110,8.9,7,29.48
35,104,7.8,13,39.61
54,126,7.03,8,29.62
55,135,9.1,10,35.35
45,80,9.7,4,24.36
44,116,7.62,6,25.74
32,154,7.84,7,28.22
38,146,5.27,7,23.71
35,91,7.49,14,40.59
36,99,5.1,11,31.85
47,109,7.03,4,20.67
28,153,9.83,1,18.78
45,143,8.81,2,19.36
37,158,8.67,13,41.57
49,143,8.92,9,33.74
28,97,9.25,2,19.9
35,111,5.21,10,29.18
47,98,9.4,7,29.87
27,112,8.87,5,25.61
23,141,8.42,1,16.53
49,101,7.03,13,37.83
44,108,6.5,9,30.55
23,83,5.96,4,18.36
40,129,6.71,14,40.49
35,155,9.39,8,31.95
45,83,5.28,6,21.38
50,84,8.63,12,38.65
34,118,5.43,7,23.59
27,136,5.58,10,30.07
37,110,6.0,7,24.33
40,86,8.37,6,25.28
56,91,9.26,1,17.24
29,89,5.71,4,17.6
58,108,6.17,11,33.27
42,92,8.17,4,21.78
22,149,7.28,3,19.0
44,110,8.17,0,14.97
28,88,5.79,4,17.94
31,130,7.3,11,34.54
33,95,6.7,3,18.27
37,138,7.18,13,38.9
28,137,6.48,6,23.62
41,90,5.72,9,28.73
38,115,8.33,11,35.97
50,80,8.35,0,14.05
38,100,6.32,0,11.19
51,123,7.89,11,36.88
58,116,9.81,12,40.05
52,85,7.69,12,37.49
31,93,6.57,4,19.0
45,80,6.54,13,36.71
53,87,9.16,13,41.33
58,123,7.44,14,41.55
28,154,6.32,2,15.6
31,106,8.15,10,33.59
42,115,9.32,13,42.25
44,121,8.64,3,20.18
37,99,5.43,0,9.62
32,87,6.71,13,37.98
52,125,9.06,8,32.18
35,131,7.09,3,19.72
36,105,9.99,1,19.13
42,114,6.71,0,11.37
48,139,9.54,7,31.16
40,82,7.3,5,22.34
53,83,9.68,6,29.17
30,141,7.11,13,39.31
52,143,7.34,11,34.76
53,129,7.7,13,40.04
22,98,5.2,8,25.09
53,122,5.42,5,20.25
53,93,9.27,2,20.78
33,93,6.33,14,39.15
50,133,8.14,6,27.01
53,108,6.3,14,39.91
33,82,6.76,5,21.51
46,152,8.02,11,36.58
42,84,6.69,5,20.91
59,84,8.63,1,16.73
22,124,7.58,11,35.0
58,143,8.78,12,39.69
59,143,6.07,1,13.63
46,122,8.22,14,42.14
35,122,6.57,9,29.66
54,130,6.77,13,37.79
31,92,5.93,8,27.4
23,152,5.64,6,21.79
26,147,9.41,9,33.92
29,148,9.73,7,30.96
26,86,6.97,6,24.48
29,157,8.82,8,32.04
59,121,9.02,11,38.01
51,84,5.71,2,13.96
52,126,9.7,5,27.54
32,127,9.04,4,23.4
28,126,8.95,1,16.56
28,87,9.62,2,19.84
48,100,6.76,2,15.94
40,103,9.43,0,15.57
27,92,9.99,8,32.54
31,94,6.16,14,37.75
40,132,5.61,7,23.78
36,151,5.54,4,18.57
24,110,6.89,11,33.6
26,150,9.04,13,41.51
42,130,8.75,0,16.09
46,126,5.99,3,17.21
23,118,7.67,11,34.37
34,136,6.81,5,22.67
31,129,9.16,5,25.55
38,136,9.02,14,44.37
32,114,9.05,14,43.44
43,86,7.63,10,33.5
32,132,9.04,7,29.91
33,89,8.67,1,16.39
45,118,7.62,6,24.79
39,137,8.86,10,36.21
56,114,6.88,4,20.95
28,138,8.9,13,41.51
49,101,8.12,13,39.82
52,88,9.31,9,33.34
38,87,9.46,5,25.68
26,137,6.94,10,32.89
38,101,6.44,12,35.87
39,119,6.4,5,20.66
42,107,6.63,7,26.25
57,125,5.25,14,37.64
52,148,9.66,13,42.97
23,131,5.62,9,28.06
48,90,9.39,13,43.39
30,101,7.44,13,37.96
55,126,9.5,11,38.12
49,92,9.66,12,39.32
35,124,9.11,3,21.86
53,154,7.03,9,32.04
27,148,7.06,4,21.15
32,157,9.83,5,26.08
50,101,6.68,12,36.11
41,146,7.06,7,27.39
51,114,6.45,13,37.67
44,111,7.57,10,32.75
40,117,8.05,11,36.5
57,137,8.32,3,21.16
24,119,5.79,12,35.05
48,100,6.73,12,36.46
40,128,9.98,14,46.69
44,118,5.36,0,10.59
52,140,6.86,10,32.6
56,89,6.06,11,32.39
54,119,6.41,7,25.55
56,137,7.34,3,19.47
22,124,9.93,4,24.77
35,96,9.06,14,43.79
54,147,6.2,3,16.99
56,89,5.69,13,37.31
26,141,8.03,9,31.72
59,111,9.38,7,29.92
32,151,6.0,12,36.07
23,121,5.98,11,31.92
38,124,8.42,14,42.01
41,155,6.49,5,21.67
35,100,5.21,1,11.4
53,106,6.51,4,20.54
55,109,6.05,5,21.85
46,153,6.64,6,25.03
28,80,9.07,0,14.94
56,88,8.37,3,20.5
50,82,6.4,2,15.55
43,132,7.04,14,40.96
34,121,6.07,1,13.08
34,98,7.77,4,21.71
22,85,6.13,11,32.73
57,86,9.64,5,26.55
25,122,6.35,11,32.96
58,159,8.56,3,22.07
34,115,6.97,8,28.02
59,147,9.47,14,44.92
45,118,6.58,13,37.51
40,122,5.08,3,15.24
22,116,5.53,14,37.07
59,107,5.34,14,37.89
26,129,6.55,2,15.55
37,118,8.36,10,34.28
45,81,7.58,0,13.58
48,116,6.25,7,25.24
22,145,9.99,0,17.01
55,98,5.33,9,28.19
57,148,8.12,11,36.69
25,123,9.01,3,21.11
21,92,9.79,12,40.21
32,101,6.77,7,25.25
56,86,7.85,5,24.17
43,81,6.26,9,28.76
51,141,5.17,8,26.41
31,157,7.59,13,39.56
30,84,7.95,12,38.07
23,99,6.38,6,23.16
34,133,6.16,8,28.08
36,155,6.4,10,31.99
30,142,7.62,5,23.68
49,115,8.4,2,18.26
30,95,8.6,0,14.75
32,136,6.39,10,31.99
50,143,9.28,10,35.8
21,89,7.43,12,35.83
25,130,7.74,6,26.38
40,106,6.14,0,11.16
28,86,6.92,7,25.98
32,120,5.26,6,22.37
21,155,7.89,12,37.78
40,92,8.74,13,40.43
48,145,7.72,9,31.76
57,82,6.63,2,16.36
57,90,9.17,0,15.07
32,84,5.29,12,33.42
57,139,6.24,5,21.65
48,81,5.25,10,29.91
35,156,6.97,9,31.1
26,143,6.25,6,23.99
40,92,8.41,3,20.4
34,133,5.39,14,38.43
22,91,5.17,1,10.53
29,97,7.76,6,24.81
57,97,8.73,1,17.86
40,96,7.34,10,32.24
46,118,6.41,3,18.86
49,92,7.49,10,32.9
21,124,6.69,0,11.71
55,98,6.48,2,16.04
26,98,7.24,0,11.88
57,100,8.07,4,22.47
25,103,7.89,6,25.87
53,109,5.54,7,24.17
34,127,6.09,10,30.71
32,114,5.04,1,11.91
40,138,7.19,2,16.48
44,96,8.85,11,36.77
54,127,7.07,9,31.45
45,134,10.0,2,21.61
49,88,8.75,9,33.56
59,156,6.87,5,22.53
51,93,9.87,8,32.26
43,105,8.2,0,14.38
58,131,9.6,11,39.14
40,123,5.44,7,24.29
43,90,7.79,13,39.99
36,130,9.54,2,20.33
28,121,8.25,13,40.21
41,141,9.94,9,35.77
21,114,9.98,0,16.11
28,143,8.96,3,21.58
49,97,6.39,3,17.72
52,93,9.27,7,29.56
58,128,8.52,9,33.23
25,148,5.53,5,20.26
42,96,6.94,8,27.9
54,100,9.37,3,21.48
21,93,8.54,12,37.74
46,82,7.14,14,40.45
30,110,8.07,9,31.57
50,126,9.68,2,20.09
38,123,7.99,14,42.81
37,96,6.14,4,18.94
46,135,8.35,9,32.76
28,106,6.33,11,32.38
32,150,8.1,11,36.79
47,148,8.22,2,19.53
28,81,6.81,8,27.75
45,159,8.7,13,41.37
24,141,6.46,13,37.56
53,154,5.07,7,24.03
21,85,6.75,2,15.1
39,144,9.31,0,16.04
51,97,7.88,4,22.07
36,134,9.25,5,26.12
34,146,5.64,4,19.82
25,136,5.96,14,39.42
46,98,5.82,6,21.63
48,153,8.93,11,38.29
22,90,8.06,10,34.8
26,134,6.68,6,24.42
29,116,8.9,1,16.74
53,83,7.18,7,27.11
45,92,8.08,13,39.8
33,149,9.27,1,17.52
29,137,7.13,13,38.72
33,81,8.76,9,33.29
51,139,7.83,9,32.76
31,111,9.54,13,41.93
24,142,7.28,14,40.56
54,139,6.49,3,18.97
58,105,6.35,6,24.36
24,101,5.95,5,20.23
58,153,6.78,9,30.52
39,83,7.17,11,34.41
26,95,5.68,1,11.63
54,142,8.68,3,22.29
38,121,9.69,2,20.39
33,112,7.06,12,37.25
43,92,9.63,11,37.72
39,125,7.11,5,22.17
31,92,6.1,5,20.73
21,112,9.3,7,29.57
44,93,9.51,13,42.06
27,87,8.19,7,27.29
45,125,9.61,11,38.46
41,80,6.74,4,19.48
35,138,6.59,3,17.14
21,139,9.27,2,19.45
32,128,6.4,8,27.37
27,159,9.33,4,23.37
35,140,6.19,3,17.83
41,102,8.47,13,41.39
39,84,9.09,10,35.27
49,129,9.34,1,17.61
45,115,9.83,5,26.68
53,99,6.5,14,39.73
52,122,7.72,14,41.95
55,87,9.78,4,25.54
58,120,5.05,1,11.4
46,104,8.08,10,34.24
31,86,5.75,13,36.51
55,140,7.2,4,21.68
28,112,5.42,13,36.37
34,148,6.68,7,26.18
30,117,8.46,3,20.45
22,91,9.06,14,43.03
29,123,7.81,0,13.53
23,132,7.18,7,26.17
41,93,6.71,6,23.92
46,150,9.53,8,32.97
28,131,5.99,11,32.58
22,131,8.42,7,28.62
26,125,5.7,10,29.95
48,159,9.5,6,28.63
49,120,6.43,6,23.75
46,81,6.86,9,30.56
45,128,5.92,10,31.22
32,157,9.67,12,41.13
25,107,9.44,0,15.85
54,111,7.37,5,23.5
57,155,5.15,8,26.29
35,156,9.52,14,44.55
56,101,9.81,6,29.35
35,121,5.35,11,31.19
43,108,8.04,4,22.0
26,158,9.78,12,40.86
41,147,8.48,0,15.27
43,112,7.58,9,31.45
36,125,6.71,12,36.08
35,88,8.7,5,24.12
45,117,9.94,10,36.72
56,159,8.2,3,21.65
31,105,7.52,2,17.77
35,122,5.84,14,39.03
24,132,9.31,4,23.38
41,106,6.92,11,34.7
33,90,8.85,0,15.19
42,105,6.74,10,31.63
39,157,5.6,6,22.75
54,136,8.34,10,36.57
34,80,7.73,2,17.38
24,90,5.75,5,19.89
47,109,9.15,6,27.29
49,83,6.51,10,31.64
48,151,7.21,3,19.65
55,159,7.48,6,27.21
28,112,6.23,9,29.44
36,112,7.51,11,35.3
56,153,5.34,14,39.22
50,145,5.93,12,34.47
38,83,6.38,7,24.5
22,130,6.8,9,29.95
33,106,6.24,10,31.22
24,112,7.35,8,27.41
46,156,8.3,8,31.99
45,154,6.73,6,24.14
50,111,5.19,0,9.23
31,146,8.17,11,36.64
27,156,9.4,12,41.32
51,107,5.62,4,17.51
30,136,5.93,9,29.19
59,98,5.15,0,8.84
33,110,6.09,0,11.0
51,132,6.48,1,12.88
27,111,7.28,14,40.1
56,88,8.5,2,18.86
40,130,7.16,8,29.34
24,102,6.82,13,38.16
27,104,8.42,2,18.64
21,125,8.22,3,19.88
33,123,7.12,2,16.39
42,145,6.69,1,14.54
41,146,6.9,10,32.51
42,107,7.02,3,18.46
48,157,5.45,9,28.73
29,103,5.91,8,26.99
46,135,8.28,14,42.63
29,129,9.66,5,26.53
35,82,5.42,0,9.6
30,102,5.6,5,18.97
44,113,5.49,12,34.47
28,88,6.28,4,18.41
44,138,8.96,7,29.71
36,145,9.18,14,43.85
46,101,9.46,8,32.35
47,114,8.92,3,20.79
57,110,7.29,14,41.89
24,157,7.84,7,27.97
44,127,8.42,7,28.67
39,132,6.24,13,37.51
56,154,7.73,3,20.82
59,111,7.57,0,13.67
30,91,8.83,3,20.75
45,141,6.17,9,29.63
38,82,9.6,6,28.42
39,85,6.93,2,15.79
56,91,7.47,5,23.33
30,132,6.68,1,14.05
53,99,5.58,9,28.71
25,85,5.89,6,22.68
55,93,9.95,7,30.99
54,135,6.75,11,34.32
53,120,5.58,8,26.97
41,128,7.23,0,12.16
37,144,5.69,8,26.18
42,110,8.07,2,17.54
57,107,5.12,6,21.53
35,91,7.8,5,22.61
55,95,8.43,14,43.17
48,114,5.4,8,26.03
27,123,5.74,8,25.52
52,147,8.87,3,21.21
31,89,7.1,4,20.32
30,82,5.46,12,32.79
29,110,9.31,3,21.7
34,131,8.68,8,30.99
33,144,5.94,4,18.94
45,84,6.74,8,27.85
22,84,7.84,7,26.49
55,145,5.11,1,11.95
27,94,7.45,5,22.02
41,144,6.7,6,23.92
38,100,9.63,2,19.88
23,150,6.13,14,38.85
59,90,6.99,8,28.38
31,121,5.81,3,16.68
59,145,5.64,3,17.02
44,140,6.4,14,39.68
39,139,9.08,3,21.35
24,93,6.89,2,15.31
46,84,5.93,5,20.81
58,110,5.08,8,25.71
52,127,7.74,12,37.84
59,111,7.48,5,24.23
56,136,6.05,1,12.97
57,113,6.82,14,40.17
53,153,6.44,6,24.93
56,106,8.56,7,28.93
23,84,6.84,8,27.53
29,96,7.35,2,17.53
28,154,9.95,8,34.23
53,148,9.48,5,27.38
26,135,8.29,9,32.08
59,117,7.41,10,33.62
24,133,6.76,6,23.19
33,127,9.72,12,40.56
22,159,9.56,0,16.52
25,128,5.83,10,30.4
47,120,6.26,8,27.55
52,101,6.95,2,17.34
41,136,7.29,1,14.97
28,145,7.71,11,35.66
58,98,5.19,13,36.0
28,81,5.34,8,25.71
23,154,7.35,2,17.0
23,112,9.59,10,35.87
42,152,8.71,6,27.92
26,138,7.72,2,17.36
22,85,5.14,1,10.79
43,90,5.34,11,31.88
22,106,8.15,8,29.71
58,151,5.96,2,15.56
37,124,7.88,13,40.19
55,110,7.27,14,40.79
54,142,5.92,0,10.94
43,123,7.33,8,29.32
50,120,9.43,2,20.67
28,126,6.12,12,35.06
42,148,9.78,3,22.44
56,158,6.15,2,17.05
25,81,7.28,14,40.46
33,94,8.61,1,16.73
49,99,8.87,8,30.7
51,82,6.55,0,11.45
36,118,5.08,6,21.78
50,153,8.13,0,15.03
36,89,6.61,1,13.28
32,119,7.61,10,34.2
37,92,5.32,13,35.89
36,123,6.96,3,18.09
32,111,8.16,2,17.65
28,152,5.42,4,17.81
40,109,7.37,9,30.42
23,80,7.18,14,40.01
36,132,6.56,11,34.03
50,155,9.93,7,32.22
43,123,9.87,11,39.27
48,114,7.45,4,21.87
25,119,5.94,12,34.35
40,124,7.33,1,15.22
21,139,9.24,7,29.67
50,142,6.72,10,31.92
41,89,6.71,8,28.09
40,126,9.04,0,16.18
26,103,8.14,7,27.48
42,136,7.03,3,19.34
38,97,7.59,12,37.34
28,136,7.97,6,25.76
59,151,5.81,6,23.73
52,125,7.39,11,36.13
53,122,7.62,9,32.65
36,156,9.98,7,31.34
32,95,6.26,5,21.54
58,93,6.24,14,40.25
54,88,8.8,3,21.19
34,152,6.68,14,40.48
56,148,5.28,10,29.65
53,140,9.79,7,30.78
43,90,5.21,10,29.59
22,98,9.6,8,31.05
41,143,9.06,9,33.56
22,117,8.05,12,38.33
47,89,9.41,0,15.94
29,95,5.98,11,33.16
21,148,5.94,11,33.12
31,121,7.22,2,15.97
23,123,9.98,13,42.27
43,132,5.05,11,31.76
46,114,5.71,4,18.85
24,115,8.59,10,34.68
38,101,6.29,8,27.05
26,103,7.77,7,27.07
55,155,8.57,6,27.78
42,91,9.2,12,38.82
35,114,7.78,10,33.03
42,129,5.5,13,36.6
57,157,8.47,14,43.14
32,119,7.51,10,33.28
58,101,8.47,13,40.94
38,126,5.29,11,31.0
55,154,5.02,5,19.78
50,145,9.54,7,31.21
44,89,7.84,13,39.19
50,122,5.89,14,39.73
34,148,8.52,0,14.47
26,104,8.54,1,17.24
23,126,9.57,7,29.9
36,86,8.83,10,35.2
27,107,9.19,14,43.75
34,159,9.18,5,26.82
29,124,6.47,14,39.64
35,146,7.61,6,25.91
41,91,5.18,4,17.28
55,90,5.21,11,31.72
22,82,9.41,13,41.09
47,140,5.26,11,31.99
22,145,7.74,13,38.09
55,135,9.64,6,28.82
38,105,6.03,8,26.85
34,113,7.21,4,19.85
40,134,8.24,13,40.98
38,158,7.81,6,25.66
30,155,6.82,3,18.4
45,95,8.94,4,23.65
22,159,7.05,11,34.4
45,118,6.93,9,30.54
53,85,5.11,4,17.59
56,151,9.32,4,24.73
51,131,10.0,2,21.4
34,104,8.72,4,22.74
21,135,9.85,13,42.07
36,98,7.48,5,23.54
23,155,7.91,6,25.94
55,152,9.42,3,22.55
26,106,7.62,10,32.3
45,84,5.36,2,14.29
33,105,8.69,7,28.22
54,109,5.7,14,38.95
28,157,6.71,4,20.09
41,114,9.22,10,36.12
54,154,6.39,12,36.99
24,132,9.67,12,39.81
45,147,9.08,6,27.43
35,112,9.84,10,36.78
24,149,5.52,14,38.85
32,107,6.47,7,25.26
52,153,8.96,11,38.0
52,115,8.37,10,34.05
48,128,8.82,8,31.98
33,132,9.36,13,42.05
51,148,6.36,12,36.54
34,81,9.86,5,26.43
40,159,8.8,9,33.51
38,150,9.74,9,35.38
49,143,5.54,6,22.81
26,100,7.79,7,26.55
52,114,9.08,5,26.23
49,125,5.45,5,21.1
22,127,7.43,1,14.49
43,101,8.99,13,41.31
39,85,5.25,9,28.51
51,112,8.59,12,38.86
25,118,9.84,4,23.92
39,122,5.28,13,35.62
54,104,9.59,10,36.36
30,97,7.1,2,16.79
45,120,5.12,1,11.57
22,114,6.74,4,20.08
31,103,6.52,5,21.61
51,134,6.24,2,15.75
35,119,9.14,6,27.61
29,108,7.26,2,15.42
43,89,6.54,2,15.81
39,158,6.55,5,22.76
29,89,9.96,12,40.11
55,143,8.09,8,31.26
41,108,5.21,1,11.51
29,97,9.44,10,35.67
48,81,8.63,5,24.84
27,104,6.06,10,31.36
36,130,5.57,9,27.42
36,101,6.89,4,20.41
53,88,6.04,13,37.16
24,153,8.51,3,21.07
24,83,5.87,9,28.06
59,100,7.62,9,31.45
37,109,8.19,11,37.15
57,112,8.35,11,36.48
59,122,8.83,1,17.66
49,81,7.51,7,28.08
56,110,6.06,14,39.79
58,83,6.7,14,39.21
59,126,6.9,2,16.22
57,124,8.44,3,21.54
55,144,8.13,14,42.78
27,145,7.48,8,30.49
47,85,7.37,13,38.94
48,86,5.3,8,26.15
42,130,8.45,5,25.01
34,147,9.02,9,34.33
27,97,9.44,2,20.75
57,120,5.1,6,22.15
42,148,9.37,11,39.17
25,104,9.38,1,17.99
22,135,8.32,6,26.42
47,80,6.39,3,17.36
41,134,9.46,5,25.73
58,82,6.74,13,39.0
35,133,7.91,8,29.96
41,111,7.2,10,32.24
30,81,9.43,6,27.3
43,144,6.29,13,37.2
59,87,6.66,7,26.34
25,137,7.04,8,29.19
21,132,9.27,4,23.33
33,123,6.59,0,11.22
41,152,6.44,7,24.93
46,107,8.98,13,40.92
41,98,6.94,3,17.63
38,135,8.32,5,25.52
57,99,9.38,14,43.45
52,150,6.13,6,23.99
56,135,7.32,4,21.65
37,114,7.43,14,40.98
55,98,7.84,14,41.64
31,142,9.59,8,33.33
41,86,9.9,12,40.72
46,106,9.01,0,14.8
24,118,5.15,7,23.22
54,109,5.59,6,22.5
38,102,5.59,2,13.83
55,102,7.66,13,39.64
49,126,5.22,0,10.49
49,157,7.56,0,13.98
58,127,8.76,0,15.91
41,142,6.51,10,32.29
33,88,7.35,10,32.96
37,102,5.48,8,26.74
29,142,5.34,3,15.63
21,153,7.67,10,32.61
22,126,5.06,4,17.63
49,153,8.52,12,40.32
53,145,5.71,14,39.14
30,116,9.47,11,37.43
41,117,9.25,5,26.09
48,80,6.13,0,10.15
31,127,6.18,7,25.23
54,114,5.18,10,29.05
28,150,9.92,11,38.64
42,132,5.28,0,11.2
28,104,7.4,14,40.06
35,121,9.25,9,34.02
37,102,5.8,5,20.78
43,88,8.86,12,38.53
44,106,5.84,3,17.52
39,154,6.52,10,31.82
25,130,6.28,1,13.24
52,136,5.24,5,20.23
21,115,5.61,1,12.37
43,113,8.38,7,29.82
57,92,5.43,13,35.76
28,134,9.88,5,26.9
33,125,6.3,5,21.97
28,131,5.55,1,11.68
43,107,6.86,8,28.05
21,109,6.38,13,37.53
44,124,5.39,4,17.88
55,117,8.28,10,34.44
44,99,8.89,6,25.77
37,149,5.01,2,13.35
25,126,7.86,8,28.68
40,138,8.23,3,20.51
41,158,9.92,8,32.21
51,158,8.3,0,14.83
56,93,6.49,14,39.86
31,121,8.35,8,30.26
35,140,6.38,1,13.99
39,138,5.7,9,28.98
27,87,8.71,1,15.72
48,136,7.42,8,29.44
25,101,9.76,1,17.09
25,100,5.31,6,21.37
50,107,7.4,7,26.75
52,128,6.25,0,11.52
28,102,7.52,5,22.7
30,133,5.21,4,17.98
58,102,5.2,6,21.95
52,147,7.68,9,31.72
48,125,6.77,11,33.32
37,147,5.11,4,18.19
51,107,8.04,13,39.5
28,129,7.22,10,31.87
45,142,9.88,11,38.58
29,89,9.16,3,21.63
22,116,8.65,1,16.5
35,92,7.4,9,31.01
23,149,7.42,0,12.52
56,109,9.7,2,20.63
24,159,8.66,6,28.0
34,151,5.45,5,20.2
45,159,7.18,6,24.73
30,90,7.09,11,33.85
41,80,5.56,7,24.21
56,97,9.23,7,30.64
32,90,6.41,9,27.95
47,89,6.87,3,18.02
22,127,9.9,3,22.25
33,140,8.41,0,14.5
52,89,9.03,4,23.02
51,139,5.53,0,10.23
36,101,7.7,5,22.66
52,154,8.58,3,21.01
52,88,9.07,7,29.42
54,94,9.42,4,24.06
31,116,5.45,6,22.2
30,149,8.7,5,25.21
35,123,5.49,5,20.21
37,148,7.02,13,39.15
38,82,7.23,12,35.84
29,89,6.43,10,30.79
45,156,9.32,9,34.2
34,83,7.93,12,37.34
45,135,5.7,12,35.22
42,119,6.86,14,40.41
50,112,5.39,13,36.76
40,112,7.47,13,39.89
41,139,6.77,7,26.14
52,100,6.61,1,13.08
41,148,9.22,10,36.73
55,124,9.25,6,28.1
52,136,8.4,4,22.87
50,156,9.6,2,21.28
59,119,8.27,14,42.71
32,143,8.1,2,18.17
38,89,5.47,4,17.85
41,153,5.05,1,11.45
33,145,6.05,6,22.79
41,144,8.93,5,26.17
28,109,9.65,10,36.65
27,114,6.15,9,28.92
43,132,5.84,3,16.83
52,118,9.18,7,30.31
31,101,6.9,4,19.84
42,146,9.89,6,29.21
42,149,9.8,7,31.97
45,159,6.67,7,27.25
42,146,7.8,5,23.38
48,154,8.4,8,31.18
49,96,8.2,7,27.66
33,98,9.88,4,24.82
38,139,6.8,13,37.85
22,151,8.63,1,17.69
49,157,7.9,12,37.79
41,130,7.6,11,34.99
35,127,5.74,13,35.93
47,136,8.77,10,35.14
51,89,6.99,8,28.59
35,111,5.65,9,28.81
43,158,5.06,9,27.6
44,147,5.74,8,27.34
33,107,8.45,4,22.23
42,83,8.74,7,28.08
57,140,5.23,0,10.86
53,156,5.77,9,29.1
23,91,10.0,13,42.09
39,94,7.07,7,27.17
43,108,9.48,12,40.55
49,92,7.03,13,39.67
50,117,7.65,1,15.52
59,137,9.38,1,18.76
45,114,9.95,3,22.42
57,119,5.35,10,30.77
28,155,8.16,2,18.05
36,84,7.34,8,27.97
28,81,7.7,12,36.55
21,109,6.01,9,28.55
25,89,9.47,2,20.86
23,152,6.43,8,27.7
21,117,5.7,12,34.02
24,138,8.54,13,41.03
55,114,9.9,4,25.19
52,150,6.2,7,25.04
54,91,7.34,6,25.14
45,121,5.32,7,24.73
30,128,6.67,12,35.77
41,146,9.03,8,31.95
59,112,9.41,1,18.5
47,92,6.17,8,27.64
47,154,7.74,0,13.85
22,99,8.92,7,28.68
33,112,5.09,3,15.53
29,113,6.06,3,16.53
56,129,5.19,12,33.79
42,129,5.63,13,36.89
46,88,5.89,3,17.14
32,86,5.15,5,18.91
37,88,7.19,13,38.18
34,105,7.06,9,30.32
34,81,6.46,9,29.46
54,84,6.59,11,33.63
40,145,7.69,10,33.55
31,89,9.02,4,23.28
36,110,9.88,5,26.12
51,112,9.08,4,23.62
26,85,6.95,4,18.1
39,93,9.38,4,23.82
57,157,9.12,1,18.42
24,94,9.56,13,41.86
24,122,5.33,9,26.62
40,158,6.77,4,20.16
30,99,5.23,2,13.77
44,100,6.61,8,28.95
55,143,6.4,13,38.42
46,108,9.55,12,41.31
57,138,9.72,9,35.8
58,152,8.48,9,33.54
41,143,6.41,5,22.36
59,123,5.03,13,36.86
41,113,8.35,13,40.52
30,126,7.5,0,12.56
58,88,6.04,8,27.32
24,139,5.88,10,30.58
40,109,7.8,7,27.35
37,96,5.65,9,28.21
27,131,7.75,8,29.12
24,138,9.58,13,41.99
49,83,8.96,5,24.97
34,119,9.71,1,18.21
23,86,6.24,2,14.44
44,117,9.76,9,35.38
57,111,7.38,7,26.72
36,148,8.15,11,36.97
24,146,6.47,8,28.73
44,135,9.97,8,32.69
54,99,7.19,10,32.82
50,143,5.94,10,31.28
38,96,7.87,10,32.68
39,95,6.28,0,11.39
51,90,7.18,14,40.85
39,92,6.04,8,27.32
39,97,6.93,11,34.35
42,93,5.46,8,26.06
44,113,6.42,1,13.3
32,155,6.24,14,38.63
50,105,9.74,13,42.96
58,121,7.96,0,15.09
51,140,5.13,0,9.4
56,118,9.57,2,21.01
39,81,8.22,0,13.89
56,136,6.69,3,18.03
50,129,6.83,9,31.29
53,95,5.16,3,15.9
38,141,9.87,7,31.1
48,90,9.3,12,39.05
31,142,5.33,5,20.86
53,109,8.41,1,16.41
37,133,7.25,4,21.11
26,150,9.04,8,32.07
24,106,8.12,2,17.9
40,143,7.06,11,35.25
47,158,7.18,1,15.81
35,88,8.26,1,17.14
26,155,8.27,10,33.83
34,151,7.79,11,35.88
31,81,9.42,10,36.33
59,128,8.9,13,41.79
29,127,5.59,5,19.12
46,134,9.36,12,41.02
36,159,6.01,6,23.4
25,146,9.75,7,30.08
30,110,9.04,13,41.38
23,105,9.55,0,16.1
33,145,8.38,12,38.28
50,109,8.26,2,18.42
26,156,6.25,9,29.78
37,157,8.13,3,20.03
39,80,7.1,7,26.61
55,149,5.77,9,30.1
46,101,6.8,10,31.21
25,154,8.31,10,34.6
49,133,9.38,9,34.62
57,93,7.19,1,14.93
40,93,6.45,9,29.81
41,150,5.81,5,21.2
30,98,7.02,3,18.6
25,105,6.42,7,25.6
56,138,7.24,14,40.85
26,101,5.5,0,9.03
46,85,8.68,0,14.17
24,142,5.02,10,30.26
59,156,8.5,14,43.16
59,153,6.53,11,34.58
55,133,6.8,9,31.11
21,98,5.86,8,26.14
44,89,9.84,3,22.93
56,116,5.26,1,12.5
26,156,6.42,11,33.4
51,96,5.73,11,31.99
40,134,7.41,12,37.7
44,84,7.8,3,19.65
45,100,5.98,13,36.59
56,118,8.28,5,25.25
41,99,7.76,12,37.37
50,150,9.21,2,20.46
44,94,9.53,13,42.27
50,158,8.47,11,37.07
42,132,8.15,13,39.94
48,112,8.03,0,14.84
27,123,5.84,11,33.33
55,145,9.42,8,32.28
48,129,6.8,6,24.37
34,111,8.46,14,42.83
30,158,7.2,1,15.19
36,150,9.51,8,33.28
36,152,7.04,10,33.07
51,134,7.8,3,20.2
45,107,5.94,12,33.99
33,82,7.77,5,22.23
26,132,6.01,7,24.55
29,121,8.97,3,21.04
56,81,6.84,4,20.26
40,101,7.12,6,24.95
38,104,8.2,4,22.05
41,111,5.43,3,15.82
24,86,6.57,8,27.5
53,141,9.67,6,28.82
47,110,9.31,1,18.21
27,142,6.16,0,10.69
26,116,7.56,8,29.21
35,147,7.92,2,17.79
38,158,6.51,9,30.53
52,88,6.74,8,27.92
31,149,9.89,5,26.85
40,125,5.69,1,12.22
44,113,9.56,4,24.91
35,139,6.77,5,22.39
27,92,6.2,6,23.58
41,115,6.3,3,17.53
46,127,6.42,11,33.1
34,154,6.43,11,34.3
57,85,6.27,13,37.95
41,84,9.21,1,17.32
38,144,6.34,8,27.15
25,129,9.31,9,34.69
23,153,9.85,3,22.87
43,153,6.39,6,24.5
46,103,7.83,13,39.39
57,86,7.28,0,13.07
44,137,9.23,2,20.04
39,100,6.54,7,25.51
45,112,8.82,7,29.39
41,123,7.38,3,17.83
32,104,8.15,8,30.33
53,159,7.88,5,24.91
24,94,5.31,8,25.11
27,108,7.94,12,37.76
42,131,9.14,14,44.59
53,96,6.44,13,37.45
37,115,7.01,10,32.48
44,114,6.03,2,14.78
54,119,6.05,6,22.58
48,102,6.54,5,21.63
59,152,8.77,4,23.58
42,113,7.41,5,23.33
37,137,8.46,14,43.41
54,159,9.68,0,17.34
26,140,8.65,14,42.75
26,107,6.87,10,31.59
54,139,7.55,7,28.35
21,111,6.39,13,37.65
30,137,5.33,14,37.8
41,123,8.33,6,26.69
25,113,8.31,10,34.28
22,100,9.28,9,33.01
42,80,5.8,7,24.29
22,134,9.42,0,15.5
30,159,8.97,6,28.42
54,128,5.54,4,18.17
36,100,9.91,3,22.28
59,134,5.2,12,34.63
42,106,8.97,9,33.36
32,99,7.14,6,24.28
44,95,9.33,6,28.44
58,157,8.64,1,17.87
30,127,5.3,11,31.72
55,111,6.2,0,11.3
52,111,9.76,5,26.4
27,132,5.74,2,14.12
41,132,5.34,4,17.95
40,81,5.77,12,34.05
46,136,8.6,11,36.81
24,101,5.2,0,9.7
42,131,7.16,8,29.31
35,137,5.46,2,13.81
41,113,8.44,12,39.14
35,150,6.26,13,37.29
42,96,8.42,12,37.65
48,151,5.88,11,32.76
34,102,6.98,4,20.65
47,112,9.63,5,27.1
48,108,6.92,0,12.17
46,98,5.57,13,36.57
22,148,6.85,14,40.08
45,116,7.27,8,30.05
23,105,7.29,2,15.43
28,103,8.55,3,20.66
53,133,5.62,12,35.02
55,100,7.31,14,42.02
26,89,6.27,2,15.19
59,121,7.22,14,40.31
43,108,5.87,13,36.57
45,136,6.18,5,21.78
39,114,7.76,14,41.21
25,107,6.51,0,11.26
31,91,5.8,8,26.05
32,137,8.1,10,33.91
30,123,9.18,1,17.49
28,86,9.11,14,43.05
44,95,9.17,1,17.99
48,114,5.09,3,15.41
56,86,8.43,0,14.55
57,93,9.99,13,43.42
41,138,8.63,2,19.43
28,141,6.33,13,36.64
29,153,7.82,9,31.42
35,145,7.39,5,22.92
38,101,7.3,11,34.42
40,95,8.61,0,14.56
26,154,5.63,10,29.99
32,122,5.6,11,31.0
22,99,7.53,4,20.26
27,89,9.87,4,24.68
36,98,5.31,3,15.67
23,91,6.85,14,39.41
23,89,7.54,13,38.73
47,150,5.01,1,11.99
58,135,6.47,3,19.52
53,90,5.55,1,12.66
48,159,8.53,9,33.24
21,140,7.2,2,17.07
28,117,8.11,14,42.32
57,96,8.01,0,13.98
52,133,6.79,2,17.0
57,124,5.18,0,10.76
24,104,6.34,7,24.9
50,110,7.41,0,12.62
26,144,6.01,10,31.36
39,118,9.69,0,16.4
52,99,7.07,14,40.75
29,152,6.76,9,30.59
32,122,5.54,12,34.9
31,145,6.38,6,23.44
36,80,7.89,1,15.17
21,134,9.1,13,41.59
41,130,8.87,3,20.77
50,84,8.43,0,14.28
33,91,9.66,5,26.44
54,93,6.22,2,15.38
24,139,6.17,12,35.65
48,119,5.23,2,13.74
58,88,8.52,8,31.5
51,121,9.01,12,39.77
47,121,6.3,6,23.53
25,112,8.95,8,31.5
45,104,8.54,14,42.09
23,157,7.7,8,29.34
53,88,7.77,8,29.75
24,123,8.53,6,26.75
45,137,9.99,3,22.11
40,104,6.6,4,19.34
54,111,5.36,13,36.19
46,101,8.5,5,24.63
25,134,5.14,11,31.86
55,140,9.47,9,34.53
48,136,9.86,11,38.6
49,156,8.63,9,33.76
29,140,6.72,12,35.51
58,146,6.13,10,31.55
26,154,5.55,12,33.99
39,81,5.03,7,22.89
31,136,7.15,1,13.83
22,152,8.24,6,26.1
29,112,6.88,4,20.47
41,142,7.19,4,20.92
44,95,8.43,6,25.33
54,80,7.05,11,33.71
42,143,8.87,0,15.03
23,148,8.21,0,14.13
32,96,8.36,8,29.28
48,119,8.1,3,20.53
50,80,5.6,11,32.99
46,92,8.42,9,33.02
41,97,7.96,7,28.02
48,147,7.87,9,32.68
46,93,7.99,7,28.51
53,84,9.94,13,43.1
41,141,7.18,13,38.38
55,112,5.53,13,37.16
54,105,7.56,8,29.62
38,140,5.75,7,24.55
31,147,9.03,0,15.86
43,109,6.25,3,17.15
42,141,9.98,4,24.98
37,141,5.89,13,37.9
25,149,6.89,11,33.37
31,136,5.73,10,30.49
50,115,7.1,14,40.35
35,86,7.42,8,28.25
47,144,8.72,13,40.78
55,153,5.01,3,16.06
53,156,6.15,7,26.25
40,120,6.35,9,29.78
36,111,8.0,13,39.92
54,93,6.39,3,17.45
22,112,7.43,5,22.28
55,109,7.44,5,23.36
48,152,9.05,7,30.4
59,85,9.38,6,27.93
26,89,9.89,2,19.88
29,154,9.2,14,44.7
40,99,9.39,10,35.37
21,91,9.85,0,16.55
28,101,9.14,8,30.74
43,155,6.02,7,25.12
23,93,8.96,7,29.3
24,127,8.55,5,24.7
45,133,7.78,10,33.72
58,115,5.87,1,13.89
35,140,5.24,12,33.37
41,134,6.09,1,13.56
55,93,9.38,7,30.72
34,81,6.35,5,21.03
56,81,7.23,0,12.84
32,140,9.99,0,17.14
37,85,7.55,3,18.17
59,104,8.84,12,39.14
29,146,8.98,12,40.08
55,102,9.4,6,27.81
33,152,6.66,9,29.97
35,107,5.76,7,23.78
38,104,9.44,13,41.59
53,144,8.05,9,32.88
26,145,7.98,3,19.25
47,158,7.85,5,23.41
43,122,5.18,5,20.34
47,119,6.24,0,11.49
54,159,8.36,9,32.63
58,102,5.16,13,36.18
34,128,8.03,3,19.45
56,87,5.25,10,29.76
28,86,5.04,2,12.55
55,100,9.46,5,25.37
39,114,9.55,11,38.78
50,140,6.45,2,15.71
34,153,9.32,6,28.9
40,147,5.37,10,30.38
45,109,7.06,13,38.32
44,147,7.38,2,16.87
34,88,7.04,8,28.14
46,96,6.74,3,18.24
58,122,8.06,4,22.95
43,136,8.38,7,29.09
42,92,9.79,8,32.32
39,136,5.63,1,12.85
23,105,9.5,10,35.56
39,140,8.99,13,42.42
29,141,6.41,14,39.44
48,98,6.0,2,15.21
40,109,5.58,8,25.15
27,92,7.12,6,24.39
34,128,7.75,10,33.78
29,130,7.85,1,16.62
39,88,7.08,9,30.06
34,108,8.43,10,35.22
58,87,8.54,4,22.86
56,155,7.58,3,20.8
37,94,7.76,10,33.49
50,148,5.97,0,11.15
29,113,7.77,11,36.08
53,131,5.38,11,32.26
45,129,7.85,9,31.78
34,146,8.21,7,28.59
31,84,9.91,13,42.34
55,88,7.12,10,32.94
34,84,7.48,0,12.87
50,106,7.26,8,29.23
24,126,6.3,3,17.47
24,141,5.47,3,15.48
48,124,8.2,0,13.51
28,145,5.36,2,14.19
22,102,7.15,2,15.84
42,140,5.06,10,29.43
36,122,9.7,7,30.35
49,114,8.49,11,36.99
50,109,6.12,12,35.21
32,146,6.38,6,24.03
55,89,6.61,5,21.45
31,135,7.6,5,24.29
41,113,8.16,12,38.66
41,144,5.38,10,30.17
25,85,8.3,14,42.82
40,149,5.37,11,31.17
57,122,9.57,7,31.24
23,95,7.49,3,18.67
53,142,9.67,3,23.59
29,144,8.21,3,20.09
29,84,7.01,12,35.37
24,104,8.91,4,23.0
55,106,5.34,5,19.92
37,121,7.94,2,18.0
54,134,6.29,11,34.03
44,105,9.21,13,40.95
52,95,9.45,5,26.62
21,107,7.93,4,19.97
28,109,6.3,9,30.6
43,156,6.94,5,22.96
32,124,8.1,5,23.67
32,98,7.13,0,11.5
35,92,8.89,14,43.25
39,154,6.84,13,38.78
46,102,7.53,9,31.19
49,93,5.95,1,12.65
42,153,8.49,9,33.44
41,102,9.33,1,16.71
58,119,6.83,13,37.93
40,143,9.77,9,35.18
49,138,5.19,4,17.9
24,99,6.1,2,14.98
27,111,7.06,0,11.73
48,157,7.12,4,21.16
48,103,8.97,5,25.19
24,125,9.44,10,36.7
42,97,6.52,1,13.39
32,127,8.19,7,28.73
23,93,7.76,9,31.17
42,133,5.89,12,34.54
22,100,6.63,4,19.58
44,84,5.1,2,13.52
54,110,6.52,1,13.27
47,146,5.53,5,20.51
21,138,9.49,14,44.05
28,123,9.49,0,16.76
43,143,8.4,7,29.3
58,121,9.96,4,25.09
26,117,7.9,10,32.77
42,86,6.0,0,11.32
45,138,9.42,8,32.7
38,148,6.04,6,22.51
37,149,6.33,0,11.0
32,128,8.29,12,38.0
26,157,5.65,6,23.3
46,90,8.05,2,17.46
47,81,6.51,1,13.12
28,106,8.13,13,38.54
39,95,8.99,5,25.12
21,143,6.97,9,31.35
49,145,6.66,2,16.84
55,128,6.65,12,36.56
34,95,6.79,12,35.52
55,152,8.92,14,43.21
40,131,7.15,8,29.22
33,152,8.57,2,18.93
58,84,8.7,12,39.29
28,115,7.66,8,28.24
40,86,7.28,3,18.87
53,140,6.89,14,41.79
46,108,8.28,9,32.04
59,146,7.57,9,30.66
41,109,6.46,3,18.21
29,119,7.66,11,33.69
44,110,8.29,13,41.04
57,127,7.72,9,31.96
37,85,5.08,12,34.47
44,141,9.97,9,34.56
41,108,8.78,12,39.26
59,88,6.22,1,12.44
59,133,8.8,14,44.45
33,90,8.84,8,31.15
31,98,8.0,4,21.81
39,153,8.12,0,14.99
31,84,5.81,8,25.41
33,149,6.86,8,28.72
21,97,7.94,14,42.26
39,100,5.39,8,25.25
32,94,9.89,1,18.94
28,138,5.51,5,20.57
28,153,7.02,3,18.28
32,85,9.57,14,43.83
53,103,5.08,10,31.03
46,139,8.42,0,15.19
59,107,6.94,7,27.69
48,153,8.59,6,27.28
25,102,8.32,9,32.29
28,158,7.98,7,27.96
45,125,9.33,7,30.37
47,116,5.03,2,13.24
43,93,5.73,6,21.62
50,127,8.93,9,33.4
43,157,8.18,8,31.64
40,150,9.63,1,17.71
38,115,7.19,2,16.79
38,139,7.75,3,19.72
22,133,8.12,5,24.02
24,158,5.88,8,26.41
50,142,5.72,8,27.56
53,127,6.27,8,27.71
56,101,6.93,5,23.63
38,122,7.44,14,40.57
57,120,7.32,5,23.72
39,96,8.96,9,33.2
48,142,5.67,7,24.68
40,158,6.84,4,19.92
53,97,9.73,0,17.7
32,151,8.86,0,15.06
35,82,7.14,9,30.51
59,133,7.91,9,32.07
22,93,7.35,8,28.98
49,113,6.92,14,40.01
30,80,5.66,4,18.72
22,127,5.84,1,11.98
31,89,6.44,9,29.28
33,90,6.83,13,37.86
30,145,6.26,13,37.27
34,82,7.89,14,40.87
38,94,7.99,8,29.53
29,138,5.23,4,17.92
59,143,8.25,6,26.46
48,126,7.34,2,16.83
23,81,7.74,13,38.29
40,109,9.47,2,20.11
26,117,5.92,5,21.63
47,84,7.02,0,12.38
22,85,7.43,12,35.92
49,84,7.95,5,23.73
58,91,8.39,4,23.01
23,83,5.65,1,11.96
36,103,8.74,7,29.21
50,104,6.11,7,24.41
22,105,9.76,8,32.44
37,134,5.53,2,14.65
32,125,9.93,9,34.33
55,125,9.64,13,43.94
21,122,9.45,8,30.92
35,139,5.15,9,28.56
46,112,6.01,8,26.85
57,100,7.84,1,15.78
41,116,8.61,1,17.09
51,91,8.67,4,22.07
45,100,5.23,5,21.13
43,92,8.44,11,36.55
44,112,7.48,0,12.53
58,149,6.57,12,36.35
48,155,8.45,0,15.15
41,140,6.25,12,35.67
38,109,8.23,10,33.78
56,116,8.06,12,38.95
55,95,7.96,10,34.61
29,124,7.66,5,24.31
58,150,6.36,5,22.38
50,80,6.01,5,21.41
54,132,6.92,7,27.65
52,107,9.85,2,19.98
23,132,8.94,1,18.32
23,123,6.92,3,18.46
48,146,8.42,8,30.71
35,118,6.4,10,31.39
43,89,6.07,0,10.62
31,130,7.92,5,23.18
52,93,6.28,7,26.07
56,158,7.73,1,17.31
53,85,5.4,14,36.99
44,118,9.17,3,22.72
59,159,6.91,9,31.12
54,127,5.08,13,36.26
48,104,9.79,3,22.16
57,112,7.73,14,41.82
27,154,9.58,10,37.16
24,146,5.94,12,34.21
57,144,6.5,3,18.66
21,119,6.92,1,14.51
21,104,5.98,6,22.19
40,136,7.27,5,22.51
39,111,6.41,7,25.41
49,125,5.63,8,27.56
30,83,5.41,14,37.91
38,102,6.29,2,15.81
48,159,9.91,13,42.39
55,154,6.28,3,17.85
51,101,9.28,5,25.85
47,112,7.3,2,16.41
31,120,6.26,2,14.95
58,141,9.11,11,38.34
25,117,8.77,8,30.42
28,135,8.09,2,17.84
54,142,6.43,7,26.6
32,156,8.81,2,19.11
58,155,5.1,1,12.85
21,134,6.4,2,15.22
51,130,9.31,5,25.89
24,144,6.17,2,15.86
25,136,8.15,2,18.15
50,106,7.4,2,15.79
44,136,7.15,7,25.92
23,134,8.43,8,30.04
31,151,5.19,12,33.68
24,83,7.49,12,36.68
46,144,7.2,4,21.22
47,135,8.75,2,18.93
47,132,7.13,12,36.91
26,123,9.52,5,25.83
35,95,9.96,0,16.3
50,102,9.38,14,43.78
57,110,8.98,9,35.17
57,107,8.59,3,20.47
57,129,7.8,10,33.61
55,95,8.93,14,43.32
43,120,8.01,10,34.78
26,88,9.81,14,44.05
24,81,9.45,14,43.57
38,122,7.88,10,34.81
29,145,7.12,9,30.87
49,159,5.98,1,13.02
33,156,6.22,13,38.21
37,128,6.09,6,23.16
52,100,9.46,4,24.06
42,98,9.58,13,41.66
24,136,6.6,11,33.77
25,156,8.51,0,14.35
57,139,5.62,11,32.92
33,98,7.81,0,13.2
54,143,6.5,6,24.81
42,114,9.75,14,43.88
43,112,5.68,5,20.05
23,146,5.68,3,16.74
54,127,8.86,5,25.35
52,139,6.56,11,33.84
41,124,6.28,11,33.51
41,154,6.05,9,29.24
31,147,6.26,1,12.75
59,147,9.95,11,38.44
24,94,7.27,2,17.03
21,151,6.25,14,39.61
48,94,5.32,11,32.65
44,102,5.61,4,17.5
55,139,8.28,4,23.96
33,93,6.3,2,14.97
54,81,7.78,3,18.63
31,122,7.76,5,23.84
56,150,6.81,10,32.47
37,95,8.57,6,27.28
55,107,5.17,7,23.34
38,111,7.09,1,15.0
42,150,7.17,10,32.29
44,81,5.62,10,29.98
39,151,5.08,12,34.3
57,86,7.67,12,38.16
59,117,6.47,8,26.9
41,127,9.66,8,32.76
28,152,8.53,1,17.35
48,81,5.44,6,21.64
25,121,8.28,10,33.87
37,121,9.38,12,38.82
57,99,9.78,14,44.91
56,85,6.56,10,31.71
39,90,7.19,0,12.13
47,148,8.23,5,24.5
54,153,9.55,2,20.45
31,119,8.38,5,24.54
32,115,6.92,2,16.19
41,130,5.45,6,22.49
31,126,5.72,4,18.5
59,96,7.74,10,34.12
48,105,6.19,12,35.98
25,132,7.25,0,12.19
37,127,7.04,13,38.07
40,106,7.85,11,35.46
32,125,6.67,13,37.53
26,146,7.3,0,13.6
37,98,7.91,10,33.66
39,151,7.97,14,41.86
46,144,7.34,6,25.41
52,150,8.57,8,31.33
26,115,6.95,11,34.23
56,146,8.94,10,35.95
58,121,9.92,2,21.27
31,146,8.8,2,19.75
53,148,8.9,5,25.47
44,128,9.36,14,44.05
43,116,5.52,13,36.67
35,125,7.81,13,39.93
47,159,8.36,12,38.48
31,135,9.58,10,35.87
37,142,9.17,2,19.24
34,157,6.95,14,40.52
47,109,6.56,2,16.3
38,142,6.48,10,32.17
48,155,6.25,2,15.81
24,105,6.55,14,38.52
27,102,8.67,10,35.12
55,99,5.58,6,22.23
29,125,8.67,2,18.67
28,159,5.97,5,20.92
37,110,8.12,13,39.27
37,146,7.98,1,16.92
53,100,7.96,9,32.85
52,130,6.55,8,28.07
28,118,5.75,7,23.58
39,142,8.96,8,32.17
58,148,6.21,6,24.26
23,99,5.4,2,13.46
25,102,5.79,10,31.51
33,121,5.57,2,14.7
51,152,8.57,0,14.92
36,82,8.73,4,21.79
52,106,6.69,6,23.92
42,153,8.82,0,16.64
49,159,9.19,10,36.17
42,103,7.39,3,18.91
23,88,9.13,1,16.45
30,81,7.52,3,18.44
41,85,9.05,8,31.2
36,150,7.21,5,23.12
32,158,5.29,6,22.07
22,100,6.1,12,34.49
44,108,6.52,7,25.37
55,92,7.2,11,35.18
50,148,7.37,13,40.09
50,121,9.88,11,39.71
55,80,7.38,1,14.42
39,99,6.86,0,11.33
28,122,6.8,14,39.96
46,80,9.43,4,24.33
27,119,6.92,0,12.11
50,86,8.93,0,14.98
27,114,6.25,4,19.34
23,131,7.14,9,31.75
21,113,7.87,6,24.71
56,129,7.82,2,18.81
45,148,7.9,11,36.02
57,108,8.71,5,24.94
21,150,7.55,8,29.65
35,80,5.92,4,18.25
57,152,7.91,7,27.88
33,137,6.49,5,21.75
28,144,6.5,2,15.82
25,96,5.64,13,35.9
29,141,9.55,13,42.36
21,158,5.32,5,19.78
56,121,5.19,8,26.58
55,107,8.62,11,37.23
22,82,8.52,3,19.21
43,84,6.75,0,10.94
29,145,8.7,8,31.86
54,133,7.44,10,33.99
34,117,8.64,7,28.94
24,159,7.73,11,35.41
50,123,8.66,4,23.41
51,155,8.86,7,30.36
58,136,6.42,8,28.25
31,150,6.93,12,36.84
55,103,7.52,2,18.36
28,159,5.95,0,10.46
23,138,9.85,9,34.5
34,87,9.62,5,26.51
33,81,8.88,1,16.34
52,120,5.99,7,25.14
54,135,7.27,12,36.45
39,127,9.64,0,17.51
58,101,8.06,4,22.05
36,97,6.93,3,18.03
22,158,5.46,10,29.92
37,120,5.5,8,26.26
54,146,8.39,5,25.2
36,127,6.56,1,12.92
58,102,7.48,12,36.54
22,81,8.76,1,16.92
22,83,5.91,4,18.64
46,105,5.39,1,12.41
33,98,6.88,10,31.13
51,128,5.81,13,37.55
54,153,7.55,8,29.23
59,132,7.76,3,19.93
23,85,5.55,7,23.22
28,141,8.96,13,42.89
43,80,5.12,2,13.38
34,95,6.72,13,37.68
47,131,5.23,11,32.26
49,86,8.54,4,22.97
59,114,9.39,7,29.96
59,157,6.74,2,17.51
21,147,6.64,7,25.72
37,94,8.47,7,27.17
50,136,9.36,11,37.94
33,102,9.44,11,38.82
41,157,7.92,5,24.59
39,90,7.97,9,31.44
39,83,8.1,12,38.16
45,137,7.54,5,22.86
42,119,7.65,13,39.93
51,137,5.47,12,35.33
37,146,9.91,1,18.69
43,117,5.31,14,38.32
52,81,7.4,4,21.52
30,119,8.93,14,42.14
30,135,7.92,10,33.34
56,151,5.48,6,22.73
28,114,7.78,4,21.7
40,128,9.53,13,42.52
52,146,8.11,1,16.7
34,123,8.9,8,31.25
48,110,7.31,8,28.65
44,144,6.56,14,39.36
35,155,6.0,1,13.3
42,97,9.25,13,41.57
50,115,8.53,2,18.93
24,141,5.89,11,32.6
33,108,7.76,11,35.68
43,102,8.55,9,32.07
28,82,7.84,0,13.29
38,109,9.75,6,27.76
32,124,5.92,10,30.88
51,128,8.57,11,37.32
34,98,8.08,4,21.19
54,143,9.59,12,41.43
38,84,9.31,7,29.91
54,135,8.24,0,14.55
31,113,7.18,8,28.28
32,152,5.82,2,14.84
35,127,9.01,0,14.94
51,105,9.12,5,25.52
49,84,6.81,8,28.57
46,110,6.13,0,11.82
38,103,9.66,12,41.06
52,101,7.34,6,25.42
42,101,8.68,2,18.9
58,136,8.11,3,20.43
37,109,8.5,3,20.2
43,126,5.09,11,31.67
44,153,8.13,0,14.91
28,146,7.75,6,25.64
26,118,8.77,13,40.68
25,145,9.69,5,27.52
49,156,9.15,1,17.54
48,108,7.21,13,39.11
31,93,7.98,2,16.51
21,83,6.19,1,12.34
39,151,5.01,6,21.34
29,84,5.73,3,15.95
47,123,5.36,6,22.15
54,103,8.75,4,22.7
24,107,5.94,4,18.06
56,103,5.56,9,28.03
38,84,6.43,0,12.41
35,92,9.67,1,17.47
33,134,6.37,13,37.77
39,109,8.28,0,13.23
26,128,9.17,3,21.44
32,94,9.14,0,15.92
57,109,9.72,1,19.38
37,107,6.81,6,24.0
43,83,7.44,4,21.19
46,147,6.19,10,31.64
49,94,5.32,11,31.89
53,113,9.89,2,20.35
47,154,9.33,8,31.87
45,122,6.58,9,29.89
30,154,8.95,10,36.15
43,140,9.15,1,18.51
41,142,6.23,0,11.0
41,81,9.67,11,38.15
33,131,6.6,4,20.67
57,131,7.84,3,20.6
53,94,8.99,4,23.54
44,119,7.95,10,33.6
31,107,6.3,10,31.29
37,134,9.66,9,35.0
24,129,5.02,11,31.22
45,101,7.62,12,37.5
50,108,5.22,8,25.48
29,151,8.27,12,38.77
41,91,5.21,9,27.48
40,117,5.28,1,11.54
39,81,7.47,8,29.31
39,91,8.44,7,28.97
32,134,7.1,10,31.69
57,91,9.57,10,36.19
37,88,9.64,12,39.77
57,158,7.24,2,17.48
59,111,8.01,4,22.57
48,152,9.9,8,32.54
55,87,9.11,4,24.13
38,107,5.67,0,9.96
34,135,5.36,7,23.66
55,115,7.85,8,30.24
27,116,9.21,1,18.19
33,111,8.79,9,33.16
38,118,8.13,14,42.15
57,128,9.17,12,39.8
33,97,5.65,12,34.09
56,102,7.35,14,40.9
51,112,8.95,6,26.85
22,152,5.8,14,38.73
36,130,6.87,9,30.82
29,122,7.3,2,16.61
29,83,5.38,1,12.34
58,159,5.11,9,28.2
31,146,7.54,1,14.94
42,151,9.53,1,19.81
53,159,5.51,9,28.96
56,81,5.65,13,36.27
43,124,5.29,0,10.08
54,159,6.81,11,34.94
29,119,6.97,9,29.95
44,81,9.92,6,28.6
28,111,9.11,1,17.06
27,80,6.83,14,38.94
56,97,6.9,8,28.12
38,143,7.08,7,26.33
23,111,7.95,6,25.43
48,88,9.38,4,23.58
26,134,6.15,5,21.97
41,146,6.23,5,21.74
48,103,9.95,12,39.86
21,90,7.45,7,25.81
56,107,8.42,2,18.84
41,95,9.04,10,35.62
55,91,7.45,3,19.35
33,147,5.08,0,9.99
30,83,8.75,7,28.18
30,154,7.92,8,31.03
33,145,9.39,9,33.85
57,110,9.0,11,38.17
58,135,6.97,8,28.22
44,129,5.21,13,35.24
22,146,7.75,6,25.73
42,80,9.91,11,38.86
37,148,5.86,10,30.57
56,118,7.54,13,40.16
34,131,5.6,2,14.59
30,115,9.7,1,18.41
55,146,9.14,7,30.45
45,91,7.69,1,15.43
23,140,8.19,12,37.63
58,159,8.23,8,31.91
37,151,9.77,0,17.31
32,90,9.85,13,42.25
44,93,8.33,7,28.84
49,133,6.47,7,26.8
45,87,8.2,13,40.55
56,112,7.78,4,22.14
46,83,8.95,8,30.83
58,109,9.32,13,41.9
21,133,8.19,0,13.08
40,85,7.58,1,15.14
48,84,9.28,3,21.69
36,157,7.23,10,31.98
37,130,7.39,13,37.92
48,93,5.09,10,30.36
32,113,5.36,14,36.94
47,120,7.15,5,23.11
50,118,5.04,10,28.98
54,97,6.02,0,11.77
57,99,8.4,4,23.04
26,87,8.14,4,21.86
27,105,7.83,2,16.84
52,106,9.13,5,26.0
52,111,6.81,9,30.14
45,121,8.3,13,39.79
53,129,8.22,12,38.5
27,128,8.3,1,15.85
32,144,8.37,0,14.15
36,142,9.01,0,15.77
36,106,8.04,11,35.09
56,154,9.38,7,31.46
33,114,7.14,8,28.92
27,117,9.87,0,16.38
56,117,5.17,9,28.82
29,121,5.67,4,17.89
52,121,5.42,4,18.48
31,128,7.19,10,32.86
28,136,7.94,1,15.2
53,133,7.21,9,31.65
43,89,6.05,3,16.39
45,139,6.16,8,27.87
28,119,9.04,4,23.36
42,80,5.27,10,29.16
24,143,9.96,11,38.74
23,91,8.6,11,36.49
49,136,9.61,8,33.07
49,156,5.91,12,34.5
54,105,7.8,2,18.06
54,119,7.64,5,23.28
48,122,8.1,9,31.68
33,151,8.89,0,15.46
35,92,8.57,10,33.98
43,135,6.96,8,28.61
46,96,9.35,1,17.5
24,103,5.07,9,27.24
46,155,6.27,14,40.27
29,137,7.6,10,33.9
25,159,9.3,0,15.65
52,140,6.99,6,24.73
40,159,8.88,1,17.18
31,107,6.33,11,32.87
35,146,9.85,5,26.54
52,130,5.08,9,28.15
48,118,5.88,13,36.87
42,145,5.11,14,37.93
37,156,5.09,10,30.37
46,153,9.53,5,27.17
27,119,6.38,12,35.03
46,92,6.17,9,27.4
45,98,6.34,3,17.86
30,85,9.01,4,23.4
39,97,6.56,13,37.23
31,88,7.97,4,21.6
33,147,9.29,5,26.89
28,133,6.59,6,24.62
24,129,5.73,2,13.8
51,149,5.34,3,16.33
48,90,7.82,13,38.72
31,134,8.03,1,15.77
21,121,9.36,1,17.36
58,90,7.37,11,33.83
44,151,9.34,1,18.92
51,146,7.57,13,40.55
46,81,7.95,0,14.28
25,145,7.69,10,33.97
40,105,6.5,13,36.74
31,155,9.22,10,36.94
53,116,9.42,1,18.37
58,115,9.24,7,30.39
47,95,5.54,2,14.73
54,157,8.33,2,19.4
35,145,7.22,13,39.81
52,100,5.49,11,31.91
41,86,5.31,6,22.37
25,90,8.49,7,27.4
26,135,6.99,0,12.56
58,123,6.91,5,22.49
42,133,6.07,3,17.39
38,136,8.01,13,40.76
34,137,5.74,3,17.18
30,116,5.02,11,31.3
33,127,5.07,9,26.93
51,141,6.84,14,40.08
50,118,8.59,13,41.67
23,143,8.01,1,15.96
50,147,6.25,11,33.51
26,147,5.51,3,15.78
49,106,6.81,0,12.54
28,149,9.48,5,27.16
53,139,6.73,4,20.42
37,123,5.6,3,16.86
31,109,9.46,7,29.34
33,137,6.62,0,12.34
31,115,8.86,1,17.83
51,84,6.37,0,11.05
48,98,9.35,7,30.37
26,91,5.41,0,9.65
36,139,6.27,12,35.49
24,90,8.64,6,25.61
55,132,6.97,5,22.27
46,99,7.75,12,37.73
32,152,6.39,13,37.67
31,106,6.81,11,34.05
57,137,8.03,12,39.25
45,84,8.96,10,34.46
38,153,9.46,14,45.17
39,88,6.79,9,29.29
43,156,8.15,14,42.54
58,111,7.49,10,33.23
38,151,8.28,9,32.22
46,133,8.11,13,41.42
26,124,8.1,4,22.0
24,106,7.18,1,15.05
49,107,6.47,11,33.22
54,97,7.11,0,12.67
37,110,9.19,1,17.0
36,120,6.71,12,35.21
22,113,9.31,10,35.74
54,86,5.83,2,14.73
28,84,7.77,12,37.46
33,100,5.55,4,19.22
28,85,7.21,1,13.61
50,124,9.85,6,28.79
52,114,8.13,3,20.66
56,82,5.09,1,11.17
50,112,9.11,0,15.93
21,117,7.5,4,20.59
59,159,8.36,12,39.11
37,95,8.21,3,19.44
40,150,5.94,14,39.39
44,87,7.03,9,30.44
42,82,6.07,6,22.64
49,148,5.89,1,13.62
42,98,7.79,0,13.27
29,86,6.02,8,27.71
57,129,6.01,1,13.95
30,85,8.13,6,26.09
56,84,7.01,8,27.7
57,140,6.01,7,25.52
48,137,6.92,10,32.36
48,101,7.9,3,19.61
41,136,7.99,7,28.3
44,154,9.49,10,36.53
22,111,9.65,1,17.92
28,96,6.02,11,33.15
47,137,7.45,3,19.11
42,120,7.23,5,22.88
57,101,8.84,5,25.02
47,159,5.96,14,39.08
49,121,6.13,11,33.27
23,158,5.79,12,35.32
33,87,8.66,9,31.89
30,125,6.14,10,30.97
56,127,7.1,13,39.02
29,82,6.3,11,32.05
47,156,9.91,1,18.99
54,109,8.24,14,42.91
21,107,6.43,14,39.34
52,152,5.58,1,13.12
45,155,7.19,5,23.37
49,104,5.91,13,37.92
27,116,5.84,13,36.54
23,130,6.48,5,20.93
40,118,9.83,11,38.16
40,151,7.0,12,36.7
50,146,6.05,13,37.37
55,80,6.64,8,27.59
55,117,7.39,4,21.73
59,131,5.36,8,27.25
47,142,6.52,8,28.05
46,131,5.72,3,16.22
34,139,5.45,9,28.49
37,92,9.54,14,43.83
38,96,6.42,7,25.26
49,109,6.05,13,36.95
40,117,8.5,9,32.45
47,90,5.29,8,25.06
38,106,9.87,8,32.53
24,117,9.92,2,20.39
21,107,8.82,0,14.33
21,105,9.94,5,25.6
46,112,6.28,5,21.83
40,111,6.27,9,28.65
43,133,9.34,3,22.22
30,104,8.04,11,35.93
31,103,8.62,8,29.79
25,119,5.07,6,21.02
21,106,7.32,13,38.89
37,125,6.39,14,39.34
42,148,5.77,2,13.88
54,148,7.59,1,16.23
49,118,6.38,9,29.5
24,108,7.72,6,25.05
25,154,5.39,1,11.98
31,110,8.99,10,35.59
41,144,9.75,10,37.59
55,94,8.15,0,15.16
32,153,5.71,10,31.43
46,88,8.75,3,20.83
39,92,9.39,1,17.88
27,124,6.83,9,29.04
27,85,7.57,9,31.09
46,123,5.32,2,13.89
25,81,7.74,5,22.16
41,108,5.24,12,34.43
34,127,6.76,5,22.45
24,91,6.39,13,37.74
43,146,5.91,10,30.86
40,129,9.27,13,41.15
35,90,8.02,8,30.35
49,84,8.39,6,26.08
28,124,7.46,10,32.93
39,153,8.74,3,22.15
59,126,6.85,14,40.14
48,85,7.21,3,18.41
47,159,5.42,9,28.17
24,148,6.6,13,37.83
35,142,5.53,3,16.34
55,146,7.41,6,25.18
57,126,9.69,4,24.83
21,113,9.06,8,31.41
23,91,7.19,8,28.5
44,106,6.5,5,21.81
47,148,6.65,6,24.52
56,147,7.36,14,40.87
54,107,6.21,9,30.07
49,150,6.69,1,14.67
44,124,7.46,8,29.97
44,81,9.21,13,41.76
24,88,5.48,9,28.06
23,158,7.02,10,32.03
54,110,5.95,7,26.57
43,115,8.19,4,22.42
43,94,7.85,7,28.04
25,141,7.89,10,34.03
51,110,7.66,3,19.23
26,106,8.67,6,26.18
57,81,5.77,6,22.62
30,152,5.93,11,32.52
27,122,8.54,14,43.45
59,80,5.66,10,30.66
58,88,8.63,11,37.63
41,139,5.82,4,19.29
40,81,9.96,14,44.05
23,137,5.23,1,11.9
42,144,8.88,8,32.06
24,91,6.16,10,30.65
48,134,6.62,11,33.76
32,89,9.56,7,29.64
58,144,6.53,3,18.57
56,144,6.89,5,23.34
25,140,5.91,2,14.16
33,154,5.39,3,15.95
43,148,5.54,13,37.07
50,114,7.97,2,17.52
57,90,5.23,11,31.83
45,147,6.13,8,27.52
47,117,6.97,9,31.0
34,118,5.54,12,34.33
56,100,8.74,7,29.18
59,115,9.86,3,23.15
36,151,9.47,0,16.54
42,99,9.77,6,28.56
41,122,7.72,10,34.14
41,100,5.74,11,32.81
28,114,8.33,12,38.24
36,143,5.3,14,38.62
51,111,7.38,12,38.33
30,115,8.95,3,21.63
52,148,9.27,10,36.26
54,131,6.48,14,39.42
29,83,6.11,3,16.28
37,86,8.45,2,18.29
31,150,5.69,10,31.78
52,103,9.97,11,38.84
30,100,6.66,6,24.37
42,136,8.75,10,35.47
37,152,8.63,1,16.94
24,98,6.55,2,14.76
45,107,6.93,6,24.27
41,111,9.21,0,15.37
57,113,6.14,2,15.08
58,95,5.3,9,27.4
21,117,5.74,9,27.91
45,154,8.42,14,42.66
56,83,6.19,12,35.16
37,135,7.84,13,39.83
44,119,6.97,1,14.08
22,129,9.34,3,21.51
35,119,7.44,5,22.96
52,128,5.7,3,17.17
59,127,9.16,2,20.64
26,85,5.41,1,11.36
21,84,9.14,3,20.92
43,158,5.21,13,35.75
59,124,5.02,1,11.85
37,95,8.78,5,24.29
54,96,7.8,9,32.02
49,138,6.08,4,18.88
29,135,9.83,3,22.8
33,158,8.19,2,18.22
26,114,6.19,11,34.14
26,87,7.08,12,36.32
40,140,9.57,10,36.83
23,106,6.02,2,14.45
37,157,9.63,1,19.35
32,99,6.08,11,32.83
21,136,5.12,6,21.15
37,149,6.34,8,28.11
23,102,5.27,0,9.37
46,155,6.16,8,26.96
35,81,6.36,7,24.57
56,106,7.08,9,31.44
52,111,6.41,0,11.61
52,129,8.56,13,41.55
24,143,9.85,0,16.04
38,119,5.24,10,30.32
39,112,7.57,10,32.3
55,108,6.31,5,20.86
34,112,7.31,6,24.02
53,96,8.52,8,30.93
34,153,9.38,9,34.4
54,144,9.43,5,26.22
24,122,5.82,4,17.52
44,142,7.81,1,16.6
49,137,6.41,12,36.13
39,122,7.49,6,25.47
26,116,9.6,10,36.19
53,125,5.3,0,9.53
39,104,7.97,3,19.61
21,146,6.8,4,19.78
25,130,9.34,5,25.33
47,153,6.09,0,11.11
36,117,6.66,13,37.9
26,117,5.1,10,29.65
33,80,7.15,8,28.11
55,133,8.17,14,42.98
39,144,5.98,13,37.76
32,101,8.18,8,30.19
36,140,8.72,3,21.66
30,137,5.96,12,34.36
45,133,8.78,14,43.12
40,98,9.66,0,15.5
51,149,6.11,7,25.49
24,113,5.67,7,22.96
43,158,6.67,13,38.77
22,123,5.95,6,22.95
42,146,8.88,12,39.06
57,131,5.66,12,35.02
28,101,5.11,9,27.65
27,108,6.76,11,33.92
34,93,8.92,2,18.35
23,141,8.26,13,40.2
36,94,7.65,1,15.53
39,93,7.29,10,31.94
38,146,8.25,6,26.17
36,101,7.46,9,31.09
28,86,8.87,6,26.95
53,86,9.33,4,23.91
32,96,5.87,8,26.43
31,111,6.16,6,22.67
25,158,7.57,14,41.26
47,156,9.33,13,41.47
32,135,9.59,12,40.31
37,141,5.63,7,25.11
26,137,6.52,5,22.1
53,137,8.85,0,16.05
25,82,9.67,8,31.38
48,159,5.41,6,22.87
34,80,7.35,9,30.0
25,146,7.48,12,37.32
53,99,5.04,14,37.03
39,141,9.27,7,29.09
42,135,5.54,14,37.59
25,132,9.19,11,38.07
22,144,5.1,1,11.96
50,135,9.92,6,29.14
59,157,7.62,10,33.53
24,124,6.49,11,32.91
53,158,8.03,9,32.34
33,97,6.42,2,15.95
40,127,5.54,2,14.14
27,117,6.26,3,17.1
35,101,9.2,11,37.94
43,159,6.24,9,29.56
34,154,7.05,8,28.83
43,150,7.75,8,30.28
39,152,9.35,13,42.51
49,80,5.05,13,35.63
40,121,9.41,4,24.3
49,151,8.71,10,35.22
44,154,6.93,9,31.05
38,148,9.96,9,35.26
30,108,5.29,2,13.26
28,85,8.69,10,33.88
46,135,8.6,5,24.96
49,91,9.73,4,24.83
30,118,9.12,10,35.44
37,150,7.88,5,24.69
22,91,6.16,3,16.56
26,112,7.55,6,24.5
25,132,5.51,0,10.02
48,98,7.44,7,27.56
25,137,5.97,4,19.42
38,122,9.67,8,31.77
46,152,7.03,9,31.02
40,124,5.75,2,14.9
47,98,5.12,14,36.54
32,116,6.65,5,22.91
27,90,5.29,2,12.55
23,135,7.3,6,23.89
30,104,5.24,0,8.98
54,148,9.17,12,40.28
45,124,7.33,5,22.1
55,141,8.96,3,21.77
36,93,6.82,1,12.51
22,156,8.84,13,40.94
44,113,7.03,5,22.68
30,139,8.36,0,14.97
58,143,8.57,3,20.59
42,149,8.01,0,13.61
46,130,5.28,7,24.0
59,121,6.84,2,17.08
47,100,8.88,12,39.85
49,84,9.62,1,18.28
58,145,8.3,11,36.53
40,149,9.84,7,30.66
47,140,6.37,12,35.17
40,87,5.68,5,20.7
39,145,6.64,6,24.24
40,141,8.39,10,35.46
55,99,6.95,10,32.1
22,83,8.3,13,39.13
50,94,8.51,7,29.2
54,135,8.07,12,38.28
42,99,8.89,13,40.94
23,103,6.17,4,19.44
26,88,5.55,0,9.82
35,100,5.24,7,24.1
47,120,9.88,4,25.17
30,92,8.59,14,42.77
29,84,6.19,13,37.34
53,143,7.38,13,39.04
52,125,5.31,5,20.66
26,157,8.32,11,37.36
56,150,9.84,1,19.01
22,149,8.53,5,24.35
49,138,8.11,5,25.5
24,155,9.61,8,32.22
21,130,7.56,11,35.19
39,95,8.73,12,37.98
46,130,9.66,6,28.94
45,121,8.23,7,28.27
30,90,7.63,2,17.17
35,147,7.9,12,37.96
42,131,8.85,3,21.9
41,152,5.26,9,28.66
42,89,6.64,14,39.76
56,151,5.26,7,24.18
54,142,8.93,9,32.92
50,115,9.57,12,40.31
45,124,7.0,12,36.99
48,85,6.26,9,29.12
21,85,5.2,2,13.16
24,145,5.03,14,37.43
27,152,7.73,7,26.6
29,143,6.67,11,33.98
56,117,9.82,2,21.04
39,148,9.09,7,29.7
21,140,7.25,1,14.82
30,157,5.99,13,36.28
56,153,6.91,11,34.35
29,142,5.36,0,10.24
52,150,8.11,11,36.68
52,99,9.33,2,20.7
26,154,7.18,10,33.15
58,156,7.4,7,28.59
37,143,9.69,5,27.38
30,116,6.55,11,33.71
47,115,5.51,13,36.96
55,89,5.34,12,33.47
41,113,8.84,3,21.52
45,124,6.09,1,12.75
48,142,9.99,11,40.21
35,92,9.82,2,20.34
24,104,9.27,14,43.39
49,123,7.52,4,21.04
29,153,7.54,4,19.81
47,103,9.66,12,40.44
46,148,6.49,0,11.53
39,153,7.43,10,34.53
48,126,7.01,6,24.72
37,129,6.79,12,36.74
40,115,9.46,12,40.76
59,112,8.62,2,20.01
43,82,9.72,14,44.99
52,110,5.36,6,22.68
53,139,9.14,8,32.2
25,108,6.64,4,18.81
54,123,7.95,13,40.06
31,124,8.52,4,22.52
23,121,5.71,10,30.38
53,100,8.74,10,36.09
31,111,6.7,11,33.84
36,107,6.39,0,11.25
38,126,7.36,9,31.14
50,126,8.91,6,26.89
30,96,7.05,1,14.42
38,108,7.73,9,30.94
58,127,6.19,9,29.79
39,81,6.59,1,13.03
56,112,9.71,0,16.87
33,142,9.6,13,42.6
23,147,9.44,7,30.47
30,118,6.94,2,16.5
58,84,5.15,2,14.18
21,147,9.6,1,18.34
47,131,7.0,6,24.33
28,131,9.02,8,31.16
37,108,7.58,3,19.32
29,116,9.47,3,22.47
26,87,5.58,5,20.02
45,99,9.15,3,22.12
59,120,9.34,6,28.65
48,149,6.45,5,22.11
53,115,8.13,8,30.55
57,111,5.28,4,18.31
29,84,6.57,3,17.48
38,99,6.86,2,16.35
41,147,5.47,9,28.42
22,101,7.17,7,26.38
58,110,8.24,12,38.65
56,120,8.25,7,29.43
57,84,7.35,9,30.62
35,89,5.62,2,13.56
48,154,5.39,9,28.28
38,116,9.11,5,25.16
54,135,7.8,0,13.94
42,103,8.75,13,40.45
31,95,5.17,8,25.87
33,81,7.21,10,32.4
24,94,9.52,11,37.87
42,120,8.54,6,26.41
27,142,8.83,3,21.3
44,128,7.36,1,15.28
24,105,8.73,10,33.4
48,145,8.36,2,18.29
35,108,5.67,6,21.91
21,149,5.46,0,10.45
23,139,5.88,11,32.46
34,144,5.4,3,16.63
58,119,7.89,6,26.47
21,90,9.83,12,39.15
58,131,8.87,8,32.13
58,158,8.73,3,21.44
41,152,9.15,6,28.33
49,143,9.51,3,21.89
25,82,6.52,13,36.73
30,90,5.45,1,11.07
48,107,8.76,11,37.14
41,141,7.13,1,15.3
27,127,9.73,6,27.87
23,107,9.67,3,22.38
40,125,9.87,5,26.81
39,143,8.87,5,26.45
55,134,8.06,1,16.58
24,81,8.83,8,30.02
25,154,6.38,9,30.01
21,95,5.01,3,14.46
24,90,7.3,14,39.87
32,82,8.2,0,13.53
47,134,9.19,13,41.94
43,121,5.25,7,24.0
45,108,5.23,10,29.34
41,148,9.68,3,22.57
44,110,6.01,11,32.69
45,156,8.44,12,39.29
52,104,5.73,7,24.19
52,85,9.51,12,39.36
25,139,8.74,0,14.45
56,146,5.27,7,24.26
59,101,6.36,14,39.89
36,120,9.85,5,27.15
53,132,9.23,10,35.61
41,139,5.24,9,27.32
29,118,6.54,13,37.48
26,134,6.64,12,35.47
55,109,7.4,2,17.04
59,150,6.38,2,16.96
42,81,9.15,14,42.71
25,87,7.35,6,24.29
43,142,5.06,7,24.11
37,138,6.95,8,28.15
32,107,7.96,1,16.16
43,153,8.3,8,31.59
36,117,5.48,10,30.02
23,97,7.49,7,27.43
50,141,7.15,9,31.2
42,156,5.88,5,20.7
29,102,5.9,14,38.88
49,144,9.87,11,38.7
57,119,7.07,4,20.32
43,139,8.2,14,42.94
33,84,6.03,13,36.17
52,97,9.78,1,19.55
43,117,9.73,4,23.79
37,108,8.97,14,43.77
41,105,7.18,14,40.57
22,139,7.08,13,37.38
57,115,9.45,3,23.03
26,108,9.34,13,41.13
38,110,9.62,5,25.08
50,142,6.37,0,12.88
42,92,8.31,8,30.63
53,150,8.36,10,34.95
50,119,6.8,0,13.02
37,149,5.47,1,12.48
52,81,5.52,12,34.21
34,87,9.21,5,26.16
30,153,6.71,1,14.36
56,122,9.45,12,41.07
54,128,6.43,3,17.75
29,101,6.01,12,33.95
48,153,6.96,10,32.77
31,114,8.62,8,31.04
34,98,8.1,9,32.58
59,83,5.75,5,20.69
39,98,9.91,7,31.71
35,99,9.89,14,44.19
48,83,6.36,1,12.9
44,128,7.65,7,27.73
28,105,6.14,5,20.96
29,82,9.96,0,16.2
53,131,6.74,7,26.29
53,115,9.51,3,22.12
39,120,7.15,7,27.08
23,149,8.58,4,22.91
30,130,9.53,1,18.41
21,95,8.11,6,24.33
49,126,6.15,13,38.05
54,159,8.99,10,35.74
33,125,9.54,13,42.87
21,134,5.45,1,11.33
54,118,6.87,5,21.94
49,85,9.96,5,26.55
33,140,8.26,5,24.65
49,88,5.87,8,27.24
59,90,9.22,10,35.82
44,144,7.36,11,35.04
46,138,9.31,9,34.88
37,149,8.82,4,23.33
27,86,8.61,14,42.21
33,140,6.35,6,24.05
25,136,7.79,6,25.85
46,113,9.28,14,44.32
23,124,9.27,2,20.09
27,124,5.85,1,12.01
59,94,7.01,12,36.76
21,88,7.3,6,23.85
37,125,7.4,10,32.72
45,125,7.29,12,37.56
23,115,5.48,10,30.38
35,125,9.52,4,25.45
49,121,8.91,4,23.6
52,109,7.16,1,14.2
46,90,9.76,10,36.88
36,112,7.71,7,27.02
45,119,5.29,3,15.78
48,149,7.22,5,23.74
29,122,6.03,12,34.78
21,118,9.99,13,42.84
49,118,5.62,9,28.65
42,132,6.53,1,14.32
36,110,8.39,2,18.28
27,142,6.12,13,36.55
34,104,5.56,9,28.61
49,120,6.93,5,22.27
39,129,9.48,7,30.53
39,138,7.89,5,24.21
22,128,8.73,8,30.77
35,109,6.43,4,19.5
23,124,9.46,7,29.92
31,147,7.8,6,24.61
50,132,6.77,10,32.54
38,105,8.28,8,30.41
22,150,7.03,4,21.03
52,119,6.39,2,15.13
28,91,8.83,2,18.97
42,80,5.54,7,23.33
26,149,8.32,3,21.16
32,80,7.63,9,30.65
56,87,7.57,2,17.71
35,112,6.71,1,14.6
48,147,6.38,5,21.94
38,129,8.45,8,30.4
22,85,9.05,9,32.74
33,139,6.93,11,35.06
35,142,5.72,0,11.12
40,131,5.11,7,24.17
49,82,7.9,3,20.49
49,158,6.25,3,17.9
23,149,7.06,7,26.59
39,85,7.79,8,29.6
23,116,8.62,14,41.86
34,130,7.12,3,19.22
24,106,8.51,5,23.95
31,125,9.57,4,24.37
51,148,6.39,6,24.45
52,96,8.48,1,16.44
47,96,6.52,0,11.23
50,102,5.34,3,16.01
22,118,5.41,8,26.05
29,112,8.51,3,20.81
48,145,5.75,9,29.13
51,89,9.98,6,28.36
54,119,7.72,10,33.29
35,152,6.56,1,14.47
45,94,8.03,7,27.93
56,122,5.45,13,36.96
28,91,5.26,3,15.25
29,101,7.69,3,19.1
57,97,5.9,5,21.07
59,145,5.36,13,37.3
52,141,8.14,11,37.06
37,140,7.24,13,38.6
55,139,7.49,0,13.79
57,158,8.82,13,42.32
39,118,8.44,8,31.2
49,152,9.03,0,17.41
27,101,5.44,14,37.27
48,93,5.41,2,14.36
29,86,7.89,13,39.74
48,114,9.61,5,26.8
26,113,8.73,11,36.83
49,146,8.51,12,39.1
37,142,6.77,8,28.35
36,81,7.85,14,41.47
43,124,8.48,8,30.99
51,142,7.53,13,40.3
23,81,6.15,11,32.57
41,133,8.39,10,34.99
46,130,7.58,4,22.23
56,120,6.25,14,39.99
57,84,7.64,8,30.01
42,150,6.71,1,14.39
32,104,5.33,4,17.67
33,80,7.36,7,25.39
31,88,9.84,7,30.46
36,145,6.25,12,35.01
28,146,7.21,12,36.52
22,83,9.11,4,23.61
50,100,9.75,7,31.21
50,140,5.28,12,34.46
32,105,8.75,11,37.05
30,123,6.61,14,40.19
31,116,5.54,4,18.56
35,157,8.78,4,23.2
36,89,7.35,14,40.91
37,153,6.04,1,12.94
46,153,8.59,7,29.61
22,154,6.11,2,14.95
32,126,8.15,10,34.15
46,159,6.67,8,28.18
43,102,6.13,8,27.25
38,155,5.2,14,37.86
52,133,5.78,11,34.35
58,138,9.67,12,40.63
23,98,7.25,2,17.09
58,104,9.23,0,16.1
23,146,8.8,10,35.22
50,92,8.46,10,35.03
21,100,8.68,10,34.03
50,101,5.84,0,11.39
52,126,6.23,14,39.73
48,142,8.89,4,22.67
41,108,8.34,0,14.58
33,128,9.06,7,29.57
47,104,8.43,13,40.5
56,102,8.93,10,35.54
27,155,7.91,12,38.83
42,128,9.08,2,20.17
30,102,6.62,14,38.93
59,84,5.34,13,35.29
35,108,6.01,2,14.62
35,84,5.76,9,28.94
24,118,7.36,8,29.27
52,114,9.52,4,24.07
43,109,6.55,11,33.38
26,135,7.59,10,33.37
44,81,9.08,4,23.29
40,94,9.36,5,25.01
57,130,6.39,10,31.95
40,102,7.62,14,40.79
32,105,6.28,9,28.51
53,90,7.1,7,26.24
48,103,6.96,6,23.79
28,88,5.32,1,11.37
21,157,5.14,4,17.16
57,150,8.09,7,28.66
42,89,5.86,6,22.65
26,151,5.74,3,17.0
41,157,6.79,0,12.44
52,150,6.16,7,26.58
55,136,8.73,0,15.89
35,94,8.25,0,14.6
25,112,9.81,1,18.71
26,90,7.01,3,17.84
45,98,5.13,11,31.43
49,121,9.23,1,18.09
27,137,5.61,13,36.81
33,97,6.34,14,39.09
58,97,8.15,0,13.54
38,101,7.31,3,18.43
22,131,8.46,5,22.99
28,123,5.97,11,32.51
31,110,7.93,1,15.38
53,88,7.27,5,22.69
58,129,7.94,8,30.62
47,140,9.41,8,33.33
40,98,7.67,1,14.87
32,131,8.7,11,37.2
51,134,8.72,3,20.63
47,104,8.31,13,40.66
52,158,7.42,4,21.82
30,148,5.02,3,16.86
23,154,5.61,9,28.23
47,92,7.72,3,19.4
55,113,5.22,8,25.43
51,151,5.23,8,27.07
35,104,5.63,8,25.72
36,154,6.17,2,15.99
33,143,10.0,2,21.85
55,89,5.6,9,27.63
31,96,6.36,3,17.16
41,84,8.41,8,30.35
31,146,8.38,6,25.91
50,89,9.37,0,15.17
55,106,8.05,10,33.32
42,135,6.33,5,20.87
58,86,6.2,4,19.73
51,108,9.15,10,34.84
34,128,5.49,9,28.39
44,118,7.4,2,17.82
52,149,7.41,14,42.06
56,88,8.7,9,32.53
52,151,9.98,8,34.7
35,140,7.48,12,37.47
55,157,8.88,5,25.83
23,133,9.26,13,42.6
36,88,5.17,13,35.86
25,139,8.18,7,28.02
41,131,9.42,1,18.47
30,154,8.6,13,41.41
39,90,8.87,7,29.6
45,114,9.05,10,35.15
24,154,5.1,0,10.56
49,115,9.64,3,22.28
39,134,9.53,11,38.55
22,82,8.01,3,18.79
30,151,6.74,7,25.27
45,132,6.85,1,14.03
40,107,7.68,8,29.39
39,132,6.46,12,36.34
43,133,7.83,12,37.97
44,132,8.09,0,15.0
31,144,8.64,14,43.3
54,132,5.33,3,16.19
48,119,5.33,3,16.83
25,120,9.61,7,30.25
25,117,8.72,7,28.43
41,154,6.71,11,34.52
32,108,5.12,8,25.3
24,110,8.05,12,37.68
40,140,6.25,9,29.14
58,153,5.29,11,33.12
45,119,8.78,2,18.72
34,81,9.88,3,22.24
31,127,8.74,14,43.2
52,80,5.56,3,15.8
31,138,6.84,12,36.25
38,111,6.24,14,38.8
47,81,6.87,6,23.42
38,138,7.79,3,20.66
43,82,8.17,8,30.37
31,152,6.54,10,31.96
41,128,8.37,4,23.09
25,155,8.42,6,27.08
43,113,9.97,11,38.78
45,141,7.41,13,39.94
30,113,6.64,0,11.27
42,102,9.29,5,26.24
39,98,5.84,14,37.74
21,131,7.23,1,14.41
27,139,8.13,3,19.45
24,107,5.71,5,20.33
21,128,5.27,14,38.28
35,124,6.99,11,34.85
32,155,6.75,6,24.1
42,139,8.72,8,30.73
42,154,7.67,13,41.39
37,135,5.11,6,23.13
49,83,9.6,4,23.58
34,97,9.3,0,15.92
40,108,5.37,9,27.35
53,118,6.27,2,14.98
35,134,8.12,11,36.25
32,137,5.9,6,22.89
40,126,9.87,6,29.33
50,110,7.1,6,23.68
58,107,8.52,5,24.99
23,106,7.56,9,31.01
48,109,6.54,11,35.25
46,128,8.48,8,30.48
50,121,7.38,8,29.48
33,154,8.18,5,25.23
33,157,6.97,8,29.77
22,147,9.99,13,43.76
57,80,6.03,7,25.07
58,123,5.92,10,31.2
22,116,5.05,2,12.78
56,112,9.35,6,28.99
46,100,5.79,1,12.34
31,119,6.23,4,19.01
28,140,6.03,6,23.12
42,92,9.9,5,26.02
40,117,9.27,5,26.04
28,108,8.75,1,16.4
49,132,6.94,13,39.11
46,143,5.03,11,33.32
50,115,9.84,7,31.44
37,84,6.02,9,27.84
40,99,5.33,2,13.94
36,90,6.9,1,13.67
27,151,6.39,14,39.79
36,107,9.72,0,16.71
47,128,5.14,13,35.67
43,120,9.89,13,43.17
44,97,7.93,4,22.2
29,109,6.5,0,11.25
55,93,9.34,3,22.39
40,135,7.09,7,26.04
57,152,7.66,8,30.58
37,153,5.71,5,22.08
51,131,9.4,2,20.93
28,145,9.39,3,22.68
35,146,8.76,8,32.22
51,108,8.63,8,30.99
50,106,6.0,1,13.48
40,147,7.21,12,37.17
59,114,5.46,14,38.64
32,89,7.96,0,14.42
37,105,6.06,6,23.32
50,150,6.49,4,19.36
49,155,9.08,11,37.78
39,140,9.93,12,40.77
31,148,6.9,8,28.72
54,135,8.97,5,26.05
27,156,5.66,7,24.61
54,143,7.64,6,26.41
40,120,7.76,0,14.71
58,83,9.44,6,27.59
44,145,6.21,2,16.64
30,116,5.32,7,23.27
52,113,6.75,9,28.92
35,129,8.73,12,39.5
57,149,5.23,5,20.68
40,154,5.73,12,34.64
23,121,5.23,9,28.23
57,80,7.48,4,19.82
28,113,9.12,1,17.82
43,89,6.33,11,32.62
31,84,5.16,11,31.79
28,123,5.88,12,34.04
49,98,5.42,2,13.72
50,100,7.77,0,13.14
30,113,7.5,4,21.08
59,108,6.23,3,17.52
48,158,9.21,14,43.87
56,119,7.05,13,38.14
33,159,9.85,4,25.09
52,97,6.17,7,24.41
56,128,8.11,1,17.03
57,140,8.98,6,28.12
46,144,5.95,9,29.16
42,154,8.97,7,30.79
24,115,9.42,6,27.27
51,149,8.34,11,37.15
38,86,9.48,6,28.2
58,140,6.96,0,13.16
44,143,7.01,9,29.99
43,153,5.09,3,15.63
42,109,8.99,7,28.51
22,96,5.17,10,29.26
51,123,6.32,11,33.84
31,151,8.1,3,20.12
48,155,8.04,0,14.38
52,105,7.4,6,25.08
25,96,8.09,8,29.28
58,114,6.61,5,21.67
30,125,6.02,8,27.36
44,84,6.46,5,21.04
55,124,6.24,10,31.98
43,154,7.15,1,14.58
37,95,8.79,3,20.45
21,137,6.63,8,28.22
51,121,6.78,9,30.34
51,139,8.49,1,16.74
54,135,9.57,5,26.86
29,85,6.3,2,15.51
42,99,8.68,4,23.43
33,103,8.12,7,28.07
45,146,7.61,10,34.26
38,131,5.1,1,11.93
32,89,6.9,14,39.44
37,104,6.03,14,38.28
35,124,5.7,10,31.47
35,157,6.38,8,27.02
35,80,8.27,14,42.13
59,104,7.69,5,23.24
33,155,7.18,8,28.9
37,152,5.73,2,13.98
52,88,8.89,1,18.31
29,121,7.41,0,13.3
40,142,8.23,11,37.1
46,104,5.18,11,32.15
47,127,9.46,10,36.18
41,134,7.59,8,29.89
38,145,6.75,13,37.76
33,103,9.13,6,26.99
36,123,9.06,1,16.68
29,135,6.1,1,13.01
32,114,6.86,1,13.43
58,113,8.03,0,14.97
39,85,9.99,3,23.06
27,128,8.93,4,23.51
55,95,5.25,9,28.94
38,92,8.68,11,36.67
36,91,7.45,5,23.4
59,90,5.09,1,11.48
24,126,7.26,5,21.73
45,139,6.64,12,36.32
52,128,5.52,10,31.23
33,131,7.67,2,16.53
37,140,9.71,10,37.13
57,119,9.37,0,16.51
26,150,7.8,10,33.62
39,154,6.03,7,25.07
33,132,5.57,9,28.16
46,140,8.42,14,42.83
34,101,6.96,4,19.88
51,117,7.61,4,21.12
24,140,8.89,6,27.95
59,126,8.01,0,14.81
28,106,5.38,14,37.25
45,97,9.93,6,28.76
33,99,5.72,4,18.28
52,121,9.9,6,29.88
58,120,7.54,5,23.3
58,151,9.19,10,36.87
48,137,5.62,0,10.33
50,119,9.31,2,19.82
23,154,5.65,8,26.45
48,109,9.45,14,43.51
23,91,7.21,10,31.58
54,141,9.31,1,18.52
36,141,6.38,6,23.7
42,149,8.54,5,25.24
52,94,8.87,5,25.77
58,86,7.5,2,17.07
28,85,9.32,5,25.11
28,106,8.41,4,22.57
26,81,6.57,14,38.94
34,85,9.65,6,28.39
52,140,6.7,11,33.44
55,111,8.65,0,15.32
30,108,8.46,0,14.48
23,144,5.66,8,27.18
32,94,7.14,3,18.64
51,89,7.87,10,34.24
49,89,5.93,0,10.76
25,89,5.5,8,25.81
45,116,7.73,2,17.14
51,111,5.77,6,22.52
41,115,8.94,6,27.64
40,143,9.28,5,27.18
59,94,5.47,3,16.8
42,152,8.52,12,39.49
24,95,8.66,13,40.95
33,125,5.33,13,36.16
40,123,7.98,6,26.09
33,155,8.11,12,38.31
37,114,7.56,9,30.85
56,130,8.45,14,42.51
53,137,6.23,5,21.71
21,84,6.31,0,10.65
35,117,9.62,14,43.91
33,85,8.4,13,40.34
37,130,6.98,14,41.11
44,93,8.36,7,28.11
28,127,8.74,0,15.03
47,91,6.51,11,33.31
43,131,7.6,9,31.95
28,147,5.57,8,26.62
28,138,8.01,14,41.64
46,97,8.44,3,20.77
33,132,8.72,6,25.95
59,110,9.8,11,39.28
57,114,5.83,7,24.66
48,83,5.35,10,29.31
45,88,9.71,12,39.92
36,94,8.24,6,25.65
22,121,7.82,6,24.73
38,138,7.12,14,41.46
37,152,7.2,5,23.11
50,111,6.48,7,26.31
59,159,8.12,9,33.35
33,124,5.08,12,33.54
52,84,7.72,5,24.22
49,110,5.29,8,26.79
50,104,8.62,0,15.07
38,135,9.81,12,41.03
33,80,5.93,9,28.03
41,140,6.37,4,19.74
50,146,7.69,8,29.96
41,146,7.45,4,21.03
37,121,9.08,6,28.08
39,138,5.63,6,22.57
35,129,7.77,13,39.31
29,156,9.61,3,22.04
30,113,8.34,13,40.99
51,147,6.34,10,31.55
43,133,5.31,11,31.96
50,93,7.1,14,41.17
53,111,7.33,9,30.77
29,149,5.67,2,14.54
21,87,7.4,8,28.82
55,114,8.38,13,40.5
31,103,7.38,12,35.84
54,82,6.13,4,19.12
36,115,9.79,4,23.33
29,130,5.57,4,17.43
52,136,8.04,0,14.8
35,138,8.65,14,42.99
32,101,6.35,7,25.19
53,116,6.9,6,24.99
34,154,7.18,12,37.07
28,91,8.23,1,16.12
28,100,7.56,11,34.77
47,94,5.96,14,39.69
32,91,9.46,4,23.05
21,135,6.82,1,14.8
31,95,6.91,2,15.73
59,112,9.0,9,33.3
51,122,7.68,14,42.44
37,128,6.16,10,31.0
53,157,9.57,7,30.66
52,97,9.03,10,34.34
49,95,8.0,5,24.04
41,119,7.56,13,40.14
41,146,8.38,12,38.98
43,141,6.8,11,34.55
26,158,8.47,3,21.45
42,106,5.19,13,35.71
58,93,7.0,5,22.36
57,145,8.09,3,20.21
28,106,8.11,0,13.65
55,133,5.36,10,30.24
31,139,8.6,1,17.33
44,119,5.42,4,18.18
41,124,8.7,2,19.44
22,147,9.56,3,21.75
39,147,9.88,8,32.74
59,142,8.02,10,34.81
48,156,8.57,14,42.65
37,119,6.17,3,16.76
26,120,6.87,13,38.6
39,140,5.06,8,26.15
58,144,8.99,6,27.36
48,80,8.45,0,14.29
22,88,6.29,6,23.1
58,154,7.45,7,27.84
57,159,8.64,9,34.05
24,94,8.33,12,37.79
42,138,6.6,5,22.82
46,145,6.85,6,24.24
56,89,5.77,0,10.62
33,128,5.69,9,28.34
52,90,7.02,12,36.74
37,109,7.4,11,36.22
56,102,9.75,6,27.7
39,101,7.53,10,33.82
55,130,5.95,11,33.9
48,121,5.85,10,31.15
21,108,6.73,11,33.5
38,124,9.59,5,26.02
53,112,8.97,8,32.08
32,118,7.47,7,27.36
28,152,9.78,0,16.06
44,144,6.08,14,40.24
36,129,7.17,12,36.74
24,127,5.01,6,20.4
58,116,9.33,11,38.97
47,157,5.79,7,24.62
29,112,9.79,5,26.51
36,85,7.54,1,15.79
32,149,9.97,3,22.96
51,134,7.71,14,42.03
44,123,7.28,5,22.59
34,129,7.36,11,35.83
45,133,9.18,2,20.39
54,142,6.81,7,26.67
23,95,9.27,5,24.71
44,126,9.43,0,16.34
29,136,6.44,1,13.93
46,81,9.63,4,24.36
40,116,5.95,8,26.8
30,102,9.13,0,15.68
39,92,5.84,2,14.76
23,144,8.59,1,17.19
44,127,9.88,7,31.11
25,86,5.38,2,13.66
23,110,5.98,3,16.39
47,142,6.77,1,15.08
36,124,6.8,5,21.43
35,135,5.91,6,22.88
55,143,7.48,13,39.34
32,101,8.95,8,31.23
46,142,9.01,0,16.34
54,159,7.33,1,15.17
43,107,6.57,1,14.14
51,123,6.21,4,19.63
40,93,8.58,2,17.99
32,98,5.43,5,20.06
43,139,7.73,9,32.38
24,156,7.71,6,25.51
43,81,5.56,3,16.07
21,130,7.36,5,22.57
45,157,6.25,3,16.36
22,113,5.83,8,26.27
50,130,5.41,6,22.32
23,98,5.97,6,22.05
41,115,8.22,10,33.36
45,105,8.65,14,42.76
40,114,6.14,10,30.82
42,142,7.87,10,34.38
41,83,6.86,0,12.08
53,82,7.71,12,36.28
58,84,6.23,3,16.75
35,108,5.23,5,19.69
35,98,6.63,10,31.79
45,96,5.8,9,28.13
41,113,8.67,10,35.41
44,99,8.65,7,29.19
25,107,5.36,8,25.47
26,152,6.98,14,40.23
43,146,5.46,2,14.0
24,89,8.57,11,36.41
47,100,5.09,3,15.43
38,83,7.19,12,35.72
41,101,5.76,0,10.62
48,150,8.32,7,28.5
55,141,6.07,0,11.87
42,91,7.03,11,34.96
43,90,5.03,4,17.91
23,101,9.94,10,36.24
30,108,8.77,10,34.68
45,140,5.82,11,33.05
28,140,7.22,14,40.72
31,106,7.49,13,39.8
25,126,6.13,8,27.07
57,93,5.42,4,18.0
58,86,7.85,6,24.91
49,94,9.18,6,27.12
25,125,7.86,14,41.24
29,107,8.15,4,22.33
22,122,7.95,12,37.14
21,89,7.28,2,15.84
50,130,5.74,13,37.11
31,82,6.01,12,33.66
48,155,6.64,9,30.61
32,156,6.47,8,27.9
59,123,7.61,2,17.62
46,133,7.1,6,25.3
33,113,8.18,11,36.02
28,144,9.2,13,41.79
48,104,5.25,7,24.33
50,142,7.31,11,35.77
29,149,6.08,12,35.51
59,124,9.55,12,40.48
51,147,7.72,5,22.56
41,105,9.42,6,28.58
54,105,8.35,8,31.54
51,105,5.68,1,11.82
45,157,9.23,11,39.16
32,141,6.59,6,24.16
21,140,8.72,2,18.11
42,81,7.54,10,32.89
57,120,8.65,2,19.15
21,124,7.64,0,12.93
21,93,9.64,12,40.06
41,116,7.55,9,31.22
35,81,5.3,11,31.12
37,84,7.26,3,19.33
42,81,9.84,4,24.65
58,80,8.95,9,33.03
55,127,8.16,9,33.34
36,101,5.76,8,26.17
28,120,5.92,11,32.81
37,104,8.61,2,19.31
37,125,8.65,14,43.13
46,88,6.87,12,36.74
33,140,9.97,4,25.81
37,126,8.46,6,26.71
58,153,9.47,12,41.81
37,158,5.23,5,19.54
34,82,8.12,0,13.99
26,87,8.75,9,32.43
55,104,8.99,10,35.98
34,115,8.36,0,14.57
28,122,8.03,6,26.33
35,129,8.73,4,23.12
47,142,5.19,0,10.94
33,113,8.76,2,19.09
51,152,6.65,3,18.34
55,89,8.81,5,25.31
26,106,8.89,5,24.62
25,92,6.38,12,34.39
42,130,8.58,13,40.88
43,147,6.64,13,38.92
45,95,8.62,5,24.86
54,91,5.95,9,29.25
46,104,5.39,11,32.37
25,128,7.94,9,30.92
46,95,5.97,7,24.99
40,81,9.47,13,41.56
26,152,5.79,1,12.82
26,156,8.04,3,20.44
38,157,8.49,12,38.65
24,155,5.01,13,35.79
37,114,9.35,2,19.44
34,101,8.63,0,15.62
34,127,8.85,9,32.82
33,143,5.28,13,36.54
27,146,6.76,5,21.85
35,101,8.21,1,16.14
39,152,6.14,10,31.94
55,126,9.16,5,25.28
37,119,7.04,2,17.42
55,132,9.01,9,34.74
39,82,9.38,8,32.84
40,85,7.38,10,32.34
56,93,6.14,4,19.05
55,137,6.91,4,19.97
52,86,7.5,8,28.94
44,108,7.28,7,26.38
37,82,5.02,5,19.48
27,92,5.42,5,20.54
21,115,7.28,5,21.66
55,117,7.18,8,29.77
52,154,9.45,1,18.44
56,139,6.38,1,14.15
33,152,9.89,13,43.32
26,101,9.86,10,37.03
34,100,5.94,9,29.05
57,112,5.12,1,12.11
35,83,5.99,2,14.47
24,159,7.1,14,41.34
36,123,6.84,9,29.53
48,80,7.37,4,20.52
36,141,8.46,0,14.77
24,158,7.59,6,25.34
46,101,6.72,6,23.97
48,138,8.38,14,43.58
52,116,6.67,12,36.22
22,102,6.76,11,33.3
51,112,6.72,5,22.67
23,101,6.52,13,37.66
28,143,8.5,12,38.97
44,141,5.87,13,37.46
35,133,8.87,3,21.33
51,137,9.61,4,24.76
29,91,6.38,1,12.79
59,97,8.52,3,19.93
22,146,8.02,10,33.47
28,139,6.5,10,32.55
27,80,6.18,4,18.94
59,99,9.72,4,24.74
36,96,8.49,6,26.55
55,128,8.22,12,38.11
50,101,9.98,0,17.69
30,112,6.77,8,28.62
58,105,6.14,1,13.15
38,106,6.65,12,35.99
25,139,5.85,0,10.26
49,113,9.62,6,28.79
59,159,8.48,7,29.91
54,157,8.02,5,24.61
43,131,9.03,1,17.96
25,134,7.58,10,32.8
50,140,5.95,3,17.99
26,129,5.77,7,24.88
24,142,7.61,9,30.6
49,143,9.03,11,38.06
43,93,6.11,3,17.51
26,130,8.52,14,42.58
52,106,6.25,3,17.58
38,119,7.16,0,12.62
35,147,5.31,1,11.6
52,88,7.52,9,31.65
29,135,5.85,2,14.68
57,118,9.22,9,34.34
30,94,9.79,5,26.5
40,97,5.42,4,17.42
26,131,7.67,2,16.97
23,140,8.52,2,18.62
31,116,5.33,10,30.49
37,159,7.77,10,33.54
52,132,9.68,2,21.18
24,91,7.63,13,38.74
24,104,8.11,13,39.35
37,158,6.64,9,30.01
39,104,8.08,7,28.27
25,100,9.44,9,33.78
52,86,6.65,8,27.49
42,155,8.86,9,33.71
26,128,7.85,0,13.13
55,118,6.29,0,12.62
42,154,6.96,4,20.41
21,128,6.79,10,31.81
40,113,7.34,4,20.59
42,154,5.56,2,14.88
31,95,5.75,8,26.84
33,94,6.89,8,27.91
23,119,7.81,6,24.96
29,158,8.09,7,28.63
32,86,9.55,6,27.87
43,119,7.84,1,15.85
34,145,8.65,3,20.36
53,149,7.41,2,18.22
38,101,7.62,14,42.02
29,138,7.95,3,19.67
43,84,7.61,14,41.01
30,97,6.55,7,25.56
39,90,9.89,8,32.79
25,87,8.09,10,33.15
43,99,6.73,6,24.16
50,154,8.99,8,32.3
45,138,5.82,1,13.19
48,104,9.96,0,16.68
54,137,8.94,3,22.89
45,98,5.49,3,15.54
30,81,9.24,9,33.19
34,137,6.29,9,29.47
50,145,8.19,8,30.18
45,86,5.83,0,10.85
34,130,8.55,3,21.03
55,112,8.79,1,18.21
54,154,9.26,3,22.2
30,92,7.44,13,38.93
55,89,7.77,6,25.66
31,138,6.08,1,12.91
31,117,7.58,14,41.91
41,99,7.66,12,37.11
41,93,9.05,12,39.88
42,119,8.56,12,38.56
27,86,8.49,5,24.87
37,148,5.15,1,11.86
22,85,7.73,2,16.39
32,119,9.96,4,25.73
38,132,8.76,13,41.46
31,88,9.17,3,21.74
36,144,7.47,12,36.89
38,99,9.16,3,21.39
55,85,9.08,8,31.3
46,156,7.65,5,23.87
36,118,7.84,1,15.32
26,100,5.26,14,37.4
32,116,9.27,8,31.38
33,91,5.67,7,24.69
24,149,6.5,8,26.94
59,94,8.72,14,43.64
22,100,6.5,4,19.18
46,125,7.53,6,25.98
47,150,5.77,11,33.49
47,89,6.46,5,22.13
35,145,8.67,13,41.23
28,155,7.09,4,21.69
27,118,7.82,13,38.31
32,101,6.79,6,23.9
33,121,9.65,7,30.99
37,85,9.28,1,17.15
37,131,5.56,3,16.48
56,116,9.89,6,27.81
41,85,9.05,13,40.46
28,152,5.79,6,22.37
25,108,5.21,14,37.83
46,148,9.47,10,36.66
36,130,8.79,11,36.85
56,156,6.38,4,20.09
48,106,9.76,0,17.27
49,116,9.53,5,26.44
32,125,6.07,0,11.24
57,104,7.0,5,23.55
50,116,5.24,10,28.94
43,102,6.54,2,14.99
36,105,7.48,5,22.89
34,155,5.32,1,13.09
30,131,6.68,10,31.78
27,82,5.75,1,12.03
57,152,9.62,13,43.05
49,158,9.15,9,34.63
23,151,8.83,9,33.33
35,107,8.87,5,25.43
56,159,5.07,11,31.77
39,113,8.01,6,26.21
33,144,7.95,3,19.76
41,108,9.96,0,16.86
57,83,8.16,12,38.11
47,147,8.25,3,21.28
49,141,6.9,11,34.16
40,117,7.5,4,21.19
45,146,6.98,14,41.03
26,81,9.56,14,44.12
56,155,6.01,0,11.75
22,123,5.75,6,22.03
42,158,9.98,9,35.37
52,111,9.65,7,30.09
36,82,7.97,12,37.61
38,96,8.86,13,41.94
25,91,5.55,13,35.27
56,143,8.84,8,31.78
50,142,7.32,3,19.01
39,157,9.14,9,34.07
43,151,7.58,7,27.12
54,120,8.63,9,33.56
33,81,6.7,14,39.96
49,132,8.66,6,25.74
56,113,6.36,0,12.92
42,153,9.77,14,45.05
56,119,8.35,3,21.16
29,150,7.39,4,20.78
59,144,8.03,9,32.82
39,134,8.08,2,18.13
58,153,9.27,1,18.72
26,130,7.79,7,27.19
35,84,7.82,2,17.86
40,135,7.93,9,31.41
29,100,8.87,7,29.34
52,137,7.46,5,23.75
24,152,6.07,6,23.01
38,110,7.09,8,28.39
25,125,6.88,13,37.69
40,106,5.29,7,23.28
43,149,9.0,6,27.93
31,110,9.18,3,22.42
57,120,6.34,12,34.94
42,124,6.62,4,20.16
24,115,6.6,7,25.4
49,81,7.59,13,40.01
54,141,7.35,8,28.72
33,100,9.43,11,37.71
29,113,7.47,12,37.06
51,92,5.89,0,9.86
27,98,8.74,9,33.69
24,112,9.34,5,25.95
39,128,8.05,0,14.43
50,82,8.82,2,19.61
51,117,6.12,9,28.83
55,150,9.5,13,43.21
41,94,5.38,3,15.65
51,117,9.5,11,37.7
39,104,6.82,9,30.53
51,140,5.45,6,21.35
52,129,5.91,8,27.45
22,89,9.95,10,36.4
30,129,6.86,3,19.29
22,121,8.87,4,22.39
22,150,7.39,14,40.96
44,131,7.88,0,14.01
37,125,8.18,12,38.53
52,119,8.01,3,20.62
36,137,9.99,14,45.02
36,103,7.76,11,35.6
59,148,8.11,3,21.11
51,119,6.75,8,28.74
44,99,6.2,10,31.31
21,108,7.24,9,30.21
31,116,8.07,0,15.1
41,99,6.57,2,15.35
24,97,7.5,12,36.32
27,83,9.07,5,24.99
46,90,7.12,0,12.35
32,143,7.89,2,19.22
51,131,9.62,11,38.26
37,122,8.12,10,33.88
53,93,6.55,5,21.86
31,124,7.85,10,34.39
48,107,9.3,3,21.39
52,83,5.76,13,37.02
21,95,9.12,1,17.51
48,117,5.5,14,38.59
27,142,9.79,1,18.28
22,102,5.8,10,29.8
44,156,7.33,4,21.33
24,99,9.75,13,42.31
39,148,6.04,2,15.81
46,100,8.21,12,38.05
31,121,8.69,3,20.31
31,148,5.19,1,11.5
23,93,7.97,11,35.19
32,149,8.8,14,43.63
23,84,9.85,1,17.68
47,103,5.69,5,20.0
22,108,9.32,1,17.4
36,81,8.15,0,13.88
22,85,8.64,8,30.45
50,113,8.7,0,14.99
40,155,8.62,3,21.29
58,101,9.62,2,19.95
48,83,5.62,6,22.07
45,85,6.42,0,11.38
52,146,9.52,12,41.58
30,156,7.28,14,41.59
53,142,7.03,3,19.2
33,152,7.7,5,23.06
57,147,6.55,11,34.65
36,113,7.99,8,29.51
42,151,9.4,14,43.26
40,113,6.98,6,24.88
47,136,6.04,1,13.68
36,116,5.78,8,26.17
54,85,8.49,13,40.92
52,150,5.37,8,26.6
46,124,5.38,2,13.97
45,120,9.81,2,21.08
22,84,8.34,1,16.37
32,139,5.95,10,30.73
29,146,8.16,2,17.85
32,96,7.89,11,36.03
46,144,8.9,5,26.52
29,134,7.12,10,33.46
30,88,5.08,8,25.54
52,83,7.2,4,20.17
54,121,8.46,0,14.31
40,125,9.79,10,37.36
59,153,9.2,8,32.72
22,80,5.12,8,25.25
21,96,6.22,0,9.99
56,158,7.75,2,18.61
44,86,5.28,11,32.15
47,84,7.98,3,19.07
22,131,7.15,7,26.81
51,132,8.34,14,42.46
34,82,6.1,14,38.36
22,141,5.94,12,34.89
49,111,9.58,12,40.77
35,81,6.72,2,15.29
32,159,9.86,11,40.04
57,132,5.8,5,21.62
48,91,8.77,6,27.25
40,84,6.01,1,12.35
59,83,8.58,14,43.41
44,135,6.31,4,18.87
41,159,6.66,11,33.8
30,143,8.21,3,20.16
34,124,5.17,3,15.53
57,139,6.23,0,11.37
38,99,9.29,4,24.17
44,132,6.56,10,31.45
34,152,9.78,6,29.68
54,95,5.72,10,30.86
32,109,8.61,7,28.66
42,99,5.82,10,30.58
26,131,8.82,7,28.54
56,115,6.07,6,24.17
56,101,9.33,8,30.98
42,80,8.12,3,19.77
34,100,9.41,3,21.73
36,127,8.14,6,26.36
56,151,9.03,1,18.35
45,84,9.35,8,30.93
52,119,7.34,4,21.07
53,158,8.37,4,22.9
56,124,5.13,12,34.64
40,110,7.48,5,22.98
38,94,6.06,3,16.86
58,137,5.57,13,37.25
23,132,9.98,0,15.81
43,124,9.99,4,24.04
52,146,6.06,6,23.52
36,121,9.49,13,42.39
25,103,9.49,3,21.91
24,117,9.88,10,35.91
41,130,6.96,11,34.73
34,103,9.66,14,43.9
59,156,8.91,2,19.91
51,112,8.67,7,29.8
34,98,6.24,8,27.41
26,104,7.45,1,15.24
32,149,8.94,1,17.1
36,128,9.23,12,40.72
37,96,5.99,5,20.57
43,100,6.56,5,22.04
34,122,5.81,10,31.37
27,155,5.76,14,38.28
52,156,6.07,14,39.29
35,101,9.55,10,36.59
37,142,6.81,4,20.64
54,103,7.49,0,13.58
25,112,5.06,9,27.19
47,146,8.76,5,25.24
43,96,6.44,1,12.87
34,127,8.52,4,23.12
35,123,5.99,8,26.41
53,104,6.89,9,30.69
51,151,7.59,13,39.93
55,139,8.16,13,40.64
37,108,5.82,10,30.51
48,91,7.16,1,14.24
39,88,5.06,4,17.55
43,132,5.66,1,12.63
52,140,6.64,12,36.4
33,110,9.68,11,37.75
40,127,9.42,14,44.07
55,158,7.62,5,24.21
25,126,8.02,13,39.98
29,112,6.44,8,27.42
49,146,8.35,1,16.95
26,143,6.19,11,33.07
45,96,5.01,12,33.23
51,123,9.82,5,27.15
42,84,6.91,9,30.62
22,141,7.61,6,26.27
25,142,5.5,1,12.73
47,158,7.64,3,20.44
45,118,9.51,1,19.05
28,151,9.39,14,44.41
21,121,7.89,3,19.69
40,100,9.28,14,43.55
43,126,6.82,11,34.29
52,153,5.96,8,27.6
31,107,7.11,8,28.24
59,100,9.05,12,39.34
44,107,8.53,2,18.74
31,98,6.92,7,25.88
49,142,6.71,0,11.95
46,131,9.82,5,27.67
36,117,6.32,8,26.94
55,125,6.54,3,18.36
40,103,6.74,7,26.07
23,124,8.91,11,36.51
21,156,9.25,11,38.0
21,88,6.09,14,38.63
37,88,7.04,10,32.14
22,100,9.33,0,15.4
49,103,6.57,1,13.57
40,143,7.02,7,28.06
26,119,7.77,8,29.33
28,153,8.21,4,22.63
49,131,6.52,5,21.9
53,83,7.88,2,17.2
23,82,8.62,12,38.19
55,92,5.45,7,23.88
25,100,10.0,3,22.9
47,87,9.66,5,26.19
32,152,5.76,6,22.84
40,80,6.66,9,28.64
40,93,6.41,10,31.62
29,155,5.11,5,20.25
59,115,7.51,10,33.56
24,101,5.79,5,20.62
39,115,5.68,5,20.83
58,124,6.05,1,13.88
47,95,8.8,13,41.11
33,90,5.65,12,33.76
33,146,8.14,14,41.55
42,104,6.45,8,27.35
48,146,5.34,12,34.5
42,110,9.89,14,44.5
39,144,8.24,6,26.4
28,90,6.02,1,12.46
28,159,7.53,0,13.32
46,117,6.94,10,32.77
46,81,5.88,5,21.05
43,133,9.81,14,45.21
33,86,9.3,1,17.44
48,128,6.85,4,19.9
29,119,9.05,9,32.9
40,124,5.95,10,31.49
39,133,5.38,5,20.24
59,140,7.63,7,27.57
32,83,6.96,3,17.31
35,113,5.35,13,34.75
51,87,8.15,2,17.94
34,111,9.1,10,36.03
31,97,7.64,3,19.54
46,119,5.27,9,28.12
47,154,6.89,6,25.47
31,135,6.25,3,17.76
58,116,5.74,7,24.3
54,134,7.5,2,18.45
39,115,5.33,6,21.8
26,89,5.32,5,18.95
58,149,8.88,13,41.79
48,159,7.14,0,13.3
21,142,8.72,8,31.0
55,113,6.63,4,20.24
28,151,6.75,4,20.22
27,96,7.14,2,15.97
31,140,6.52,7,25.78
59,157,7.8,5,24.79
24,97,5.36,9,27.37
45,140,7.79,3,20.13
32,115,8.57,9,31.61
46,132,9.96,1,19.01
58,112,8.19,3,21.41
32,102,8.54,0,14.65
57,143,7.98,0,13.46
44,117,9.75,13,42.57
36,148,9.05,11,37.9
33,158,8.08,7,28.76
45,109,6.66,3,18.67
24,95,6.62,13,38.21
31,133,8.77,14,43.31
52,138,9.64,8,32.81
27,85,9.93,14,44.33
31,84,6.31,5,21.01
48,80,7.96,9,30.93
43,93,8.51,3,20.19
43,110,7.07,8,28.52
48,130,5.55,11,32.78
46,158,6.43,14,40.36
45,98,7.58,14,41.17
49,111,5.58,9,28.0
39,136,6.56,0,11.48
53,110,6.29,3,17.89
56,137,6.77,11,34.58
34,105,8.43,6,26.56
34,127,7.38,2,16.47
55,120,6.88,10,33.31
50,104,6.37,9,29.99
48,126,8.44,5,24.41
37,133,8.37,9,32.09
23,136,7.23,3,18.62
36,151,6.39,8,27.0
50,140,9.04,9,34.97
49,83,9.26,3,21.23
35,110,9.23,3,22.08
45,146,6.96,13,39.1
58,120,6.27,14,40.84
58,105,9.23,9,33.63
43,147,9.9,8,33.54
45,145,5.97,1,12.79
27,98,8.18,1,15.66
42,104,6.65,13,36.7
37,126,7.43,3,19.13
38,150,7.86,1,15.51
30,87,7.69,14,39.66
30,82,8.81,12,38.23
27,112,9.86,1,18.37
58,107,5.43,5,20.36
47,101,8.42,3,20.48
53,109,7.62,9,31.43
21,126,6.98,2,16.94
54,115,8.31,3,20.07
24,138,9.43,6,28.1
37,93,8.05,6,25.61
24,152,9.1,2,19.16
46,93,6.48,10,31.51
24,158,7.19,8,29.33
21,135,5.87,9,28.79
27,103,7.86,1,15.73
50,128,8.7,1,17.21
29,122,7.9,2,17.54
55,82,9.56,12,39.72
28,102,9.3,5,26.03
44,99,7.12,13,38.38
39,94,7.86,12,37.49
56,122,8.24,5,24.4
47,159,9.04,6,29.11
52,150,5.37,12,35.1
34,112,9.04,6,27.44
38,134,5.33,0,10.06
48,120,8.6,6,27.03
49,97,7.33,0,13.36
36,82,6.19,2,14.68
55,82,8.53,3,21.2
51,95,9.35,5,25.63
24,122,9.14,10,35.84
57,102,5.97,3,17.12
37,94,8.02,12,36.88
59,152,8.32,11,38.24
46,137,5.26,14,37.83
59,119,6.64,3,18.32
24,117,5.52,5,19.69
50,85,7.08,3,17.73
50,125,8.64,5,24.97
42,85,9.03,9,32.68
31,99,8.82,2,19.44
22,98,6.36,7,24.26
32,93,5.74,5,20.17
50,144,9.36,8,32.62
56,108,8.71,1,16.63
38,110,8.78,4,23.06
46,104,6.35,14,38.83
27,150,7.86,9,31.36
21,125,9.49,14,43.46
46,131,9.17,10,36.53
43,95,6.34,8,27.68
46,90,9.75,13,41.6
26,97,6.89,5,21.79
26,135,7.86,5,23.81
28,135,8.66,11,37.19
44,136,6.25,14,40.19
42,148,6.97,13,39.51
39,145,9.65,6,28.79
57,153,5.38,14,39.99
38,95,5.1,12,32.83
51,85,9.82,6,28.6
57,131,9.38,4,24.61
50,134,9.0,7,29.19
53,155,6.67,5,22.73
30,152,6.88,3,17.75
57,128,9.49,0,17.43
32,151,9.88,0,15.97
50,135,5.31,10,29.47
47,120,7.34,5,23.09
59,150,7.0,4,20.39
29,135,8.68,2,17.92
41,142,7.47,11,35.51
32,107,5.39,5,19.01
49,154,5.84,7,25.14
53,110,6.54,4,19.59
35,134,8.94,3,22.0
22,131,8.87,7,29.07
59,153,8.86,3,22.03
38,145,8.88,7,29.28
23,125,7.08,5,22.38
27,83,8.07,9,31.45
38,101,5.72,4,17.62
58,124,6.12,0,10.89
57,107,6.62,1,13.6
53,89,7.57,6,24.89
51,145,5.92,1,13.06
31,128,9.37,9,33.6
24,159,8.11,13,40.19
38,152,7.69,2,17.68
24,130,5.08,6,21.47
54,122,7.81,12,37.76
49,85,9.58,2,19.96
44,104,6.12,8,27.3
42,83,6.1,8,27.4
22,155,9.57,12,40.22
26,103,9.16,6,26.89
45,135,8.4,4,23.64
41,134,8.67,1,16.92
36,133,5.3,4,18.13
51,82,8.81,4,23.35
34,155,8.72,1,16.96
59,126,5.25,8,25.29
48,109,8.95,4,23.37
52,155,8.2,10,34.79
48,120,7.86,8,29.57
29,134,7.57,7,26.89
42,138,7.57,8,29.37
52,119,6.17,5,20.89
25,124,5.02,7,23.3
43,101,9.8,11,38.78
25,94,7.31,2,16.4
52,96,5.22,12,32.76
30,138,6.66,13,37.36
59,104,6.87,2,16.49
35,122,9.36,9,34.26
27,143,6.71,13,37.89
49,130,9.4,12,41.07
23,140,7.21,14,40.92
39,124,5.83,8,26.88
30,82,6.43,0,11.17
48,115,9.24,4,24.0
49,158,5.8,2,15.17
35,143,8.08,12,38.3
55,107,8.63,4,23.89
26,124,6.56,4,19.87
32,100,9.02,5,24.53
58,106,6.56,7,25.97
33,155,6.36,0,11.15
49,114,5.38,11,31.87
39,127,7.93,7,27.17
23,102,7.66,10,34.19
28,143,8.31,4,22.26
28,92,7.34,11,34.73
40,109,6.03,10,30.76
24,153,5.52,7,24.32
41,99,7.5,10,33.2
23,85,7.69,12,37.53
28,98,9.66,10,35.98
43,146,7.47,14,41.18
36,153,9.66,11,38.32
33,89,8.18,1,15.28
23,135,5.75,4,18.17
29,100,5.43,4,19.2
34,135,9.81,10,37.11
33,136,6.02,1,12.91
27,81,6.74,14,40.13
35,118,5.18,6,21.39
27,140,6.37,11,34.13
58,124,9.78,0,17.24
54,107,5.46,6,22.98
42,97,9.49,9,34.28
44,93,5.33,10,29.32
57,134,8.25,11,36.96
21,138,7.48,2,17.36
30,98,8.65,12,39.06
36,120,8.89,2,19.13
28,91,8.39,4,22.14
45,99,5.98,8,27.38
32,113,8.17,2,18.39
45,115,8.09,13,40.42
37,100,9.25,3,21.55
46,135,5.57,10,30.42
34,120,8.02,7,27.99
56,120,6.03,12,35.18
43,122,8.32,5,24.0
26,151,7.59,5,24.02
25,117,5.95,13,36.13
45,97,5.62,6,22.8
38,87,8.49,6,26.01
33,145,9.09,5,25.94
34,99,6.85,11,33.09
48,148,8.11,8,30.89
38,136,9.03,11,37.75
48,97,8.62,2,19.18
47,139,8.65,11,36.81
52,81,7.79,12,38.72
29,121,5.68,9,27.34
52,143,9.73,5,27.12
40,123,6.53,1,13.43
48,130,5.57,8,27.12
53,144,9.32,8,32.11
24,144,9.41,3,21.86
54,133,9.38,8,32.43
23,118,7.58,6,24.92
46,87,6.55,7,25.41
28,146,9.06,2,20.21
26,155,9.64,11,37.96
36,128,5.05,12,34.07
44,115,9.53,12,39.94
59,86,6.18,4,18.39
50,94,8.97,3,21.65
33,104,9.05,5,24.86
25,136,7.81,2,17.0
45,117,7.19,11,35.26
40,116,6.12,10,30.3
38,95,6.2,13,36.67
38,80,7.49,11,35.14
22,126,5.71,12,33.72
30,131,8.38,2,17.82
32,116,5.16,13,35.57
33,124,5.13,11,31.3
31,93,7.55,0,12.95
39,136,6.33,9,29.41
55,113,7.39,2,16.79
59,145,7.79,13,40.57
46,110,6.56,4,20.29
34,123,9.4,14,43.66
44,102,7.48,14,42.01
21,145,9.11,3,22.32
42,90,9.46,14,45.17
43,128,9.45,3,22.2
39,157,5.33,10,30.29
38,137,5.22,9,27.76
32,108,7.96,9,31.88
48,130,7.05,6,24.25
48,80,8.86,14,42.92
53,84,9.77,13,42.96
39,113,5.34,12,33.52
48,157,8.15,6,26.63
57,98,8.02,10,34.41
46,119,9.34,12,40.03
55,145,6.57,10,32.12
54,143,7.58,9,32.22
55,151,9.7,4,25.15
36,96,9.98,10,36.75
58,117,7.84,12,37.75
33,122,6.04,5,20.64
43,119,8.97,0,15.86
42,124,6.88,12,37.13
36,119,9.56,5,26.0
48,150,8.98,10,36.29
55,109,9.7,0,17.02
28,114,6.07,9,29.2
42,145,7.08,8,28.87
41,123,6.25,5,21.9
46,83,9.7,7,30.57
41,143,8.67,1,17.04
45,84,5.12,5,19.23
21,127,6.4,7,26.49
26,145,8.69,3,21.41
43,106,8.41,4,22.66
43,103,5.19,11,31.53
43,135,6.93,4,20.43
52,124,8.97,9,33.85
50,147,6.69,1,14.02
33,107,6.2,6,22.27
38,84,8.55,9,32.76
43,126,8.27,4,23.29
35,84,5.13,0,10.02
53,84,9.53,2,20.52
41,127,7.43,10,33.03
59,152,9.29,8,33.35
43,126,6.95,9,31.33
47,141,6.88,11,34.82
38,106,5.61,5,20.86
44,83,8.99,11,36.2
27,128,5.02,0,9.55
40,144,6.45,7,26.12
47,159,5.36,8,26.3
26,140,8.56,13,40.59
47,99,8.58,5,25.32
29,87,6.57,4,19.49
51,92,8.51,5,25.03
41,152,6.24,4,20.24
46,116,6.57,11,34.19
33,122,9.04,1,17.63
43,135,8.7,7,29.53
40,129,8.87,14,42.69
57,99,5.56,1,12.96
48,127,5.66,3,16.95
37,98,6.52,11,33.84
48,148,5.52,14,38.71
22,96,7.61,6,24.93
45,107,7.65,4,21.98
26,115,6.74,11,32.99
31,117,7.07,6,23.22
58,149,5.5,4,19.44
26,105,8.39,3,20.13
31,158,6.32,9,28.69
34,80,8.89,8,30.52
22,81,8.85,13,40.73
23,115,7.96,8,29.54
55,135,7.19,9,31.24
53,114,6.03,6,23.46
44,106,9.69,9,34.09
39,146,9.48,1,17.77
38,135,8.76,0,15.66
44,125,9.59,4,25.2
55,99,9.5,2,20.38
21,87,7.61,14,39.56
56,151,6.05,12,35.6
45,105,6.02,6,22.4
54,153,7.49,1,15.64
45,141,8.62,8,31.17
36,112,7.02,6,25.15
54,140,7.02,9,31.36
49,99,5.36,2,12.8
39,147,8.89,14,42.9
43,108,5.86,8,27.28
39,125,9.49,2,19.91
45,116,5.87,13,37.05
36,132,8.71,6,26.79
29,84,8.73,11,36.95
21,145,9.31,12,40.02
39,94,7.61,8,29.56
53,125,7.01,4,19.9
54,136,5.49,13,36.93
36,87,9.17,1,16.65
38,116,7.09,3,18.98
54,136,9.95,2,22.42
45,93,6.49,0,10.76
26,84,7.19,3,18.44
41,152,7.08,0,12.27
26,122,7.39,0,12.52
52,128,6.11,11,33.26
59,123,6.37,14,40.27
51,135,7.3,3,19.81
30,127,8.85,6,27.64
50,109,8.72,4,22.71
38,112,5.92,7,25.06
44,116,7.66,6,25.13
29,129,7.61,6,25.23
51,86,7.85,12,37.26
35,146,6.57,1,14.29
24,122,8.59,14,42.23
29,119,6.4,3,17.35
29,111,6.64,6,23.92
46,134,5.96,2,14.34
24,156,5.8,2,15.24
37,155,9.41,14,45.32
36,88,6.97,14,39.46
35,88,8.78,1,15.79
55,143,8.79,6,27.9
25,124,7.85,13,39.83
25,140,9.13,2,18.89
40,149,5.0,1,11.52
35,117,5.81,5,20.7
38,154,9.27,12,40.08
22,125,9.68,5,26.64
49,149,7.55,2,18.02
33,143,8.47,13,40.35
24,114,5.78,13,36.71
30,91,8.36,6,25.98
51,127,8.25,8,30.15
28,142,5.55,10,30.06
23,124,8.92,10,35.38
29,85,5.17,6,20.5
50,124,9.9,1,18.51
31,111,9.83,12,41.33
55,147,8.93,2,19.48
57,82,7.43,12,37.74
33,81,6.49,10,30.49
56,99,6.7,13,38.3
33,118,5.52,1,12.61
32,91,8.63,13,39.93
57,140,9.8,7,30.83
30,115,6.19,5,21.61
29,88,9.89,4,25.27
27,123,7.26,9,31.03
22,154,5.7,12,34.47
43,132,8.86,1,17.47
59,109,9.15,10,35.44
59,145,6.69,11,33.65
41,117,9.83,13,43.1
43,117,7.68,1,14.64
49,112,5.16,10,29.58
34,150,6.72,5,22.2
46,134,8.83,4,23.09
25,155,5.99,14,39.39
51,102,5.66,1,12.52
45,149,8.07,0,14.27
51,93,6.49,11,33.96
40,128,8.07,2,18.35
37,124,6.58,8,28.27
22,156,8.86,7,29.08
45,106,7.11,9,31.04
33,154,9.93,5,27.25
59,146,6.87,3,19.3
48,128,5.73,10,31.31
26,81,8.18,10,33.98
23,139,8.64,7,28.81
55,145,6.72,13,38.79
38,138,8.73,1,17.71
31,139,6.71,6,23.58
40,101,5.49,13,36.16
25,125,5.42,4,16.85
39,132,7.38,12,37.08
42,98,9.92,8,31.52
39,128,7.66,3,19.18
36,159,7.66,2,16.91
44,96,9.31,9,34.33
24,106,9.74,11,37.83
35,98,5.88,8,25.99
45,109,5.66,10,30.59
55,157,8.41,8,30.91
34,125,8.06,12,37.38
39,143,6.73,6,24.17
58,111,9.48,1,17.72
56,132,7.71,12,38.98
27,102,5.87,8,26.43
50,115,6.95,14,40.9
39,89,9.39,11,38.39
45,138,5.09,4,18.58
36,108,9.19,5,25.93
28,90,9.76,12,39.92
38,117,6.83,11,34.3
48,158,6.42,8,28.2
36,111,5.83,6,22.62
39,131,5.2,8,26.14
37,80,8.38,2,18.21
33,93,5.85,11,32.16
27,82,9.47,8,32.89
47,109,7.28,6,24.28
30,110,9.86,5,26.65
54,80,9.9,6,29.05
56,125,9.0,3,22.5
45,93,7.2,9,30.56
26,115,7.31,10,32.98
44,125,9.75,7,30.6
38,134,8.64,7,29.56
43,115,7.0,3,18.67
26,122,9.31,12,40.11
49,122,6.36,7,25.91
45,94,9.68,1,18.22
37,117,6.21,0,10.57
44,123,8.67,10,34.54
31,134,8.24,14,42.0
46,134,7.93,8,30.07
54,157,7.34,7,27.97
48,137,7.79,7,28.02
23,136,8.46,6,26.82
31,135,8.17,3,20.89
58,81,6.38,12,35.28
34,113,6.36,6,24.09
46,128,8.25,5,23.18
41,143,5.76,3,17.05
59,87,9.88,3,23.1
50,148,9.23,10,36.61
28,137,7.27,4,21.44
40,122,7.62,4,21.87
52,141,6.77,9,31.04
42,131,5.76,8,25.73
27,112,7.96,9,31.27
29,99,9.94,4,24.34
21,159,5.81,3,17.1
49,138,7.68,7,28.32
28,139,9.8,9,34.21
24,142,9.91,14,44.98
55,135,7.43,8,29.1
23,116,5.37,11,31.99
27,139,6.25,4,19.77
47,130,8.52,12,39.63
21,108,5.35,10,28.91
47,88,8.19,12,37.7
36,119,7.25,5,21.44
58,147,5.9,8,27.9
27,122,5.5,0,10.68
43,155,8.41,5,24.53
31,102,5.88,7,24.05
53,87,7.61,1,15.86
56,153,7.47,0,13.72
57,143,8.37,11,37.72
37,102,7.16,3,18.48
55,135,9.58,2,21.1
25,93,9.26,11,36.99
52,159,9.09,1,18.28
23,96,6.39,7,23.69
55,99,9.92,5,27.92
34,91,7.62,7,27.3
51,152,9.88,9,35.22
51,151,9.2,8,32.11
37,120,9.32,12,39.17
44,111,8.53,3,20.25
43,116,5.87,9,29.01
38,97,9.79,11,38.41
34,108,7.0,5,22.63
35,86,9.72,13,41.61
35,119,9.39,7,30.64
26,85,9.11,11,36.69
47,99,5.04,8,24.97
35,134,7.88,6,25.6
56,135,6.22,6,24.56
28,152,9.4,0,16.58
35,132,8.51,1,16.28
23,152,8.24,9,31.96
33,151,9.52,4,23.28
54,112,6.48,6,24.16
44,101,5.54,8,26.08
52,129,6.53,9,29.74
52,106,5.92,10,31.71
50,127,6.26,6,24.82
33,145,7.83,8,30.04
21,92,7.28,0,12.41
54,81,9.9,9,34.85
35,125,7.09,9,30.58
34,150,5.76,11,32.09
49,90,9.37,5,25.57
54,105,6.38,7,25.68
38,142,5.54,1,12.94
27,128,8.29,13,40.08
49,142,6.28,13,38.61
51,100,5.08,8,26.19
45,128,8.32,1,16.64
58,158,5.36,10,30.68
34,159,5.01,0,9.93
28,88,8.41,10,34.35
47,100,7.27,5,22.89
22,132,9.02,4,23.4
37,134,5.82,3,17.3
57,120,7.55,1,15.65
34,85,5.58,5,20.37
45,80,7.05,10,32.12
50,143,6.78,1,14.21
49,84,8.19,4,21.85
40,105,8.12,8,29.87
41,80,6.29,0,10.48
42,80,5.25,12,33.78
55,117,5.52,11,32.26
57,120,9.56,6,28.21
36,107,8.63,1,16.89
37,84,9.71,2,19.36
36,100,8.09,11,35.84
22,142,9.4,0,15.8
24,91,8.86,14,42.15
41,85,6.22,13,37.27
59,108,8.75,10,35.1
54,140,8.05,12,38.92
50,114,5.85,7,25.07
26,154,5.47,11,32.03
37,131,6.83,9,31.18
59,112,7.93,2,18.29
45,104,7.78,2,17.45
25,93,7.41,8,29.45
25,132,7.39,13,38.73
40,140,5.08,4,19.11
36,92,5.11,5,19.61
57,94,7.04,7,27.54
29,134,7.58,7,27.87
25,132,8.38,5,24.1
22,151,8.33,6,26.71
29,126,9.93,0,17.51
56,124,6.96,9,31.9
42,154,5.63,3,16.95
42,143,6.5,12,35.38
42,94,8.83,14,43.27
54,100,6.22,5,21.16
49,115,9.09,11,37.42
58,149,9.03,7,30.67
53,104,7.35,6,24.94
38,123,8.65,9,33.13
27,80,9.01,10,34.49
21,121,8.63,5,24.43
53,138,6.56,14,39.85
21,112,5.85,4,19.09
44,111,5.6,4,18.02
24,145,9.82,4,24.8
24,104,5.47,4,18.13
38,119,7.2,5,22.63
47,137,5.51,4,18.97
52,154,8.97,4,24.26
53,143,7.77,0,14.91
48,98,5.88,2,15.14
56,107,9.8,0,17.44
26,153,9.24,10,36.23
36,159,5.63,13,35.73
54,121,9.07,11,37.37
43,129,9.22,2,20.34
44,155,8.86,0,14.9
33,127,6.76,5,22.27
38,136,6.28,5,21.95
33,88,7.62,5,23.41
57,109,7.37,6,24.81
59,97,7.92,9,32.3
37,124,7.09,0,12.86
35,157,6.05,9,29.5
38,145,7.85,9,32.06
43,90,7.69,7,27.16
50,151,9.54,11,37.99
54,146,8.18,3,21.68
24,94,8.85,8,31.06
23,119,7.14,1,14.59
27,92,9.11,1,17.38
38,159,6.55,7,26.87
27,112,9.89,0,15.88
26,81,9.08,3,20.3
42,113,5.02,12,32.55
21,95,9.09,6,26.8
24,93,7.69,11,35.01
49,125,7.9,10,34.07
41,129,9.99,3,22.27
46,84,8.59,8,30.07
34,122,5.65,2,15.28
29,97,8.77,4,22.57
32,127,6.0,2,14.74
26,143,9.67,2,20.92
40,105,6.32,14,39.89
44,153,7.31,5,23.52
47,149,9.06,5,26.21
58,93,9.82,1,18.22
28,145,5.79,4,18.9
21,140,5.35,6,22.16
44,152,8.95,12,40.31
27,156,9.31,0,15.79
39,100,8.01,2,18.31
42,134,5.85,2,15.44
55,81,5.79,10,30.38
50,82,7.3,6,25.2
49,92,5.97,4,18.44
42,100,6.73,13,37.21
31,112,8.97,13,40.96
40,99,5.53,0,10.19
49,97,6.52,5,21.5
54,117,6.98,9,29.94
21,104,6.14,10,30.89
51,117,8.54,10,34.93
50,94,7.34,13,38.41
38,108,9.73,6,28.34
37,143,6.7,5,21.89
58,111,9.63,0,16.72
34,151,7.84,5,23.84
43,122,7.69,6,25.85
45,92,6.17,14,38.96
35,157,9.74,6,27.86
42,104,6.59,3,17.34
23,128,7.73,0,12.89
39,87,9.7,12,40.3
54,107,9.25,3,22.03
55,90,6.54,1,14.32
21,134,9.03,2,19.24
41,89,8.4,7,27.79
49,138,5.17,4,18.2
26,144,7.46,2,17.46
57,84,7.11,11,34.51
21,159,8.29,9,32.83
21,99,8.51,0,13.98
47,84,8.52,2,18.55
41,146,7.3,5,23.24
36,109,9.74,14,44.0
46,113,5.36,1,11.85
36,80,8.24,9,31.95
48,106,7.2,14,40.99
21,142,6.16,5,21.88
56,113,5.68,13,36.44
30,111,7.31,13,39.11
37,150,6.53,0,12.32
43,125,6.1,5,21.67
27,147,5.18,12,33.46
27,136,6.56,13,37.56
35,101,9.66,1,17.91
54,108,7.69,11,35.57
24,124,6.21,1,13.31
34,124,9.88,2,20.77
34,146,8.26,6,26.96
36,100,7.54,7,26.64
27,100,9.67,6,27.07
52,139,8.91,0,15.77
39,108,7.66,7,27.27
22,112,5.04,5,19.25
30,118,7.07,6,24.54
37,141,9.0,5,24.93
57,150,6.42,9,29.3
32,124,5.27,1,12.96
26,137,8.04,9,32.65
42,152,9.5,8,33.17
52,80,9.94,2,21.36
40,90,5.57,4,18.21
21,111,9.81,5,26.53
26,153,6.92,7,25.96
39,128,8.73,14,43.22
38,155,6.02,10,31.52
26,109,8.36,2,18.9
53,139,8.36,7,27.88
43,89,6.41,1,14.38
43,155,7.23,12,37.64
46,100,7.07,2,16.73
33,85,8.28,3,19.95
27,117,9.89,9,34.41
35,137,7.85,1,15.17
47,87,7.72,13,39.29
46,149,6.69,1,14.64
53,142,8.39,9,32.98
35,113,9.23,14,43.88
56,128,5.49,0,10.75
47,119,6.21,14,38.82
25,108,7.97,0,13.07
22,88,5.42,11,31.53
53,100,6.74,8,27.32
36,111,7.4,2,17.57
43,151,9.03,0,16.31
58,134,7.63,9,31.74
36,122,6.9,7,25.99
34,89,5.74,8,26.05
49,128,6.01,11,33.23
46,92,7.59,11,34.85
55,120,9.02,1,18.06
35,158,7.0,10,33.01
23,110,6.14,3,16.72
43,111,6.89,8,28.78
49,124,5.28,11,32.94
54,92,7.65,2,16.78
53,104,5.37,10,30.69
43,147,9.25,10,35.7
27,94,8.82,13,40.08
23,143,8.52,11,36.18
52,139,9.73,13,43.23
51,87,9.45,6,27.5
38,153,5.01,6,21.56
27,96,8.9,4,22.93
21,84,7.93,4,20.49
34,92,7.18,5,22.13
52,100,6.44,0,11.46
26,123,5.98,11,32.54
59,155,9.41,12,41.3
30,132,6.82,8,28.36
27,107,7.24,1,14.57
46,145,8.57,9,33.1
54,100,8.93,3,20.58
50,136,8.13,3,20.03
56,134,7.1,1,15.4
41,81,5.32,0,9.72
37,144,8.06,1,16.29
53,156,9.23,3,22.49
30,82,5.23,3,15.33
32,138,6.77,7,25.49
36,142,6.24,14,39.26
52,84,7.7,0,13.65
35,145,5.05,0,10.18
47,97,9.41,10,36.11
48,88,8.96,3,21.35
37,101,5.52,13,36.96
22,107,9.46,2,19.01
56,139,8.84,6,27.26
27,91,9.78,2,21.15
33,116,6.29,10,30.94
35,121,9.28,11,37.34
45,133,5.73,11,32.41
43,121,8.48,11,37.79
42,146,5.36,7,24.36
46,135,8.57,14,43.17
53,125,5.76,0,10.66
31,84,8.68,2,18.48
30,135,7.2,11,35.09
45,102,5.67,2,15.33
57,141,7.86,8,29.68
58,92,5.12,7,24.56
44,138,6.19,6,23.95
53,107,6.46,7,25.84
37,85,9.96,6,28.2
44,140,8.97,4,23.41
57,140,6.56,0,12.13
22,124,6.82,13,38.25
52,91,7.19,6,24.84
44,114,8.94,5,26.02
29,141,8.4,14,42.47
24,84,7.71,3,18.78
37,145,7.24,5,22.51
37,154,6.27,9,30.05
50,147,7.27,7,27.15
31,144,8.88,3,20.63
41,159,7.24,7,26.88
41,145,7.62,7,27.13
38,120,6.69,12,36.35
49,106,7.43,8,29.07
44,155,8.8,3,21.68
30,84,9.61,2,20.37
37,84,7.48,11,34.26
38,92,5.74,1,12.89
40,159,8.87,4,23.05
57,88,8.79,0,13.87
38,127,8.38,7,29.29
37,111,7.92,11,34.58
29,115,6.6,7,26.58
34,94,8.74,6,26.83
49,88,9.92,10,37.21
51,95,7.35,5,22.27
24,85,5.81,3,16.08
38,151,6.12,3,17.7
40,112,6.29,3,17.9
29,121,8.18,13,40.29
33,138,8.83,2,19.21
35,115,6.75,1,13.9
47,113,8.66,2,18.96
35,81,5.44,5,19.61
48,92,9.49,2,19.81
57,122,5.34,3,16.71
39,153,9.01,12,39.38
46,136,8.55,5,25.31
46,86,8.23,7,28.0
45,138,5.3,9,27.04
46,138,7.6,12,38.35
46,130,5.61,3,15.88
48,82,7.2,10,32.68
38,106,5.85,1,13.15
52,157,5.77,11,33.16
23,133,7.86,14,43.09
22,143,6.42,12,35.41
53,113,8.85,0,15.01
39,102,6.26,10,32.09
37,127,6.68,7,25.6
53,134,7.96,11,36.56
32,96,5.04,7,23.61
23,158,9.21,0,15.79
46,141,5.46,10,30.62
55,140,5.13,13,36.11
28,140,8.87,5,26.77
56,123,9.0,14,44.69
27,150,8.19,0,14.78
56,82,9.16,11,37.91
36,152,9.59,6,28.32
44,146,6.12,9,28.93
21,87,7.25,2,16.37
45,105,7.02,11,34.81
30,94,5.84,12,33.17
36,84,6.33,14,38.49
36,92,7.05,11,34.3
28,158,5.51,12,34.12
49,91,8.78,11,37.24
59,142,8.04,9,32.5
48,87,9.61,9,34.5
26,153,5.16,7,24.57
36,113,8.25,12,37.59
40,151,8.93,7,29.78
36,101,7.55,1,16.16
27,129,9.83,9,34.37
34,91,5.19,12,32.99
46,101,7.62,10,33.79
46,137,6.56,6,24.11
34,98,9.87,11,39.04
27,84,9.78,9,33.77
53,95,5.48,0,10.53
46,120,6.97,10,32.37
40,153,6.1,1,13.56
23,98,9.15,0,15.11
24,144,9.56,3,22.92
46,101,9.43,14,44.13
31,96,6.78,9,29.09
22,114,6.51,5,20.81
34,118,8.38,0,14.58
50,152,9.66,13,42.58
32,134,5.31,0,10.16
46,84,5.29,9,27.2
53,152,7.02,3,18.98
33,90,7.09,9,29.75
34,157,7.46,1,15.41
44,119,7.5,5,22.76
54,83,7.32,3,18.8
46,159,8.91,10,36.11
41,137,8.82,12,39.2
48,144,8.75,1,17.68
56,143,6.63,7,25.85
22,146,5.09,6,21.05
29,113,9.11,2,19.08
43,137,9.64,0,16.26
35,146,7.87,6,26.1
33,86,5.6,4,18.64
43,114,5.79,6,22.53
37,108,9.28,2,20.54
22,104,8.31,0,14.48
40,107,6.23,3,16.94
40,148,5.93,14,39.12
23,106,6.46,11,34.19
32,153,6.54,3,18.23
22,155,9.09,8,31.22
56,87,9.49,0,16.66
34,117,6.26,11,33.19
36,88,5.96,14,38.65
39,122,7.76,2,18.32
54,104,7.84,8,30.06
26,145,6.13,7,25.22
33,96,9.09,1,17.18
56,86,9.6,14,44.66
42,101,5.41,8,25.34
38,89,8.8,0,14.39
32,92,7.51,11,35.37
50,121,5.98,3,18.59
27,107,7.15,14,40.56
52,138,7.53,14,42.45
39,90,7.93,1,15.28
26,88,5.17,14,37.36
40,159,8.48,3,19.83
47,134,7.54,9,31.54
57,84,8.2,13,40.72
27,148,9.25,9,33.55
25,117,7.83,10,33.28
31,145,9.48,6,28.82
35,143,8.97,1,17.08
23,104,8.15,8,30.0
25,131,7.91,3,18.68
43,117,7.16,0,13.36
57,156,9.4,3,22.67
29,98,7.07,6,24.19
35,104,5.1,2,13.66
23,127,5.17,3,14.28
49,152,9.63,9,34.28
26,140,5.59,11,32.31
37,114,8.93,9,32.77
46,130,9.25,2,19.41
41,94,7.76,8,29.77
28,156,9.2,5,25.51
41,128,5.53,5,20.36
31,109,10.0,14,44.38
58,100,7.99,13,39.93
28,120,9.26,7,29.8
44,82,6.37,13,36.78
55,152,6.56,3,18.61
34,103,5.77,8,25.94
34,96,8.58,12,38.55
30,87,5.12,2,13.09
32,85,5.54,6,21.01
58,88,5.86,12,34.84
54,94,8.46,7,28.51
30,143,8.27,0,14.61
37,129,8.11,6,25.63
37,90,7.06,1,14.61
23,125,9.67,2,19.92
51,124,9.81,12,41.28
21,156,6.85,1,15.18
32,138,7.63,10,32.62
59,104,8.47,7,28.38
24,91,6.34,11,32.52
33,105,8.81,4,22.98
54,155,8.85,4,23.99
41,116,7.5,9,30.89
42,102,7.08,2,16.94
24,144,8.2,9,32.65
38,124,5.08,3,16.2
25,153,9.28,8,32.35
39,114,9.32,5,26.52
22,127,7.53,10,32.68
32,107,5.08,8,24.98
37,80,6.86,14,39.3
30,151,7.28,3,19.28
54,120,9.2,9,34.19
26,102,5.17,4,17.68
28,111,7.54,10,32.8
31,86,7.3,9,31.12
32,154,6.11,14,39.48
29,134,6.22,8,27.05
22,151,7.9,11,35.81
28,122,9.84,1,19.35
31,93,8.96,6,26.98
56,93,7.5,5,23.34
30,120,7.87,2,17.78
41,93,7.87,4,21.82
40,107,8.51,8,30.77
28,109,6.69,13,37.98
56,158,8.38,5,25.51
49,133,6.27,14,39.88
32,138,9.01,6,28.41
34,91,9.7,0,15.77
41,154,7.8,10,34.27
42,118,5.36,14,37.93
41,149,8.56,10,34.71
50,146,9.64,0,16.8
59,94,9.72,13,42.19
40,83,9.55,5,26.01
44,123,7.82,0,13.92
43,118,9.59,13,42.59
27,149,6.34,1,13.46
29,116,5.72,0,10.33
21,137,7.38,9,30.47
46,111,5.15,3,15.52
58,107,5.39,8,25.84
58,83,8.01,3,19.42
42,89,8.52,10,33.55
30,106,5.69,11,32.74
26,115,6.71,2,16.37
37,84,9.04,10,34.28
58,129,6.0,13,37.58
44,111,9.45,5,25.6
30,102,7.81,13,39.07
28,156,7.97,0,13.98
41,140,5.75,0,10.57
26,80,5.31,14,37.76
41,110,6.81,1,15.44
59,98,5.47,1,11.71
44,133,5.5,5,20.89
53,113,9.74,10,37.06
38,83,5.34,8,25.58
48,127,7.2,1,14.62
52,127,8.78,4,22.5
32,128,6.42,13,37.77
47,139,7.49,6,25.64
30,123,6.8,5,22.08
52,113,8.57,7,29.39
46,135,8.05,14,42.59
45,153,6.54,13,38.23
31,85,8.16,10,34.08
43,155,5.02,2,13.99
54,155,8.36,4,23.21
43,115,8.91,8,32.03
49,114,5.03,0,9.7
51,104,8.3,6,25.72
27,128,7.75,8,29.9
53,134,6.41,14,40.46
41,120,5.99,5,20.95
22,136,9.79,14,45.08
38,101,7.41,4,20.63
53,123,7.29,12,37.23
57,108,9.23,6,28.71
54,150,6.91,0,12.79
40,127,9.03,12,39.41
55,82,7.84,3,19.73
38,124,6.05,10,31.5
44,99,6.75,0,11.4
28,152,5.12,0,10.31
50,115,7.2,10,33.48
30,139,9.68,12,41.19
43,157,8.16,10,33.81
31,97,7.89,8,30.0
22,145,9.35,4,23.98
46,110,5.61,1,12.3
56,88,8.98,4,23.31
53,99,8.49,12,38.65
33,99,7.65,6,25.4
45,126,6.93,0,12.63
24,80,5.18,0,9.1
39,93,8.09,9,30.67
38,80,7.85,13,39.03
57,148,6.42,8,28.35
50,89,6.37,4,18.26
39,152,6.79,1,14.87
43,128,7.17,7,26.72
36,93,8.69,4,22.46
21,139,7.56,14,41.14
32,121,5.75,4,17.89
44,138,9.46,4,23.84
54,104,7.4,1,15.59
28,115,9.49,0,16.27
38,114,8.07,7,27.73
25,90,7.85,6,25.58
46,89,6.67,2,16.31
50,87,9.86,5,25.66
33,102,9.92,9,34.96
39,85,6.81,0,11.82
49,157,8.95,12,40.49
23,143,6.35,10,31.92
46,152,8.07,6,26.58
32,125,8.35,4,22.61
22,117,9.92,2,20.79
31,104,6.44,9,29.95
48,81,8.53,6,26.76
38,103,6.23,1,12.92
33,146,5.18,4,17.66
57,150,6.43,10,32.05
42,140,8.93,3,21.62
32,88,9.68,5,27.45
22,124,5.13,4,17.6
57,95,5.56,7,25.58
27,93,6.85,3,18.34
46,105,7.26,1,14.66
46,125,9.64,4,24.76
44,137,5.1,10,29.91
32,153,9.25,6,28.06
36,109,7.57,1,15.36
43,135,6.07,14,41.12
29,111,5.98,3,17.09
52,157,5.25,8,26.35
35,102,6.23,6,22.95
57,96,9.87,4,24.9
33,103,8.99,14,43.11
25,126,9.81,11,38.27
31,90,5.78,10,30.72
30,120,7.75,6,25.21
33,94,9.66,11,37.15
35,131,8.3,7,28.15
27,113,5.1,14,37.74
48,139,5.35,1,12.2
52,136,7.11,13,39.34
55,112,6.92,9,29.89
35,100,9.45,3,21.08
56,103,8.9,12,39.09
41,99,5.66,0,10.47
26,147,5.45,1,11.86
21,139,9.33,1,17.62
24,125,7.25,9,30.52
31,112,5.85,2,13.96
46,110,9.49,9,34.94
57,113,8.6,1,18.02
43,101,5.82,3,16.99
49,109,8.03,5,24.75
41,84,7.35,5,22.8
47,120,6.28,7,25.64
59,124,7.96,8,30.59
33,140,7.2,0,12.9
43,92,7.81,8,29.91
36,88,6.47,6,22.9
50,157,8.63,12,39.96
24,114,7.13,0,13.15
36,97,9.07,5,25.16
51,91,8.04,10,33.53
45,120,6.22,1,14.04
32,95,6.7,10,31.91
46,92,6.43,1,13.65
57,97,6.8,12,36.09
53,155,5.86,3,17.63
48,130,7.38,3,19.37
29,112,5.25,10,29.69
32,149,6.74,8,28.48
25,146,7.13,1,14.45
48,133,8.82,9,33.17
55,85,9.31,4,23.32
25,115,8.86,6,26.71
54,134,5.41,13,36.4
54,129,8.31,0,15.2
33,150,9.26,4,24.5
59,145,7.64,5,22.72
34,94,9.68,4,24.14
31,101,9.42,3,21.97
58,128,9.39,9,34.41
24,117,9.82,4,24.37
53,87,8.83,12,39.25
27,87,8.43,12,37.93
28,116,8.76,12,38.97
57,151,6.79,11,34.08
30,157,5.04,1,11.35
35,104,5.22,10,29.45
58,133,9.26,1,18.12
35,100,7.05,7,25.87
25,138,6.81,13,38.41
49,110,8.06,0,13.78
39,85,5.7,3,17.03
30,121,7.72,3,19.04
32,131,9.18,2,19.57
24,126,7.13,0,11.99
51,107,7.59,1,14.95
38,115,5.82,1,12.84
36,119,8.68,5,24.43
56,92,7.81,6,25.81
45,128,7.76,7,28.23
43,83,6.13,11,32.36
32,143,9.59,12,39.66
54,159,6.72,3,19.46
56,102,9.81,2,20.16
57,137,6.71,4,20.81
23,94,9.5,13,40.99
29,158,7.79,8,29.99
38,125,5.32,13,36.32
55,118,9.77,0,16.66
54,126,6.66,0,11.6
34,116,9.07,10,35.06
24,120,7.83,14,41.09
49,124,6.22,6,23.2
35,109,5.7,3,14.74
48,150,6.17,14,39.06
36,147,7.72,9,31.4
32,86,7.54,1,14.75
25,126,6.35,10,30.88
54,126,5.79,2,15.21
21,158,6.75,2,15.78
59,139,5.79,3,17.51
52,84,7.53,10,33.75
46,127,7.17,7,27.09
37,153,7.24,13,39.44
47,101,6.31,7,25.05
44,102,5.47,0,10.5
55,124,7.93,9,31.62
59,158,9.87,5,27.47
46,131,8.34,7,28.95
58,150,9.44,14,44.72
43,125,5.48,11,32.42
42,117,5.3,12,33.45
24,119,8.83,7,29.29
29,94,7.27,5,21.87
24,148,9.13,7,29.09
27,91,7.4,7,27.02
43,156,5.37,6,23.1
22,146,7.27,3,18.95
44,136,8.33,13,40.59
51,98,7.58,4,20.82
51,109,6.09,1,12.71
54,158,9.62,14,44.87
44,97,8.33,10,34.12
46,142,7.63,4,20.64
36,86,7.37,2,16.83
33,139,8.06,0,13.26
35,157,7.32,12,36.55
47,142,6.54,14,39.89
24,136,6.94,10,32.37
36,154,5.96,9,29.25
50,118,8.81,5,25.37
50,122,9.03,9,33.22
56,135,8.67,9,33.45
23,89,7.32,7,26.96
42,99,6.07,12,34.94
42,143,9.81,14,45.31
32,118,8.85,12,38.03
41,107,8.88,12,39.27
24,109,8.12,14,42.17
51,137,6.41,13,38.25
51,149,5.91,9,29.6
43,141,5.56,0,10.2
40,80,8.12,12,37.88
35,147,5.9,9,29.54
43,104,6.88,9,30.14
48,118,9.1,0,16.66
36,90,6.45,0,10.73
57,138,6.33,10,32.18
41,116,8.59,8,30.75
35,155,7.6,13,38.86
37,108,7.81,11,35.62
57,88,5.64,7,24.42
33,125,6.43,13,36.98
39,155,6.85,6,23.79
50,88,9.85,10,36.75
38,144,5.21,1,12.02
34,150,9.28,2,20.13
56,121,5.63,4,19.29
56,113,9.94,6,29.26
40,107,5.96,11,32.45
39,140,6.45,0,13.14
27,119,9.15,9,34.37
24,133,6.79,5,21.89
54,138,8.24,11,36.9
22,157,7.92,6,24.8
25,124,8.43,2,18.74
30,159,9.12,2,19.71
52,118,6.5,13,38.15
33,121,9.37,1,17.24
59,90,9.88,1,19.18
25,154,8.36,3,19.63
30,117,7.83,8,28.15
30,136,9.92,8,33.62
58,91,5.46,2,13.2
47,121,6.92,5,21.66
41,142,6.18,13,36.97
28,88,5.41,11,31.42
21,101,9.32,14,42.23
48,117,6.72,3,17.42
59,152,5.69,12,34.56
34,136,6.91,9,30.17
41,146,6.9,0,13.5
50,109,5.63,11,32.8
41,105,7.66,5,23.35
29,151,5.51,1,11.9
37,133,6.01,2,14.93
25,111,8.62,0,14.39
51,101,6.52,3,17.97
58,87,8.23,2,18.47
39,145,6.05,5,21.17
56,93,7.65,4,21.78
53,84,5.52,13,36.21
33,92,5.22,14,36.56
34,156,7.75,14,41.22
53,103,8.89,6,26.98
49,114,8.52,12,39.45
56,157,8.86,4,24.42
30,147,7.42,13,39.12
51,105,8.48,13,40.84
26,153,5.41,10,29.99
21,117,9.18,6,27.44
27,113,6.69,0,12.02
47,113,9.37,2,20.27
41,98,7.89,10,33.27
48,82,5.5,14,37.87
36,115,7.09,3,18.6
43,83,9.02,12,38.8
40,105,6.21,8,27.3
58,154,5.91,3,17.87
45,82,5.09,0,9.34
48,128,8.44,12,39.43
25,88,6.88,3,17.88
41,125,5.88,9,29.22
38,145,8.0,8,29.82
26,93,5.72,0,10.65
49,82,8.62,6,27.02
39,81,7.92,7,27.38
53,112,6.24,7,25.76
21,89,9.37,4,23.37
23,132,7.8,8,29.91
41,123,5.64,10,30.44
55,117,8.59,10,34.97
23,100,6.57,3,17.09
45,114,8.87,6,27.71
58,146,7.01,1,15.33
40,101,5.38,3,16.96
54,99,8.15,6,26.27
41,147,6.55,6,23.33
43,87,9.71,1,18.54
26,130,9.15,7,29.61
33,105,6.77,10,31.94
43,130,5.13,10,29.76
29,144,7.69,12,37.53
37,105,8.23,7,28.43
22,126,8.41,2,18.59
39,122,6.75,10,31.76
39,88,5.71,5,20.1
27,114,7.8,0,14.11
40,98,7.44,4,21.54
29,127,9.97,9,34.92
37,159,7.87,0,14.13
47,107,5.91,13,35.62
22,82,6.81,0,11.44
56,97,7.66,7,27.28
39,92,9.19,11,36.88
37,106,7.4,4,20.19
25,119,9.0,3,21.46
59,118,5.78,10,30.28
38,137,6.91,7,26.2
27,136,7.6,2,17.39
37,103,5.12,5,20.46
59,101,8.8,13,41.37
56,130,9.16,6,27.81
24,155,6.62,1,14.6
58,155,9.79,6,29.61
45,117,8.65,13,41.04
25,140,9.15,10,35.37
50,128,8.27,0,15.23
32,102,9.1,6,28.09
24,83,9.92,11,38.98
44,155,9.25,14,43.79
49,116,7.37,0,13.29
29,85,8.18,14,41.6
24,107,7.9,8,28.87
44,87,7.54,12,36.28
34,99,8.85,13,40.54
25,95,7.19,9,30.91
38,92,6.55,13,38.45
39,158,5.21,4,17.75
32,141,5.44,7,22.57
38,156,6.11,13,37.68
37,145,5.77,6,23.84
50,132,5.14,4,18.14
44,107,8.48,2,18.09
31,97,8.8,2,18.62
55,86,6.77,12,35.22
43,100,9.93,1,19.29
37,120,7.94,12,38.04
21,118,5.5,5,19.85
35,152,6.82,8,28.68
52,89,7.91,9,31.09
29,110,9.78,7,30.14
35,121,8.41,0,15.11
48,156,5.04,7,23.41
44,148,8.35,1,17.4
55,138,8.28,5,24.76
42,117,9.31,9,33.27
47,122,5.66,10,30.82
39,81,9.04,7,29.9
32,85,9.38,4,23.31
40,156,9.01,0,16.29
21,108,7.05,1,14.41
41,157,8.46,0,14.98
21,109,9.09,14,43.61
30,119,9.73,7,30.68
52,116,6.67,0,11.44
59,86,6.04,0,10.5
42,129,8.78,5,25.22
38,97,5.49,5,20.49
52,87,7.81,5,23.49
47,150,9.3,2,21.39
48,134,6.11,7,25.94
38,127,6.94,0,12.18
59,153,9.12,3,21.53
49,137,7.51,8,29.58
38,95,5.89,9,28.65
28,104,5.42,10,29.9
51,108,7.79,6,26.01
54,87,5.11,2,13.3
27,134,6.7,12,36.51
56,131,8.06,13,40.02
38,156,5.03,8,26.47
58,105,9.34,13,41.74
29,104,9.78,10,36.35
29,152,7.05,5,23.01
28,105,5.2,10,29.64
55,155,6.4,3,17.78
38,126,8.32,4,22.01
25,80,5.21,1,10.38
34,143,9.27,1,17.37
48,91,9.02,12,38.69
50,103,7.31,5,23.64
24,109,8.85,4,23.75
59,93,5.85,1,13.12
40,102,9.78,4,24.78
45,81,7.49,11,35.3
48,82,9.93,11,38.56
32,85,7.63,7,26.65
22,100,8.55,1,16.18
34,99,9.0,0,14.3
42,100,8.96,14,43.31
51,119,8.68,6,28.23
43,147,5.68,8,26.77
40,104,7.04,3,18.2
58,150,7.71,14,42.52
24,150,8.54,13,40.5
35,112,6.98,2,15.73
44,130,7.79,10,33.44
45,151,7.12,14,41.8
21,158,8.57,14,42.62
27,99,5.4,9,26.94
51,98,8.57,0,15.2
32,150,9.19,1,18.07
25,135,5.06,8,25.09
58,135,7.67,11,36.27
32,80,6.25,6,23.17
59,118,7.16,10,32.51
38,116,8.73,0,15.5
22,97,8.88,12,38.58
30,151,7.01,12,35.8
35,158,5.46,6,21.67
50,85,8.05,3,19.58
37,101,6.4,13,37.48
24,90,5.58,1,12.12
27,151,6.57,5,21.78
51,88,7.9,9,30.9
59,92,9.54,10,37.02
54,82,6.08,5,21.64
26,146,8.82,12,39.33
58,86,9.31,7,29.75
54,146,5.74,12,34.96
35,154,5.03,4,16.84
34,125,9.73,4,24.32
26,137,5.49,5,19.44
57,107,5.81,8,27.05
52,110,7.04,9,30.35
23,131,6.48,9,30.34
23,88,9.91,6,28.89
42,155,9.13,2,19.56
42,87,8.24,8,29.77
30,97,5.13,0,9.41
23,128,6.21,8,27.23
32,90,5.97,12,34.88
49,81,6.3,5,21.21
37,108,9.75,1,17.39
27,134,7.03,0,12.23
33,132,9.37,12,39.86
22,105,7.37,7,26.63
24,130,8.32,3,20.71
30,157,9.71,13,43.23
59,85,7.91,10,34.14
44,91,6.78,13,37.85
37,113,7.36,7,27.0
26,149,7.34,6,24.68
39,143,9.0,4,24.29
25,116,6.68,11,33.48
52,116,5.21,3,16.0
30,87,8.37,13,39.08
29,116,9.28,3,21.55
47,125,7.51,6,25.99
33,110,5.7,7,24.28
39,90,5.72,13,36.03
41,115,9.46,7,30.93
44,147,5.37,6,21.89
58,96,7.51,0,12.95
24,95,6.65,0,10.67
44,109,6.38,0,12.19
55,118,5.86,13,36.15
23,123,6.5,10,31.37
24,148,8.58,2,18.6
57,116,7.99,2,18.3
55,105,5.41,0,10.87
51,100,8.77,11,36.98
45,98,6.77,11,33.85
33,90,6.09,4,18.02
24,98,9.09,7,29.33
34,148,8.18,12,38.41
33,81,8.61,1,16.42
47,104,6.53,6,24.41
26,109,8.74,10,34.85
37,96,6.38,2,14.58
56,97,8.4,9,32.32
55,159,6.09,1,15.04
37,155,8.17,5,25.0
22,119,7.28,9,30.25
33,85,5.78,13,35.66
22,122,7.97,4,20.78
48,149,5.06,9,28.37
46,96,8.45,12,38.42
42,121,9.73,7,30.35
23,98,9.48,6,27.75
55,134,9.88,6,29.65
32,108,7.19,14,40.0
44,133,9.15,0,17.53
25,150,5.71,5,19.97
40,87,5.09,13,35.49
59,87,5.79,5,20.56
59,148,7.22,4,21.5
33,122,5.81,4,19.43
32,129,7.27,12,37.36
33,83,6.18,1,11.88
30,115,6.08,5,20.82
53,84,9.6,8,31.79
36,98,7.6,1,14.75
55,121,8.37,0,14.16
23,94,6.99,2,15.16
25,137,5.83,9,28.84
46,93,8.57,13,41.0
31,127,7.22,14,40.57
27,151,9.21,6,27.65
30,152,5.41,8,26.47
54,154,6.92,6,24.57
23,142,5.81,11,31.4
28,134,8.47,11,37.19
51,111,6.69,14,40.57
31,115,7.08,9,30.42
27,154,6.75,9,30.6
22,136,9.2,9,33.92
26,123,7.82,2,17.69
52,113,8.54,4,23.55
40,130,8.7,11,36.5
54,148,8.54,12,38.84
36,89,9.72,2,20.56
45,91,8.26,5,24.3
32,120,8.24,5,24.41
27,82,9.05,7,29.13
59,144,5.08,6,23.15
37,119,5.29,1,11.5
31,144,6.24,0,11.96
26,156,5.91,5,20.49
43,158,5.77,9,28.72
47,150,7.76,3,19.39
26,109,5.98,8,27.01
58,151,9.83,14,44.91
22,146,5.92,12,34.47
42,158,5.83,1,14.54
40,122,7.87,5,22.93
45,132,5.91,0,11.08
35,157,8.33,14,42.99
49,109,9.29,9,34.07
28,120,7.18,7,27.48
57,123,6.75,0,12.35
53,116,8.45,8,31.25
42,85,9.03,9,32.68
25,116,6.51,13,37.97
59,80,9.06,4,23.28
38,89,8.83,14,43.35
58,105,7.41,10,33.47
57,96,7.29,6,25.4
50,143,5.52,6,22.32
51,106,5.44,8,25.7
30,154,8.74,3,20.89
35,147,7.93,9,32.29
38,97,7.45,8,28.56
43,129,5.23,7,24.12
53,144,5.28,7,24.71
36,99,9.6,10,35.14
58,141,8.3,0,14.89
55,154,6.93,14,40.73
54,138,8.5,7,29.63
48,104,6.29,8,28.42
22,144,7.05,0,12.26
50,144,7.31,2,18.22
33,146,5.15,14,38.05
36,137,9.96,0,16.77
25,119,6.91,10,32.07
48,126,9.84,9,34.94
59,122,8.24,13,41.22
40,87,9.65,14,43.19
44,141,5.27,10,30.3
47,113,9.8,12,41.46
50,87,7.04,3,18.78
47,104,5.68,7,24.51
46,105,8.36,4,22.69
27,133,8.81,11,36.92
58,120,8.25,6,26.76
25,159,7.7,6,25.93
43,151,9.08,1,17.86
48,142,8.43,0,14.34
54,151,8.09,12,37.95
35,154,6.58,13,38.37
52,86,9.39,6,28.04
46,148,8.46,7,29.51
51,129,9.5,7,30.18
39,122,8.03,12,37.49
29,96,9.0,14,43.45
49,100,9.42,4,24.26
59,85,7.71,10,33.39
24,150,8.58,0,14.78
23,154,7.88,3,19.43
49,117,8.6,6,27.46
31,142,7.61,13,39.56
53,91,9.0,9,33.53
58,101,9.04,11,38.08
31,82,5.23,3,14.99
47,98,6.02,0,11.75
53,122,5.97,13,36.6
41,146,6.61,6,24.08
59,84,7.38,14,41.88
51,108,8.68,12,39.12
58,84,6.5,2,15.62
22,124,8.26,2,18.06
47,133,9.31,5,26.81
56,103,7.24,7,26.69
31,100,8.29,10,33.85
38,111,9.24,7,30.09
21,84,8.62,4,22.03
55,141,5.52,1,12.26
55,97,5.76,14,38.69
51,114,5.41,11,31.81
48,159,6.41,14,40.21
59,84,5.02,3,15.37
21,88,8.05,8,29.32
45,83,5.13,0,9.11
58,112,7.24,11,35.54
40,101,7.47,12,37.16
23,138,8.23,4,22.12
22,90,6.2,1,12.33
38,148,9.34,3,22.03
30,89,7.52,3,18.59
25,82,8.45,13,39.84
29,94,6.73,4,19.95
22,116,6.33,14,38.68
54,119,7.92,5,24.08
58,96,9.48,5,26.28
51,99,8.59,7,29.32
30,83,8.49,14,42.67
32,113,7.47,1,15.21
56,113,5.03,2,14.32
41,146,9.39,2,20.66
26,107,6.21,8,26.94
23,158,7.37,10,33.9
30,115,5.96,8,26.43
25,114,9.07,9,33.53
46,120,5.17,9,27.59
41,138,8.28,0,14.14
46,153,5.24,6,22.89
58,96,9.59,11,38.52
46,109,5.27,2,14.67
28,133,9.45,3,22.65
25,131,6.26,1,13.3
35,151,8.27,0,14.67
36,102,8.18,1,17.23
21,98,9.26,1,17.32
36,116,7.01,7,25.36
57,138,7.65,14,42.63
23,115,6.93,8,28.46
51,147,8.28,2,19.16
33,105,6.55,2,15.52
36,106,8.2,10,34.08
41,156,8.77,12,39.68
22,141,5.65,13,36.35
47,141,6.9,7,27.24
58,131,5.18,8,26.92
46,123,5.45,7,23.87
58,112,5.24,7,24.34
45,142,8.53,9,32.45
31,151,9.9,10,37.68
28,159,8.06,4,22.02
28,148,6.7,1,14.13
53,113,8.86,7,30.02
27,106,7.54,12,36.52
58,115,5.69,6,22.93
41,83,9.48,7,29.29
28,132,5.63,12,34.37
41,150,9.88,14,45.28
40,116,6.81,2,15.11
28,158,8.63,4,23.44
51,129,9.8,14,44.46
49,149,7.97,5,24.25
29,105,9.88,3,22.32
35,104,5.9,8,25.94
50,112,5.29,14,38.23
46,146,8.22,8,30.74
30,152,5.52,4,17.74
49,116,7.53,9,32.17
36,117,8.89,9,34.55
56,106,9.13,4,23.67
40,92,7.82,5,23.1
57,102,7.33,0,12.8
42,146,5.46,1,12.42
27,134,8.4,5,24.75
43,116,8.73,6,26.69
49,91,6.95,10,32.68
36,133,7.69,7,27.55
58,99,6.27,3,17.7
48,97,6.94,7,26.29
58,86,7.97,1,15.21
51,155,8.79,6,27.99
34,81,5.3,1,11.95
53,133,7.47,6,26.35
29,87,5.36,4,17.48
47,112,9.51,3,21.36
44,125,8.2,5,24.44
33,121,7.4,9,30.88
46,142,5.21,0,10.5
49,156,7.64,13,39.33
48,112,8.15,8,29.95
48,148,7.1,13,38.64
28,149,6.45,2,15.55
43,83,9.79,8,32.28
49,137,6.03,9,28.99
25,108,9.85,0,16.85
27,100,5.06,0,9.9
56,105,7.6,3,18.39
47,120,6.74,8,28.35
22,157,6.39,1,14.7
45,113,6.76,7,26.24
29,123,8.08,6,25.46
47,80,7.06,6,24.01
21,111,5.9,1,12.99
43,111,8.13,0,13.9
30,130,9.74,10,37.0
45,103,9.9,3,22.69
23,123,9.11,3,21.08
26,155,5.9,1,13.51
26,116,6.01,3,17.87
22,145,5.05,11,31.69
38,93,9.01,2,19.62
43,96,5.85,3,17.36
22,94,9.76,10,35.84
32,140,7.26,8,28.94
42,128,5.23,3,15.34
57,87,8.22,0,14.65
40,82,5.55,0,9.46
59,154,8.28,4,23.67
44,106,8.41,6,26.23
40,88,5.25,2,13.72
21,94,9.39,2,19.34
21,111,6.93,10,32.73
37,90,6.61,14,40.51
21,82,8.28,4,21.96
50,105,9.68,5,26.35
23,86,9.85,10,36.67
31,134,9.16,5,26.35
44,118,8.85,9,32.58
42,83,7.72,9,31.52
46,109,7.7,10,33.86
33,117,8.05,8,29.72
21,130,9.92,0,16.47
44,157,5.17,4,17.65
30,115,7.36,5,23.03
55,139,6.06,7,25.13
44,130,8.03,4,22.58
48,155,7.92,10,34.54
56,128,9.68,4,24.24
36,94,6.74,14,39.49
36,152,8.89,9,34.28
37,107,8.62,9,32.25
35,104,7.2,7,26.18
36,159,7.64,9,31.76
35,115,7.31,10,33.27
54,83,9.68,9,34.35
31,100,5.56,6,21.24
21,144,7.96,8,30.37
35,148,6.92,7,27.78
46,89,5.48,12,33.88
24,129,6.22,3,17.5
25,89,8.07,3,19.08
55,95,8.74,7,29.78
33,117,7.56,0,13.82
30,146,7.54,6,25.76
31,99,8.22,1,16.38
38,148,5.74,1,13.42
54,149,5.9,5,21.46
59,104,9.8,14,43.87
43,133,9.81,11,38.86
27,91,8.88,8,30.44
59,144,8.95,9,33.86
23,133,5.47,9,28.19
32,146,6.85,1,14.55
27,100,7.27,4,19.76
46,84,5.72,4,18.69
53,137,5.12,2,14.11
57,158,6.11,11,34.35
35,83,9.83,0,16.43
22,98,9.63,3,22.06
27,134,6.17,10,30.94
52,140,9.7,3,23.37
24,151,6.7,4,20.39
40,103,8.79,1,17.14
56,147,6.89,1,15.13
52,98,5.24,9,28.09
48,103,9.83,6,28.76
33,133,6.36,2,15.09
21,100,5.27,1,10.79
55,151,9.97,9,35.3
50,98,8.2,12,39.05
56,154,7.23,1,16.09
45,132,9.12,5,26.35
36,129,8.6,8,30.04
39,102,7.14,10,32.81
21,116,5.74,11,32.63
25,107,8.31,0,14.21
42,155,9.44,3,22.79
44,159,7.58,6,26.12
57,159,7.79,13,40.63
56,157,9.23,11,38.62
56,150,9.73,3,22.77
24,100,7.71,1,14.96
56,100,5.23,2,12.99
38,120,5.76,14,38.41
36,114,9.75,12,40.88
38,80,9.16,13,40.75
42,157,8.17,12,38.25
22,146,7.34,10,32.25
41,149,7.05,0,13.99
56,83,5.22,2,14.37
59,80,9.34,3,21.77
59,100,6.87,12,37.72
49,131,7.59,7,28.29
46,132,7.69,1,16.29
41,159,9.19,12,40.16
37,135,5.99,5,21.44
36,152,7.38,6,25.71
51,145,9.78,14,44.47
29,146,8.55,12,39.02
51,112,6.99,11,34.58
34,102,8.16,11,35.95
57,85,7.94,12,38.34
22,126,7.73,4,21.96
34,137,7.67,8,28.95
53,84,8.59,3,20.37
55,156,9.41,13,42.68
59,156,7.05,8,29.81
40,88,9.88,8,32.26
22,82,7.01,6,23.31
39,140,8.38,9,32.91
57,143,6.35,8,27.03
38,125,8.74,3,21.16
36,135,6.94,13,39.63
24,118,6.91,11,34.25
32,92,6.01,14,38.18
49,120,5.35,4,18.26
27,90,6.75,8,27.19
34,120,8.0,6,25.24
32,154,5.23,1,11.84
55,126,5.95,7,24.88
25,128,6.23,10,31.82
37,144,5.94,5,22.04
52,114,5.52,12,34.4
30,114,5.91,6,22.43
37,146,9.68,7,30.9
25,83,8.92,14,42.35
29,103,9.61,4,23.93
53,115,9.45,1,18.42
56,156,7.0,3,18.81
56,135,6.85,7,26.17
38,83,8.89,6,27.09
29,119,9.51,9,34.25
49,122,8.76,5,24.87
34,137,7.91,9,32.15
45,141,7.79,14,41.87
35,86,7.32,5,22.31
26,88,7.27,3,17.42
49,101,5.28,7,24.26
35,83,6.08,4,18.51
49,115,5.72,11,32.6
24,149,7.35,10,33.29
38,146,6.44,13,38.56
59,114,6.89,0,12.41
36,112,9.86,6,28.72
31,86,8.82,6,27.55
34,134,5.7,3,16.72
23,126,9.05,2,19.16
58,141,7.21,1,16.3
38,146,9.27,2,19.48
40,143,8.8,0,15.58
45,122,7.59,12,37.27
58,97,8.6,1,17.34
33,82,9.69,10,36.26
24,138,7.69,12,35.63
34,141,5.75,10,31.23
53,118,7.84,4,22.17
48,143,5.23,10,30.99
57,152,7.27,10,33.07
28,139,6.12,9,29.01
54,121,8.23,9,33.04
25,84,7.0,14,39.78
25,125,7.57,5,23.08
51,83,9.46,9,32.73
29,93,7.3,2,16.35
52,90,9.99,1,19.61
53,139,5.68,10,31.35
23,101,9.29,8,31.43
50,84,6.82,6,23.57
32,132,8.98,10,35.33
49,91,7.49,10,32.27
23,100,7.62,2,17.36
46,158,7.66,6,26.32
50,103,6.21,5,21.22
29,92,5.27,4,18.02
46,105,8.27,9,32.85
22,119,5.13,14,37.75
23,105,8.63,14,43.17
24,124,6.62,14,40.64
45,109,6.98,10,32.24
33,143,8.76,3,21.01
59,152,5.75,5,21.02
55,117,8.25,9,32.17
43,97,7.86,9,30.88
29,88,7.09,1,13.87
22,135,8.13,9,31.91
51,117,6.8,7,25.82
22,100,6.32,13,36.69
52,150,5.45,4,18.6
38,91,7.95,7,27.4
33,115,9.8,3,22.25
25,90,9.03,5,24.75
30,146,5.47,6,22.46
45,106,6.1,11,32.77
54,142,8.25,10,34.25
57,150,5.01,6,22.16
50,145,7.82,3,19.79
27,153,9.87,13,43.04
26,146,6.76,11,33.39
23,144,9.47,5,26.3
33,113,5.54,4,18.1
23,156,5.23,6,22.17
46,157,6.74,7,25.7
44,113,7.89,6,24.92
26,143,9.17,8,31.67
32,96,5.93,6,21.93
56,130,6.31,3,17.61
22,135,7.39,11,35.6
31,127,6.73,10,32.08
59,141,5.02,7,23.63
54,135,6.65,0,12.51
46,90,6.3,12,35.21
38,99,7.53,10,33.07
41,147,5.58,0,11.92
56,113,8.43,12,39.28
42,121,6.47,5,20.88
50,120,6.15,1,14.73
50,141,6.52,11,33.9
28,96,7.3,3,18.51
54,91,9.44,7,29.41
29,147,8.44,12,38.64
40,120,5.89,1,12.42
45,93,8.36,14,42.15
39,83,5.77,2,14.01
25,156,6.59,7,26.53
31,153,7.32,2,17.2
35,93,8.18,7,28.81
28,88,7.35,9,30.36
39,122,7.92,2,17.94
43,99,8.41,1,16.51
47,80,9.81,8,33.02
52,151,9.53,4,25.44
46,96,7.53,3,18.87
47,99,8.71,11,36.62
39,138,7.19,12,36.8
49,92,9.83,9,34.38
59,156,5.39,13,36.01
53,126,6.03,3,17.4
39,129,6.29,14,39.76
57,156,6.41,5,22.44
39,119,6.37,7,25.44
53,86,8.02,8,30.17
36,134,9.47,6,29.14
43,130,5.34,0,10.34
27,155,9.16,7,29.6
46,81,6.5,8,27.76
52,93,7.95,12,38.5
32,96,8.29,6,26.35
28,156,7.81,9,32.35
25,80,5.47,10,29.28
48,80,7.42,6,25.01
25,105,5.31,4,18.62
46,125,5.01,8,25.92
25,92,6.01,2,14.01
42,113,6.49,12,35.45
35,141,8.43,7,29.66
33,152,6.92,9,30.55
48,130,7.45,5,23.81
53,120,7.99,9,31.99
43,134,5.17,1,11.5
53,107,6.74,6,23.7
38,140,7.13,4,21.05
50,86,6.31,1,14.37
46,157,6.88,0,12.98
36,81,7.47,12,37.0
33,155,7.94,14,42.03
59,81,6.45,10,31.28
53,107,8.49,13,40.54
46,133,9.3,5,25.67
21,155,5.67,11,32.31
58,137,6.45,11,33.88
22,126,6.73,0,11.86
26,140,5.53,6,23.09
58,119,8.06,14,43.11
44,97,6.05,0,10.84
38,93,9.53,10,35.61
47,104,5.69,4,18.77
28,89,8.63,0,13.35
48,127,8.29,14,42.82
30,127,7.34,14,40.1
37,140,7.58,5,23.6
49,132,5.8,11,33.52
26,88,5.14,12,33.5
34,90,9.72,7,30.8
42,106,5.18,2,13.56
26,138,7.88,13,39.82
46,137,9.07,8,31.91
59,92,5.03,13,35.9
32,144,6.91,3,17.78
55,90,6.52,7,25.74
34,136,6.04,1,13.16
42,146,5.83,0,11.2
43,145,6.88,5,22.22
27,103,5.72,1,12.75
45,128,5.98,4,19.14
33,119,7.74,7,27.66
41,158,6.2,12,35.12
30,149,5.39,2,13.81
29,81,9.32,13,41.24
35,133,7.17,7,27.61
22,94,9.15,0,15.46
45,127,5.26,4,18.85
33,133,8.18,0,13.79
54,125,9.09,11,38.96
54,136,8.48,3,21.5
55,134,9.22,13,42.78
58,139,5.56,7,24.16
23,109,5.86,14,37.64
26,107,5.8,7,23.97
39,131,8.17,3,20.57
23,120,9.99,0,17.03
38,100,7.08,10,32.43
59,121,9.57,6,28.27
29,92,9.46,14,44.28
32,124,9.06,6,27.71
25,133,7.4,10,32.36
23,98,6.59,4,18.47
31,106,5.28,13,35.34
50,119,7.39,11,34.84
24,86,9.37,7,29.43
25,104,7.41,9,30.81
21,128,5.01,4,17.02
47,115,8.98,10,35.8
48,150,5.65,8,26.93
49,103,5.82,1,12.13
38,140,6.17,6,23.21
32,148,5.97,9,29.12
33,131,8.58,12,38.33
22,115,9.7,1,18.28
57,130,5.59,12,36.06
36,112,6.95,1,15.02
44,132,8.01,8,30.56
55,153,7.36,3,20.41
42,117,6.75,1,14.39
56,123,6.12,0,11.71
31,84,7.76,11,35.13
49,110,7.54,0,13.95
55,88,9.96,11,39.28
35,111,7.32,1,14.19
51,120,9.42,3,22.02
36,84,9.72,5,27.09
30,130,6.64,7,25.81
52,133,6.5,14,40.26
22,107,9.71,4,23.76
44,122,7.89,11,36.54
43,91,5.96,9,28.96
22,148,6.28,12,35.32
58,151,5.1,13,36.59
51,96,6.61,12,35.78
46,87,8.11,6,25.75
49,97,6.56,6,23.19
23,89,6.14,5,20.83
34,118,5.29,11,32.4
45,120,9.23,8,32.15
21,123,8.24,8,29.7
23,148,9.54,14,44.28
46,122,5.11,12,34.69
38,126,9.61,0,16.76
29,154,7.62,3,18.63
58,127,5.68,13,36.72
43,98,6.26,11,32.34
41,100,5.72,14,39.12
21,82,6.13,12,34.43
41,135,6.31,6,23.98
47,122,7.92,6,26.18
26,80,6.31,4,18.47
56,115,7.46,0,14.19
48,85,8.21,0,13.58
37,153,8.89,9,32.78
23,125,9.41,10,36.26
32,102,5.79,10,30.82
59,99,8.22,8,30.62
32,132,5.57,12,34.78
22,117,6.17,9,28.4
42,114,7.85,8,29.39
43,113,9.74,14,44.43
50,129,8.04,14,41.63
25,126,9.38,1,18.54
29,115,8.36,10,34.26
41,95,8.75,2,18.37
31,128,6.11,0,10.28
25,144,7.43,8,28.79
55,142,9.02,7,30.19
47,131,8.3,9,32.23
22,152,5.16,8,25.82
44,155,8.34,3,20.8
51,139,5.96,14,39.67
53,96,9.65,8,31.79
59,146,9.65,7,30.31
50,117,9.22,2,20.47
57,108,5.98,2,14.84
48,110,5.57,14,39.61
51,138,9.45,9,34.0
31,133,7.41,6,25.67
43,132,9.39,8,33.0
22,105,9.28,2,19.11
47,92,9.3,3,22.11
55,136,6.16,12,35.61
22,98,8.29,0,14.36
59,106,9.69,7,30.47
57,92,6.68,11,34.29
41,131,8.3,7,28.28
25,143,6.83,3,19.25
41,137,6.32,6,24.15
49,98,9.07,1,17.49
40,82,5.95,14,39.17
58,146,5.54,5,20.66
40,105,6.37,13,37.54
45,85,7.24,1,14.62
22,92,9.0,1,17.1
52,106,6.17,4,19.55
46,89,9.54,10,35.66
26,95,7.75,9,31.64
23,102,8.57,7,27.95
53,126,6.26,11,34.04
21,91,9.21,7,29.66
25,107,5.16,12,34.11
33,156,6.06,7,26.02
39,97,8.9,0,14.48
32,137,5.32,10,30.72
45,81,7.97,11,35.89
55,125,8.61,1,16.76
32,96,7.86,12,36.77
50,143,5.51,5,19.67
25,144,7.99,4,20.85
54,133,8.06,5,23.94
42,122,7.43,8,28.17
59,157,6.82,10,32.96
33,155,6.22,14,39.18
23,134,5.38,0,10.24
40,93,5.18,6,22.24
51,123,8.96,2,19.55
25,117,7.63,8,28.28
44,137,5.74,14,38.46
53,128,5.47,11,32.4
28,95,5.46,10,30.64
44,153,5.72,11,32.06
40,109,5.14,7,24.04
36,147,8.83,3,22.15
32,150,6.83,9,30.97
33,159,6.44,5,21.27
59,116,7.31,13,39.19
45,148,6.55,2,15.74
52,134,8.49,4,22.5
44,118,6.49,1,14.18
29,136,8.1,5,24.07
43,128,6.87,1,14.33
33,142,7.05,11,33.96
52,113,8.92,6,27.0
35,136,7.59,2,17.0
56,141,7.03,6,24.9
25,118,6.64,3,18.69
42,153,8.28,0,14.03
36,146,8.13,8,31.16
30,141,5.42,14,38.41
44,108,8.37,4,22.1
38,110,7.26,10,33.23
38,139,9.87,11,37.89
27,118,7.34,3,17.87
24,158,9.72,3,22.03
46,80,9.02,6,27.27
25,135,9.84,1,18.77
36,137,6.03,8,27.04
55,100,6.66,5,22.21
46,133,7.94,5,23.66
38,150,5.49,10,31.97
49,122,8.56,12,38.94
43,133,6.35,13,36.49
34,81,5.75,1,12.49
35,93,5.29,12,33.24
53,82,7.08,3,18.04
45,93,5.64,13,36.42
41,84,7.5,1,15.26
37,118,7.05,7,26.48
43,80,9.35,7,30.01
37,122,5.36,3,15.7
34,138,9.3,5,26.72
49,157,8.57,7,29.65
40,94,8.23,11,35.46
50,125,9.88,8,33.42
39,86,5.25,4,17.5
59,121,7.45,11,35.11
33,86,8.65,7,27.81
38,126,7.67,10,32.64
43,157,6.6,13,39.06
53,98,5.13,11,31.95
59,132,8.26,4,22.8
38,95,9.33,4,24.59
29,141,8.59,10,36.1
53,145,5.26,2,14.87
52,144,8.51,0,15.48
37,130,8.69,4,23.24
39,115,8.32,5,24.97
47,114,7.94,8,30.03
26,103,8.51,6,25.31
55,148,7.88,14,42.2
57,108,7.4,10,33.11
54,80,7.68,10,33.07
40,136,5.36,9,28.49
45,88,7.63,11,33.95
24,159,8.52,8,29.82
30,94,7.47,7,26.83
30,153,7.78,9,31.86
44,95,8.82,9,33.1
41,127,5.71,9,28.43
31,115,8.75,7,29.06
47,132,6.87,13,38.37
36,158,8.93,7,30.06
46,82,6.1,2,13.41
50,98,8.97,9,33.43
36,120,8.96,11,37.44
27,116,6.61,1,12.79
36,138,8.98,12,38.47
55,146,5.62,5,20.95
36,87,9.05,14,42.55
32,93,5.73,1,11.73
55,140,9.93,2,21.69
41,114,7.94,2,18.04
56,95,8.91,4,23.88
37,150,7.82,12,39.13
52,114,7.89,4,22.26
26,87,7.41,10,33.28
44,139,5.69,11,32.5
47,91,6.36,1,12.49
40,128,9.68,5,25.81
45,159,6.86,4,19.9
22,147,5.28,9,28.2
29,114,8.99,5,26.39
48,124,8.57,1,16.72
58,120,6.54,5,21.0
23,140,6.86,6,24.12
40,155,7.46,7,27.39
26,94,5.71,13,35.45
59,146,9.96,7,32.0
53,138,6.89,14,40.45
21,81,9.29,0,15.28
57,85,9.14,9,33.92
26,136,6.33,0,11.39
54,95,5.4,2,13.94
35,102,7.24,9,30.57
46,120,6.09,7,24.83
34,109,6.9,11,34.2
27,146,9.59,5,26.61
51,134,7.93,1,15.59
44,159,7.11,3,18.67
51,83,7.97,2,17.67
49,107,5.52,12,34.01
52,129,8.8,10,35.01
37,107,7.83,6,25.57
34,132,9.85,13,43.04
56,146,6.97,13,37.8
44,105,5.93,2,14.94
47,118,5.9,4,19.48
45,92,9.29,11,37.1
52,150,7.3,12,38.11
38,133,6.46,7,26.08
38,92,8.94,0,14.55
57,138,8.69,8,30.97
46,83,9.55,2,20.08
29,159,9.33,5,25.91
55,136,5.49,2,14.33
28,139,5.86,9,29.77
40,126,7.3,10,33.52
42,156,9.47,9,34.29
39,153,8.73,4,23.56
50,84,5.65,5,20.36
48,115,5.95,13,37.4
55,98,7.32,4,20.96
31,109,8.44,0,15.1
51,120,5.98,8,28.01
59,127,5.42,0,10.55
56,107,5.09,2,14.06
50,110,5.65,9,28.96
43,136,7.05,6,24.78
39,122,9.32,4,23.85
32,144,5.2,4,18.15
35,88,8.4,7,28.28
51,91,5.67,13,37.2
57,91,7.46,11,35.42
57,121,6.44,12,36.93
35,152,9.19,8,31.42
49,132,8.32,14,42.54
46,136,6.48,10,31.71
22,95,7.52,14,40.55
40,156,8.78,2,19.36
35,129,9.33,3,21.14
24,83,8.1,12,38.07
42,92,8.07,2,17.86
58,139,5.51,13,36.72
43,107,7.61,7,27.3
46,91,9.08,3,21.44
31,103,8.41,3,20.08
48,80,5.24,9,26.82
22,113,8.5,9,32.49
28,82,7.01,5,21.96
49,101,8.42,3,20.75
31,106,9.06,4,22.75
57,100,5.87,14,39.12
38,92,9.35,13,40.3
34,123,5.97,12,35.96
30,159,6.44,10,32.26
55,103,8.4,10,34.37
29,125,8.64,8,31.96
55,96,7.13,6,24.63
31,84,5.56,8,24.97
32,117,9.59,8,31.33
23,138,6.73,12,35.33
59,106,9.84,4,25.42
34,133,9.25,14,44.01
48,150,6.48,11,34.9
31,134,8.74,3,21.74
59,150,6.37,2,17.03
45,122,5.13,2,13.5
41,117,6.31,8,27.38
30,140,5.8,11,32.2
35,124,6.54,6,24.11
39,137,7.39,3,18.55
42,108,5.75,13,36.82
41,133,5.48,0,9.88
52,113,7.54,7,27.68
43,100,6.74,1,13.02
33,124,7.23,7,26.56
25,80,9.95,12,39.62
24,89,6.76,13,37.02
48,137,8.02,10,34.34
34,107,7.42,7,25.98
28,140,8.69,2,18.36
29,109,9.92,7,30.17
55,107,7.62,5,23.95
57,108,6.75,4,20.01
41,110,5.81,4,18.5
38,147,9.06,0,15.39
53,153,5.37,5,20.3
28,110,7.91,11,35.81
37,120,8.82,14,43.55
51,143,5.96,3,17.73
54,121,7.4,12,38.41
26,123,6.98,6,24.62
42,110,6.05,3,17.34
34,90,9.41,14,43.15
23,115,7.66,4,20.91
32,111,9.28,4,23.88
56,118,9.26,11,38.57
32,146,9.9,4,25.56
22,139,9.6,11,37.98
22,104,8.66,0,14.99
35,107,8.38,5,24.22
43,98,5.82,5,20.92
49,108,7.15,12,35.86
37,129,7.82,14,42.58
52,98,5.31,14,38.41
27,135,5.77,2,14.31
50,97,8.2,8,30.59
48,124,5.74,1,13.19
34,159,6.69,1,15.11
50,120,5.19,12,33.82
37,92,5.85,12,33.98
52,147,7.77,14,42.43
26,156,8.21,2,18.22
44,147,5.51,13,37.42
26,103,6.21,8,26.72
47,112,6.98,0,12.67
38,152,8.41,12,38.62
44,134,5.38,0,10.39
57,82,7.24,2,16.85
44,82,8.68,2,18.12
58,109,5.7,12,34.89
54,97,7.73,1,14.91
35,145,7.2,2,17.42
31,122,6.95,3,18.93
42,152,9.67,12,40.52
44,145,6.98,11,35.23
21,106,7.23,12,36.27
38,98,5.31,6,22.0
32,95,6.83,10,31.97
48,105,7.62,13,39.21
27,93,5.05,12,32.42
43,126,5.25,2,14.7
41,97,6.2,14,39.79
54,107,8.71,9,33.2
31,98,8.92,0,14.71
42,109,9.01,14,43.61
55,100,7.87,12,37.76
49,100,9.18,7,29.13
48,127,5.69,8,27.1
38,134,9.62,8,32.54
34,109,9.03,12,39.16
38,121,8.0,1,15.66
48,116,7.9,3,20.02
44,120,5.56,3,16.42
28,125,9.01,12,39.59
28,139,7.49,12,37.36
24,153,9.11,12,40.06
47,80,6.58,7,24.61
56,133,5.25,3,16.41
25,114,7.53,6,25.36
53,95,9.41,10,36.38
54,84,5.44,7,24.73
50,110,7.06,1,14.32
28,116,9.17,11,37.68
59,104,6.14,4,18.97
46,141,6.31,0,12.8
57,104,8.11,4,22.11
54,146,9.32,14,44.37
27,117,7.89,2,17.87
48,127,5.51,0,10.12
59,143,9.65,11,38.43
59,81,7.68,7,28.31
48,143,6.71,7,27.06
34,148,8.77,1,17.56
58,99,8.46,6,26.65
24,90,6.53,1,13.61
38,110,9.28,7,29.01
45,114,5.42,10,29.41
27,123,9.4,13,41.28
58,134,5.5,2,14.57
48,124,5.18,9,28.17
25,100,9.32,10,35.18
23,131,5.33,0,9.55
51,99,9.96,4,24.73
40,88,5.41,8,26.11
39,88,9.14,4,23.3
31,137,9.82,7,30.53
23,150,7.86,4,21.0
43,112,5.85,4,18.51
27,80,5.81,9,27.88
43,82,8.8,10,33.96
27,118,5.34,6,21.57
54,91,8.43,2,18.55
39,95,6.44,7,24.96
29,156,9.63,13,42.66
38,129,7.77,4,22.27
45,106,6.11,3,18.2
34,108,9.23,8,31.49
45,157,9.92,14,44.97
39,148,8.72,1,16.91
59,131,8.49,2,19.45
35,85,9.28,10,34.54
36,103,5.1,3,16.06
47,119,9.44,1,17.82
30,112,6.25,12,35.51
24,88,7.95,14,40.61
39,128,7.24,0,13.45
48,146,7.17,11,35.41
41,102,7.25,11,34.66
34,101,8.42,9,32.34
53,151,8.38,4,23.0
30,157,6.88,7,26.65
39,87,9.96,4,23.72
50,98,9.83,9,34.87
42,117,5.79,6,22.78
23,85,8.44,9,31.41
57,131,7.56,9,31.72
38,113,6.35,2,15.89
31,153,9.04,9,33.44
22,90,6.12,0,10.97
32,122,8.35,11,36.5
26,114,8.68,10,34.91
49,90,7.01,13,38.0
50,119,5.19,0,10.62
22,111,6.6,8,27.34
29,128,9.05,14,43.2
22,136,8.36,11,36.76
49,144,7.43,9,31.61
53,127,8.56,8,31.08
30,131,6.08,4,19.58
54,118,9.63,6,28.8
28,133,9.2,13,41.93
57,104,5.16,5,19.89
53,124,8.35,8,30.4
26,108,6.39,4,19.1
39,111,7.48,2,16.56
52,146,5.99,0,11.99
47,91,8.67,10,34.46
21,137,5.22,1,12.26
53,99,7.77,9,31.62
52,129,5.55,14,38.44
25,87,6.54,7,25.68
37,110,5.97,1,13.68
28,103,7.17,2,16.54
54,92,7.41,7,27.38
29,151,8.3,14,42.7
43,121,7.25,11,34.76
55,157,8.62,10,35.9
27,158,9.03,1,17.47
35,158,9.97,3,23.44
40,105,5.62,6,21.56
45,117,7.05,4,21.22
23,117,6.27,3,16.71
44,134,8.62,11,36.66
54,89,7.58,3,19.52
42,90,5.56,11,32.13
31,82,5.31,7,23.21
28,102,7.5,0,12.54
59,141,6.75,10,32.24
55,149,7.63,8,30.34
58,120,6.24,1,13.79
28,120,6.94,8,28.59
57,83,9.87,11,39.04
47,82,6.21,13,37.13
48,130,5.12,2,13.62
54,134,9.61,8,33.64
52,142,9.02,5,25.61
35,128,7.27,5,23.04
37,151,7.66,3,20.4
53,149,6.68,14,41.05
36,148,5.72,0,11.05
49,87,6.34,7,24.98
29,87,6.79,5,22.55
53,98,7.78,13,39.58
49,153,6.41,0,11.53
33,134,6.62,11,34.13
41,152,7.74,2,17.9
41,151,6.41,10,31.67
25,87,9.86,14,43.55
30,136,7.23,0,13.45
26,151,9.04,9,34.13
33,86,8.4,12,37.31
21,125,5.68,7,24.68
40,101,8.91,4,23.17
28,123,6.24,4,18.54
30,84,9.46,4,23.48
29,104,8.61,11,36.84
23,126,8.59,10,33.95
31,122,6.53,5,21.52
32,94,6.96,7,25.25
30,143,8.66,8,30.96
45,110,6.82,2,16.04
45,123,7.26,4,21.53
31,126,7.79,0,13.75
56,91,6.49,14,39.51
59,143,8.82,6,27.58
46,102,6.37,5,22.31
34,129,5.26,5,19.89
59,115,8.93,2,19.4
21,90,6.86,0,11.58
24,126,9.23,9,34.31
50,135,8.12,1,16.72
32,148,9.16,2,20.4
55,116,6.91,12,36.2
33,89,7.8,8,29.34
51,135,5.06,2,13.68
58,121,6.29,4,20.54
43,109,9.37,12,40.51
24,101,7.2,3,18.69
36,134,8.18,14,42.25
27,117,6.4,9,30.08
42,135,9.26,4,23.94
49,150,7.97,7,28.9
31,115,9.54,0,16.97
53,157,6.22,0,12.47
49,90,8.64,9,33.02
59,86,5.1,9,26.94
32,113,7.99,4,22.35
27,142,6.51,11,33.0
59,81,5.62,5,20.16
46,141,8.13,1,16.62
29,86,5.15,1,11.13
54,122,5.78,0,11.54
33,97,6.85,9,29.03
56,99,7.23,5,22.93
45,86,9.54,0,15.9
44,131,6.68,6,24.08
37,116,5.26,6,23.26
22,125,9.81,12,40.38
33,121,9.15,13,41.35
51,139,6.14,8,28.6
49,159,7.58,10,33.44
48,157,5.78,8,27.78
47,111,9.78,11,38.9
35,117,7.58,14,41.63
51,118,7.36,4,20.96
35,105,9.14,8,31.48
53,109,5.64,1,12.93
40,120,6.32,5,21.63
32,88,8.66,2,18.61
57,111,8.07,0,15.27
29,135,5.8,4,17.31
43,132,6.05,10,31.38
28,86,9.4,2,20.4
52,155,9.12,9,34.5
34,102,5.07,1,10.87
47,131,9.76,12,41.07
45,100,7.91,2,18.83
33,155,7.36,4,20.53
41,102,6.78,12,35.7
51,148,6.88,8,28.89
57,97,7.47,11,35.9
25,116,6.05,5,20.95
33,86,5.66,0,10.82
48,140,7.81,9,32.11
45,82,7.27,9,30.76
55,80,8.38,3,20.44
59,139,7.46,12,37.54
27,85,6.96,6,24.13
58,150,6.72,3,18.95
52,137,7.89,2,18.53
23,110,6.39,2,15.75
59,87,9.09,12,39.61
57,157,8.97,10,36.11
42,94,8.22,3,20.5
28,86,6.93,12,34.86
37,86,8.01,7,26.87
47,112,8.11,0,14.93
53,120,8.39,12,38.36
37,136,6.91,2,16.52
32,86,7.09,4,20.29
47,138,9.55,11,39.18
28,99,5.55,0,9.59
43,150,5.66,0,11.18
49,129,9.95,7,30.79
40,93,8.12,13,39.61
36,94,7.29,8,28.36
37,89,5.6,7,23.85
36,144,8.22,8,30.13
39,134,8.88,14,43.36
28,107,7.66,13,39.26
58,127,5.25,1,12.8
58,82,7.55,5,22.73
49,139,5.76,14,38.4
56,82,7.16,12,36.2
46,154,6.46,2,16.2
51,147,5.65,13,37.24
32,118,5.24,3,15.45
37,133,7.99,3,20.73
35,111,7.86,5,23.81
29,95,5.8,11,32.41
59,96,9.59,2,20.99
32,90,9.37,1,18.08
52,111,6.35,10,31.94
45,106,7.52,3,18.57
59,84,7.53,5,24.54
38,97,5.9,4,18.2
35,82,6.98,14,40.76
52,107,8.19,7,27.3
26,145,7.5,6,24.99
55,113,6.91,14,40.5
54,101,7.19,6,25.41
58,109,8.22,0,14.89
25,127,9.6,3,22.5
38,144,9.59,2,21.58
36,140,9.22,11,38.89
28,98,7.24,6,24.9
45,131,9.95,6,28.89
52,120,5.79,13,36.89
46,144,7.31,3,18.78
42,129,7.7,0,14.09
51,120,9.87,9,34.64
30,112,7.41,11,34.66
32,96,8.26,6,25.85
48,134,6.17,11,33.69
26,125,7.62,0,13.09
40,138,8.29,7,28.44
25,150,6.14,0,11.18
43,136,7.61,2,18.01
29,99,8.29,5,24.58
49,120,6.39,2,15.82
36,154,7.33,11,35.25
42,150,9.07,9,33.92
28,117,7.69,4,20.21
40,106,6.08,1,13.16
34,88,6.07,7,23.64
59,147,8.53,0,15.62
57,117,6.41,5,22.79
54,104,5.12,11,31.35
31,93,9.26,8,30.86
53,116,5.09,4,17.92
51,129,7.75,9,31.27
54,151,6.11,3,17.28
27,121,8.89,8,31.85
43,154,5.69,0,10.93
27,133,9.27,11,36.99
45,114,7.85,4,22.38
23,110,5.85,11,32.01
58,125,8.24,3,21.45
40,96,5.15,3,15.06
54,132,8.0,8,30.91
50,101,8.72,1,18.1
37,137,7.4,13,39.37
30,120,5.74,9,28.84
55,82,5.99,9,28.88
40,142,5.73,1,13.16
38,145,7.02,9,31.47
47,125,5.89,9,28.3
56,87,6.5,10,31.09
43,118,5.68,2,13.32
52,104,5.89,6,23.57
30,158,9.67,7,30.23
31,126,5.07,13,35.91
58,113,7.62,13,40.78
26,147,7.15,6,25.73
54,136,6.41,0,11.71
56,104,8.99,14,43.76
57,152,6.1,3,18.0
37,141,9.46,10,36.77
32,118,8.41,6,25.82
41,155,8.32,10,35.81
39,157,9.81,8,33.28
23,86,9.33,14,44.71
38,85,7.44,9,30.67
39,133,7.89,1,16.26
26,98,8.88,3,21.01
36,126,6.03,9,28.74
28,98,8.23,13,39.43
38,113,6.36,2,15.47
59,122,5.35,14,37.54
32,92,9.91,13,42.27
30,115,8.51,10,35.1
27,104,8.52,6,26.0
21,135,7.2,6,24.06
56,100,5.99,13,36.76
41,113,9.42,2,19.84
57,104,8.15,12,38.07
44,90,6.24,1,11.88
45,98,5.82,4,19.21
27,128,8.71,1,17.74
37,128,5.89,5,20.24
49,113,6.09,2,15.01
50,81,5.51,3,16.38
27,109,8.76,14,43.48
53,117,8.16,11,35.83
27,94,7.12,3,17.88
44,154,5.88,12,35.78
31,139,7.77,13,40.26
29,83,8.23,14,40.8
32,93,6.24,4,18.62
55,87,6.59,0,11.95
24,156,6.07,1,13.34
56,90,6.78,12,35.9
48,159,6.22,6,23.44
33,129,7.43,6,24.96
43,155,9.69,7,31.15
39,117,6.41,6,22.7
57,103,7.07,7,25.97
59,117,6.86,11,34.8
44,141,5.99,5,21.35
36,135,9.87,1,18.77
53,144,7.59,11,36.16
32,96,8.01,5,23.89
54,96,5.91,5,20.82
27,106,9.03,4,23.05
31,104,9.37,3,21.39
51,155,7.55,6,25.74
49,128,6.59,1,14.19
33,137,6.28,14,39.59
51,80,5.44,9,26.92
22,92,7.1,12,35.87
59,132,7.92,1,16.59
35,100,7.35,2,16.59
31,80,7.62,7,27.61
54,156,9.46,2,20.7
59,110,6.35,2,15.8
24,140,7.92,5,24.09
31,82,5.76,2,13.91
49,154,8.14,0,15.9
22,108,5.45,3,15.55
36,127,5.72,9,27.78
59,141,5.8,2,14.62
33,104,8.13,7,27.77
57,113,8.42,6,27.05
37,97,5.05,10,28.91
41,144,9.14,6,28.6
39,107,9.0,5,25.76
27,83,6.09,7,24.65
58,100,5.45,6,22.69
28,149,7.91,4,22.49
33,100,9.34,12,39.41
57,99,6.75,1,14.28
22,120,9.83,0,15.79
31,132,9.87,11,39.87
44,141,5.07,0,9.64
26,110,8.28,6,25.04
46,104,6.76,4,19.89
27,148,5.7,1,12.34
59,151,8.7,7,30.1
39,96,8.58,13,40.94
26,158,5.26,5,20.41
49,99,5.7,10,30.46
59,124,5.38,0,10.71
22,129,7.97,6,24.57
39,130,6.43,6,23.57
24,151,7.81,1,16.52
26,157,8.42,6,27.54
57,112,6.75,6,24.0
48,108,6.74,14,40.11
50,101,8.74,13,40.99
27,146,6.77,5,21.43
29,82,6.75,5,21.6
45,85,8.01,9,31.52
53,119,5.35,6,21.7
21,155,6.71,5,21.23
26,148,5.66,2,14.95
38,84,9.4,0,14.87
30,82,6.65,2,15.66
48,83,7.34,12,37.24
31,142,5.44,5,19.93
53,84,7.47,1,15.36
21,140,8.29,2,17.45
33,136,5.22,2,14.21
57,121,6.66,14,40.67
40,135,7.78,6,25.89
21,151,9.98,6,29.12
23,107,8.83,0,14.81
38,134,7.83,14,41.23
34,117,6.04,10,31.07
51,102,9.84,10,36.94
47,86,6.01,11,33.06
37,117,5.77,4,18.54
49,156,7.13,5,23.15
56,136,8.7,4,23.85
57,116,5.46,7,22.86
46,85,5.92,10,31.05
37,89,8.12,4,21.58
42,106,5.12,13,35.59
45,136,8.3,5,24.21
22,95,5.32,3,15.89
42,138,6.84,2,16.93
25,107,7.08,7,26.27
24,82,8.22,0,13.1
56,136,6.65,13,37.93
26,144,5.47,9,28.08
41,146,5.7,5,20.12
33,109,7.21,11,34.98
57,98,7.86,5,23.97
45,87,9.68,7,30.1
46,141,7.77,4,21.67
59,98,8.5,9,33.05
40,115,5.95,13,36.8
53,148,9.96,4,25.58
34,139,5.73,1,12.06
56,113,7.82,13,39.43
37,134,9.73,9,35.63
41,106,7.33,9,31.37
36,118,9.52,7,29.96
36,121,7.94,11,35.4
40,121,9.26,5,25.49
49,127,8.57,14,42.81
48,110,7.94,2,17.71
28,101,5.58,14,38.16
44,120,6.46,6,24.77
23,103,5.61,5,20.97
45,119,7.74,0,14.71
39,111,7.19,12,36.23
53,130,7.15,1,15.55
22,112,6.41,4,19.34
35,107,9.09,7,29.38
42,158,7.13,13,39.21
30,142,6.4,7,25.97
38,101,6.32,2,15.47
42,97,6.54,14,39.76
47,81,9.14,13,41.67
33,105,6.83,1,13.98
53,118,6.22,4,19.19
25,96,9.45,14,43.37
46,95,9.48,14,42.81
33,106,8.41,1,16.79
47,128,9.13,2,19.45
34,82,9.16,0,15.21
44,121,8.48,7,28.84
23,142,7.33,13,39.11
50,108,9.73,8,32.9
55,81,6.64,5,22.3
34,93,8.96,0,14.88
32,91,6.14,11,32.14
48,103,8.26,0,14.38
49,107,9.15,0,15.49
37,97,8.62,2,18.95
41,85,8.54,4,22.66
43,109,7.33,5,22.4
40,113,9.5,1,18.4
31,137,6.57,10,31.35
54,107,9.53,6,28.24
30,151,5.18,14,37.81
30,154,8.0,7,27.2
26,132,8.11,1,16.63
56,95,6.31,2,15.19
44,105,8.77,13,40.59
32,144,5.96,14,38.92
43,136,7.07,3,18.36
47,110,9.5,1,19.55
57,106,6.97,3,18.95
26,128,9.13,8,30.77
21,88,5.49,9,27.97
26,105,5.57,6,21.25
42,85,5.89,2,14.65
44,86,5.82,6,23.11
45,92,9.89,9,34.51
35,128,5.56,2,13.75
46,89,5.75,0,10.36
28,122,5.85,4,18.0
44,128,7.99,7,27.0
58,97,7.46,13,39.8
26,90,8.62,2,18.59
55,89,6.71,1,13.54
21,107,5.2,8,25.64
56,132,6.73,4,20.53
32,133,8.87,6,26.91
58,104,9.07,0,16.01
31,85,8.57,0,14.14
32,90,7.02,4,19.19
59,112,8.05,11,37.36
27,148,5.72,2,15.47
31,125,6.26,2,15.78
56,156,6.23,5,21.96
51,134,5.38,13,37.11
53,149,9.7,0,16.83
33,130,7.16,7,26.04
38,104,9.37,6,27.39
44,102,6.11,6,23.72
29,129,8.84,4,22.56
51,125,9.02,5,25.19
30,156,5.02,7,23.46
22,123,5.17,7,22.85
58,92,9.61,6,28.61
35,150,7.84,0,14.7
23,127,6.42,9,30.38
51,96,5.93,11,32.97
26,152,9.09,3,21.77
23,93,5.97,12,34.31
31,109,9.22,11,37.52
35,109,8.11,7,27.68
48,112,8.3,4,21.93
30,133,7.19,10,33.71
58,136,5.18,9,27.84
27,110,7.77,1,16.02
35,102,8.57,5,24.87
38,131,5.02,12,33.76
38,133,5.13,14,38.55
44,126,9.54,10,36.4
22,128,8.4,10,34.42
40,135,8.95,10,34.97
54,87,5.13,2,12.92
46,101,7.0,8,27.74
27,141,8.74,0,15.66
58,133,5.46,3,16.21
50,114,5.94,14,38.77
25,94,7.54,4,21.41
31,84,9.47,0,15.19
21,96,6.64,9,29.91
54,82,9.14,2,19.15
21,98,5.05,12,33.8
39,116,5.91,1,12.49
22,100,6.45,12,34.48
41,130,8.55,12,38.2
40,133,7.9,5,24.08
43,90,6.32,4,20.62
41,144,7.91,2,18.2
44,109,9.45,14,44.53
24,122,7.35,14,40.14
32,115,8.48,5,25.19
42,136,6.73,5,22.68
40,105,8.56,5,24.15
38,139,9.34,0,16.08
21,101,7.83,11,35.27
50,103,6.93,12,35.49
53,91,8.77,4,23.11
44,154,9.78,7,30.67
34,139,5.34,8,26.22
56,100,7.58,0,13.5
25,159,5.91,14,39.6
31,115,6.37,6,22.95
44,86,8.18,2,17.99
51,140,9.8,1,19.33
33,132,9.27,2,20.12
36,107,6.29,8,26.97
44,103,5.12,4,17.91
33,132,8.0,4,22.61
44,92,7.67,5,23.41
46,157,7.3,4,21.8
22,151,7.38,3,18.82
36,80,7.96,3,18.97
58,120,6.99,9,31.82
21,138,5.86,6,23.23
31,92,6.3,1,12.76
55,133,5.32,4,18.41
49,126,5.28,6,21.74
57,106,9.34,1,18.78
37,156,5.63,9,28.82
59,119,5.34,12,34.83
48,111,9.13,0,16.36
49,137,9.77,8,32.93
23,155,6.03,6,22.35
30,122,8.79,3,20.91
34,131,5.81,3,16.95
32,156,8.4,10,34.29
50,159,8.4,2,19.02
52,113,7.15,5,22.21
52,85,9.41,8,32.15
52,127,5.61,11,33.02
46,97,7.38,7,27.12
21,118,8.01,9,31.66
22,157,8.8,14,43.47
37,86,5.71,0,10.46
50,85,7.67,3,19.05
59,155,7.27,3,19.74
27,132,7.08,4,20.26
47,80,6.8,7,25.23
29,108,9.98,14,45.11
42,148,5.85,2,14.94
54,128,8.76,8,31.66
21,138,6.88,0,12.72
29,92,8.25,9,31.84
40,124,9.94,3,23.09
39,125,7.39,6,25.07
56,102,9.12,2,18.61
24,111,5.38,6,21.79
29,151,7.77,14,41.32
42,154,6.91,10,32.66
38,92,8.5,1,15.81
32,132,5.18,9,27.3
59,99,7.24,3,18.43
29,80,7.47,7,26.2
26,136,9.22,0,15.6
39,145,6.92,0,12.7
27,90,6.6,12,35.54
36,125,6.95,14,40.53
25,109,7.19,0,12.89
36,148,6.27,9,28.93
21,86,5.23,8,25.23
57,103,9.95,2,20.1
59,127,8.83,13,41.37
39,122,9.93,5,26.08
57,158,8.31,11,37.72
37,115,9.41,4,24.85
46,153,7.25,8,29.3
42,80,6.75,12,35.44
28,86,9.97,12,40.21
53,123,5.85,9,28.66
22,140,6.08,0,11.17
50,105,8.34,7,27.72
40,109,6.28,7,25.78
38,80,7.15,2,15.48
30,142,9.66,11,37.2
44,94,6.33,7,24.72
24,142,7.55,8,28.93
57,134,8.68,9,33.74
24,136,5.36,0,10.42
33,99,5.36,1,12.33
45,101,8.73,1,16.78
33,129,9.6,2,20.8
38,115,7.96,6,26.41
44,116,5.19,9,28.36
22,125,7.26,4,19.24
53,106,8.6,2,18.52
39,98,8.16,13,39.86
29,95,5.99,4,19.44
48,133,5.27,10,30.42
55,113,9.45,6,28.18
59,158,6.13,3,17.68
30,130,9.98,6,28.61
21,115,5.58,13,35.51
41,132,5.57,2,14.88
29,141,8.34,14,42.87
35,110,6.35,12,34.77
55,83,9.87,9,33.87
25,91,6.19,1,12.45
42,132,8.12,1,15.99
43,140,7.03,10,32.92
27,98,5.45,2,14.52
43,135,8.54,7,28.6
45,88,8.95,4,23.56
47,104,9.13,3,22.02
26,133,7.45,3,18.12
54,126,9.88,13,42.83
29,120,9.0,14,42.72
53,130,7.2,5,23.55
26,129,5.5,6,21.88
57,86,6.27,10,31.34
51,106,8.86,0,15.18
54,127,9.4,5,26.61
49,134,8.31,5,24.41
34,142,6.94,2,16.26
56,85,6.78,10,31.73
56,114,6.79,3,18.0
35,111,7.46,11,34.83
28,157,8.63,14,43.21
46,85,5.82,12,33.74
56,142,5.1,5,20.52
41,97,5.38,0,8.94
48,110,8.33,9,32.48
24,131,9.24,11,38.19
36,95,7.03,0,12.91
42,135,6.69,8,28.51
32,146,5.1,7,22.94
36,141,5.3,12,33.98
58,131,8.77,14,44.58
57,84,5.45,13,36.82
49,132,9.14,9,33.96
38,159,8.91,12,40.35
30,96,9.1,0,15.12
59,110,8.43,13,41.22
38,95,5.11,4,16.74
21,136,7.22,7,25.61
59,100,5.79,9,28.45
41,120,6.69,10,32.16
21,118,7.79,13,38.76
35,116,8.66,11,36.6
24,120,6.16,1,11.99
40,132,6.67,12,35.55
30,153,6.05,11,32.4
43,111,9.92,10,36.39
54,104,9.65,12,39.5
53,132,8.27,11,36.54
54,143,9.12,3,22.21
59,112,8.59,5,25.33
30,117,9.24,11,38.2
40,158,9.68,6,28.39
21,87,9.65,2,19.25
33,80,7.87,2,16.83
21,153,9.82,2,20.92
25,138,7.04,9,30.57
36,114,5.97,6,22.59
35,95,6.16,0,11.68
48,93,7.29,14,40.77
51,84,6.27,13,37.02
43,159,5.64,8,26.71
37,100,6.98,8,28.13
54,137,7.91,8,29.97
33,136,9.84,2,19.2
34,90,8.1,0,13.94
31,150,8.87,10,35.77
48,87,8.41,7,29.1
52,93,6.92,5,22.33
55,128,5.95,12,34.25
51,112,6.41,10,32.01
37,103,9.38,9,33.05
29,150,5.78,0,11.24
30,117,5.49,2,14.53
28,158,9.27,4,23.21
41,129,7.74,14,42.09
33,143,8.41,11,36.61
25,81,9.13,12,38.39
26,118,6.7,6,23.9
50,153,8.75,8,31.25
51,93,8.15,1,14.92
37,91,5.12,2,13.95
31,157,8.6,7,29.28
40,130,6.72,2,16.54
29,89,6.04,3,17.35
22,123,9.81,1,18.52
57,119,8.85,2,20.06
21,139,5.12,2,13.93
24,149,8.8,2,18.94
56,110,9.25,3,21.92
45,116,6.78,8,28.24
23,152,6.63,11,34.45
29,137,7.12,5,22.47
42,122,7.33,3,18.42
43,150,6.9,4,20.97
32,117,7.53,14,41.86
30,87,9.86,2,20.41
54,113,5.16,13,35.38
30,96,9.91,0,17.43
50,96,9.25,6,28.13
42,132,8.99,6,27.49
26,94,7.25,4,20.6
22,143,5.38,2,13.77
50,136,8.09,5,23.48
22,99,9.47,2,20.01
52,140,7.13,11,35.62
36,104,5.35,1,12.46
32,157,5.03,12,33.71
21,106,5.6,13,36.18
28,126,8.03,14,41.94
33,107,9.95,11,39.46
35,85,8.56,13,40.27
28,120,5.79,12,34.35
30,138,9.31,2,19.72
25,157,8.3,3,20.54
39,140,6.51,8,28.37
58,159,7.51,7,28.89
31,128,7.02,5,22.32
40,84,9.36,13,41.47
40,90,9.77,2,19.35
41,119,5.62,5,20.32
38,149,5.74,4,18.25
30,118,5.41,8,27.16
54,149,6.9,12,37.01
46,99,9.86,10,35.97
50,83,9.94,0,16.64
29,92,7.98,14,41.72
51,128,7.32,7,27.85
24,155,6.51,5,21.94
26,88,5.0,10,29.48
34,138,6.31,10,31.66
24,82,5.73,3,15.64
46,90,5.01,2,12.66
59,84,9.48,1,17.64
37,114,5.42,8,25.99
39,103,8.54,10,34.63
26,149,9.62,6,27.31
49,85,5.64,9,27.52
31,121,6.2,0,11.27
36,122,6.18,10,30.88
50,93,5.43,6,21.97
45,155,9.55,11,38.68
31,104,9.25,6,26.88
27,97,6.9,0,11.6
46,103,8.85,10,35.37
42,142,7.55,13,39.8
45,158,8.4,14,43.2
39,80,8.45,8,31.06
51,94,8.88,3,22.08
46,133,9.5,8,32.5
56,113,8.95,13,41.28
43,131,8.53,9,33.52
33,81,8.11,12,37.18
45,115,6.05,11,32.72
22,102,6.42,8,26.88
22,103,5.38,0,10.08
36,111,6.29,14,38.96
29,130,7.72,1,16.24
48,125,9.77,14,45.73
33,92,5.63,0,9.15
55,93,7.21,13,38.36
33,96,8.75,8,31.23
51,95,8.97,5,25.32
41,111,5.96,5,21.41
52,158,5.89,9,28.81
54,91,8.05,7,27.68
28,82,9.57,2,20.26
22,154,9.02,6,27.18
58,132,6.92,12,36.33
52,122,8.29,1,16.48
48,84,6.27,9,29.92
57,126,7.36,9,31.68
21,106,7.68,10,32.79
30,131,8.19,12,37.7
24,135,7.0,4,20.02
55,159,5.16,0,10.22
30,159,9.64,9,35.16
31,159,9.78,6,28.43
34,147,8.43,2,18.28
58,94,6.33,13,37.77
32,98,7.97,7,28.47
37,105,6.38,2,15.64
36,158,8.49,6,27.33
55,124,6.8,14,40.69
22,89,7.79,2,17.53
31,105,5.29,7,22.95
23,87,9.98,9,33.41
49,159,8.31,3,21.5
38,111,9.7,3,22.29
40,100,8.72,14,42.65
34,124,7.81,13,39.55
54,134,8.68,9,33.62
51,91,7.35,5,23.59
38,127,9.8,0,17.06
50,138,8.87,5,25.53
45,153,5.61,6,23.03
39,149,9.75,6,28.86
28,116,7.88,8,29.03
48,110,7.25,5,22.21
28,82,8.96,0,15.58
51,148,6.14,2,15.95
23,138,9.79,2,20.26
23,112,5.83,4,19.03
42,115,6.48,2,15.95
37,153,9.45,10,36.75
56,82,8.04,10,34.36
37,154,9.27,8,32.24
34,82,6.0,3,16.44
29,138,9.02,8,32.0
50,133,5.89,12,35.2
41,107,8.72,1,17.89
32,88,5.77,9,28.6
57,105,6.71,4,20.61
52,108,7.38,2,17.33
31,89,9.59,0,15.44
40,106,8.66,14,42.19
55,142,6.41,6,24.17
31,141,7.23,13,38.48
28,97,6.75,3,18.35
24,132,9.7,4,23.44
47,96,5.87,13,36.14
58,128,9.58,7,30.98
50,105,9.14,7,30.11
47,84,5.64,8,25.43
41,152,6.37,8,27.12
40,123,8.55,5,24.26
24,103,8.54,8,30.83
31,136,6.17,6,23.31
33,86,8.17,8,30.43
29,99,8.44,8,30.21
24,135,5.36,13,35.79
32,151,6.9,1,14.85
29,98,9.53,2,20.64
33,143,9.5,4,24.0
46,122,8.31,7,28.58
58,123,8.26,10,34.7
33,104,9.28,10,35.23
59,96,6.71,10,32.79
48,118,5.25,5,19.81
39,104,9.23,4,23.63
44,118,6.56,10,32.1
39,118,8.36,8,31.09
33,138,7.44,2,17.9
33,145,5.72,3,16.18
48,95,7.09,13,38.95
22,132,6.31,3,17.33
30,157,5.04,6,21.9
42,108,7.62,0,12.8
33,145,7.82,3,20.43
29,89,6.53,11,33.53
53,81,6.47,9,29.19
34,92,7.23,10,31.58
40,133,8.09,6,26.15
35,81,9.84,0,16.54
52,121,7.39,5,22.65
53,93,9.67,1,17.23
37,130,9.87,0,16.81
44,128,8.04,1,15.89
50,117,7.8,7,27.21
33,113,5.3,13,35.43
36,108,6.12,0,11.04
22,143,9.99,8,32.3
37,102,8.73,3,21.86
52,102,8.34,4,22.81
28,95,7.83,11,35.83
23,123,8.41,9,32.47
32,139,8.4,14,41.84
40,150,6.11,10,31.74
36,144,8.92,10,35.49
34,98,7.33,9,30.72
36,124,8.51,11,36.4
53,80,6.74,10,31.76
50,91,7.89,11,36.47
32,104,8.68,12,38.58
35,89,8.06,1,15.2
38,145,8.17,11,36.08
48,112,5.93,0,11.54
43,81,7.53,2,17.62
34,83,6.37,8,27.28
50,102,6.85,6,24.48
53,120,9.01,10,36.35
35,117,5.24,6,21.73
27,135,6.29,1,13.04
35,155,8.95,1,16.54
58,123,9.23,6,28.07
31,143,6.06,11,33.09
49,103,5.83,9,29.36
51,120,9.0,9,33.52
45,107,8.59,1,16.68
44,141,7.82,5,23.12
39,94,7.29,13,38.93
22,141,9.38,13,42.24
42,89,6.4,14,39.24
40,108,8.24,0,14.23
53,110,9.65,0,17.75
28,142,5.86,7,26.19
45,97,5.97,14,38.94
29,86,5.59,9,27.25
54,106,6.34,2,14.88
43,88,7.84,1,15.88
25,99,6.65,2,16.35
45,129,7.8,13,40.64
28,140,7.42,11,35.58
36,146,7.65,4,21.65
35,153,9.76,0,16.27
21,96,6.03,0,11.08
42,100,8.35,3,19.8
23,152,7.37,13,38.8
58,111,8.4,5,24.26
34,127,7.99,6,25.01
56,117,8.78,3,20.77
38,107,7.67,2,16.67
38,139,8.51,0,14.92
23,149,8.68,4,22.63
30,137,5.89,9,29.78
59,149,9.62,5,26.58
21,132,8.62,1,15.97
47,89,5.48,12,34.89
47,81,9.3,6,28.51
31,104,5.95,1,12.24
25,117,7.93,7,28.05
27,80,6.57,0,11.88
39,159,7.88,4,21.51
49,155,9.44,10,36.75
35,152,9.45,3,21.55
55,92,8.93,6,27.28
57,150,9.07,2,20.31
32,80,7.54,14,40.91
50,110,9.34,0,16.02
40,146,7.34,11,35.06
57,135,6.04,3,17.26
23,98,9.49,8,30.96
29,83,7.3,13,38.97
59,107,8.0,1,17.19
46,123,8.13,8,30.98
22,109,5.41,6,22.18
43,115,6.77,13,38.39
43,132,6.79,2,16.59
41,138,8.58,4,23.75
36,147,8.39,12,38.22
29,154,9.94,0,17.43
33,83,8.66,9,32.52
48,90,6.11,10,30.74
47,132,6.73,4,20.05
37,133,5.84,8,26.89
58,124,9.31,0,16.39
56,96,9.23,1,18.23
21,143,9.57,1,18.08
38,137,8.3,10,34.58
29,92,6.34,6,23.38
33,130,9.48,6,27.88
35,131,6.36,9,29.8
24,94,6.92,5,22.31
53,83,5.11,13,35.94
44,88,7.89,14,41.83
56,146,7.18,9,30.53
30,153,8.24,9,32.36
56,136,9.84,14,45.33
40,108,5.29,1,12.08
31,126,5.46,11,31.28
32,84,7.82,2,17.15
38,149,9.99,9,35.66
50,143,6.44,11,34.87
57,138,7.68,6,25.63
40,114,6.02,1,12.48
45,84,7.65,7,27.11
32,129,5.92,8,28.41
41,139,5.89,5,21.7
45,94,6.69,1,14.55
31,103,9.7,13,41.88
29,100,8.3,13,40.18
45,81,6.86,12,36.25
55,124,8.19,9,32.86
52,89,6.0,3,16.25
34,124,8.19,10,33.32
21,116,9.6,1,18.51
37,102,9.68,13,41.66
45,124,7.93,2,17.95
28,120,9.4,6,27.39
25,144,6.94,13,37.89
25,140,9.43,4,23.79
55,85,6.67,8,27.6
39,144,8.52,0,15.57
43,97,9.59,11,38.51
29,119,7.83,12,37.51
50,117,6.37,14,39.55
36,124,8.49,1,16.76
53,96,5.56,5,20.58
22,92,6.73,2,14.7
34,89,9.48,6,27.86
21,110,8.69,12,38.68
46,129,5.27,8,25.97
45,102,7.87,11,35.03
36,124,6.24,6,22.84
35,158,5.07,6,22.25
46,117,6.34,3,17.63
36,90,8.87,5,25.03
34,87,7.01,3,17.73
49,157,6.33,7,26.59
44,92,9.99,0,16.62
35,113,7.88,2,17.11
39,144,6.11,5,21.53
28,154,6.01,2,14.46
54,89,5.52,7,24.34
22,155,8.06,6,26.42
47,115,9.4,4,23.29
30,83,9.3,6,27.87
55,100,9.7,10,35.65
43,140,5.12,8,26.35
28,117,7.81,12,37.53
48,155,9.58,2,21.24
43,118,9.5,8,31.76
24,133,6.35,6,22.46
34,141,7.51,10,33.68
49,98,5.48,11,31.42
21,81,6.37,7,24.94
24,101,9.96,1,19.07
52,136,7.93,9,32.23
53,82,9.99,2,20.84
46,102,5.08,7,23.26
37,83,9.86,13,42.9
59,107,6.77,1,14.32
43,157,5.41,4,18.78
52,149,5.45,11,31.78
35,149,6.72,11,34.01
33,120,7.37,6,24.77
22,116,5.43,13,35.43
39,86,9.26,9,33.36
44,156,7.43,9,31.55
44,80,6.82,13,37.92
31,113,7.61,0,12.65
42,131,7.44,4,21.75
35,89,5.52,11,31.59
30,139,5.25,0,11.08
47,85,8.39,6,27.33
29,147,7.44,11,35.28
48,151,5.12,6,22.04
21,127,8.33,0,14.34
37,158,8.53,0,14.95
51,124,9.85,9,34.97
30,91,8.15,5,24.22
57,149,6.38,11,33.7
49,100,6.19,4,19.08
38,154,7.29,8,29.4
58,115,5.46,8,26.14
59,102,7.48,0,13.46
26,134,6.64,2,15.55
32,106,9.15,13,41.8
34,99,8.47,8,30.19
30,94,6.28,8,27.31
40,121,7.39,4,20.66
35,83,8.58,8,30.0
51,108,5.87,13,37.67
27,134,9.85,0,15.86
30,154,5.46,3,16.04
30,128,9.77,14,44.43
59,150,5.08,0,9.32
48,154,7.42,14,41.49
50,133,6.44,8,26.96
57,112,9.84,7,31.1
23,116,9.28,13,41.58
35,156,9.51,12,39.35
41,86,7.46,11,34.72
57,103,5.53,8,26.31
32,134,6.24,7,25.12
24,90,7.65,8,28.39
29,157,6.94,9,30.81
59,123,6.64,6,23.77
48,144,6.51,0,12.46
43,85,6.17,10,31.49
42,110,7.69,10,33.19
44,122,8.44,11,36.38
46,91,8.46,3,20.55
50,144,5.22,0,10.8
53,131,5.13,1,11.2
36,149,5.44,13,36.18
42,109,5.09,1,11.49
38,156,7.2,11,35.37
27,155,5.27,1,11.97
46,153,7.18,14,41.39
28,134,6.68,5,22.0
26,118,5.29,14,37.58
50,153,5.42,13,36.93
59,85,8.86,2,19.31
43,135,8.62,1,17.24
52,87,6.43,3,17.55
42,134,5.65,14,38.44
29,95,6.78,4,20.15
51,81,7.42,8,29.6
27,143,7.59,4,21.25
29,90,5.12,10,28.59
33,83,8.01,5,23.97
23,82,8.15,3,19.05
55,94,8.21,5,25.04
53,147,8.13,5,25.32
41,122,9.78,13,42.74
51,88,8.55,4,22.3
54,104,6.58,7,26.05
52,144,9.06,10,35.99
55,145,7.16,6,25.09
35,134,5.3,1,12.76
52,124,8.24,5,24.87
26,112,6.91,9,30.37
41,101,9.65,10,35.67
53,121,6.71,9,31.04
52,155,5.23,4,17.98
39,106,9.73,3,22.34
53,90,9.16,9,33.72
48,121,9.9,1,19.37
51,157,5.91,12,36.04
41,157,5.11,0,10.26
54,101,9.76,13,43.06
35,88,8.71,0,13.51
34,158,9.29,13,42.73
39,136,5.02,1,11.79
35,110,8.29,1,16.17
26,97,8.56,11,36.48
29,91,6.72,9,29.65
57,119,7.37,8,29.66
40,124,5.66,7,24.02
54,128,5.4,1,12.37
58,80,9.05,2,19.03
46,86,9.11,14,43.78
38,81,6.15,14,39.07
48,83,9.08,6,27.18
29,124,6.82,4,19.24
52,125,6.44,10,30.97
26,146,8.96,5,25.66
34,88,8.53,1,16.67
48,136,8.18,8,30.38
44,95,8.98,14,42.94
33,130,9.32,14,43.0
32,131,9.74,5,25.31
39,88,8.12,10,34.51
41,85,5.45,13,35.66
47,123,6.77,11,34.56
39,158,5.66,7,25.11
44,85,5.61,8,25.7
46,84,9.95,3,22.5
48,125,5.92,1,13.79
38,106,8.69,7,28.58
56,124,8.91,0,15.75
49,120,7.46,0,13.57
37,107,5.02,2,13.86
24,133,8.64,10,35.18
49,111,9.76,13,42.16
24,132,8.85,12,39.41
30,150,7.64,10,33.16
45,109,7.94,14,41.59
51,132,5.79,10,30.5
23,110,9.42,11,37.76
22,91,7.99,13,39.22
45,88,6.24,2,16.14
26,146,5.5,10,30.97
46,116,6.34,3,17.29
28,107,8.83,5,24.3
55,105,9.78,1,18.65
47,100,6.17,11,33.41
45,89,6.55,6,23.55
38,159,9.03,9,34.21
21,103,8.64,4,21.5
59,104,5.62,5,21.32
23,131,9.55,6,29.11
24,80,6.17,12,33.65
57,132,8.84,3,22.03
35,147,8.26,13,40.63
28,157,7.34,7,27.39
58,103,5.44,14,37.25
39,106,9.46,12,39.03
46,106,7.65,10,33.44
59,144,5.57,7,24.65
30,118,7.38,11,34.55
58,156,5.52,1,13.17
34,115,6.87,11,34.75
39,155,5.59,0,10.15
50,148,6.31,12,35.96
25,84,9.06,12,38.53
51,89,6.16,7,25.23
27,95,8.19,7,27.64
39,132,6.15,4,19.62
51,93,8.08,7,27.33
59,153,8.72,13,42.12
44,108,5.52,3,15.83
54,107,9.24,1,17.51
43,96,9.57,12,39.94
26,148,6.86,3,18.94
58,145,9.39,3,22.78
56,115,5.58,5,20.72
47,125,7.13,13,39.36
31,124,5.81,5,19.14
25,88,9.81,5,25.45
37,115,8.87,3,21.11
27,84,8.1,9,31.9
47,158,5.36,1,12.75
35,152,5.83,9,29.12
33,129,6.75,14,40.14
31,107,6.14,12,35.82
46,106,6.56,4,20.42
42,126,9.84,10,36.9
48,112,9.01,2,19.76
44,117,5.35,2,14.2
49,87,5.28,3,13.99
29,83,5.23,0,8.77
24,115,8.6,14,42.46
38,110,7.57,14,41.7
36,153,5.74,13,37.02
53,128,9.7,14,45.19
49,120,6.0,5,20.72
59,87,8.61,5,24.75
30,109,9.99,10,35.78
29,93,9.95,7,30.76
51,124,8.1,9,32.13
48,125,5.77,12,34.39
23,146,9.96,9,35.02
34,95,8.63,6,27.16
45,89,9.13,5,25.82
35,147,9.91,5,27.08
22,131,6.02,5,20.25
44,129,6.61,14,40.07
34,147,6.23,14,39.66
27,81,9.95,5,26.02
56,154,8.27,2,19.42
44,158,6.55,7,25.79
47,154,6.85,9,30.13
57,139,7.27,1,15.02
58,129,7.19,5,22.91
50,80,5.87,8,26.8
47,116,9.28,11,38.69
59,102,8.86,14,43.95
35,128,9.57,5,25.99
46,153,7.63,12,37.5
21,143,8.36,4,22.04
24,96,8.77,8,30.34
49,150,7.97,4,22.88
21,94,8.52,2,18.77
42,130,7.67,11,36.27
31,106,7.0,9,30.48
30,88,9.91,4,24.55
37,143,7.39,5,23.76
56,142,9.19,13,42.32
46,132,7.99,8,30.19
41,121,6.36,12,35.66
33,149,5.56,9,28.17
29,114,9.58,10,36.41
31,96,6.69,12,35.16
31,123,6.48,14,39.45
26,122,8.74,6,27.67
21,155,8.23,11,36.96
26,123,8.3,3,20.37
33,117,5.66,8,25.64
42,120,6.24,11,33.23
51,104,7.48,5,23.73
42,128,9.34,1,18.41
57,139,7.13,12,37.14
47,81,5.71,13,36.94
34,144,7.0,4,20.61
25,82,6.46,0,11.01
56,93,9.97,1,19.46
52,124,6.88,9,30.69
54,113,8.08,13,40.44
27,115,7.87,3,19.03
30,94,5.85,8,26.02
37,116,5.65,3,16.37
50,89,5.09,7,24.82
41,88,5.69,6,21.81
33,129,8.63,10,34.44
21,114,8.16,9,31.83
21,125,6.42,7,26.25
53,126,6.08,14,40.09
58,97,5.16,6,21.56
45,104,6.42,4,19.29
46,114,6.68,7,26.23
33,159,9.33,9,34.01
48,130,5.07,0,10.75
53,134,6.32,4,20.13
57,95,9.76,14,44.17
50,91,9.26,0,15.64
28,138,9.41,9,34.28
21,152,5.01,1,11.73
32,116,6.81,4,20.07
25,111,7.4,7,26.57
44,136,5.54,11,32.98
26,101,5.4,3,16.35
45,124,6.79,10,32.72
21,91,9.6,11,37.75
45,84,7.0,8,27.7
21,105,8.78,13,40.57
52,99,7.99,12,37.28
23,140,9.44,3,22.19
39,87,6.67,1,13.95
49,141,5.67,14,39.31
22,133,5.68,2,14.87
29,159,5.94,14,39.16
37,137,9.04,3,22.22
56,145,7.86,5,24.13
37,124,7.73,9,31.57
32,144,5.62,7,25.3
40,84,5.89,10,30.65
23,110,6.03,5,21.0
24,102,8.76,9,33.3
37,100,8.48,8,30.31
57,91,7.92,11,36.14
35,83,5.51,3,16.62
53,116,5.77,14,39.95
36,154,6.29,13,37.59
31,88,9.15,2,18.74
40,105,8.61,0,15.28
58,106,9.57,1,18.02
44,141,5.17,11,32.43
36,129,9.11,0,15.49
50,151,5.12,7,24.18
54,81,8.33,4,22.44
21,105,8.25,13,40.29
44,148,6.34,10,32.89
44,125,8.74,1,18.39
29,157,7.11,14,40.64
42,142,8.17,5,24.49
32,149,8.15,12,38.18
37,102,9.41,13,41.71
45,96,8.37,10,34.41
48,143,8.35,14,42.98
35,108,7.98,4,21.18
50,131,5.5,4,18.7
47,103,6.51,0,11.83
42,114,7.3,6,24.85
30,126,6.25,3,16.83
51,130,5.83,1,13.56
47,81,7.56,3,19.52
32,100,9.18,0,15.3
51,119,8.17,11,36.15
52,148,8.47,10,35.32
52,114,5.71,0,10.28
55,123,8.99,2,19.72
41,114,5.55,13,36.29
30,159,6.41,8,27.07
36,104,9.38,2,19.46
27,159,9.61,2,19.86
24,110,5.44,1,11.44
47,131,5.81,4,18.8
45,114,6.79,8,28.16
51,102,8.58,1,17.38
31,128,5.75,9,28.99
40,95,5.77,12,34.77
56,137,7.73,10,33.14
37,129,7.95,4,22.08
31,157,5.44,13,36.06
50,143,7.03,0,12.51
55,131,8.66,9,33.73
58,119,6.71,7,26.56
42,133,6.21,13,37.61
47,96,5.57,2,13.81
57,83,7.32,14,41.56
55,159,9.7,0,18.0
24,135,8.07,0,13.34
36,109,5.33,4,17.53
36,113,6.29,13,37.01
41,123,8.7,6,26.98
46,148,8.78,2,19.69
56,144,6.88,0,12.41
39,132,5.33,13,36.83
37,149,7.68,12,38.36
46,112,8.66,13,40.66
42,157,6.66,6,23.95
48,115,8.94,7,30.2
21,97,6.65,0,11.19
56,130,5.84,8,26.71
57,136,8.99,5,26.15
22,123,5.67,8,26.6
37,89,6.22,14,38.56
58,118,9.27,10,36.2
41,135,7.61,10,33.23
29,128,5.77,10,31.28
33,137,8.08,2,17.66
31,155,7.93,10,33.45
36,102,7.76,3,19.4
36,86,6.7,7,25.4
22,124,7.03,1,14.56
28,134,8.8,3,21.37
33,134,9.63,5,25.22
37,156,7.89,14,42.83
59,117,9.66,14,45.37
44,98,5.88,8,27.21
23,101,6.45,7,25.49
50,90,9.18,1,17.83
33,82,9.82,9,33.47
39,98,9.45,8,32.19
27,86,7.46,0,12.87
29,113,9.05,1,17.95
39,90,6.01,6,22.99
42,84,6.59,13,38.53
38,150,9.99,1,18.72
43,115,5.89,0,12.17
22,84,6.21,12,34.06
31,135,8.61,6,26.55
51,84,8.35,0,14.8
53,106,8.59,2,18.9
34,106,9.75,14,45.57
36,111,5.6,5,20.26
31,94,7.89,12,37.51
53,133,6.29,11,34.09
27,99,6.97,5,22.03
51,113,6.62,10,32.39
34,113,9.65,10,35.62
48,125,9.73,11,39.62
36,100,7.49,12,36.57
39,118,8.64,1,16.25
37,119,6.06,3,16.69
46,123,6.69,0,13.06
26,115,8.29,6,25.8
29,134,8.36,9,31.99
37,150,9.54,6,27.87
51,129,8.77,7,28.98
32,137,9.21,13,41.67
43,153,9.12,2,19.78
25,153,6.36,14,39.95
56,117,9.07,0,15.76
56,103,6.03,12,34.74
23,153,5.06,0,10.21
44,138,8.08,14,42.17
37,124,6.82,6,24.52
59,105,8.35,4,23.09
46,144,6.11,2,15.35
24,90,6.25,2,14.68
32,129,9.5,12,40.18
21,137,8.32,7,28.71
41,113,5.45,9,27.68
39,95,6.75,4,19.67
41,138,8.25,14,43.3
38,80,8.58,9,32.57
23,120,7.49,13,39.51
52,107,6.26,14,38.9
30,94,8.35,0,14.9
35,159,5.42,1,12.78
25,125,8.96,12,39.61
24,111,8.78,11,36.32
48,118,6.44,1,14.35
24,144,5.3,1,11.18
35,152,5.45,4,18.54
37,154,7.13,14,40.94
23,90,5.92,14,38.66
30,149,7.18,7,27.0
43,113,5.29,13,36.51
38,129,7.22,5,23.34
21,123,9.51,11,38.69
55,93,8.39,13,40.71
51,151,5.32,2,14.14
21,104,5.42,6,21.84
23,147,7.54,0,12.74
23,129,6.32,12,35.57
57,111,7.21,8,29.78
39,134,8.84,11,36.81
49,157,6.97,13,39.73
45,104,6.5,5,21.37
53,158,9.48,2,20.05
56,131,8.57,1,16.88
49,135,8.17,6,27.55
46,101,5.36,13,35.62
24,126,7.5,10,31.85
34,149,9.47,1,17.78
47,130,9.11,9,34.38
53,145,5.32,9,28.93
42,149,8.75,3,21.22
23,154,9.37,0,16.35
43,144,6.22,13,37.9
41,101,7.6,10,33.02
43,120,9.43,5,26.81
24,156,9.4,12,39.91
41,126,7.06,1,14.67
57,139,7.54,11,35.25
51,101,5.53,12,34.46
41,83,7.67,7,27.62
46,123,9.31,9,33.94
55,120,5.86,11,32.94
58,117,7.29,10,32.14
44,96,8.22,0,14.66
31,96,5.24,8,25.16
49,124,5.18,9,27.6
23,125,9.24,7,29.26
21,87,9.83,1,17.23
39,94,8.8,2,18.79
42,112,9.82,6,28.1
34,128,5.77,6,22.42
34,89,9.35,4,23.8
36,141,9.53,4,24.18
53,134,6.45,2,15.8
33,137,8.24,4,23.36
58,142,6.53,2,15.74
32,90,5.55,0,9.7
58,114,9.07,1,18.17
59,83,9.53,4,24.75
53,145,5.55,9,28.21
53,112,8.24,11,36.75
49,152,9.86,2,21.09
25,114,6.37,4,19.92
26,117,8.75,10,35.0
51,157,7.06,6,25.3
36,136,5.32,7,24.89
51,112,8.5,11,36.89
45,123,6.23,13,37.07
53,132,7.98,2,17.69
33,159,5.35,14,37.93
30,99,5.6,2,14.57
44,142,5.03,2,13.42
30,130,6.09,6,23.07
51,93,5.65,11,32.16
33,114,6.47,6,23.64
23,124,6.02,4,18.57
54,112,6.32,3,17.29
48,140,5.64,6,22.42
39,151,5.89,1,13.54
43,132,6.41,3,17.72
52,157,7.18,6,25.77
33,157,6.31,5,21.32
53,129,5.94,1,13.56
54,94,8.18,1,15.86
53,121,6.81,3,17.6
25,99,8.02,6,25.41
23,147,7.0,0,12.88
27,86,7.07,6,24.35
44,145,6.88,11,34.28
42,152,9.26,12,40.44
43,102,6.92,7,26.36
50,115,8.01,10,33.96
38,91,7.33,9,30.62
52,102,7.96,6,26.52
27,90,5.98,13,36.23
53,80,5.59,0,9.86
25,156,7.95,14,42.11
48,118,9.92,8,32.44
28,149,6.29,14,39.39
35,110,5.01,13,35.53
24,88,9.56,5,25.77
54,135,5.66,2,14.78
25,97,9.34,12,39.58
53,138,7.57,0,14.16
25,146,5.89,13,37.37
58,82,5.98,0,9.98
54,109,7.64,1,15.04
46,143,8.97,6,27.45
21,149,9.05,5,26.14
24,81,6.19,10,30.61
59,99,8.55,14,42.76
46,108,7.4,12,36.83
53,88,8.1,8,29.91
53,83,5.65,10,30.24
28,119,7.17,7,26.42
40,134,5.62,3,16.43
36,92,7.51,14,41.07
41,85,5.31,3,15.82
46,152,5.67,5,20.23
43,105,6.63,13,38.31
38,120,7.56,6,25.59
51,121,5.57,4,18.39
32,157,9.4,4,24.18
21,140,6.4,13,37.39
29,141,7.92,10,34.54
23,147,5.71,9,28.62
46,100,8.69,12,39.88
29,110,7.7,1,14.98
36,122,9.67,3,22.2
44,100,8.44,7,28.55
34,108,9.91,1,18.2
23,134,9.06,12,39.27
54,137,7.65,0,13.58
53,103,6.13,8,27.95
44,124,6.7,14,40.31
29,159,6.88,7,25.83
33,88,9.57,6,27.45
22,145,6.29,11,33.39
27,81,8.61,9,31.92
41,116,7.94,9,32.11
39,116,5.86,5,20.88
45,148,6.34,5,21.17
42,125,6.42,6,23.68
31,85,5.9,3,16.59
53,127,8.92,1,18.13
52,87,6.57,13,37.57
41,111,7.67,4,21.56
59,156,8.68,2,19.61
40,146,9.84,1,19.01
28,152,9.55,0,16.39
57,147,6.06,14,40.07
29,107,9.47,4,23.99
45,119,9.23,12,39.46
45,95,5.15,10,29.31
53,136,9.42,0,16.82
22,154,7.67,11,35.12
39,134,5.96,3,17.24
40,118,9.98,13,43.6
49,155,6.56,0,12.88
26,134,5.94,6,23.12
37,109,5.87,6,22.72
45,121,7.63,2,17.08
58,84,5.87,2,13.34
24,124,7.6,9,30.99
50,143,8.69,0,14.94
40,111,9.74,11,38.12
23,91,6.84,9,29.0
43,145,9.88,12,42.15
38,131,9.94,10,37.06
46,150,7.94,0,14.22
56,111,6.51,11,33.97
28,114,9.27,3,21.24
37,85,5.27,13,35.37
51,101,7.2,13,38.73
57,126,8.17,13,40.53
53,92,9.91,8,32.94
47,102,8.48,11,36.89
24,123,6.16,3,16.56
42,88,9.27,5,25.94
46,138,8.29,13,40.71
52,109,9.32,4,24.87
44,123,8.48,5,24.65
55,128,6.74,0,12.96
57,95,5.58,13,36.63
52,153,8.46,14,43.6
27,132,6.02,4,19.64
53,81,5.33,5,19.13
51,146,6.46,10,31.7
32,121,6.59,8,27.85
31,143,9.96,11,39.88
44,87,7.82,9,31.64
28,152,9.95,11,39.15
52,100,8.86,3,20.78
58,139,7.47,8,29.77
42,113,6.42,11,33.46
54,83,6.12,14,38.39
39,141,6.17,1,13.64
40,155,9.31,8,33.24
34,81,6.98,9,30.34
53,129,7.26,11,34.76
30,155,8.09,10,34.29
36,105,5.28,8,25.37
24,116,7.37,10,33.39
47,134,5.08,1,12.3
48,97,8.72,10,35.71
36,103,5.11,10,29.58
53,109,8.53,4,22.88
39,96,6.0,4,18.13
41,159,9.06,5,26.23
42,121,6.58,10,31.53
29,91,9.52,10,35.35
29,106,8.69,4,22.94
29,134,6.05,7,25.46
47,83,9.42,8,31.87
37,114,5.1,5,19.06
28,144,8.1,11,36.24
36,155,9.21,6,29.08
38,108,5.65,2,14.16
53,151,5.23,0,10.28
21,151,9.44,11,38.05
32,155,6.48,10,31.64
26,115,8.33,10,34.38
25,113,9.19,7,29.87
36,115,5.55,1,11.96
38,134,6.89,11,33.73
38,83,8.63,4,23.39
21,90,5.38,0,10.07
39,138,8.74,11,37.89
28,82,9.4,8,32.01
23,153,8.97,12,39.14
45,91,6.2,1,12.72
25,152,9.19,9,34.47
39,100,8.45,14,42.06
38,101,8.74,3,19.9
51,97,8.74,1,17.34
53,85,7.25,1,14.99
38,158,9.51,0,17.65
59,144,5.62,2,14.6
36,134,9.79,0,16.56
36,119,5.03,12,33.26
58,131,8.84,11,37.31
27,123,5.93,11,33.05
34,141,5.32,9,27.99
45,153,7.5,7,26.87
52,108,7.57,2,16.54
58,98,8.34,2,17.69
42,107,7.97,1,16.85
36,98,5.16,0,10.04
49,110,6.02,12,34.93
36,133,8.58,1,17.66
32,141,9.71,10,37.35
37,93,8.83,10,34.28
57,129,9.93,1,18.47
47,138,5.62,12,34.53
45,149,9.79,13,43.11
33,137,6.87,10,31.32
28,88,7.8,14,40.41
25,136,9.88,2,21.01
32,120,7.24,6,25.06
23,106,6.57,1,13.94
55,137,8.95,0,15.08
53,147,8.52,1,16.69
42,137,5.11,1,12.22
29,103,7.43,0,12.52
38,159,9.62,6,28.82
49,141,7.74,11,36.17
59,146,8.07,0,14.96
47,82,7.44,14,41.23
56,130,7.93,14,41.53
37,146,6.48,5,21.43
54,159,6.02,8,28.1
23,136,6.96,13,38.02
25,99,6.16,4,19.94
34,124,9.55,11,38.63
23,85,5.74,8,26.08
43,112,6.2,7,24.87
59,122,8.95,1,17.74
50,129,5.51,4,18.6
43,106,8.98,4,23.44
47,109,7.89,3,20.48
30,97,7.3,12,36.61
45,109,9.35,0,16.14
33,94,6.99,7,26.67
36,155,6.37,4,19.8
54,141,7.72,13,39.97
57,100,7.79,12,37.85
42,91,5.61,4,17.69
37,128,8.93,1,16.79
43,80,6.87,13,37.78
56,154,5.63,5,21.25
29,134,5.5,11,32.84
22,104,7.83,8,28.9
52,126,6.87,13,39.24
42,152,6.59,12,35.43
33,118,7.3,10,32.77
28,106,8.96,0,15.37
21,129,5.85,13,36.05
37,134,5.59,1,12.91
32,107,9.35,13,41.15
24,136,9.06,13,40.97
33,158,5.82,14,38.58
51,95,7.79,3,20.22
27,135,7.72,6,25.9
43,114,8.87,1,17.37
44,107,6.65,9,30.29
25,125,5.32,13,36.02
25,146,5.93,3,16.97
37,95,6.06,7,24.48
50,158,7.33,14,41.12
29,153,7.52,7,27.21
26,128,6.03,6,22.98
45,147,6.59,0,12.3
39,101,8.92,1,16.79
36,97,5.22,12,34.58
41,101,8.72,9,33.35
22,95,9.89,0,16.08
30,135,8.81,2,19.26
36,82,9.66,2,19.77
57,132,6.32,6,25.24
35,114,7.59,11,34.85
33,159,7.07,3,18.73
33,100,6.37,13,36.95
52,144,5.2,9,28.3
28,136,8.8,10,34.97
38,126,8.62,6,27.25
56,113,7.83,11,35.71
46,127,9.87,14,44.96
30,118,9.34,2,19.8
51,109,7.81,0,14.63
53,129,9.6,5,27.27
49,95,7.8,14,42.14
25,82,9.19,7,29.96
33,140,7.51,7,27.37
21,81,9.03,4,22.94
43,105,7.23,2,16.65
23,97,7.86,3,19.52
23,145,5.98,2,15.76
27,119,8.09,3,18.75
56,82,8.99,7,29.95
55,96,9.19,7,30.69
35,103,8.84,5,25.64
23,81,5.06,11,30.19
49,149,9.66,8,32.2
50,119,5.29,5,20.33
59,105,8.55,14,42.32
38,136,9.11,7,28.24
31,128,8.84,11,37.51
58,136,8.86,3,22.61
21,135,6.12,8,27.54
49,149,5.43,12,35.26
30,155,7.37,13,38.99
48,100,8.16,8,30.11
51,95,9.12,10,35.28
39,85,6.76,9,29.23
23,113,9.12,5,25.42
56,138,7.51,4,22.06
35,146,8.93,8,30.9
53,120,6.13,10,30.73
46,98,8.83,1,17.24
36,108,6.06,11,33.56
56,111,5.41,12,34.16
53,89,8.93,4,24.09
40,143,8.91,13,41.72
33,156,5.55,7,24.33
53,99,7.13,3,18.62
25,107,5.16,9,27.1
57,106,8.61,13,41.02
34,156,8.89,11,38.15
47,104,8.36,1,15.77
43,108,7.63,4,20.9
34,94,5.68,5,19.86
24,124,9.94,1,18.54
59,124,6.28,14,39.51
39,109,9.19,0,15.7
24,117,5.38,13,35.84
50,139,5.95,4,19.6
39,111,8.44,1,17.12
51,129,5.21,7,24.48
51,150,5.04,10,30.93
29,114,8.08,9,32.46
33,155,8.37,1,18.01
34,84,8.55,6,27.1
30,110,9.32,14,42.96
51,159,6.58,5,22.74
57,132,5.43,5,21.18
43,80,6.99,4,19.83
47,148,6.27,9,29.38
26,147,9.79,11,38.41
46,144,6.0,10,31.49
22,94,8.5,3,20.88
33,131,9.61,13,43.19
39,117,8.35,11,36.3
21,103,5.33,14,37.09
52,102,9.63,3,22.81
42,126,5.74,12,34.32
49,86,6.0,0,10.07
22,110,8.64,2,18.4
58,86,7.46,0,12.37
31,156,8.89,0,16.05
37,83,5.82,7,24.27
28,133,9.28,4,23.51
42,159,6.52,9,30.59
24,131,7.61,9,31.22
31,159,5.57,12,33.76
28,127,6.76,5,21.77
29,145,6.8,12,35.52
46,133,9.83,14,45.07
22,159,9.16,5,25.95
36,133,5.29,5,20.78
51,124,6.43,13,37.96
26,119,6.03,2,14.28
41,114,6.59,3,17.41
46,103,5.07,8,25.25
39,114,8.91,7,29.55
48,116,5.69,6,22.9
28,154,6.01,1,12.75
34,113,8.28,13,41.02
44,103,8.15,14,42.78
57,83,9.13,5,26.05
46,129,5.69,14,38.49
51,157,6.1,12,34.81
52,103,9.38,4,23.68
22,115,8.33,11,36.14
45,158,5.39,12,34.21
22,114,5.47,0,9.77
21,108,7.67,6,24.9
56,115,8.75,9,33.46
32,147,8.22,5,24.02
29,158,8.39,5,25.45
56,90,7.86,11,36.55
48,134,9.41,5,26.84
58,128,9.48,14,45.08
53,158,8.03,11,37.43
42,136,8.66,14,42.37
45,134,7.31,2,16.09
38,135,6.35,3,18.0
26,153,8.18,1,17.21
38,83,9.08,8,31.06
36,104,6.31,12,35.31
35,81,8.13,8,29.47
28,98,8.11,8,29.78
33,87,9.59,9,34.14
27,143,8.8,2,19.85
37,85,9.06,13,41.85
52,93,7.85,3,19.8
42,149,8.64,2,18.94
33,155,6.22,10,31.41
43,150,7.9,2,18.14
49,136,8.31,12,39.5
42,109,9.17,8,31.65
21,159,5.83,8,27.22
49,87,6.63,2,16.64
25,93,8.96,10,34.98
55,127,7.17,6,25.39
30,107,7.42,3,18.63
39,85,8.1,4,22.08
57,109,8.64,3,21.57
27,83,6.44,12,35.24
55,146,9.32,14,43.88
33,89,6.82,13,38.21
30,106,6.3,2,15.93
22,124,8.5,12,38.42
26,154,6.8,7,25.52
28,114,7.53,8,29.49
56,92,6.65,9,31.22
45,134,9.27,8,32.39
27,122,7.5,6,23.89
43,152,5.33,10,31.24
39,147,5.28,14,37.81
42,122,6.82,8,28.36
33,119,7.04,12,36.94
41,110,5.19,12,34.32
21,82,9.26,2,19.42
39,96,7.53,3,19.33
53,159,7.74,14,42.52
24,118,8.26,6,25.59
23,145,6.09,4,18.67
47,148,7.61,6,26.17
55,156,6.11,13,38.23
48,155,7.08,8,28.96
26,98,8.13,10,33.53
26,101,6.18,5,20.65
43,87,9.42,5,25.6
53,147,6.47,0,12.59
36,150,6.52,1,14.2
44,97,9.61,13,41.67
25,85,6.95,2,15.51
33,83,5.68,8,25.71
32,120,7.14,11,34.39
25,130,6.7,13,37.36
57,91,7.48,3,19.17
51,116,8.06,0,13.44
48,81,6.65,4,19.58
48,82,8.56,12,38.96
50,124,6.51,8,28.15
38,118,9.19,4,23.35
47,156,9.81,13,43.19
55,133,5.07,12,34.23
46,157,5.58,12,34.42
59,97,7.55,10,33.34
38,92,8.12,4,22.62
53,93,9.55,5,26.67
45,120,8.15,12,38.44
51,119,9.32,6,28.33
57,150,7.61,8,30.05
22,127,8.45,5,24.9
53,89,9.62,2,19.74
59,133,8.39,1,17.2
52,114,7.41,2,16.89
38,103,7.96,4,21.21
37,128,7.15,9,30.72
54,121,5.75,0,10.47
59,154,8.85,4,24.8
27,153,7.07,4,20.74
55,129,5.47,8,26.0
50,100,8.52,2,18.42
32,107,8.82,10,35.46
55,134,5.53,11,33.06
31,106,7.28,3,18.94
24,147,7.41,12,37.78
45,85,6.17,5,21.21
52,137,9.0,1,18.35
40,85,7.65,1,15.73
51,139,7.86,13,40.79
24,98,6.79,2,16.02
58,140,6.23,14,39.58
21,96,9.01,8,30.47
23,128,7.66,1,15.05
57,82,6.2,3,17.1
42,113,7.13,3,18.71
37,141,7.78,4,21.67
34,139,7.78,14,41.11
55,147,7.79,13,40.36
33,113,5.85,9,28.25
55,108,7.77,1,15.67
22,139,6.73,2,16.41
33,123,7.84,3,19.83
36,94,8.33,0,13.85
38,124,6.15,10,31.5
27,154,5.6,11,32.49
56,88,8.02,13,39.78
50,114,8.47,11,36.14
27,89,9.33,0,15.61
35,117,6.23,8,27.25
39,108,5.62,1,11.33
57,125,9.87,12,41.52
22,149,5.2,14,37.71
33,152,7.08,0,13.19
51,124,7.47,14,41.36
36,156,8.55,9,33.44
26,132,9.06,4,23.3
48,81,7.79,0,13.95
52,83,5.14,11,31.43
30,150,9.99,0,16.84
38,98,8.2,13,40.45
24,90,9.16,1,18.65
29,111,7.07,5,22.51
27,93,5.26,14,37.36
28,128,5.41,4,18.27
27,148,8.86,7,29.97
23,104,6.06,6,23.16
37,93,9.28,3,22.48
22,118,6.26,3,17.61
35,91,6.3,4,18.97
49,128,5.49,11,32.94
42,97,5.7,5,19.77
24,80,5.64,11,32.13
26,83,5.21,1,10.59
58,91,6.18,1,14.19
46,105,5.11,7,22.86
31,111,8.52,13,39.73
46,158,8.08,2,18.46
37,131,5.86,14,38.91
44,94,9.31,14,43.43
48,87,6.43,11,33.39
55,109,7.68,0,13.53
51,133,9.06,10,35.49
33,146,6.85,4,20.61
55,149,6.26,10,33.13
36,87,9.3,4,23.33
35,142,5.37,6,22.17
38,96,8.25,4,21.5
57,95,9.19,1,18.62
47,124,8.55,1,16.7
55,147,6.87,1,15.71
55,89,9.75,1,18.39
48,159,5.68,6,23.32
59,98,8.56,2,19.31
58,118,8.59,11,37.36
29,129,8.06,14,41.02
32,156,7.43,9,30.57
35,139,9.76,11,39.18
41,147,7.33,2,17.48
55,111,6.67,2,16.02
53,159,7.57,13,40.9
39,143,9.0,10,36.3
43,159,5.82,2,15.11
33,103,6.85,5,21.37
21,107,7.83,8,29.19
49,102,9.22,7,30.37
44,142,7.0,7,26.56
36,135,7.75,14,41.7
45,152,5.61,12,34.6
43,145,5.47,14,37.99
48,117,6.07,8,26.42
36,107,8.43,13,40.91
58,105,6.06,0,10.86
31,139,9.39,12,40.01
23,139,9.49,2,20.33
35,134,6.33,9,30.47
21,104,5.53,5,19.55
27,100,7.06,4,21.32
21,104,8.97,13,40.02
52,137,5.54,10,31.72
29,117,5.5,1,12.43
49,125,6.22,7,25.0
46,154,8.46,13,41.03
43,83,6.87,4,20.5
49,98,8.68,14,42.83
58,141,7.02,3,19.4
53,103,5.4,13,35.33
27,134,9.99,0,16.98
32,104,8.41,1,16.06
51,151,8.16,13,40.18
52,144,7.47,1,15.49
40,147,5.42,6,22.14
37,91,9.93,14,44.41
56,104,7.33,12,37.47
23,100,5.21,5,18.89
21,98,6.72,13,37.09
47,149,5.16,5,19.87
53,131,7.53,12,37.37
40,133,8.77,12,39.93
34,114,9.79,9,34.76
56,82,9.22,3,21.75
25,112,6.36,7,24.43
43,152,6.74,14,40.88
35,86,7.6,9,30.94
26,106,8.43,12,37.51
53,80,8.68,5,24.63
39,119,9.25,1,18.06
33,97,6.12,3,17.82
49,114,5.56,8,26.61
26,118,5.89,1,12.69
35,90,9.72,3,21.93
36,124,5.66,12,34.68
44,154,6.59,4,20.71
43,82,5.98,13,36.45
30,156,5.55,7,24.18
37,131,7.63,8,29.57
50,139,6.9,5,22.68
30,137,8.63,0,15.07
39,133,6.96,3,19.62
49,113,7.78,4,22.57
22,107,9.1,10,35.21
56,140,7.64,5,23.25
39,145,7.19,0,12.78
27,145,5.66,6,22.95
46,116,7.8,5,23.95
35,95,5.5,12,32.8
58,151,5.52,13,36.73
23,154,7.26,13,39.32
58,124,7.6,10,33.63
36,94,8.73,4,22.46
22,83,7.28,3,18.21
51,102,8.11,6,25.58
48,151,9.6,7,30.51
27,159,9.7,12,39.92
50,95,6.32,1,12.58
27,132,7.28,10,33.47
56,89,7.66,13,40.2
49,113,7.23,10,33.27
44,97,9.82,13,42.76
59,132,6.45,4,19.31
24,95,7.6,4,21.02
49,141,5.63,6,22.1
25,131,8.15,6,25.1
49,136,6.64,5,21.23
50,151,9.03,7,29.46
49,143,5.65,7,24.42
46,102,9.4,7,30.29
39,119,7.15,10,32.39
46,93,7.04,4,20.29
57,159,8.82,10,36.21
47,97,6.51,5,20.44
50,115,9.29,6,27.6
50,118,6.39,2,15.71
23,120,8.66,3,20.11
27,80,5.28,10,29.73
29,150,8.5,12,38.33
33,121,6.31,4,19.59
35,103,8.64,12,38.89
25,144,9.13,4,23.55
49,97,5.85,2,15.35
55,93,5.84,13,36.76
47,98,8.73,14,43.19
47,86,5.85,2,14.96
28,143,5.1,14,37.68
52,81,5.31,9,27.8
40,86,5.13,1,11.29
30,107,9.54,0,16.26
33,109,9.33,7,30.02
49,152,7.78,1,15.89
55,115,7.56,7,28.14
28,101,6.22,14,39.6
49,158,7.5,12,37.53
51,157,9.66,0,17.39
50,106,7.85,1,16.81
42,89,5.28,12,33.52
41,101,5.19,14,37.61
32,102,9.36,0,14.78
31,131,6.08,7,25.33
22,121,5.02,1,10.49
22,120,8.72,4,22.62
54,127,9.1,11,37.9
23,148,6.43,11,33.14
36,130,9.16,2,20.58
24,80,9.02,2,18.61
43,135,7.43,0,13.81
40,150,9.69,4,24.22
45,103,9.22,14,43.46
50,94,5.15,2,13.14
38,154,9.5,5,25.58
31,123,7.71,9,31.12
49,128,7.34,6,25.86
37,128,9.79,13,42.93
46,147,6.42,7,26.15
43,153,7.19,8,29.7
40,116,5.92,10,31.71
22,153,9.36,4,23.39
44,121,5.34,5,19.08
51,138,5.08,1,11.72
47,154,5.76,13,38.2
22,89,8.17,1,15.57
34,132,5.59,1,12.53
24,121,9.6,7,29.94
33,87,8.39,14,42.36
56,154,8.41,12,39.35
55,103,9.86,11,38.95
28,130,5.29,9,27.77
22,150,8.26,11,36.4
26,139,9.5,14,43.64
51,100,8.08,13,39.94
30,132,7.3,6,24.77
41,85,5.12,0,9.17
30,110,5.86,1,13.62
43,91,9.6,12,40.3
23,92,9.89,5,26.33
52,128,7.46,7,27.15
40,110,9.49,12,39.74
30,88,7.39,6,24.46
49,106,5.8,9,28.25
54,132,5.43,2,13.91
57,130,9.16,10,35.59
40,151,9.69,11,39.71
28,106,7.05,7,25.47
27,119,5.63,9,28.54
26,141,9.23,3,22.0
31,137,6.72,5,22.54
38,94,7.44,1,15.87
49,118,9.97,3,23.48
45,149,8.39,0,14.99
41,87,8.61,14,42.16
23,114,6.41,13,37.31
38,142,6.28,14,40.1
44,110,6.47,12,36.13
58,121,7.99,10,33.51
30,145,9.69,10,37.18
47,120,8.43,0,14.74
32,80,6.44,4,19.89
27,153,8.21,7,28.83
37,112,5.69,2,15.42
21,116,7.13,0,12.17
46,136,9.44,2,20.92
35,90,6.24,13,36.98
53,126,7.79,10,34.2
57,145,5.38,1,11.88
51,83,5.44,14,38.46
55,156,5.34,8,25.55
21,156,6.05,5,20.83
28,134,7.28,5,22.85
32,91,9.57,4,24.36
39,145,6.74,12,36.61
45,116,8.16,2,18.49
52,102,7.78,9,31.2
32,134,5.73,6,22.66
33,98,7.37,8,29.06
48,146,5.7,7,24.65
21,102,6.55,4,18.78
26,83,5.5,3,15.7
28,97,6.08,3,15.56
24,91,6.86,0,11.18
25,114,8.12,14,42.05
45,106,5.69,1,13.52
42,122,7.97,11,36.38
48,157,6.21,14,39.6
59,146,5.33,3,15.41
43,148,9.59,10,37.1
24,143,5.25,3,16.07
24,131,9.21,10,34.82
41,96,8.6,9,32.38
57,112,6.45,0,11.69
22,151,8.59,11,38.53
27,131,6.31,3,16.45
36,114,8.97,3,21.89
37,99,5.5,7,24.12
40,124,5.16,0,10.43
43,156,5.69,13,36.17
54,147,8.59,14,43.62
31,129,9.84,0,17.12
54,137,8.26,11,36.84
53,109,9.38,2,19.73
46,149,5.13,4,18.17
22,81,7.05,0,11.14
43,158,7.88,7,28.31
42,113,7.03,12,36.55
54,131,8.57,7,29.68
35,95,6.11,4,18.76
30,122,6.31,10,31.32
35,143,7.54,12,38.26
49,106,8.32,2,17.72
43,144,5.65,13,37.11
37,92,6.5,10,31.43
29,119,6.4,4,18.78
56,111,7.42,11,35.35
29,146,9.82,6,29.92
36,93,6.96,1,14.21
56,137,9.29,2,21.15
53,125,7.0,1,15.16
51,154,6.62,11,34.19
26,138,5.46,11,32.17
30,144,8.55,9,33.09
36,112,6.44,11,33.51
24,125,8.5,14,43.25
42,133,6.83,12,36.27
33,145,5.08,11,31.98
36,83,5.79,9,28.17
49,133,8.89,6,28.24
26,83,6.08,4,18.25
46,96,6.15,14,38.86
31,159,6.67,1,14.42
44,152,5.92,9,29.52
49,153,7.69,10,34.44
23,150,7.57,3,19.05
30,152,8.16,5,24.02
21,134,9.83,8,33.36
46,127,5.6,11,33.03
32,128,6.92,0,11.58
34,102,7.5,5,22.4
45,106,9.52,5,25.8
28,104,8.16,0,14.41
24,103,7.11,3,18.22
48,159,5.26,11,32.0
27,159,8.79,0,15.53
30,99,7.79,14,41.94
56,132,8.38,14,43.5
22,153,6.59,7,26.21
46,105,6.29,0,10.53
34,139,8.17,5,24.09
36,81,7.12,13,38.51
37,82,6.75,5,21.12
42,135,6.06,8,27.9
24,145,7.03,6,24.25
39,104,9.67,11,38.22
22,147,5.55,3,17.01
59,94,5.81,7,24.42
29,86,8.03,9,31.37
39,150,6.2,0,10.78
36,120,9.36,11,38.44
45,139,9.25,4,25.71
38,123,7.1,9,29.86
43,112,8.4,6,25.44
41,145,8.88,1,17.96
31,102,6.65,7,25.21
59,143,6.59,13,38.38
24,85,5.01,10,29.47
45,142,6.17,5,21.3
52,122,8.41,1,16.59
50,104,7.21,10,31.89
46,87,8.15,14,42.79
56,116,6.13,9,29.34
54,138,8.05,14,41.99
29,107,6.22,12,34.76
32,132,8.53,11,35.7
22,150,5.78,13,35.71
58,134,6.45,13,37.99
25,115,6.03,14,38.62
25,141,5.13,5,20.03
42,94,9.56,1,18.49
25,133,5.38,5,19.85
24,140,7.08,9,30.83
29,133,6.77,2,15.91
49,148,5.91,11,32.78
42,108,7.22,0,13.18
47,106,7.52,4,20.17
30,147,6.33,0,11.32
36,91,7.63,6,24.53
30,102,8.21,6,26.47
26,129,7.6,0,13.32
25,154,9.49,12,39.3
26,155,5.69,2,14.88
45,152,9.2,11,38.25
24,106,5.73,12,33.68
52,138,7.15,8,28.82
55,88,5.76,10,30.93
30,112,8.02,3,20.19
54,149,6.73,9,30.49
56,130,7.26,3,19.58
26,119,5.82,5,20.01
36,85,7.37,13,39.48
39,83,8.68,2,19.67
54,82,9.67,11,37.69
45,92,6.42,0,12.16
51,105,7.17,14,41.5
37,113,8.91,9,33.57
50,156,7.79,7,26.92
59,132,8.7,5,26.15
51,126,8.92,3,21.73
39,87,8.67,3,20.84
55,155,9.76,8,33.14
49,87,8.66,13,40.61
21,98,5.6,7,23.41
24,153,9.01,6,27.52
48,111,5.45,2,14.06
38,100,6.99,9,30.88
46,143,6.76,9,31.06
39,102,5.78,7,24.37
26,150,5.54,9,28.0
21,121,6.45,4,19.61
28,114,8.43,12,39.07
53,81,6.03,9,28.01
41,150,9.85,4,24.71
44,155,5.03,3,15.54
45,131,7.85,13,41.25
39,96,7.79,11,35.65
49,88,6.37,1,13.62
30,131,7.98,1,15.82
32,82,7.81,13,38.94
53,101,8.44,9,32.25
27,133,9.37,7,30.22
37,115,5.5,5,20.8
30,118,9.18,12,39.38
51,97,5.1,13,35.34
26,106,5.31,6,20.04
37,146,9.54,1,18.28
57,92,8.53,0,14.48
38,96,8.21,3,19.72
46,140,7.59,3,19.65
36,97,8.9,10,34.82
28,96,8.64,13,40.56
44,135,6.72,11,34.61
33,127,7.48,11,34.33
49,95,7.41,7,27.05
52,104,7.17,1,14.42
44,144,8.41,10,34.35
36,106,9.06,8,31.48
31,93,9.78,13,41.96
52,129,7.07,5,23.12
26,108,8.49,8,30.24
55,107,7.82,9,32.42
53,100,5.9,1,12.66
38,103,6.53,0,11.81
57,125,9.25,14,44.19
33,139,9.04,0,15.36
30,99,9.26,1,17.75
57,131,5.21,3,16.38
46,101,9.95,7,30.18
37,147,7.79,0,13.76
21,95,7.53,10,33.15
45,100,8.67,8,31.28
54,123,5.66,12,35.39
59,141,6.14,10,31.16
30,100,9.71,11,38.22
40,90,6.03,0,10.99
27,139,6.68,14,39.34
36,116,6.23,9,29.28
57,123,7.42,5,24.03
49,101,9.02,2,19.14
32,145,9.19,14,43.84
37,122,6.62,9,28.44
40,154,5.37,13,35.75
46,100,5.56,12,34.87
39,112,9.08,8,31.1
32,96,7.14,7,26.67
41,115,9.11,0,16.31
54,93,5.07,10,29.38
27,116,5.17,7,23.03
55,110,6.58,3,18.86
35,83,6.02,6,22.53
21,85,8.23,13,39.87
46,129,7.93,9,31.88
55,156,9.47,9,35.11
45,117,8.94,9,34.09
35,158,5.5,12,34.0
42,84,9.44,3,22.17
26,117,5.6,6,22.57
35,103,5.98,7,24.16
44,97,7.53,3,19.13
41,111,5.56,1,11.92
27,150,6.13,1,12.22
49,151,7.24,5,23.26
52,109,6.24,0,11.82
52,109,9.73,2,20.67
25,84,5.81,3,15.91
24,83,7.87,11,35.32
42,130,7.49,4,21.4
38,88,7.26,9,30.79
55,134,6.17,12,35.66
37,112,5.95,12,34.36
44,110,6.52,0,12.01
22,133,7.96,0,13.65
33,140,7.9,11,36.41
35,145,8.86,5,25.79
25,99,6.52,0,10.78
23,155,8.55,4,23.64
57,140,9.41,0,16.61
57,115,9.29,0,15.66
57,99,7.33,13,38.83
23,124,8.31,6,26.07
55,125,9.16,13,42.56
43,97,5.78,7,23.43
48,149,9.79,2,20.37
50,153,8.01,5,24.08
38,97,6.41,6,24.13
56,143,7.62,4,22.47
53,113,8.68,1,16.8
46,158,9.11,1,17.82
37,82,6.54,4,19.82
27,151,6.71,11,34.23
28,90,9.09,11,36.98
51,125,9.2,7,29.77
32,121,8.44,9,32.27
51,96,8.42,10,34.48
39,126,6.26,7,26.29
30,109,9.78,6,29.23
59,122,9.25,11,38.73
32,87,9.36,2,19.51
40,119,5.98,13,38.15
57,150,9.92,14,46.36
27,99,7.23,0,12.41
34,155,8.41,10,34.18
31,107,9.49,14,44.71
27,107,5.5,8,26.31
49,138,6.59,10,31.66
30,141,6.84,1,14.75
49,159,8.87,7,31.17
29,153,6.48,9,30.25
56,133,6.95,13,38.64
30,86,6.9,14,40.24
39,147,9.56,8,32.81
51,103,5.02,12,33.11
37,120,5.7,9,29.34
29,133,9.64,8,32.25
53,93,8.05,14,41.51
54,123,5.45,12,34.49
44,128,7.37,6,25.32
29,142,9.68,3,22.87
27,124,8.78,11,36.92
36,151,6.28,9,29.41
39,156,7.17,1,15.29
59,86,7.45,1,15.08
26,82,8.82,1,15.28
31,126,8.89,1,16.34
32,140,6.47,13,37.62
33,150,8.63,5,25.05
32,109,9.87,11,38.76
41,84,5.36,0,8.84
30,151,9.08,6,27.53
40,86,7.97,3,19.54
56,118,6.9,11,34.8
48,81,8.95,6,27.92
44,122,6.63,7,26.16
25,91,6.68,6,22.76
57,107,7.5,14,41.99
32,98,7.29,12,37.2
55,107,5.67,9,28.17
22,155,5.13,7,23.89
59,149,8.16,13,42.09
29,98,6.67,3,18.23
42,143,7.62,5,23.42
25,88,6.03,11,33.4
32,120,7.84,5,23.55
21,129,6.66,11,33.99
42,89,8.05,11,37.19
58,153,8.38,11,37.45
39,133,5.02,3,16.34
36,89,7.16,4,20.42
51,86,8.63,2,18.35
23,111,8.7,8,29.96
43,133,6.9,11,33.44
38,149,9.1,4,23.89
46,142,8.25,5,24.94
33,113,9.95,7,30.16
38,122,7.56,11,35.26
23,84,6.88,13,37.88
43,98,9.6,6,27.83
23,133,7.02,9,30.3
45,93,8.2,10,34.15
47,89,9.13,6,26.35
47,128,7.3,7,26.3
59,90,7.21,1,15.54
45,110,6.44,13,37.5
44,145,9.81,13,42.99
28,89,9.72,2,19.98
29,100,7.33,2,15.86
57,80,6.64,14,40.09
50,125,5.64,9,28.93
39,154,7.39,3,18.56
36,153,9.47,10,36.69
44,99,9.35,6,27.8
41,100,5.58,12,34.17
56,116,7.43,2,17.66
59,93,9.08,1,17.9
26,137,9.18,7,29.84
25,136,9.67,6,28.18
34,136,6.02,12,35.25
24,148,7.07,8,28.64
28,149,9.77,2,21.1
44,103,6.35,7,25.01
31,159,6.67,3,18.43
37,139,6.13,2,15.37
41,102,7.69,4,21.27
46,126,7.65,14,42.62
47,117,9.09,5,26.05
36,159,7.06,4,20.62
46,131,6.25,6,23.51
53,92,9.15,11,37.35
51,87,8.25,8,30.27
26,111,5.78,11,32.51
28,96,7.85,2,18.17
27,84,7.3,12,36.45
54,151,9.23,0,16.38
34,129,8.01,1,15.96
36,91,8.96,14,43.39
29,123,7.32,12,36.47
30,156,9.9,4,24.56
37,147,9.0,9,33.55
32,138,7.99,6,26.18
26,89,9.06,1,18.13
39,127,6.6,11,33.19
49,107,9.89,10,36.74
26,84,7.07,9,30.16
45,123,6.85,3,19.21
44,110,8.94,0,15.49
45,95,8.15,13,39.28
36,102,8.84,14,42.41
36,100,8.9,0,15.12
26,81,8.18,0,13.33
57,102,9.22,14,44.51
41,159,8.63,12,39.15
24,90,7.89,11,34.93
54,152,8.81,7,29.84
48,81,7.49,2,17.22
58,92,7.43,1,15.24
48,124,6.7,6,24.05
37,151,9.24,1,17.42
34,89,6.5,4,18.5
27,100,6.26,6,22.81
42,80,6.1,11,32.22
21,95,8.3,8,29.98
49,122,6.0,13,36.87
51,85,9.34,9,33.81
50,155,8.49,8,31.65
35,90,8.95,8,31.05
38,145,5.7,3,16.97
55,128,5.07,14,38.14
50,99,5.41,3,15.81
54,100,8.39,7,28.33
31,115,5.52,12,34.81
47,117,7.36,5,23.48
44,135,9.02,2,19.53
55,90,6.79,4,19.99
59,97,5.24,14,38.65
28,124,9.42,1,18.03
38,105,8.54,1,16.59
33,138,5.18,12,32.98
44,85,6.62,3,17.3
43,122,6.86,9,30.85
32,131,9.34,14,44.1
50,141,5.43,6,22.99
51,96,8.85,3,21.39
48,156,9.87,12,41.42
42,125,6.93,4,20.56
48,120,5.12,9,28.09
33,92,6.2,14,39.56
45,85,5.63,8,26.11
27,112,8.95,13,40.83
26,83,6.76,2,16.05
44,157,9.49,11,38.9
39,129,9.57,7,29.63
39,127,6.84,2,16.96
56,106,8.02,2,19.16
29,85,9.72,12,40.91
56,137,5.43,12,34.73
58,142,8.86,14,43.38
49,80,5.25,12,33.09
44,107,7.22,3,19.14
25,108,7.56,10,32.92
46,107,7.75,10,33.37
34,153,9.25,5,25.98
59,147,6.03,4,19.52
49,120,7.21,8,28.68
26,134,6.37,12,35.41
27,111,7.95,6,25.46
57,148,7.79,12,38.65
38,101,8.94,9,34.3
43,136,5.89,4,18.24
58,101,9.08,6,27.04
21,145,6.74,14,40.01
24,120,7.84,11,35.3
55,122,6.14,7,25.37
43,113,7.39,2,17.79
47,81,5.83,4,18.06
46,138,8.43,6,27.47
28,115,5.23,8,26.36
36,87,8.01,2,17.86
23,112,8.76,10,34.45
52,112,9.41,8,32.6
25,147,9.09,9,34.13
40,97,9.47,13,42.5
34,143,8.07,6,26.46
52,140,5.26,0,9.06
46,89,9.85,11,38.89
26,129,8.89,0,15.73
56,101,7.97,5,24.59
25,118,7.3,1,14.74
33,144,5.49,4,18.38
52,109,5.05,6,21.75
36,84,7.18,4,20.5
21,105,9.87,10,36.65
33,142,7.63,12,37.08
31,125,6.96,12,36.83
28,110,7.28,0,12.27
45,120,6.49,7,25.33
52,91,9.88,2,20.39
44,96,5.67,10,30.21
48,97,8.48,0,14.71
34,145,7.26,11,36.87
23,118,5.76,11,32.26
56,153,7.94,6,26.96
47,112,7.97,3,20.57
40,154,5.9,13,36.49
35,87,7.3,0,12.96
47,105,9.49,4,25.21
48,155,5.57,9,28.18
45,114,9.88,6,29.33
53,136,5.04,3,15.85
34,158,8.11,12,38.43
28,100,7.81,3,19.72
34,116,5.06,14,37.27
21,84,8.1,1,15.18
36,96,8.98,6,26.75
38,104,5.29,7,24.45
27,140,7.51,6,25.6
35,116,8.65,14,41.84
44,145,8.97,4,24.79
33,92,9.11,11,37.87
29,119,5.41,0,8.99
35,121,8.32,13,40.75
55,149,8.6,3,20.43
44,154,6.37,10,31.97
53,104,9.88,0,16.8
36,121,8.59,0,15.12
28,89,9.59,14,44.54
49,122,8.47,1,16.97
43,147,5.65,12,35.03
51,107,6.3,1,13.68
34,103,7.12,0,11.79
50,120,7.14,1,14.64
59,140,8.23,4,23.84
47,84,7.9,0,13.3
36,90,5.43,11,32.2
26,87,9.2,13,40.61
53,100,9.27,5,25.56
38,143,9.26,1,18.13
36,84,6.1,8,26.82
32,113,6.59,5,21.18
40,88,8.68,0,13.64
49,117,7.03,11,35.37
50,122,7.24,14,40.66
46,89,7.98,2,17.89
42,91,5.17,1,11.32
53,97,5.15,12,33.42
59,91,5.3,6,21.77
49,110,6.11,11,33.58
42,90,9.91,14,44.87
33,106,5.49,3,16.75
29,100,9.42,2,19.29
44,153,5.6,13,36.63
35,92,8.68,11,36.4
56,124,8.18,1,17.46
33,126,8.64,4,22.34
47,104,5.43,3,17.19
57,156,8.76,14,43.67
27,143,6.63,5,21.99
28,149,6.26,13,37.28
57,107,8.12,8,31.06
34,99,5.5,8,25.2
32,120,6.21,3,17.49
56,83,7.76,5,23.17
37,148,8.9,12,38.95
49,103,9.34,2,20.21
47,96,7.13,10,32.82
21,84,9.88,0,16.17
54,136,8.87,7,30.61
24,105,7.01,9,30.73
44,151,6.96,6,24.45
41,152,7.2,4,21.71
53,96,8.74,6,26.79
27,135,6.6,11,33.98
21,87,5.51,5,19.04
23,143,7.81,7,27.67
35,148,8.08,10,33.85
51,89,9.7,8,33.31
36,129,5.67,6,21.9
30,134,7.67,1,15.72
49,93,6.08,6,22.01
26,106,8.78,10,34.29
49,84,6.77,9,30.61
37,158,8.19,4,22.94
42,107,5.86,13,36.2
44,84,7.91,1,15.66
37,91,5.08,5,19.18
41,87,9.2,1,16.92
31,138,7.95,6,26.01
27,144,6.1,6,22.05
59,139,6.67,0,12.32
25,159,5.75,6,23.72
41,134,8.37,1,16.36
38,122,6.87,5,22.12
55,120,9.77,7,31.33
40,89,9.47,5,26.04
35,154,9.07,7,28.89
25,86,6.32,12,34.29
33,100,6.46,8,27.45
32,154,7.04,1,14.0
41,123,9.59,0,17.21
57,116,7.37,13,39.42
26,123,5.48,1,11.88
27,144,6.17,11,33.77
46,85,5.24,2,13.84
28,117,5.29,8,25.97
29,122,9.61,2,19.32
47,136,8.08,11,36.65
24,154,5.51,8,26.4
41,159,7.92,14,42.1
51,149,9.86,2,20.67
41,144,5.08,6,22.24
45,134,8.73,4,22.58
59,114,5.88,2,15.67
35,103,6.89,13,38.03
55,117,5.57,7,24.58
57,82,5.03,3,15.25
48,130,5.5,3,16.08
34,140,7.86,6,25.43
24,119,9.51,4,23.14
40,133,5.11,0,9.89
54,145,5.31,2,13.94
32,139,5.81,6,22.78
53,94,9.87,14,44.2
44,125,5.85,6,22.9
40,134,7.35,6,25.24
25,83,5.21,11,30.94
58,103,9.25,3,23.25
50,119,9.74,13,42.17
44,106,8.78,14,42.99
27,158,7.82,6,25.3
56,131,6.24,3,17.79
58,116,5.89,14,38.61
36,80,7.58,0,13.01
35,155,6.45,2,15.9
43,88,8.35,13,41.04
32,97,6.33,9,29.82
49,118,5.85,14,39.49
35,154,7.91,5,24.19
49,154,8.8,6,27.78
41,109,5.37,8,26.0
35,99,8.1,13,39.26
34,94,9.08,9,33.67
36,143,5.03,11,32.45
35,104,6.12,10,31.12
24,128,6.49,14,38.73
47,146,5.07,5,19.85
43,105,8.39,4,22.06
49,124,7.1,13,38.71
29,85,8.24,6,25.82
27,111,7.02,2,16.8
24,154,5.87,4,17.93
25,156,7.58,14,40.82
25,96,8.62,2,17.8
31,125,5.77,2,13.97
48,132,6.77,1,14.41
36,83,8.67,12,38.88
50,157,8.28,12,38.95
24,107,10.0,12,40.12
22,150,5.87,2,15.02
23,95,6.72,9,30.3
41,157,5.99,5,21.18
26,118,6.22,14,39.57
38,109,5.98,9,28.99
25,158,9.95,2,21.38
29,136,8.23,8,31.09
40,135,5.42,3,16.44
48,118,7.6,10,33.45
46,121,5.41,7,24.09
38,97,6.95,8,28.85
39,154,8.2,12,37.85
23,101,5.24,10,29.28
29,83,5.23,3,15.58
56,82,6.25,1,13.67
51,140,8.3,3,19.79
37,103,9.62,14,44.21
43,157,6.36,11,33.68
54,131,9.78,1,19.69
25,146,7.74,6,25.59
35,110,7.51,6,25.15
23,132,5.52,2,13.71
39,140,9.78,11,38.69
48,137,8.96,3,22.38
23,114,5.02,6,22.11
58,110,8.96,6,28.07
24,136,7.77,13,39.46
44,155,5.5,14,38.32
51,89,8.51,9,32.77
31,97,8.33,6,26.02
57,135,8.41,2,18.74
21,115,9.38,2,19.29
29,130,8.8,4,24.14
37,140,9.55,14,45.15
21,98,6.91,9,30.35
23,90,7.81,0,13.08
46,84,9.93,2,20.76
51,124,7.95,8,30.94
46,124,7.11,12,36.73
43,127,7.34,7,26.55
50,93,8.69,3,20.48
30,107,6.83,3,18.15
28,88,5.24,2,14.27
45,138,9.57,6,29.73
42,117,7.41,9,31.7
35,104,7.59,7,27.34
30,151,6.81,12,37.14
40,127,9.6,7,30.58
43,98,5.92,4,19.14
21,81,6.95,0,13.23
22,85,6.9,8,27.29
39,109,7.51,12,36.85
34,140,9.85,5,26.33
28,81,6.0,12,34.65
58,130,8.18,11,37.13
32,92,7.79,12,37.02
46,128,6.31,14,39.92
47,87,7.07,11,34.66
49,88,7.11,8,29.0
35,102,6.16,12,34.69
21,151,7.42,2,17.05
48,152,5.93,9,29.55
23,95,6.03,11,32.19
38,95,9.25,4,23.24
54,91,9.67,9,34.97
52,90,6.95,8,28.13
49,92,5.05,6,21.69
45,114,9.45,2,19.37
46,122,8.96,7,29.82
59,109,7.08,6,24.95
28,139,8.1,4,21.82
39,146,9.57,14,45.34
42,108,9.94,4,24.95
49,104,7.33,13,38.75
53,145,7.35,8,29.33
58,84,9.36,6,27.68
55,84,8.73,8,30.84
23,128,8.98,13,41.0
39,105,8.09,13,39.5
30,150,6.82,11,34.22
47,109,5.95,6,22.91
35,107,9.76,12,39.98
31,93,5.76,4,18.92
46,97,7.24,7,26.45
44,136,7.39,14,41.38
33,104,9.45,5,26.67
52,149,8.55,13,41.29
57,84,6.2,2,14.78
24,132,6.0,14,38.82
33,118,9.74,11,38.79
29,136,5.22,10,29.15
54,90,9.47,11,37.95
57,148,6.09,12,35.73
27,104,5.45,11,31.82
21,109,6.42,4,18.76
32,81,7.76,13,38.37
41,115,9.3,1,17.63
31,116,8.38,9,32.43
34,81,8.87,11,37.3
54,126,9.57,8,31.71
54,138,5.03,1,11.94
45,83,8.26,5,24.94
24,146,6.93,4,21.71
46,125,8.06,11,35.16
36,115,5.26,4,18.02
30,144,5.75,14,38.43
22,135,8.59,1,16.36
55,155,9.41,1,19.15
39,114,7.49,4,20.96
26,102,5.97,0,11.35
39,157,8.68,11,37.39
28,123,5.26,2,13.95
34,80,8.64,2,18.34
30,145,9.04,12,40.61
23,91,5.3,1,10.62
58,92,7.02,7,26.65
49,106,5.61,10,30.04
35,99,9.1,12,38.72
43,85,9.1,11,37.05
43,87,9.61,6,28.01
38,100,5.66,3,16.03
39,100,8.6,5,24.78
48,124,9.45,3,21.27
46,149,7.2,5,23.79
30,123,6.64,5,22.78
24,138,8.57,6,26.62
22,109,7.03,8,28.45
23,89,7.23,11,34.28
27,154,8.61,9,31.98
36,80,7.26,11,33.95
51,89,9.12,0,14.9
30,104,8.53,12,38.26
39,159,9.73,7,32.0
48,153,7.69,14,41.58
37,93,8.29,10,33.84
48,82,5.3,14,37.86
39,147,8.86,8,31.32
57,119,8.11,4,22.85
43,112,7.4,5,23.56
40,158,9.86,2,21.49
33,86,6.98,11,33.21
33,82,5.68,12,33.75
31,116,6.4,2,15.22
35,105,9.55,7,29.59
37,104,6.05,3,17.01
48,119,9.83,1,19.38
39,122,8.4,7,28.75
24,123,6.01,1,12.23
42,150,5.33,2,14.63
42,108,7.36,7,27.32
57,136,7.51,9,31.99
59,88,6.74,9,30.57
54,101,5.23,3,16.01
53,155,9.62,11,39.97
53,149,7.99,7,28.37
32,85,7.42,12,35.89
22,106,6.78,6,23.15
48,131,8.38,1,17.68
30,149,7.64,10,34.04
42,128,9.24,9,33.72
37,102,7.78,8,29.72
46,100,7.61,6,25.06
23,153,5.99,4,18.3
27,87,5.37,0,9.79
28,133,6.06,6,23.35
40,93,5.81,11,32.66
32,110,8.62,11,36.21
55,130,6.28,1,13.33
37,141,8.38,13,40.82
48,97,7.91,2,17.59
30,126,6.25,5,21.31
42,131,8.06,1,17.49
58,116,8.48,8,31.85
53,109,5.09,3,16.1
42,109,7.79,7,28.01
57,154,8.86,8,32.05
33,127,5.57,2,14.59
47,118,6.96,1,13.9
35,106,6.48,0,11.66
42,95,8.19,7,27.96
50,111,8.81,9,33.47
57,108,9.82,8,33.18
54,131,7.49,12,37.04
54,153,8.59,4,22.86
55,154,7.62,12,37.88
39,94,6.79,7,25.9
28,123,6.02,13,36.49
59,102,9.44,9,35.8
53,127,7.92,0,14.78
48,102,8.2,10,33.66
57,150,8.08,6,26.74
45,93,6.19,14,39.05
56,152,6.61,3,18.81
37,133,9.22,13,41.4
44,149,7.25,11,35.18
41,122,5.07,10,28.84
22,124,7.18,3,18.21
51,101,6.16,6,22.89
53,140,9.31,12,40.33
50,97,7.56,0,14.08
32,123,9.97,1,19.2
32,152,5.16,3,15.64
44,97,7.76,10,33.37
44,136,5.26,1,11.74
31,94,6.42,7,25.54
33,152,6.15,8,26.82
47,137,6.41,9,30.4
28,81,9.9,9,34.88
30,93,6.39,0,10.84
28,100,5.82,6,22.13
40,122,9.76,6,28.87
28,124,8.13,13,39.36
29,113,6.43,12,35.19
27,150,8.3,8,30.63
34,158,8.94,9,33.02
48,91,5.08,2,13.11
22,86,6.17,0,10.55
28,148,7.85,8,29.15
33,107,7.55,12,37.97
41,104,7.11,11,34.12
48,145,5.15,10,30.53
55,130,9.76,2,21.04
43,152,8.58,13,41.03
35,113,9.98,6,29.21
22,125,9.37,14,44.4
32,126,7.87,3,20.36
56,111,6.76,13,39.13
23,91,5.82,9,28.94
25,98,6.06,2,13.6
23,126,9.34,7,30.47
39,117,9.31,3,21.62
22,89,9.3,5,25.65
57,89,9.3,9,33.92
37,120,5.93,14,38.69
34,134,9.27,14,44.3
48,150,5.63,4,18.99
47,153,7.07,0,12.7
30,122,9.96,10,37.41
23,117,8.49,3,20.39
56,106,8.23,6,26.52
58,111,6.13,1,14.02
45,150,8.68,3,21.3
42,127,7.74,0,13.32
59,105,7.41,13,38.7
50,137,6.17,0,12.1
41,155,5.62,0,10.34
50,103,6.14,1,14.39
48,133,7.53,3,20.29
51,125,9.82,11,39.35
46,137,6.26,4,18.73
42,111,8.39,7,28.3
41,95,5.88,5,20.49
21,149,7.04,10,31.83
57,144,6.38,5,22.39
33,92,6.73,1,13.43
41,85,6.11,4,19.8
29,91,9.87,14,43.83
37,88,6.66,6,24.6
41,138,9.36,7,29.69
51,146,6.69,0,12.08
59,103,7.56,1,16.08
42,94,9.57,6,28.63
32,142,6.09,3,17.06
26,129,7.3,11,34.65
36,100,9.74,11,38.0
46,80,9.26,2,19.36
25,90,7.7,14,41.47
29,146,6.2,12,35.96
34,101,7.73,2,17.89
50,153,9.18,8,32.77
46,86,8.4,2,18.81
49,128,7.54,14,41.93
39,80,6.22,6,22.06
28,144,8.18,5,23.64
43,142,6.49,13,37.62
55,143,5.06,10,29.76
51,105,6.9,9,31.76
55,96,6.01,12,36.36
52,90,9.47,4,24.09
25,146,5.6,7,23.59
36,89,6.7,2,14.61
37,145,6.07,13,37.61
52,111,5.84,3,17.3
58,95,7.48,5,23.68
52,105,9.91,6,29.17
40,153,6.91,5,22.16
22,135,7.44,8,29.07
40,88,8.18,13,40.74
38,84,8.46,11,35.21
21,86,7.25,11,33.51
49,144,5.4,14,38.28
49,91,9.2,2,20.22
39,159,7.76,12,37.51
26,127,7.34,1,15.61
59,151,9.21,7,30.71
28,104,7.99,5,23.17
44,92,6.06,3,16.92
40,120,7.12,10,32.87
34,89,8.44,2,18.28
25,119,9.93,14,45.04
54,112,8.06,1,16.54
36,114,5.97,5,19.6
27,116,5.09,1,11.59
36,95,6.52,4,19.21
27,151,7.14,7,26.9
47,112,8.11,11,36.4
34,132,5.97,12,34.5
34,114,5.42,4,17.59
53,134,6.12,0,11.66
53,155,7.67,2,17.95
40,158,5.65,14,39.27
56,96,5.77,1,13.52
27,106,9.48,2,20.24
52,100,5.45,10,30.67
23,100,8.49,4,21.81
59,96,5.12,2,14.12
49,106,7.93,5,24.91
44,155,9.12,7,29.61
42,127,7.67,2,16.96
26,123,6.28,1,13.42
44,115,5.1,10,31.02
43,107,5.05,3,14.75
58,104,9.11,8,31.45
30,152,8.14,7,27.77
36,126,7.28,14,40.81
31,102,7.53,0,14.12
52,154,7.65,3,20.35
26,129,6.79,0,11.78
44,144,9.15,10,36.1
53,95,9.97,1,18.98
32,129,7.56,4,22.11
47,92,7.47,10,32.01
58,159,9.63,14,45.04
38,159,8.31,4,22.47
59,114,8.19,2,18.73
33,111,5.31,2,14.0
50,104,7.45,5,23.29
33,122,8.01,10,33.74
54,107,9.09,9,34.43
56,145,8.67,14,43.5
50,146,9.95,9,35.44
45,112,5.39,1,12.11
22,126,7.73,5,23.87
56,114,5.56,2,14.14
38,143,9.02,10,35.67
25,91,7.88,3,18.19
39,132,6.37,3,17.7
38,123,7.2,7,27.35
52,125,9.66,6,29.42
41,90,8.9,12,39.36
30,149,7.66,9,31.93
57,125,9.01,5,26.18
42,138,5.15,0,10.59
33,138,9.49,12,41.4
37,113,8.76,5,24.94
29,100,8.98,4,22.52
44,151,7.68,8,29.44
34,131,8.47,8,30.13
28,127,8.21,9,32.53
57,157,9.07,10,37.51
39,98,8.52,12,38.91
48,83,7.51,5,22.72
50,111,5.43,8,26.67
27,107,9.97,1,18.46
46,155,6.76,12,37.32
31,137,8.8,7,29.15
34,153,8.06,14,42.47
41,120,9.89,5,26.06
28,112,9.82,6,28.34
23,93,7.17,10,31.11
48,132,9.26,5,26.11
49,155,5.6,5,20.56
43,121,6.06,12,36.08
38,115,7.87,8,30.17
55,104,6.06,8,27.08
33,131,5.59,11,32.37
32,119,6.01,1,13.54
25,149,6.66,13,36.98
59,159,9.91,5,27.75
31,141,5.44,14,37.68
31,88,5.43,1,12.3
51,157,5.22,10,30.18
51,148,6.2,12,35.85
33,100,5.56,10,30.34
34,132,5.22,0,10.52
45,149,7.23,12,37.53
53,80,9.02,11,38.45
53,110,5.5,11,32.08
35,124,5.53,5,20.33
36,107,9.06,6,27.4
58,82,6.64,12,35.04
26,119,7.5,1,14.68
45,83,8.9,7,29.16
35,149,7.04,10,31.22
24,155,5.1,5,19.09
24,91,7.08,3,18.03
50,141,9.43,11,38.19
54,150,5.61,6,22.98
47,127,8.38,7,29.78
51,86,7.49,4,20.87
52,136,7.66,3,19.76
59,135,9.15,5,25.79
29,146,8.93,8,32.34
28,92,9.92,12,40.15
34,131,5.84,6,23.17
53,142,6.27,0,11.7
43,120,8.73,14,43.23
41,154,9.2,12,40.59
32,102,9.11,5,24.86
22,126,7.28,7,26.65
33,144,5.54,5,20.4
24,110,6.83,8,27.47
40,115,6.4,5,21.59
34,93,7.55,2,17.96
50,116,5.82,7,25.34
49,111,8.2,10,34.03
28,132,9.83,12,41.01
32,107,8.68,10,35.09
58,144,9.92,13,43.0
46,126,8.56,2,19.03
22,150,8.71,13,40.97
34,159,7.66,3,19.56
26,111,9.74,4,24.85
51,103,6.8,11,33.56
37,93,8.82,8,29.97
45,126,5.01,13,36.3
52,158,9.05,3,21.79
32,80,6.47,7,25.83
33,98,5.42,5,19.53
39,137,8.62,5,24.78
45,86,7.61,11,35.64
51,156,6.43,11,34.66
57,143,8.77,6,27.58
45,97,7.13,4,21.11
36,142,8.25,9,32.36
58,147,9.99,3,24.07
43,129,5.02,7,23.7
34,147,9.24,9,34.19
26,95,7.79,1,15.27
45,93,6.86,14,39.44
43,141,9.76,9,34.75
32,157,9.7,3,22.47
33,86,5.3,0,10.18
56,135,8.48,8,30.62
59,93,8.02,11,36.32
54,121,8.39,12,38.37
26,149,9.74,10,35.97
58,141,9.95,12,41.96
28,122,6.23,5,21.25
28,136,6.47,13,37.43
53,154,8.67,5,25.42
54,110,8.51,0,14.98
35,130,5.73,14,39.06
56,146,9.74,0,16.48
55,80,9.03,9,33.78
42,159,6.66,3,18.86
43,123,7.9,11,36.59
42,129,8.62,1,16.95
25,139,9.41,0,15.62
51,82,9.95,5,27.34
33,151,8.53,0,15.6
48,159,7.93,14,41.83
40,133,9.78,10,37.61
53,81,7.58,4,20.81
36,108,6.14,5,21.61
49,95,5.47,4,18.3
43,138,5.79,3,17.01
44,90,7.96,8,29.24
54,103,8.36,0,14.98
27,111,8.87,1,17.37
58,153,6.51,4,20.34
57,133,6.85,13,38.17
24,135,8.98,1,16.38
54,150,5.73,13,37.62
42,159,9.3,1,17.76
25,122,6.41,7,24.66
43,132,7.3,6,24.7
35,80,6.14,10,30.93
51,140,5.72,12,35.95
29,113,8.78,7,28.73
45,140,8.97,0,15.34
45,140,6.63,13,38.54
41,87,9.51,1,17.27
29,133,8.39,12,37.98
58,132,7.62,5,23.97
42,99,9.24,0,16.5
43,125,9.39,4,24.64
24,110,8.0,10,34.77
49,105,7.92,12,37.62
35,142,8.42,5,24.89
21,99,7.85,4,20.04
50,101,7.9,14,41.85
49,136,7.99,10,34.19
40,136,6.61,9,30.64
53,105,8.77,13,41.19
56,96,6.79,1,14.49
42,106,8.24,3,19.95
33,146,8.63,11,37.67
27,135,7.78,13,39.81
28,103,6.16,3,17.18
48,104,7.89,5,23.85
29,89,9.09,9,32.82
45,115,5.4,8,26.35
36,124,8.29,1,16.17
30,96,5.54,11,31.74
31,157,8.24,3,20.8
51,137,6.39,0,12.99
32,102,9.45,0,15.94
51,87,6.98,6,24.28
34,129,6.92,2,16.88
52,95,9.27,12,39.65
37,122,9.82,4,24.89
55,125,5.14,9,28.96
21,128,7.45,13,39.08
49,94,7.83,5,24.27
24,128,9.63,9,34.1
43,100,7.97,2,17.6
48,154,7.89,5,24.4
36,85,8.7,13,40.56
32,134,8.96,7,29.4
41,159,7.34,6,25.07
37,155,5.81,11,32.76
33,94,9.28,0,15.33
52,90,5.82,1,13.04
57,118,9.9,2,21.49
35,153,6.81,7,26.27
32,130,9.76,6,27.89
35,116,8.51,3,20.81
54,128,9.33,1,18.08
26,136,9.71,8,32.3
37,144,8.35,2,18.19
40,96,8.9,7,29.36
29,142,6.02,10,31.98
25,93,6.91,2,15.37
43,117,7.0,0,11.63
53,104,5.85,2,13.81
58,116,7.8,8,30.68
34,135,8.73,5,24.29
37,86,6.26,3,17.93
39,90,8.63,7,28.11
53,153,9.13,5,26.35
21,157,5.08,8,26.04
33,114,9.2,1,17.67
47,115,6.08,5,21.14
26,149,5.08,6,21.24
26,131,9.01,0,15.62
53,148,8.94,10,36.32
50,121,5.07,11,31.93
55,150,5.36,10,30.59
43,94,9.61,3,22.14
30,100,9.53,8,30.75
39,80,7.61,13,39.22
48,147,9.27,10,36.82
43,90,6.49,8,27.22
24,89,5.77,4,18.5
40,124,9.88,7,30.44
39,135,7.89,10,34.46
47,98,6.48,9,28.89
54,121,7.59,9,31.44
24,120,8.01,10,34.0
58,99,6.66,12,35.85
27,106,8.84,10,33.49
27,91,5.2,12,33.75
46,157,6.21,4,19.63
46,143,6.56,2,16.08
39,117,8.62,2,19.23
29,145,8.98,0,15.61
40,137,8.13,9,32.55
36,90,6.66,5,21.22
37,109,6.31,9,30.29
42,143,6.98,2,17.03
33,127,7.2,14,41.43
32,119,7.97,13,39.49
30,147,8.39,0,14.51
21,100,6.89,3,17.52
52,84,5.6,7,23.92
50,115,7.2,6,24.56
28,86,6.81,5,22.17
41,139,5.3,0,9.95
42,135,6.03,14,39.5
38,110,7.07,0,11.9
22,104,7.77,13,38.74
29,135,7.72,1,16.21
23,158,6.06,8,27.45
46,153,6.15,8,27.64
41,113,8.55,12,38.51
50,123,6.71,12,35.85
48,86,5.95,11,32.95
56,130,7.27,8,28.54
46,104,7.47,13,39.77
54,107,6.0,2,15.86
28,121,7.34,7,26.7
30,106,8.74,8,30.74
34,116,5.85,12,34.88
35,134,6.79,9,30.36
37,117,5.51,14,38.52
38,135,6.08,3,16.86
52,113,7.16,13,39.48
58,108,9.87,3,23.56
43,127,8.49,13,41.3
43,151,9.66,14,44.36
55,156,5.52,9,28.31
59,125,9.71,0,17.06
35,116,7.56,14,41.58
44,82,6.41,7,25.11
48,157,9.22,14,44.12
36,156,8.01,5,25.3
36,129,5.45,3,16.14
59,100,7.68,0,13.41
26,127,8.21,2,17.03
22,137,5.09,6,22.02
33,110,7.75,1,16.16
29,86,6.82,8,26.94
54,136,7.28,2,16.74
37,115,5.54,5,21.27
47,103,7.51,4,21.82
49,103,9.92,10,36.26
57,135,8.69,13,41.69
42,140,9.64,2,20.86
44,156,6.39,3,17.49
27,149,6.91,7,27.0
54,107,8.25,0,15.13
32,111,8.7,10,34.14
43,156,6.52,8,28.46
35,157,6.74,3,18.05
53,124,5.66,3,16.65
33,148,8.39,10,34.55
43,147,6.74,1,14.28
58,157,5.69,4,19.88
52,97,8.17,7,28.72
55,154,5.06,12,34.76
21,81,9.75,0,16.07
25,82,8.21,2,17.49
33,108,8.04,13,40.43
25,127,8.24,6,26.67
52,144,6.58,5,21.49
41,121,6.17,8,27.8
44,85,7.68,9,31.24
38,138,9.72,13,42.76
41,98,6.41,8,27.02
30,131,8.58,4,22.39
44,140,9.87,11,39.72
41,81,7.75,6,24.6
45,158,7.29,14,41.63
43,102,8.74,2,18.62
42,98,5.71,3,16.83
24,149,5.17,9,27.0
54,129,6.76,12,36.02
26,140,9.19,11,37.52
48,98,5.39,1,12.42
51,101,7.96,14,41.54
55,82,5.26,8,26.02
59,84,7.5,13,39.82
43,146,5.65,11,32.87
26,139,8.04,5,23.89
36,118,6.55,8,28.06
22,107,6.85,13,37.38
44,80,5.31,2,13.28
37,101,8.88,8,30.43
21,124,8.01,2,18.47
26,130,7.91,8,29.98
25,130,8.29,11,35.56
49,107,8.32,7,28.21
32,109,6.76,5,21.97
59,87,6.37,6,23.58
23,120,6.49,6,23.6
21,104,9.06,5,24.76
47,138,5.85,9,29.63
44,156,7.43,8,29.07
39,113,8.13,8,30.75
28,118,7.58,0,13.13
22,150,7.77,3,18.89
50,125,9.2,1,18.09
50,117,6.65,9,29.72
59,112,6.73,12,36.68
52,101,5.83,11,33.49
21,106,8.75,3,19.73
58,142,6.04,14,39.95
33,106,7.6,12,37.09
31,100,9.27,5,25.11
30,132,5.49,13,36.67
46,114,5.84,6,22.92
40,126,5.92,4,19.09
37,129,5.67,13,36.9
37,89,9.72,13,42.41
24,107,8.7,14,43.83
25,116,7.27,9,31.27
43,120,6.49,8,26.91
30,140,5.58,12,34.99
48,130,5.12,14,37.82
53,87,8.25,8,30.0
46,137,7.53,3,18.99
49,140,7.96,11,37.05
47,112,5.84,0,10.19
38,98,7.94,0,13.67
30,109,6.02,13,37.28
25,157,5.21,11,32.02
30,93,9.36,0,15.15
41,115,9.14,12,39.56
44,86,7.94,2,17.44
58,113,9.57,10,36.32
23,129,8.86,1,17.55
51,111,6.37,8,27.18
57,121,9.57,4,24.82
22,112,6.94,8,28.44
22,93,9.92,9,33.7
59,107,8.49,4,22.93
54,118,6.04,14,39.17
40,110,6.98,11,34.72
53,103,8.33,11,35.89
24,83,8.94,13,41.51
31,157,7.88,6,26.36
25,88,8.7,2,17.72
45,149,7.41,4,21.19
57,103,6.43,11,34.12
54,144,8.52,8,31.85
29,96,9.12,7,28.84
26,116,6.59,4,19.25
38,129,7.14,11,35.05
34,124,6.69,1,13.71
39,99,5.73,14,37.99
34,138,8.83,14,43.66
37,138,7.55,7,27.56
55,90,5.81,13,38.01
49,134,6.73,10,31.83
37,144,8.7,6,26.43
28,156,6.89,8,28.08
21,137,5.36,8,26.61
56,123,5.53,12,34.84
27,156,9.99,4,25.3
25,93,7.14,8,28.42
44,155,8.18,14,42.29
48,131,8.1,5,24.6
37,113,5.83,14,38.82
57,142,6.99,13,39.57
40,106,8.57,6,26.72
23,91,7.12,11,33.7
57,117,7.95,1,16.02
46,135,6.85,4,20.91
35,144,6.33,5,20.82
28,119,5.09,14,37.24
33,100,7.12,2,17.09
23,111,6.98,13,37.97
21,91,7.3,1,15.15
29,105,5.03,13,35.79
51,115,7.59,9,31.83
46,95,5.59,10,30.3
37,157,7.48,12,38.17
54,113,6.71,8,28.24
29,103,5.22,8,24.8
33,151,5.83,13,37.18
25,118,6.29,1,13.21
33,143,6.17,1,13.65
21,156,8.02,1,16.43
45,108,5.22,6,22.12
24,110,7.22,1,14.26
56,142,9.08,10,35.68
30,122,6.43,14,39.45
48,98,8.02,7,27.3
26,89,9.61,5,25.01
47,135,8.94,4,23.19
32,139,9.16,6,27.6
23,122,7.19,8,29.3
53,127,5.42,8,27.03
30,119,7.43,10,32.8
51,113,5.36,3,16.42
35,80,7.49,7,26.24
27,98,7.49,14,40.94
56,80,9.09,14,43.85
34,104,7.73,13,38.49
34,147,5.5,13,36.65
23,107,7.28,0,12.63
23,124,8.66,2,18.15
42,103,5.52,1,12.99
39,123,7.45,8,29.47
55,81,7.52,6,24.95
32,102,9.66,3,22.16
25,157,8.89,2,19.07
30,141,6.22,10,30.9
53,94,9.04,6,27.31
33,111,7.14,8,29.42
55,83,7.49,9,30.5
52,110,6.85,4,20.33
31,138,5.45,13,35.74
58,150,9.95,6,29.48
44,80,5.43,0,10.28
55,148,5.42,8,26.87
39,93,5.6,11,32.24
26,102,6.38,4,19.0
55,150,7.73,9,32.13
24,95,8.87,2,19.0
53,88,8.82,10,35.34
33,110,7.51,6,25.47
56,140,9.23,5,26.51
39,124,5.11,10,29.47
32,86,5.2,8,25.94
31,136,8.23,7,27.16
26,143,7.32,11,34.97
32,81,7.52,14,41.8
47,85,6.09,7,25.06
45,140,9.19,12,40.54
23,113,7.52,5,22.04
23,96,6.05,4,19.22
40,105,5.69,5,21.31
48,155,9.98,0,17.75
43,99,8.64,9,32.87
23,120,7.66,1,14.75
44,137,7.83,5,24.03
26,133,5.55,4,18.3
40,108,8.61,12,38.56
31,127,9.6,0,16.45
52,156,9.49,5,27.25
47,101,8.94,12,39.65
41,151,8.26,11,36.56
33,150,6.34,1,13.83
42,84,6.72,3,17.49
55,131,9.16,14,44.83
42,80,8.58,8,30.37
48,124,9.95,5,27.44
41,119,5.43,2,13.43
38,143,6.74,8,28.06
51,90,9.4,0,15.41
57,131,5.13,2,14.27
41,86,6.68,4,19.4
34,130,9.87,2,21.23
45,100,7.73,5,24.11
47,118,6.54,4,20.28
43,123,9.65,9,34.12
51,136,6.74,11,34.6
49,120,5.67,1,12.2
50,118,7.9,7,27.48
46,99,8.57,1,16.26
40,101,5.4,9,27.79
58,108,8.11,9,32.18
39,125,6.86,1,14.08
47,147,5.62,5,20.78
45,82,8.18,2,18.82
58,152,6.35,1,14.88
43,84,5.85,1,13.02
49,135,5.47,8,26.28
35,146,7.01,13,38.23
23,111,8.1,8,30.31
30,120,9.88,6,28.05
35,108,6.69,8,27.56
36,145,8.06,1,16.61
37,90,5.59,1,11.85
39,138,9.68,2,21.18
31,83,8.7,9,32.13
25,133,8.56,7,28.45
25,146,7.74,4,20.74
34,81,7.82,0,13.38
46,157,7.23,13,38.06
28,127,5.23,11,31.08
25,147,5.35,0,10.32
27,123,5.96,6,23.03
36,141,5.94,14,38.88
34,98,5.29,13,35.28
57,123,7.48,5,23.15
24,110,7.54,10,32.47
56,141,8.0,10,34.87
37,94,8.94,5,24.2
56,108,9.68,9,34.92
26,146,9.74,4,25.19
36,126,9.5,1,18.05
49,86,8.71,8,31.29
56,147,8.35,3,21.25
58,80,5.59,1,12.92
57,150,8.28,2,20.16
30,101,5.78,11,32.78
56,136,8.73,7,28.42
49,152,5.81,9,28.28
34,137,8.41,3,20.66
24,106,5.36,2,12.85
56,117,6.57,2,16.31
33,155,6.87,9,30.44
38,92,6.57,9,30.28
53,94,6.55,5,22.16
41,159,7.66,9,31.48
36,152,9.12,14,44.25
35,127,9.37,9,34.24
25,94,5.37,8,25.49
26,119,5.96,6,22.38
58,109,6.55,4,20.47
23,102,8.42,9,32.05
32,88,7.01,2,16.44
56,111,7.38,9,31.2
53,114,8.92,0,15.44
56,128,8.21,8,31.53
53,124,7.94,2,18.71
51,95,7.9,2,18.04
41,111,6.0,11,33.58
47,104,5.55,7,24.14
47,116,6.63,13,39.03
28,116,8.84,1,17.55
57,114,9.27,8,31.34
52,124,8.99,3,21.54
46,87,5.79,7,24.11
22,126,9.59,9,34.01
32,115,6.94,14,40.78
42,89,9.19,13,41.1
37,80,8.13,10,33.78
27,147,8.97,12,40.25
24,154,5.15,7,23.37
57,94,7.17,12,36.36
58,158,8.03,11,36.62
52,82,6.85,12,35.02
31,111,8.95,6,26.63
21,99,8.62,7,27.86
45,135,6.95,11,33.56
44,157,7.19,8,29.09
37,121,7.46,2,17.18
28,152,7.73,4,21.42
47,139,6.49,2,16.04
38,135,6.15,0,10.58
47,126,5.56,13,37.55
42,103,5.7,14,38.28
36,120,7.34,5,23.33
22,83,8.32,8,30.26
25,155,8.33,14,42.34
38,130,7.28,0,12.91
23,80,8.09,7,27.84
47,93,9.8,9,34.28
37,89,9.91,2,21.38
36,115,9.22,5,25.41
26,121,9.57,8,32.84
27,127,5.68,8,26.84
34,97,6.39,14,39.52
58,155,9.77,1,19.56
35,139,5.65,10,31.01
53,107,9.37,3,22.2
47,132,7.2,1,14.72
49,88,9.87,10,35.84
57,103,8.58,4,22.78
25,99,6.69,0,11.92
49,148,5.59,1,12.6
52,106,6.19,11,32.37
26,119,8.52,13,40.31
22,150,6.61,1,14.22
26,133,9.75,2,19.83
24,94,7.67,2,17.06
49,130,7.62,5,23.46
45,148,9.04,9,34.09
29,119,8.99,5,25.73
23,148,8.44,1,17.27
46,122,9.76,0,17.62
47,143,7.9,13,40.65
56,86,9.5,12,40.54
52,81,7.35,11,34.13
21,109,8.81,3,20.28
36,154,6.17,7,26.55
31,131,9.25,13,41.83
46,112,6.76,8,28.03
21,88,8.63,5,23.72
46,90,6.61,10,32.09
48,155,9.77,14,45.21
29,89,5.95,13,35.91
42,133,7.64,6,25.37
28,154,6.97,11,34.63
47,99,7.67,8,29.91
59,84,6.15,6,22.92
39,103,7.52,12,37.74
45,111,5.66,10,30.71
58,110,6.16,9,29.45
41,123,8.36,4,22.22
44,157,7.34,11,35.95
44,98,7.48,14,41.59
39,103,9.66,7,30.63
22,91,6.08,7,24.63
34,129,7.76,14,41.24
52,104,7.66,8,29.33
52,130,7.23,1,14.96
48,93,9.15,3,20.95
59,151,7.83,11,36.63
33,108,9.1,5,25.35
32,104,9.3,9,33.73
28,138,5.36,5,20.63
35,136,9.69,0,15.71
46,91,8.82,2,18.98
32,129,7.42,14,40.89
47,91,9.1,14,43.99
38,127,6.15,11,32.63
56,129,9.1,6,28.05
47,98,7.78,4,21.51
29,132,7.22,11,34.41
59,114,7.85,3,20.26
21,106,8.58,11,36.3
27,146,6.39,13,37.13
46,156,5.49,6,22.22
27,130,9.53,12,39.49
27,98,9.75,8,32.17
28,122,8.12,3,20.03
36,114,7.55,11,34.61
23,94,5.27,1,11.79
30,95,7.08,3,17.56
27,148,6.7,11,33.72
41,150,6.92,2,16.92
57,120,8.6,2,19.81
51,133,6.81,9,31.16
43,144,8.96,8,32.06
47,109,9.95,11,37.95
42,98,7.73,8,29.34
59,125,6.39,13,37.43
47,139,9.79,14,45.14
24,158,8.66,3,20.0
44,103,6.12,8,26.8
43,115,9.97,12,40.52
39,128,5.05,13,35.76
23,138,7.88,11,35.68
47,93,8.42,2,17.48
23,118,5.91,0,10.18
48,87,5.26,1,11.98
37,127,5.04,4,17.07
51,159,9.63,10,37.79
30,148,7.91,14,42.86
42,120,5.86,12,34.51
50,114,8.08,12,38.3
41,143,5.01,8,26.73
56,132,6.87,13,38.98
43,133,8.84,14,43.71
58,116,5.5,0,10.06
32,131,8.02,11,36.25
45,97,6.58,12,35.43
40,100,5.49,3,16.43
27,121,9.12,6,27.22
49,144,7.74,4,21.95
49,87,8.96,12,38.92
33,118,9.84,5,25.8
23,140,5.92,11,32.87
22,139,5.68,10,30.06
36,148,9.9,11,38.94
50,138,6.17,9,30.12
58,89,7.13,9,30.16
26,142,9.18,1,17.76
27,149,6.15,14,40.35
25,86,8.56,5,23.7
27,114,8.93,9,31.76
54,121,7.48,13,40.47
52,108,7.44,2,17.46
33,106,6.14,5,21.23
50,117,8.13,1,16.54
45,81,6.0,10,30.13
41,104,6.31,2,15.06
41,145,7.98,11,36.22
48,117,6.39,0,10.57
40,138,7.32,14,41.77
54,86,9.75,7,30.65
25,128,7.97,6,25.97
38,147,8.75,9,32.98
59,120,8.51,0,14.28
31,153,9.76,9,35.93
37,130,5.53,8,26.4
42,103,5.92,8,27.26
57,115,8.43,2,19.19
40,159,9.23,7,30.54
26,89,8.73,13,41.07
54,100,5.74,6,22.0
34,106,8.4,9,31.68
43,134,8.14,7,27.54
40,84,7.68,1,15.0
33,138,7.82,9,32.15
52,115,8.04,0,13.89
46,153,5.91,11,33.42
34,113,6.66,6,24.26
56,131,8.06,9,30.96
28,85,5.4,13,35.65
42,93,8.55,2,19.78
42,138,8.73,0,15.09
36,136,5.72,7,24.48
47,116,6.42,0,11.2
30,137,6.16,6,23.4
45,111,6.05,10,31.73
51,99,6.83,12,36.09
41,158,8.77,7,28.91
47,140,7.03,4,21.4
37,136,7.67,7,27.26
53,131,5.61,3,16.81
51,127,8.07,3,21.24
46,158,10.0,13,43.59
41,90,8.65,12,39.21
56,109,7.42,12,37.77
21,139,7.36,0,12.54
24,97,9.61,5,24.73
24,156,7.04,12,37.41
46,153,8.63,6,27.07
24,126,8.05,11,36.33
29,91,8.13,13,39.92
50,129,5.42,4,18.73
24,119,8.33,2,17.73
25,143,8.21,5,23.68
43,98,8.71,7,28.32
36,106,8.39,5,24.62
42,131,9.4,12,39.77
57,159,9.99,3,24.54
28,86,5.95,9,29.49
53,142,9.44,3,22.46
58,156,6.46,14,40.12
36,134,6.31,12,36.42
25,155,6.12,13,36.62
36,110,7.73,8,29.65
27,90,7.63,8,30.26
21,96,9.25,13,41.43
29,145,7.2,2,16.91
38,146,8.92,8,31.66
23,111,9.87,4,24.78
44,103,5.97,1,12.14
48,92,5.42,1,12.48
30,101,6.75,0,11.13
29,98,9.79,4,23.72
33,132,8.91,7,28.92
55,118,7.27,13,39.08
43,100,5.47,8,25.54
37,95,6.48,7,25.32
27,86,9.43,5,25.63
36,157,5.77,11,33.58
56,105,8.27,2,18.18
40,155,8.07,11,36.81
44,110,6.55,9,29.5
25,147,7.95,3,19.78
26,119,8.69,14,42.92
48,106,5.3,14,38.43
25,88,8.99,5,25.01
59,155,7.3,1,15.65
58,95,6.11,2,14.98
22,151,7.7,6,24.98
59,92,5.29,2,15.05
41,157,9.21,7,30.31
57,139,9.96,6,30.09
38,158,8.39,9,33.02
32,139,6.59,4,19.15
37,88,9.46,0,16.63
57,132,6.56,10,31.76
58,111,6.81,2,16.66
35,134,9.61,8,30.78
27,104,8.1,10,34.17
34,120,6.9,2,16.33
21,105,7.21,13,37.98
58,108,8.4,12,39.34
23,115,8.26,6,25.97
57,82,6.82,3,18.03
51,138,5.6,11,33.07
33,113,7.11,8,28.11
38,85,8.35,1,15.78
37,110,6.33,7,25.42
37,111,9.42,7,29.77
31,121,6.7,6,24.31
40,136,6.02,6,23.67
30,152,7.1,8,29.62
49,125,6.19,2,15.6
54,135,7.27,6,25.37
37,129,5.44,3,15.52
33,109,7.19,3,18.51
59,115,8.69,1,16.28
47,105,6.41,11,33.83
46,129,9.92,8,32.51
48,81,5.92,1,11.56
33,86,6.72,12,35.45
32,106,7.46,8,28.87
48,159,9.22,10,35.75
22,128,7.17,12,36.86
57,125,8.68,3,20.09
54,105,5.08,11,32.9
43,144,5.13,14,38.2
49,81,5.19,6,21.0
55,157,5.12,6,21.89
31,158,6.02,7,25.17
53,143,7.98,6,26.27
31,143,8.95,6,27.17
29,139,7.84,1,16.0
34,88,5.41,7,24.33
29,94,8.52,4,21.75
59,116,7.76,2,17.59
23,85,6.58,3,17.01
49,122,5.88,8,27.43
39,124,5.41,11,32.2
56,155,7.47,1,16.02
52,150,9.21,13,42.53
27,107,5.5,7,23.66
48,131,5.53,6,23.51
38,155,6.37,2,16.3
25,114,6.9,7,25.14
43,145,9.96,2,22.22
42,105,7.7,3,18.85
46,99,9.14,12,39.88
32,141,6.13,12,34.99
39,80,9.55,12,41.19
21,132,8.72,2,18.94
23,156,6.67,8,27.7
47,109,8.77,10,35.56
38,139,9.43,6,27.85
50,89,6.8,7,25.92
22,101,9.16,10,36.18
25,108,7.23,6,24.11
49,148,8.73,5,26.4
53,87,6.47,11,33.36
40,132,8.45,3,21.03
50,90,9.38,12,40.01
25,105,7.4,10,32.54
41,98,8.89,10,36.08
35,98,7.78,9,30.67
40,109,9.25,3,21.65
28,115,6.19,14,38.46
51,121,5.12,9,27.32
32,135,8.35,10,34.11
41,88,8.89,7,29.4
50,86,5.39,5,19.12
47,97,8.29,0,14.56
46,88,6.05,13,36.55
53,85,9.95,5,27.47
46,149,8.91,5,25.62
46,124,5.77,13,36.77
56,101,7.38,5,23.28
21,158,8.94,6,27.26
35,152,7.61,5,23.06
21,149,9.89,1,18.87
31,111,7.16,11,34.49
22,146,9.43,5,26.35
21,95,5.46,10,29.38
51,81,7.75,9,30.86
36,146,9.98,6,28.61
42,120,8.39,13,40.63
38,130,5.77,11,32.28
37,93,8.3,10,34.12
50,157,7.13,10,33.91
30,128,8.52,1,15.99
55,128,6.76,6,24.15
41,106,7.47,1,15.56
36,118,6.09,7,23.98
26,152,5.8,11,32.96
23,115,6.49,0,12.06
41,89,8.88,1,17.39
33,83,8.97,3,20.61
38,81,7.72,10,33.58
44,158,5.93,3,17.34
47,107,9.05,1,17.78
24,105,9.33,12,40.55
42,152,5.51,1,13.21
44,109,7.07,3,17.34
30,88,7.75,13,39.26
22,80,9.03,5,24.49
26,135,8.16,6,25.51
38,135,7.06,4,20.38
37,155,7.32,14,41.65
58,140,7.15,7,27.42
43,124,5.63,1,12.64
50,92,8.93,0,16.58
41,93,5.32,6,21.66
30,89,8.43,4,22.15
33,96,5.77,3,15.37
32,96,7.1,12,36.52
29,110,5.61,4,18.37
24,125,7.96,3,20.22
59,128,9.51,0,16.18
44,154,8.04,7,28.29
54,159,6.97,11,34.88
59,97,9.69,4,24.9
25,154,6.48,7,25.88
35,90,6.28,11,32.97
24,152,8.58,10,34.8
59,134,9.78,7,31.03
28,82,8.89,3,20.75
44,157,6.93,8,28.42
48,95,6.38,14,39.02
47,88,7.32,6,24.86
21,147,8.7,3,20.85
54,124,6.4,10,32.11
37,81,9.2,5,24.63
57,101,8.18,10,34.48
58,148,7.42,5,23.47
46,128,5.45,4,18.93
44,100,7.1,6,23.89
59,153,6.2,11,34.05
41,134,7.55,11,35.74
50,83,8.27,8,29.7
33,137,6.59,3,18.27
57,149,9.06,1,18.15
23,138,9.34,2,20.36
52,105,6.18,8,27.74
55,153,5.14,5,19.56
39,148,5.86,7,24.88
34,118,7.27,8,29.34
42,80,8.36,5,24.48
37,136,7.98,14,42.19
24,127,7.91,12,37.41
39,151,6.16,11,34.02
57,100,5.8,11,32.26
22,110,5.18,3,15.51
35,137,7.15,5,22.66
22,126,6.51,4,19.79
31,102,7.74,7,28.66
43,154,8.01,6,27.4
30,159,6.44,11,33.62
23,86,7.77,3,19.54
25,128,8.04,10,33.73
23,110,9.4,11,36.77
58,126,5.73,0,10.58
33,147,6.92,3,18.37
39,114,6.59,9,29.93
55,154,6.27,9,29.75
44,113,7.13,9,31.14
44,137,9.71,10,36.28
37,94,9.22,1,17.92
30,157,7.61,9,31.23
22,150,7.0,4,20.02
43,121,7.16,7,26.19
26,97,6.26,9,28.78
22,157,8.29,5,24.34
41,117,6.32,9,30.37
55,143,5.56,11,32.79
49,108,6.6,6,25.02
27,89,7.44,13,38.43
49,96,8.64,5,24.96
57,111,7.44,7,26.91
43,140,5.17,7,23.9
53,125,8.52,0,13.96
28,150,8.87,14,42.72
32,135,5.52,8,26.64
30,140,8.61,9,34.19
35,123,8.28,3,20.02
44,117,6.95,13,38.9
46,129,8.98,6,27.33
59,153,8.55,1,17.29
23,111,7.85,8,29.52
22,132,8.81,9,32.35
26,127,7.18,9,30.99
41,80,8.04,0,14.38
29,109,5.2,1,11.43
30,88,7.26,12,36.36
56,112,8.03,4,20.9
23,105,5.02,12,33.0
44,121,6.98,3,18.4
42,153,7.67,8,29.23
34,121,6.85,4,20.65
47,118,6.81,11,33.5
53,140,9.29,7,30.8
42,126,9.82,1,18.69
49,121,5.48,11,33.3
39,127,9.55,12,41.28
39,131,6.89,8,28.9
26,112,6.19,14,39.69
39,106,5.75,6,22.65
33,122,8.74,12,39.94
46,108,8.62,14,42.74
42,98,5.47,12,34.41
41,107,9.8,1,18.75
56,89,5.36,4,18.32
22,146,7.48,10,32.75
50,95,8.23,3,20.05
47,80,9.44,0,15.91
27,83,6.35,12,34.93
40,148,6.34,11,34.09
51,83,8.91,9,33.41
43,99,7.05,11,34.05
33,142,6.03,6,22.72
37,114,5.11,7,23.58
24,124,8.73,5,24.77
34,136,5.08,8,24.35
40,103,8.19,1,16.18
33,99,7.14,6,24.57
23,107,8.17,5,24.15
46,117,8.8,8,31.41
46,103,8.24,11,36.28
38,103,7.33,2,16.65
52,149,9.54,2,21.94
34,104,5.02,7,22.98
23,148,5.24,1,11.74
21,96,7.43,5,22.29
46,137,6.24,11,33.1
44,152,7.15,13,39.42
55,99,6.44,5,21.2
34,81,6.16,5,20.83
23,88,9.62,9,34.21
33,142,6.08,7,24.76
34,147,5.46,13,35.93
41,85,6.13,3,17.6
46,90,7.14,13,39.22
23,100,6.12,13,36.52
24,142,5.49,5,20.54
56,109,6.34,14,39.77
21,100,9.53,13,40.23
53,102,8.76,4,24.3
27,140,6.17,4,19.11
31,109,8.04,8,30.25
47,125,9.28,14,45.07
34,139,9.85,8,32.93
42,97,5.37,11,32.36
36,141,6.02,10,30.84
32,124,9.72,5,26.76
30,140,9.42,5,26.38
44,138,6.5,0,11.45
38,114,5.99,7,25.2
42,101,9.08,14,42.83
29,103,5.53,13,35.99
37,130,8.1,7,28.79
58,144,9.54,10,37.22
33,94,5.9,8,26.67
57,107,5.63,6,21.94
26,121,8.22,8,30.05
41,99,8.07,0,13.03
56,122,5.34,0,10.3
27,159,6.81,11,33.78
56,148,9.63,9,35.96
45,142,6.15,8,27.06
31,122,7.64,3,19.98
34,158,6.76,8,29.09
49,81,9.52,14,42.85
30,156,7.6,14,42.21
25,102,7.25,7,26.54
28,91,9.46,4,23.04
25,125,8.22,10,33.99
44,112,6.79,13,37.87
46,123,9.97,12,40.61
26,104,9.58,10,36.32
36,114,6.32,4,19.05
56,114,5.17,13,36.36
32,144,5.6,0,10.45
31,122,5.77,1,12.42
23,147,8.67,10,34.19
57,141,6.88,12,36.59
26,110,6.7,1,12.57
39,107,7.79,0,14.63
38,90,5.68,1,11.79
36,111,6.38,8,26.53
43,145,7.42,10,33.54
57,139,7.34,1,15.58
29,130,8.06,7,27.88
23,138,6.55,12,36.17
28,156,6.91,5,22.61
58,96,5.32,6,22.19
24,147,8.25,3,20.59
32,117,7.5,2,16.91
51,143,5.21,6,21.48
45,82,7.52,7,27.14
36,133,6.31,5,21.51
34,155,5.73,13,37.23
33,123,5.03,11,31.55
27,109,9.91,12,40.23
32,154,9.74,0,16.94
57,133,9.12,8,32.37
24,127,6.08,10,31.31
22,114,9.34,5,26.54
55,147,9.49,4,24.15
23,105,5.41,10,30.04
24,151,7.61,7,26.74
58,135,5.53,13,36.66
32,155,7.67,8,29.38
39,148,9.22,13,41.77
30,159,8.13,13,40.29
21,143,5.31,12,34.51
37,108,5.05,9,26.27
36,157,5.47,3,16.09
29,138,9.54,2,20.24
29,104,9.93,7,30.41
29,151,7.42,11,33.83
32,106,6.79,1,13.96
35,101,6.72,8,27.24
22,150,7.12,4,20.88
31,126,6.98,1,14.41
31,155,8.84,7,29.77
28,134,7.64,3,19.59
52,88,5.43,13,35.73
26,133,5.44,9,28.3
40,143,5.56,7,25.22
59,118,6.95,0,13.06
55,87,6.35,6,23.21
28,106,6.85,7,25.21
54,148,5.47,9,27.69
39,112,9.53,1,17.57
27,89,9.14,2,20.04
51,95,7.8,14,41.27
38,90,7.86,4,21.76
34,98,7.52,6,24.49
59,143,6.14,12,35.64
56,131,8.27,10,34.25
37,156,5.46,4,18.45
57,94,7.92,8,30.13
29,121,7.2,3,18.11
40,158,5.29,3,16.26
48,117,7.16,7,27.43
40,128,7.96,9,32.67
56,156,5.4,6,23.41
47,128,6.49,13,38.2
28,158,6.01,12,36.22
52,150,5.12,10,30.31
21,134,5.41,3,16.09
37,101,5.95,11,32.14
29,122,8.0,6,26.32
40,129,9.72,12,41.09
52,98,8.28,7,28.9
22,151,9.9,1,17.64
52,97,9.84,14,44.44
29,89,7.6,0,13.37
50,129,6.11,10,31.04
40,128,9.57,6,28.69
58,120,7.68,0,13.81
21,94,5.76,0,10.38
25,102,6.89,11,34.76
55,155,6.67,8,28.14
56,106,6.8,13,38.72
21,85,5.5,5,19.63
34,103,7.31,5,22.43
29,88,7.63,2,17.3
50,153,9.38,3,22.79
44,141,5.32,2,14.06
24,146,9.05,9,33.59
34,149,8.14,0,13.91
45,157,9.83,6,29.77
24,121,9.14,3,21.09
45,139,7.25,13,38.69
30,127,8.9,3,21.88
55,135,9.61,7,30.04
27,84,7.48,13,38.8
33,158,6.33,2,16.07
24,133,7.02,3,18.02
56,117,7.11,12,36.79
34,98,8.01,7,27.53
38,148,7.13,6,24.97
28,152,8.0,2,18.05
52,150,5.17,10,30.03
47,103,6.88,9,29.87
57,159,8.34,6,27.89
43,89,5.56,4,18.49
27,100,6.07,14,38.39
32,94,8.65,8,29.92
45,143,8.31,9,33.79
23,92,6.73,0,12.15
46,150,9.96,1,19.12
24,119,6.55,7,26.44
56,87,6.24,8,26.8
35,117,6.71,12,35.32
52,131,8.75,5,26.27
49,81,5.46,3,15.8
30,101,6.44,8,27.49
41,83,8.04,6,25.46
36,131,9.32,2,20.19
39,86,7.18,2,16.28
49,80,6.9,8,28.59
38,137,6.75,14,40.44
36,141,5.27,8,25.97
21,145,9.69,6,28.6
22,134,5.22,11,32.28
35,92,7.81,12,37.79
59,107,8.97,2,20.43
48,93,9.28,5,25.91
21,82,5.92,12,35.03
25,95,5.16,10,28.89
42,125,8.84,6,28.61
56,82,5.31,0,9.74
33,82,7.19,13,38.22
21,120,6.77,6,24.51
36,108,5.67,11,32.25
42,119,7.66,3,19.02
52,98,5.76,7,24.99
36,99,8.32,1,16.42
35,100,8.98,7,29.33
32,99,6.16,13,37.64
21,126,8.7,13,40.03
37,123,8.23,12,38.71
48,81,6.35,6,23.36
27,122,5.98,0,10.26
29,136,9.37,4,25.06
42,98,6.01,9,28.73
46,143,5.39,7,23.94
32,125,6.59,0,12.05
27,120,9.52,5,25.9
35,146,7.93,9,30.92
58,93,8.59,10,34.84
41,99,6.09,4,20.18
34,114,7.47,9,30.85
22,104,8.96,14,42.54
28,83,6.85,13,38.11
26,136,8.58,10,34.95
57,81,7.92,9,31.72
57,145,6.68,12,35.67
53,100,7.07,4,19.79
26,131,8.68,9,32.49
46,154,8.74,13,41.95
59,157,9.46,11,39.17
57,94,7.69,5,23.39
34,125,7.22,4,21.62
57,110,8.91,2,18.77
28,141,6.93,1,14.36
59,113,7.97,10,33.86
33,115,8.8,10,34.93
33,123,9.62,10,35.31
48,142,9.44,4,24.0
38,156,8.3,14,43.03
39,97,5.1,9,28.03
58,124,8.69,12,39.37
52,118,6.66,9,29.77
42,105,9.17,9,33.43
22,157,5.13,10,29.31
33,154,5.57,11,32.54
43,103,8.45,11,36.42
45,137,6.33,8,27.6
48,129,6.59,8,28.27
31,151,7.0,12,36.96
53,118,5.95,3,17.07
44,151,9.3,10,36.16
22,110,5.44,8,25.56
50,115,5.85,12,35.84
37,118,6.91,11,33.96
54,100,6.88,10,32.01
58,102,5.26,10,29.15
42,133,6.69,13,37.97
25,115,8.82,10,34.75
36,94,9.45,11,38.36
33,81,5.62,8,26.85
46,155,8.26,3,20.78
51,149,9.63,0,16.08
59,117,6.5,0,11.78
43,144,9.38,11,38.83
32,129,5.78,9,28.43
34,80,9.3,6,27.85
38,100,7.13,7,26.31
47,136,9.13,3,22.36
48,98,6.05,0,11.95
38,108,5.34,4,17.81
36,129,7.98,5,23.84
36,113,6.33,12,35.3
33,133,9.03,12,39.29
49,111,9.12,13,41.61
29,83,8.62,3,20.2
46,109,7.49,13,38.95
48,97,9.62,8,32.87
33,148,7.93,9,32.33
56,108,5.9,0,11.0
29,91,7.91,3,19.44
34,94,7.88,13,38.77
32,158,8.2,13,40.85
52,132,5.5,9,28.33
58,114,8.44,11,36.3
23,131,7.02,12,36.99
36,132,8.05,14,41.9
40,93,9.6,6,27.64
52,97,6.69,1,13.17
43,117,7.76,9,32.12
37,117,8.85,14,43.1
36,134,5.61,9,29.26
58,90,6.77,4,20.4
28,146,5.68,1,12.42
39,132,9.2,3,21.73
50,157,8.86,3,22.0
54,123,6.58,8,29.02
34,104,5.15,10,28.94
42,141,7.05,4,20.92
37,93,5.09,9,27.4
35,126,6.46,12,35.42
52,134,6.05,4,19.34
33,91,6.17,1,12.93
41,86,8.45,2,18.44
53,128,8.54,13,41.55
47,93,8.53,6,25.77
55,108,9.1,11,38.21
36,126,8.97,4,23.83
48,93,8.14,9,31.99
54,130,6.13,1,12.97
21,93,6.77,12,35.53
51,87,7.06,5,22.37
56,156,8.53,14,43.35
53,144,7.68,11,35.12
53,116,8.71,11,37.33
59,147,5.79,14,38.49
38,95,6.16,13,37.48
43,99,5.29,5,19.0
43,146,7.93,2,18.27
35,150,9.83,4,25.02
46,111,7.72,1,15.12
50,148,6.1,11,33.41
45,109,8.08,4,21.8
36,99,8.4,10,34.37
59,137,7.89,11,35.95
34,108,6.86,1,15.22
37,103,9.15,1,16.97
32,80,7.46,11,34.42
49,106,9.95,0,16.76
52,100,6.22,3,16.83
44,96,6.12,7,24.73
33,111,5.38,2,13.66
40,123,6.99,4,19.9
35,101,6.24,12,35.95
24,121,9.17,1,17.34
54,141,7.6,6,26.15
48,127,5.3,13,36.97
22,87,6.79,3,17.42
50,81,8.48,2,18.33
46,84,7.43,11,34.8
46,107,6.76,5,23.74
40,83,5.78,11,32.73
48,132,8.33,0,15.04
40,80,5.89,11,33.24
31,158,9.35,11,38.37
30,156,9.95,2,21.18
43,85,7.76,1,15.76
57,134,5.59,4,19.17
39,131,8.43,12,38.49
38,156,5.66,0,10.57
47,103,9.51,4,23.76
26,141,7.93,11,35.68
30,135,9.0,2,20.66
22,103,8.12,5,24.0
44,155,7.63,3,20.22
58,99,7.63,13,39.97
48,113,8.7,14,42.52
48,94,9.51,6,28.49
59,130,6.09,7,25.37
22,83,5.57,11,31.41
25,132,5.28,3,15.44
31,93,9.33,2,20.15
30,144,5.61,8,26.54
22,112,8.14,9,31.71
35,129,6.57,6,23.55
59,142,7.82,9,31.5
57,129,5.42,9,28.47
27,153,7.9,12,37.18
40,115,9.39,5,26.67
54,157,6.33,2,17.53
55,150,6.61,10,33.11
54,129,6.09,2,15.49
42,120,5.65,13,36.67
51,149,5.36,7,24.76
43,106,8.35,6,26.0
39,109,6.73,7,26.43
24,111,7.29,14,40.4
44,101,6.61,6,23.61
40,148,8.72,1,17.24
59,100,8.41,3,21.06
48,135,8.33,6,27.37
59,110,8.83,14,44.67
37,138,7.91,6,25.76
39,149,5.49,3,16.44
55,122,7.11,10,32.83
52,133,6.58,6,23.53
59,97,6.71,5,22.01
55,134,5.98,7,25.9
50,108,5.81,9,29.01
37,140,7.33,6,26.31
49,130,9.86,2,20.67
26,155,5.11,1,11.58
37,91,6.41,7,25.27
37,140,9.83,11,39.06
34,150,6.78,4,20.12
44,95,8.27,11,36.11
57,91,6.34,4,20.31
59,141,7.71,0,14.72
52,147,5.87,5,21.56
56,139,7.69,1,16.52
57,107,7.4,5,23.6
34,143,9.17,6,27.61
47,151,9.02,8,32.34
39,129,5.91,9,29.61
51,105,9.7,14,44.63
29,119,6.95,2,16.24
58,134,5.25,13,37.18
37,110,5.38,1,12.61
39,150,7.09,12,37.21
24,84,9.44,0,15.51
31,92,5.78,1,12.36
42,97,7.4,2,17.19
24,129,7.69,6,25.13
37,115,9.46,13,42.67
28,131,5.06,11,31.45
54,112,9.45,9,34.7
31,143,6.35,11,33.64
51,150,9.36,8,33.5
31,148,7.12,0,12.47
58,152,6.64,6,25.13
41,109,9.95,0,17.0
50,147,8.91,13,42.3
30,101,7.43,3,19.0
46,138,6.87,12,37.06
47,87,6.6,13,37.69
28,145,8.46,5,25.27
59,116,7.08,6,24.82
28,135,8.25,6,26.3
28,140,7.08,13,38.39
54,144,6.86,0,12.94
36,121,6.66,10,31.4
33,128,9.59,13,43.38
43,147,8.83,0,15.55
32,88,8.28,2,18.02
47,87,8.33,6,26.75
42,137,5.91,4,19.43
52,133,9.68,6,28.59
47,127,5.53,10,31.12
22,133,6.12,13,37.38
53,107,5.12,1,10.67
46,145,6.85,5,22.98
48,110,6.54,7,24.7
39,92,9.21,11,37.03
25,138,8.33,4,22.36
53,110,8.96,0,16.15
40,112,5.74,7,25.04
50,132,7.85,1,15.58
28,115,7.45,2,16.62
58,148,7.13,13,38.88
37,154,9.97,13,43.49
21,113,7.23,7,26.45
23,140,5.53,9,28.87
46,139,5.17,14,38.02
51,82,8.99,1,17.17
28,85,5.05,4,17.09
28,99,9.59,7,30.26
55,83,6.04,1,13.19
59,132,9.41,4,24.91
48,150,8.97,8,31.75
24,141,6.05,9,29.04
36,117,9.18,8,30.52
33,115,6.61,12,36.04
40,113,6.04,14,37.95
25,85,6.07,11,32.71
57,145,9.37,8,32.51
40,97,5.07,12,33.56
44,106,8.7,10,35.39
56,118,9.01,9,34.04
54,130,6.85,5,23.31
54,98,8.53,11,37.11
39,113,9.53,2,19.59
37,103,7.72,1,16.81
25,104,8.27,8,29.36
45,155,8.5,4,23.69
38,149,9.81,12,40.81
28,109,7.1,2,16.65
47,158,7.8,11,36.29
35,133,7.34,6,24.89
33,157,6.58,3,17.99
36,104,9.72,7,30.7
42,84,7.45,4,20.75
40,81,9.65,8,31.29
33,159,9.96,2,21.35
40,142,9.29,2,20.67
22,133,5.83,13,36.82
55,117,5.19,12,34.08
39,96,7.71,4,20.56
57,110,7.69,8,29.75
26,80,8.02,5,23.28
34,85,5.29,2,12.52
24,149,6.45,10,30.85
42,115,7.49,3,18.32
59,87,7.57,3,19.65
56,152,9.73,8,33.16
54,89,9.83,7,30.89
47,103,9.45,6,28.92
27,142,6.25,14,39.13
23,119,8.2,2,17.45
53,81,6.37,0,11.81
22,99,9.75,12,39.94
36,112,7.53,9,31.52
45,93,9.14,3,21.79
35,133,6.97,2,16.01
44,134,6.91,7,26.3
35,116,5.17,11,31.18
51,85,7.3,4,20.89
34,112,8.22,1,16.89
34,129,5.65,14,38.6
26,154,5.92,7,25.28
34,149,9.86,12,41.91
37,151,8.66,11,37.57
38,158,9.54,5,26.13
40,130,7.38,2,16.66
37,145,5.9,13,36.63
36,140,5.83,12,34.49
59,107,7.71,2,17.09
52,123,8.58,12,39.09
29,91,9.58,7,29.5
47,136,7.04,2,17.5
53,105,6.63,8,28.82
30,104,9.67,6,28.05
37,94,7.27,14,40.3
56,153,7.6,2,17.55
37,156,7.25,9,31.13
38,159,8.84,14,44.31
43,132,5.36,6,22.59
54,144,9.18,6,28.81
28,133,6.96,11,34.6
33,157,9.83,8,32.97
43,118,6.5,5,22.32
40,130,7.35,4,20.44
42,99,7.11,4,19.87
43,143,9.01,13,41.74
55,90,8.36,3,20.43
23,131,8.23,5,24.38
54,133,8.57,3,20.66
53,148,9.8,8,33.5
37,86,7.39,0,12.25
39,91,8.26,9,31.92
50,81,8.42,0,15.51
43,100,9.29,4,23.79
35,148,6.44,14,39.82
34,155,9.03,5,25.87
22,115,7.5,13,38.72
59,100,5.08,9,28.64
38,132,5.77,11,32.66
26,98,9.2,2,19.5
52,82,6.34,6,22.42
41,139,6.48,8,27.77
48,152,8.68,10,36.11
47,113,8.43,5,23.9
22,108,7.25,6,23.8
53,153,8.65,1,18.14
36,136,8.05,3,20.35
59,152,5.92,11,33.62
42,119,6.38,8,27.75
33,129,5.32,4,17.54
22,154,8.31,5,23.47
34,98,5.28,0,9.12
58,101,8.71,6,26.25
48,130,7.66,6,25.8
27,128,7.19,8,28.7
38,131,7.98,10,34.14
56,101,8.1,2,17.22
56,141,7.92,13,41.02
24,139,8.57,7,28.7
50,159,8.18,11,36.59
44,86,7.42,7,26.4
40,132,9.15,3,22.37
51,110,9.87,12,41.2
44,83,8.06,9,31.34
27,86,8.56,2,18.73
46,82,7.54,9,30.06
33,104,7.0,8,28.3
28,113,9.3,5,26.78
25,112,5.97,13,36.2
33,117,8.45,5,23.45
49,83,5.69,8,27.22
40,127,8.83,3,21.95
34,153,6.17,14,39.42
52,140,8.04,3,20.88
47,144,5.7,4,18.4
45,150,5.0,14,38.67
24,157,8.71,1,17.28
41,140,9.38,2,20.46
38,80,9.0,5,24.88
59,85,5.66,4,19.11
35,153,6.17,6,23.81
58,100,9.12,8,32.49
44,146,5.08,7,23.94
28,107,7.64,13,38.8
48,145,9.18,6,28.42
41,106,5.98,3,17.22
36,111,5.72,5,21.06
36,91,5.91,0,10.53
55,144,8.78,8,31.86
37,125,9.83,8,32.56
29,119,6.06,4,18.93
55,88,5.54,5,20.84
49,141,6.35,7,25.19
59,95,5.55,6,22.15
38,147,5.03,12,32.9
32,119,7.25,2,16.71
39,114,8.76,5,25.26
42,139,6.56,11,32.88
35,149,6.66,11,33.51
21,82,6.14,2,14.53
22,132,5.66,7,23.21
28,138,5.33,6,22.08
42,115,7.85,14,42.04
45,145,8.82,1,17.77
22,116,7.52,9,30.51
29,158,9.22,3,22.66
29,123,7.31,4,21.0
33,143,5.36,5,20.1
26,130,8.02,4,21.49
50,85,8.58,12,39.28
35,148,5.62,14,39.09
35,100,7.62,9,31.53
27,136,6.49,3,16.97
31,107,9.81,2,20.33
58,103,6.06,13,37.06
22,154,8.41,1,16.56
59,142,6.54,9,30.78
30,101,7.08,0,13.34
37,113,9.14,14,43.13
27,116,9.99,7,29.79
59,120,5.61,3,16.83
24,158,7.3,13,39.48
55,122,8.1,8,30.69
56,101,6.96,13,38.3
51,94,5.66,0,9.48
45,100,5.12,4,18.5
33,131,5.16,13,34.75
38,83,7.49,1,15.97
41,126,7.06,1,14.8
21,97,9.9,14,43.23
56,150,9.56,13,42.6
28,159,8.06,9,32.95
41,114,7.37,5,22.28
41,155,7.87,8,29.22
47,86,7.32,13,37.97
39,120,6.73,4,20.56
43,89,8.05,14,41.56
55,141,9.65,7,31.16
25,144,8.23,7,27.72
28,91,5.89,14,39.12
31,107,7.38,11,34.45
36,137,5.86,4,18.78
59,135,5.6,0,10.92
44,97,6.65,6,24.34
41,144,6.0,14,39.75
43,136,9.68,13,42.77
58,129,5.28,6,23.19
28,124,9.82,1,19.03
27,141,9.2,6,27.4
22,144,6.31,8,26.93
50,134,5.46,4,18.21
33,117,7.83,5,23.12
43,83,6.23,3,16.61
49,94,6.25,1,13.22
58,100,7.87,6,25.49
57,100,7.29,10,32.34
40,130,7.53,5,23.25
53,157,6.6,10,32.89
49,114,6.62,4,20.45
35,83,10.0,3,23.77
43,111,6.97,11,33.9
23,91,6.11,14,37.43
57,133,8.52,9,33.54
49,109,8.92,5,25.3
28,88,6.18,3,16.96
42,98,5.55,11,32.33
49,159,6.47,10,33.07
22,109,7.63,7,26.37
21,144,6.9,4,20.34
40,124,5.77,7,24.45
41,102,5.12,5,17.99
57,155,7.53,5,24.43
28,84,9.35,2,20.24
47,146,7.98,10,34.55
55,145,9.34,8,33.1
26,122,8.83,4,22.33
39,81,6.72,6,23.79
38,127,7.07,10,32.68
21,137,9.31,7,29.85
45,119,8.53,6,26.3
47,132,7.8,11,36.7
27,138,9.74,14,45.34
49,147,5.23,3,16.3
51,142,9.28,8,32.6
56,115,6.59,2,16.08
39,119,8.25,2,17.58
26,85,9.58,9,33.1
45,93,6.77,13,39.2
51,158,7.48,12,37.3
29,112,6.61,12,35.03
40,98,8.52,5,24.41
30,155,5.65,6,23.55
57,122,8.76,11,36.9
47,133,8.9,6,28.91
33,152,5.33,8,26.88
22,140,7.0,12,35.72
41,92,8.48,5,25.06
53,121,5.47,9,27.94
44,97,8.97,0,14.9
54,151,8.21,1,17.07
29,144,7.32,3,19.53
22,127,5.47,6,21.89
50,115,5.36,8,26.11
42,124,6.23,8,27.11
31,89,8.95,2,19.02
37,88,9.45,14,43.87
56,125,6.24,2,15.87
33,96,6.52,0,11.89
27,146,5.85,5,20.36
36,112,8.43,9,32.77
53,144,5.14,9,28.28
21,99,9.65,6,28.05
31,145,6.38,9,30.52
26,95,8.85,8,30.69
40,152,9.82,10,36.87
55,93,5.73,12,34.29
57,80,5.62,5,20.09
46,114,6.38,13,37.77
32,80,7.95,10,32.06
50,122,5.01,11,30.92
48,148,8.03,2,18.2
47,154,7.88,9,31.76
39,134,5.23,5,20.5
25,95,7.62,7,27.53
25,146,9.17,7,29.74
47,142,6.5,13,38.18
48,151,9.09,11,38.09
46,101,7.21,10,31.95
47,135,9.21,14,43.5
41,131,7.35,12,36.17
21,106,9.5,0,15.34
48,143,9.57,9,35.33
35,124,5.03,8,25.84
37,146,6.93,13,38.26
46,105,9.44,3,21.93
40,92,5.07,14,36.75
45,109,5.51,11,32.56
33,157,7.15,7,27.81
53,109,9.9,8,33.88
45,123,9.64,11,39.15
28,127,7.93,2,17.11
25,88,6.26,14,38.7
26,127,8.21,0,14.11
43,135,6.61,3,17.37
50,147,8.27,13,41.38
34,85,5.85,13,35.92
43,144,8.01,14,43.58
31,146,8.46,5,24.39
51,100,8.57,7,29.11
26,157,9.89,2,20.08
31,109,5.13,2,12.8
33,136,5.39,1,11.44
32,134,8.03,1,16.7
22,81,7.41,5,22.24
55,127,8.14,11,36.31
56,101,8.47,0,15.76
37,92,5.17,4,16.61
48,122,7.41,14,42.14
48,154,7.49,0,13.63
42,153,8.11,12,39.14
58,128,6.79,8,28.12
27,116,5.34,9,28.19
35,114,6.61,1,13.87
52,98,6.09,8,26.11
31,107,8.93,1,15.9
44,136,9.4,11,39.15
23,140,5.87,1,11.47
50,122,8.05,8,30.47
26,139,6.0,10,30.4
22,89,9.16,5,24.51
34,158,8.86,0,16.3
38,146,7.91,11,36.0
51,103,6.59,3,17.53
33,153,9.92,5,27.02
46,123,8.23,9,33.58
32,109,8.69,3,20.84
38,124,9.4,9,33.78
29,139,9.12,3,21.85
41,132,9.1,7,29.17
44,104,6.27,14,39.65
54,155,6.58,12,36.98
28,83,6.96,6,23.61
53,153,9.58,5,26.95
43,110,5.29,14,38.03
33,98,6.3,12,35.13
34,81,7.21,0,12.78
34,83,8.58,9,32.83
36,158,5.81,10,30.88
58,117,7.54,3,19.29
59,112,6.68,12,35.79
46,97,6.08,9,28.64
46,111,5.31,10,29.41
21,156,9.11,14,44.28
52,159,8.42,2,19.46
35,112,6.4,0,10.98
41,113,6.95,6,24.43
38,130,7.74,5,23.62
50,142,6.61,1,14.68
33,157,5.94,8,27.58
44,126,6.05,12,35.86
50,145,9.25,10,35.79
22,92,7.42,3,17.79
39,131,7.36,4,21.6
45,131,6.94,1,14.26
34,122,8.61,13,40.63
26,140,9.15,4,23.69
32,82,8.6,2,18.53
40,147,7.42,7,27.05
43,138,6.0,2,15.88
50,133,7.71,14,42.17
50,148,8.63,11,38.21
58,81,7.07,1,14.95
50,147,9.95,2,21.78
50,123,9.68,8,33.4
56,117,9.66,7,31.28
54,139,7.97,10,35.22
36,106,7.76,11,34.35
44,94,7.67,10,33.04
34,118,7.35,13,38.35
46,117,5.81,1,11.96
28,133,9.38,2,20.31
34,142,9.09,4,24.73
51,137,8.71,6,27.27
22,141,8.45,0,14.55
24,157,7.33,3,19.24
21,97,9.98,14,44.03
40,108,7.2,12,36.78
34,150,6.31,9,30.57
45,136,6.67,4,19.96
45,103,8.58,11,36.52
23,117,6.51,9,29.14
25,85,8.34,8,29.67
58,99,8.55,10,35.07
46,121,9.52,10,35.87
58,153,7.3,10,33.65
58,101,7.45,13,39.12
24,112,5.34,10,29.77
27,125,5.88,14,38.91
50,133,6.26,2,15.79
50,121,9.66,5,26.98
39,130,8.2,8,29.87
59,147,9.51,2,20.9
55,135,6.56,9,30.35
53,156,6.65,13,38.51
53,121,7.49,2,17.27
34,92,8.3,10,33.98
58,133,5.74,6,23.42
30,91,5.87,7,23.98
48,114,9.01,3,21.68
34,88,9.31,13,41.92
56,92,5.03,12,33.98
58,101,8.55,13,40.55
36,119,6.79,1,14.19
41,115,6.72,6,24.09
48,120,7.79,5,23.97
53,86,8.77,0,15.44
26,134,9.64,1,18.0
35,154,5.05,13,36.31
23,158,6.33,6,23.3
55,92,6.94,8,28.55
34,99,5.39,5,19.66
22,137,5.18,11,32.27
49,102,9.97,10,37.02
24,132,8.23,7,28.51
46,116,6.34,4,19.19
32,99,6.88,6,23.88
22,98,8.54,5,24.5
37,97,5.73,1,11.51
55,147,7.12,9,31.05
30,140,9.32,5,25.63
42,151,6.36,9,29.2
41,125,5.86,6,21.88
35,127,9.42,12,40.26
55,99,9.75,11,38.33
41,151,9.4,3,21.39
41,148,9.61,2,21.07
41,113,7.04,9,30.2
52,86,7.34,11,34.6
25,129,8.1,11,36.54
59,132,5.29,8,25.9
29,152,8.41,5,24.83
38,90,7.71,9,31.49
41,155,9.69,11,39.24
28,87,7.72,1,13.97
54,111,9.96,14,45.58
30,142,9.85,8,32.58
44,134,7.01,12,36.66
44,138,5.17,2,14.45
52,142,9.04,13,42.19
53,96,9.26,12,39.32
58,105,7.76,13,40.56
54,130,8.66,11,37.4
31,112,7.39,11,35.12
51,105,8.16,9,31.74
38,101,7.56,3,19.09
43,146,7.4,4,21.25
42,157,9.1,13,41.56
38,142,5.9,0,10.42
59,96,7.12,3,19.03
40,120,8.37,7,28.5
33,155,9.93,4,25.35
21,118,7.86,2,17.03
24,112,7.75,10,32.93
44,111,7.54,6,25.35
56,100,5.26,13,36.36
56,132,8.25,0,14.84
22,143,9.82,2,20.38
48,157,8.61,4,24.12
46,145,6.6,8,27.87
43,128,8.28,4,22.05
35,150,7.52,3,19.95
56,158,8.33,10,36.12
47,110,9.99,10,37.48
26,120,8.05,11,35.51
55,151,5.1,7,24.7
59,150,6.27,3,17.36
58,115,7.12,4,20.32
55,153,5.35,4,19.09
56,118,7.31,2,17.13
30,120,7.26,8,29.1
50,120,9.39,0,16.51
58,84,6.44,6,23.63
49,85,7.04,14,40.22
59,141,6.18,10,31.74
24,95,9.0,11,37.0
25,159,8.96,11,36.89
24,98,9.72,7,30.36
56,116,9.16,13,41.27
36,143,9.03,8,32.87
45,138,6.18,13,38.1
34,148,8.42,4,22.42
31,152,5.21,9,28.71
49,86,5.11,11,31.09
54,121,6.52,4,20.71
42,104,9.35,0,16.08
34,135,6.38,13,38.3
44,126,9.64,13,41.97
59,156,6.1,7,26.42
46,129,5.24,5,19.13
56,153,7.97,0,14.56
59,112,9.09,7,28.89
36,105,7.85,12,37.32
58,96,7.53,4,21.41
52,100,7.19,14,41.42
26,81,8.58,14,41.92
54,158,9.83,4,26.09
28,123,6.57,5,22.39
50,145,6.71,4,20.09
47,150,5.33,14,39.22
27,115,5.83,8,25.89
47,125,7.63,6,24.63
45,129,6.58,13,38.0
35,146,9.1,8,31.69
45,82,8.11,11,35.58
42,112,8.66,2,18.55
38,124,7.21,9,31.05
32,104,5.5,13,35.11
43,116,7.81,8,29.97
59,115,6.3,9,29.68
45,114,7.61,6,24.84
30,98,5.56,0,9.56
50,124,8.9,8,30.97
30,97,7.0,7,26.45
54,106,8.33,13,40.43
33,110,7.46,4,20.26
49,118,7.33,10,33.46
58,146,6.91,10,33.23
29,101,7.41,0,12.4
33,131,8.06,12,38.4
57,89,6.12,13,37.11
34,87,8.57,11,36.81
57,113,7.43,10,32.7
29,132,8.08,13,40.4
28,97,7.36,11,34.87
59,91,5.82,6,23.71
23,143,6.64,2,15.76
53,136,6.7,11,34.39
52,81,7.03,4,20.44
27,96,6.6,0,11.58
39,131,8.37,12,38.63
54,155,9.97,4,25.89
34,150,8.53,0,14.71
39,158,9.79,0,17.33
46,81,8.69,1,17.18
37,106,7.93,4,22.19
48,105,8.53,3,20.94
39,104,9.08,2,19.62
47,91,9.17,8,31.5
39,96,5.64,0,10.1
53,144,8.13,4,23.34
27,119,5.8,0,9.98
49,84,8.65,7,28.31
25,107,5.03,2,13.32
50,151,8.21,2,18.04
28,131,5.24,12,33.86
32,93,9.51,2,19.64
33,85,8.72,5,24.24
46,97,9.6,2,20.97
38,116,7.43,13,39.09
40,153,5.01,11,30.87
36,143,9.67,10,35.99
57,114,6.34,6,24.29
23,96,6.67,12,35.27
47,89,7.77,8,30.41
35,130,6.09,12,34.62
54,131,9.8,7,31.62
42,143,5.65,14,39.25
43,112,6.67,14,39.2
24,96,9.81,10,35.86
43,128,9.96,12,41.74
29,86,8.21,1,16.41
44,144,8.92,8,31.65
41,141,7.88,2,18.03
36,154,7.32,11,34.67
45,89,6.73,10,32.54
46,110,6.18,9,29.6
29,104,6.33,12,34.4
35,136,7.44,2,17.19
59,144,9.72,3,23.72
53,122,9.35,10,36.23
21,82,6.64,7,25.5
25,134,9.76,14,44.29
29,127,5.79,14,38.56
26,144,7.72,8,29.76
48,150,8.45,2,19.28
46,139,9.71,5,26.76
48,93,6.18,13,36.93
35,93,6.54,3,17.81
26,88,5.58,5,20.58
47,124,6.68,5,22.47
58,81,9.19,12,38.92
24,111,7.08,4,19.7
31,87,9.94,8,32.05
41,115,6.98,12,35.26
50,116,8.59,2,19.67
38,94,7.0,4,19.63
55,113,6.19,4,19.66
23,100,5.89,3,16.17
32,88,5.87,4,18.31
47,119,8.23,2,18.28
50,105,5.37,14,37.46
41,101,8.19,5,25.0
58,92,7.08,3,18.11
41,104,8.32,9,31.98
58,150,5.11,12,35.02
35,94,5.69,4,18.09
38,155,9.36,3,22.46
49,124,10.0,2,21.52
58,100,9.21,1,18.68
41,119,5.63,14,38.56
37,126,6.01,1,12.55
38,140,5.88,14,38.17
57,93,9.34,12,40.27
58,151,9.14,3,22.79
32,146,7.06,13,38.0
31,155,5.62,12,34.43
40,126,9.44,6,28.02
29,95,7.91,5,22.73
21,150,9.89,8,33.98
23,97,6.41,12,34.05
41,124,5.19,8,25.92
43,102,9.91,8,32.52
29,105,6.77,3,17.34
39,145,7.24,5,23.1
39,81,5.44,0,10.3
43,101,7.97,9,32.86
47,117,6.3,9,29.69
47,121,8.41,5,24.6
59,107,8.8,7,29.15
56,142,6.44,10,31.62
32,96,7.21,14,41.17
47,138,6.73,3,18.87
54,81,9.9,7,30.54
53,158,9.24,14,44.69
48,158,7.11,8,28.94
51,129,7.57,12,38.38
52,94,9.92,11,39.14
40,97,6.36,8,27.83
55,156,9.43,0,16.98
51,117,9.71,1,18.77
51,87,7.3,11,35.02
58,159,6.24,5,22.3
42,99,5.78,0,10.77
29,139,5.36,10,30.09
29,105,5.91,6,22.6
35,114,6.68,3,17.8
33,105,8.87,3,21.04
42,97,6.94,5,22.09
36,123,6.82,0,11.92
52,86,9.22,11,37.34
22,114,7.97,1,15.75
46,91,7.3,9,30.85
34,123,8.15,12,37.72
58,120,7.8,9,32.66
54,133,7.22,12,37.18
28,80,7.0,12,36.6
56,104,9.42,0,16.51
41,159,5.92,12,34.22
48,94,5.79,6,22.52
26,154,9.0,0,14.84
40,82,5.6,4,17.79
51,124,9.85,10,36.92
53,124,6.39,4,20.42
27,130,9.27,13,41.96
28,121,8.24,11,36.06
29,118,9.05,0,15.23
22,99,7.0,9,29.4
37,158,6.02,10,31.3
57,97,9.74,6,28.93
37,118,8.93,14,43.66
58,108,5.75,10,31.41
55,99,7.21,1,15.3
59,121,6.65,12,36.28
50,158,5.77,12,34.63
26,91,7.96,0,13.02
24,135,8.7,9,32.63
57,91,6.17,10,30.97
55,132,7.75,6,25.14
29,87,6.0,8,26.11
26,137,8.3,12,38.13
33,103,8.49,14,41.43
42,140,7.51,9,31.31
48,80,8.32,0,14.03
50,157,8.49,12,39.36
56,149,9.56,6,28.87
22,124,9.17,3,22.05
56,88,9.11,7,30.18
28,80,5.11,7,22.92
29,152,6.31,13,37.63
21,103,5.97,8,26.49
33,139,9.97,4,24.43
35,127,7.82,4,21.5
52,118,5.87,13,36.55
54,97,7.85,6,25.68
51,131,8.47,2,19.08
34,81,9.12,11,36.14
34,115,6.39,7,25.66
49,127,7.79,8,30.49
39,114,6.51,9,30.62
47,149,7.25,0,12.55
29,151,7.04,10,31.68
57,121,6.07,7,26.24
57,153,6.47,9,30.17
48,159,6.29,10,31.86
44,117,9.06,1,17.21
48,105,5.73,1,12.13
56,110,9.86,13,43.0
38,131,7.01,13,39.68
45,139,6.13,13,37.43
55,87,8.81,2,19.42
24,140,5.46,10,29.55
34,114,9.08,13,41.36
59,113,6.55,0,12.22
46,89,5.86,2,14.55
28,119,9.22,5,25.33
44,131,7.98,5,24.9
36,91,7.69,12,37.03
40,106,6.49,3,17.5
35,98,7.5,2,17.05
27,136,8.91,5,25.04
37,133,7.39,6,25.61
42,94,8.15,8,29.1
42,116,5.19,1,11.51
32,140,7.96,10,34.53
38,97,6.15,2,15.12
35,123,8.68,3,20.44
57,100,6.57,13,37.62
36,108,6.47,7,25.61
25,94,7.07,9,29.1
22,147,5.59,14,38.43
48,143,8.77,1,17.85
47,93,8.14,3,20.0
51,116,6.4,1,14.0
56,133,8.86,4,24.69
21,138,9.81,8,32.48
49,138,9.29,5,25.73
21,134,7.07,14,39.93
28,122,6.47,4,19.67
36,131,5.04,12,33.43
48,118,6.29,10,31.49
42,156,5.58,5,21.53
38,98,9.14,10,35.27
42,135,8.89,2,19.15
32,115,7.35,4,21.01
39,131,5.59,14,38.92
45,123,7.6,5,24.11
25,125,7.65,1,16.29
54,119,8.16,12,39.37
59,159,7.63,13,40.08
30,132,5.5,13,36.22
27,136,8.2,8,29.92
57,98,9.95,7,30.38
35,157,8.17,10,35.23
44,123,6.81,11,33.69
46,99,8.11,7,28.07
46,123,7.79,0,13.97
46,122,5.48,8,27.04
30,86,8.17,2,18.17
37,121,8.26,11,36.4
34,141,6.75,2,15.89
22,81,6.5,10,29.62
33,156,7.49,6,24.64
47,125,5.72,11,32.66
29,117,5.46,11,32.34
27,80,8.77,4,22.09
30,126,5.91,8,26.8
29,92,6.24,12,34.74
42,139,6.91,10,32.39
43,143,8.59,14,43.16
27,147,7.83,14,42.0
29,134,7.29,9,30.66
47,110,9.92,12,41.02
44,93,7.35,11,34.93
49,84,7.94,9,31.13
37,133,5.41,14,38.87
40,132,6.36,9,30.43
27,116,6.46,12,34.47
27,136,6.12,2,15.05
48,82,6.48,13,37.27
39,156,7.42,1,15.64
40,90,9.28,8,32.6
59,121,8.22,12,38.91
27,134,8.99,3,20.76
26,117,7.44,8,27.93
45,103,7.84,3,20.27
33,88,5.35,10,29.74
59,92,5.71,3,16.74
42,97,9.16,13,41.78
37,89,9.96,6,28.76
42,91,8.91,6,27.03
54,126,5.98,3,17.58
28,89,5.12,2,13.03
38,80,5.2,9,27.36
44,136,6.34,2,15.53
22,150,9.4,1,17.33
22,90,6.07,8,26.84
47,132,8.21,2,18.85
34,83,5.69,12,33.83
59,140,8.53,8,31.29
32,89,5.74,3,15.44
52,84,6.92,0,12.24
48,140,6.03,4,18.68
48,155,6.38,3,17.87
45,109,8.55,1,16.38
24,136,7.81,10,33.46
46,112,5.5,8,26.46
56,116,9.17,4,24.53
23,147,8.02,12,38.17
21,102,6.41,12,34.35
37,149,7.0,10,33.83
27,86,9.41,8,31.7
25,98,6.63,6,23.95
39,94,6.4,13,38.01
59,111,6.05,3,17.34
54,158,8.94,11,37.74
55,138,6.28,12,36.23
36,149,7.37,11,35.75
59,149,5.05,5,20.53
47,85,9.8,8,33.07
58,155,9.17,11,39.0
45,145,8.26,10,35.24
46,83,6.53,10,31.91
34,149,5.94,2,14.32
34,136,7.19,3,19.12
34,140,6.12,6,23.21
45,135,9.68,14,43.6
56,93,8.67,13,41.12
24,86,8.45,0,13.99
35,133,8.39,10,34.19
52,137,8.83,4,23.32
38,140,5.22,6,21.48
34,151,6.29,13,37.54
21,107,7.88,13,38.36
40,134,6.09,4,18.84
30,153,8.0,5,24.72
30,132,9.79,12,40.88
44,123,6.66,6,23.56
54,107,8.79,11,37.41
48,125,7.17,4,20.72
47,128,8.58,11,37.39
21,146,5.32,10,30.46
53,106,6.82,8,29.22
24,158,8.63,9,32.79
27,118,9.23,2,19.59
29,106,7.08,1,14.09
36,114,7.76,3,19.67
25,126,9.83,2,20.52
54,131,7.27,14,40.92
43,148,6.18,1,14.3
45,145,5.1,13,35.55
33,120,9.61,12,40.24
44,129,5.27,11,32.33
31,124,6.19,6,22.77
37,99,9.28,4,23.23
57,150,9.7,12,41.74
33,115,8.33,7,28.78
47,151,6.29,13,38.85
40,149,6.34,1,14.18
53,103,7.53,7,26.9
52,115,9.67,7,29.97
28,84,9.73,6,27.21
49,99,7.15,10,32.03
39,132,6.61,0,12.36
26,119,6.94,1,14.42
59,129,6.17,9,29.4
41,153,5.86,7,25.29
42,146,8.42,14,43.38
30,114,6.3,3,17.86
30,143,9.15,14,44.33
49,116,6.24,0,11.27
36,124,7.75,1,15.87
21,117,8.55,14,42.34
37,106,8.26,9,32.07
50,144,5.57,9,29.05
46,152,6.37,11,34.05
39,82,5.08,5,18.61
41,138,7.95,9,31.33
37,109,8.08,11,35.93
41,95,7.38,6,26.27
39,108,8.17,9,31.99
27,149,9.26,14,43.38
37,157,6.27,3,17.64
21,153,7.69,3,19.62
57,103,5.68,13,36.46
26,86,6.17,7,25.14
46,128,6.52,1,14.3
22,142,8.56,8,31.21
52,125,5.73,9,28.32
25,127,8.48,0,14.8
57,104,5.47,3,16.48
51,122,8.4,11,36.67
32,134,8.91,12,39.42
55,113,9.51,2,20.72
50,144,9.15,3,22.3
26,107,8.2,13,40.76
35,120,8.94,1,16.57
35,108,8.59,3,20.89
36,111,7.37,8,28.71
40,148,8.93,12,40.57
33,113,5.03,4,17.3
51,138,9.02,6,28.51
54,140,9.62,10,36.37
49,131,9.57,2,20.92
23,142,9.99,1,18.71
29,105,6.39,4,19.67
31,156,5.68,12,34.68
31,91,7.46,10,32.87
45,101,6.71,5,22.53
42,152,7.29,2,16.78
29,135,6.81,9,30.03
40,85,9.28,8,31.43
41,115,7.71,13,39.88
30,153,8.96,13,42.53
42,138,6.49,1,13.94
49,138,6.97,0,13.42
29,147,6.43,12,35.89
25,131,9.86,14,44.1
31,147,7.23,10,33.07
21,156,7.05,0,12.87
21,159,9.2,12,39.57
59,130,8.79,10,36.26
25,147,9.6,5,26.53
42,105,8.77,8,30.46
46,152,6.74,3,18.38
26,120,6.51,2,15.52
52,154,8.42,6,27.94
31,84,5.65,0,9.84
30,132,5.44,12,35.13
59,117,8.97,2,20.84
54,132,8.18,8,30.88
51,135,6.09,14,40.36
32,98,8.35,10,33.88
36,144,6.55,11,34.07
58,148,6.42,2,15.64
23,132,6.37,13,37.64
22,98,7.53,13,38.56
25,145,9.71,1,19.23
31,127,9.74,14,44.82
45,145,7.73,2,17.74
55,152,9.34,11,38.34
55,97,7.53,4,22.37
42,159,7.46,9,31.01
57,118,5.19,8,25.52
42,152,8.73,7,29.29
31,130,8.19,8,30.17
52,102,6.84,11,33.64
55,112,5.73,11,33.45
51,139,9.95,7,31.5
28,138,9.08,6,29.06
40,105,8.14,9,32.85
54,96,5.08,8,25.05
24,132,9.35,4,24.16
38,157,8.05,13,40.16
24,156,5.79,12,34.34
40,122,9.07,1,17.32
29,127,8.02,8,29.58
36,99,7.65,3,18.79
46,114,5.7,10,30.25
58,112,6.27,8,28.49
45,155,8.45,7,29.42
24,81,6.75,3,17.2
58,113,6.73,14,40.42
39,155,5.9,14,39.74
34,111,6.03,5,20.87
41,100,8.37,3,19.69
35,84,9.61,8,32.39
23,107,5.27,6,21.44
57,127,7.46,14,41.43
36,148,9.78,8,32.4
34,149,7.68,9,33.25
29,119,7.12,12,35.93
27,85,6.45,1,12.87
34,93,8.77,10,34.95
26,146,9.48,9,34.05
41,90,9.95,4,25.19
35,118,6.54,2,15.71
28,120,5.64,8,26.52
54,103,8.62,12,39.03
21,122,9.15,4,24.36
52,153,9.36,8,32.28
25,105,8.02,10,33.04
50,108,9.8,10,36.8
42,81,5.56,6,22.29
40,109,6.54,5,21.63
36,153,6.5,0,12.21
27,155,6.99,12,36.5
27,136,8.75,8,31.08
22,138,5.1,3,15.38
34,98,5.09,6,21.01
51,133,5.69,2,14.43
34,149,5.93,1,12.78
25,102,9.95,1,18.23
31,112,6.29,5,21.87
25,145,7.29,5,22.36
49,158,5.14,0,10.01
31,90,9.65,12,40.15
25,97,5.24,4,17.75
52,144,9.51,13,43.03
56,111,6.0,3,16.64
35,83,9.54,3,22.35
39,115,6.65,12,36.25
42,136,7.38,7,26.88
54,112,8.55,5,24.75
37,93,8.72,13,40.6
32,127,5.17,3,15.79
45,116,5.1,4,18.61
37,84,6.61,5,22.31
30,129,7.56,9,32.05
48,140,9.37,2,20.4
38,148,5.9,12,35.27
38,117,6.86,1,14.26
52,125,7.18,4,20.98
34,94,7.44,13,38.43
36,116,8.52,8,31.62
38,106,9.55,14,44.1
36,80,5.65,8,25.27
37,108,7.35,9,30.75
27,151,9.92,14,44.99
32,86,8.0,10,33.65
54,108,9.24,8,32.11
30,110,9.45,7,29.47
25,117,5.36,4,18.66
41,87,7.4,0,12.7
23,116,9.81,6,28.71
39,138,5.75,11,32.97
55,158,5.94,3,17.06
26,133,7.53,0,13.05
34,137,5.67,4,18.99
24,105,9.3,12,39.29
38,127,8.81,14,43.25
49,90,9.25,5,25.85
55,102,7.03,10,32.49
58,113,8.23,5,24.89
36,112,6.64,11,33.7
40,81,5.32,7,23.43
44,140,8.87,10,36.19
55,83,9.86,4,25.01
39,91,6.43,7,24.86
24,108,6.44,4,18.92
53,121,6.03,9,29.46
22,136,7.13,6,24.96
33,129,6.88,9,29.84
50,145,9.42,0,17.02
54,86,8.95,14,43.76
50,136,9.4,5,26.68
44,125,9.6,2,20.11
53,101,8.4,1,16.31
30,90,8.22,3,19.94
38,112,7.33,11,35.24
39,133,5.41,13,36.45
27,99,7.23,2,16.17
39,84,6.81,3,18.01
44,147,6.89,9,32.19
35,93,7.51,8,28.11
43,82,7.64,5,23.03
24,137,6.08,13,36.51
58,106,6.37,5,21.69
24,83,6.02,1,12.67
25,146,8.68,9,32.31
43,143,9.82,12,41.3
57,121,6.22,1,13.7
31,108,9.32,3,21.2
31,159,8.65,8,31.18
33,114,6.53,9,29.06
34,98,7.62,3,19.0
28,158,8.05,11,36.64
45,148,8.86,7,29.03
38,110,7.72,0,13.31
38,122,8.28,10,35.15
30,152,6.6,5,22.04
27,156,5.62,10,30.91
34,100,5.3,2,13.5
35,144,6.46,5,21.23
36,156,8.34,10,33.93
22,113,5.45,2,13.52
50,140,8.69,8,32.52
50,115,7.04,3,18.64
38,159,7.34,4,21.07
51,153,6.07,8,27.76
33,120,8.49,14,42.27
40,113,9.85,3,22.72
55,104,7.01,10,32.78
43,136,5.58,4,17.9
53,144,5.09,3,16.82
58,155,9.33,8,32.74
55,101,8.53,10,35.66
56,139,9.23,4,24.02
40,133,6.96,6,24.19
23,101,8.17,3,19.46
28,140,6.94,6,23.97
52,145,6.64,14,41.08
49,124,7.95,10,34.25
27,151,6.09,5,21.59
22,148,8.64,8,31.01
41,143,8.17,14,42.78
26,89,7.03,13,37.93
48,146,6.43,7,26.14
56,90,6.8,6,24.34
52,107,6.56,3,18.18
29,84,6.81,12,35.37
31,91,5.08,3,15.01
43,123,6.7,12,36.35
31,108,7.7,10,33.72
22,157,7.41,1,16.05
23,115,5.71,7,23.96
31,114,9.73,1,18.1
55,87,5.92,14,37.97
35,95,7.89,3,19.8
31,122,6.86,0,12.43
51,148,8.37,13,40.44
48,95,7.18,2,16.71
48,135,5.21,10,30.77
52,120,8.17,3,20.16
45,156,9.63,14,44.96
40,87,9.35,2,19.56
48,133,6.64,3,18.37
45,84,6.63,11,34.39
31,88,7.94,0,13.85
39,145,5.98,1,12.45
48,150,8.14,9,33.16
21,109,9.01,5,25.13
25,144,6.02,14,38.91
30,109,9.79,2,21.1
54,126,7.52,1,15.18
56,110,6.09,12,35.6
22,139,5.33,8,25.53
38,154,6.43,6,23.99
33,159,7.37,2,16.81
25,88,7.39,0,12.23
40,155,6.02,13,37.7
22,133,6.29,1,12.79
31,140,8.39,12,38.25
50,143,8.87,10,35.63
52,159,5.54,7,25.67
52,85,8.33,5,23.61
58,124,9.58,8,31.34
48,144,5.18,11,31.99
30,156,8.07,8,29.43
42,116,7.91,9,31.97
37,152,6.18,5,21.34
42,96,9.12,3,21.13
39,104,5.03,0,9.98
37,129,9.65,13,42.5
44,150,7.99,6,27.04
56,110,7.45,13,39.83
52,111,8.7,13,39.88
56,127,9.71,6,28.75
48,96,9.11,10,34.79
34,140,7.84,1,15.94
56,136,5.63,4,19.28
26,136,6.9,4,20.61
29,149,9.37,5,25.83
41,112,9.26,10,36.41
32,98,7.1,11,33.84
50,94,7.37,2,16.83
51,114,8.42,2,18.7
24,128,7.2,12,37.87
51,115,5.45,10,30.18
47,133,8.65,7,29.04
45,115,8.25,11,36.59
25,132,5.99,2,14.34
26,139,9.01,0,15.68
25,153,9.08,2,19.11
47,123,6.24,9,28.78
28,112,5.71,13,36.21
29,123,5.98,0,11.27
35,134,7.47,12,36.4
56,153,6.6,11,34.57
27,123,8.37,5,23.89
52,130,7.61,6,26.05
28,130,8.36,9,32.58
35,86,6.1,13,36.61
57,80,7.96,6,25.97
39,92,9.42,12,40.83
59,152,7.92,7,29.3
26,127,8.44,7,27.98
39,126,9.75,1,18.2
48,126,9.43,12,40.32
37,89,6.12,13,36.02
39,105,9.08,12,39.38
51,129,9.9,10,37.74
31,126,8.94,2,19.67
35,123,5.64,11,32.42
30,80,8.1,13,40.08
43,142,8.26,0,14.33
23,96,5.74,13,37.07
23,96,7.78,0,12.95
38,118,9.62,14,44.13
45,122,6.48,3,17.31
40,155,9.04,10,35.86
49,120,8.22,6,27.33
42,94,8.37,4,22.92
35,80,6.5,5,20.73
59,137,8.79,8,32.98
30,133,8.18,14,42.23
41,154,7.62,5,23.39
49,84,7.45,4,21.37
52,141,6.53,14,40.64
30,150,6.01,13,37.07
33,125,8.84,3,20.89
43,144,6.0,10,31.47
43,107,5.84,4,18.79
51,120,9.26,3,21.94
24,102,5.4,5,20.29
23,111,5.77,5,20.78
41,137,5.46,2,15.33
22,118,9.79,13,42.37
24,112,5.52,8,25.81
21,137,5.03,10,29.73
35,111,8.06,10,33.9
53,129,8.57,9,33.25
26,130,5.89,6,23.04
27,156,6.74,7,25.8
39,98,6.55,12,35.31
21,82,8.62,4,23.16
59,96,6.97,8,29.14
39,122,7.64,9,30.07
46,108,8.88,14,42.94
32,123,7.47,1,15.89
42,131,8.63,14,42.8
33,107,7.83,9,31.37
48,113,8.56,5,24.56
34,159,5.45,8,26.69
42,133,9.89,13,42.34
50,81,5.43,0,9.68
40,96,8.18,7,28.23
47,97,5.12,9,28.76
58,107,7.59,2,17.44
54,107,5.48,5,20.23
59,131,5.45,14,40.29
57,95,6.42,11,32.72
21,112,6.21,7,24.77
35,84,5.68,1,11.51
52,124,7.9,7,27.66
28,116,9.43,14,44.14
53,131,9.59,5,26.6
38,143,6.45,2,16.27
49,141,9.32,1,18.66
52,84,9.84,6,27.93
53,90,6.56,3,17.03
25,82,9.69,1,18.24
38,130,7.13,8,27.92
30,139,7.32,7,26.54
56,145,7.4,9,31.79
53,136,8.66,2,19.86
43,96,6.3,4,19.22
25,82,6.2,8,27.21
54,82,8.15,12,37.8
44,119,7.79,7,28.03
37,159,5.36,11,32.15
51,155,9.51,11,39.22
27,142,6.45,2,15.48
37,130,8.75,4,23.03
48,80,7.89,4,22.04
58,130,7.86,0,14.43
42,83,9.29,8,31.07
35,83,9.4,9,34.87
57,126,7.8,0,13.07
35,118,7.14,10,31.8
45,128,8.1,2,18.96
41,136,5.6,12,35.13
58,118,7.1,8,29.21
22,147,8.31,8,30.21
47,96,8.82,2,18.97
52,94,8.61,3,20.97
41,107,5.87,9,28.6
24,95,8.06,5,23.16
39,85,5.45,2,13.94
22,111,7.98,13,39.91
46,104,8.73,9,32.96
54,118,8.16,6,26.93
34,96,8.12,11,35.72
35,125,8.27,2,18.14
40,158,7.09,14,41.08
54,132,6.92,7,27.56
56,130,7.22,5,23.51
39,97,6.06,9,29.54
29,99,7.27,14,40.32
27,84,9.52,4,23.83
50,141,6.45,4,20.58
33,91,7.16,13,37.99
47,109,8.23,7,27.61
55,95,8.84,2,18.69
33,81,5.05,5,19.49
35,155,8.32,4,23.72
29,82,5.72,0,9.63
43,87,8.72,4,22.41
56,116,5.68,2,16.01
23,132,8.75,11,35.77
54,134,9.73,2,21.62
39,128,6.12,10,31.49
48,138,5.04,12,33.94
43,139,5.55,1,12.64
27,157,9.6,10,36.61
32,125,7.35,4,20.98
34,142,7.69,7,27.87
35,158,5.77,9,28.04
23,111,9.94,0,16.6
35,145,5.91,1,13.43
44,83,8.01,11,35.21
28,108,7.85,0,13.8
25,128,5.33,5,19.87
24,102,9.98,13,42.1
34,82,7.75,5,22.63
36,133,5.78,13,36.17
40,100,8.77,6,26.3
44,159,6.96,3,18.3
26,123,8.35,9,32.19
51,99,6.12,8,27.48
26,136,9.61,7,31.42
55,148,5.2,0,10.43
35,150,5.1,1,11.04
49,131,9.32,4,24.68
23,159,7.72,4,21.79
31,96,6.71,13,37.91
23,145,5.71,14,38.67
48,91,5.3,13,35.49
30,137,6.48,9,29.97
53,156,9.06,2,20.52
36,84,5.96,1,11.97
30,159,9.9,1,19.15
53,151,8.96,2,19.99
56,135,5.06,7,24.36
23,125,7.75,2,18.53
25,151,6.98,8,28.4
32,97,7.22,1,15.12
33,123,7.22,13,38.11
44,122,9.26,1,18.16
52,159,8.43,8,31.34
36,158,6.45,12,36.02
52,156,7.58,3,19.35
57,101,7.43,10,34.09
56,139,6.44,7,26.5
41,142,8.1,12,38.4
32,103,8.16,10,33.59
41,144,5.54,8,26.77
41,108,5.45,1,12.54
26,80,5.15,1,10.91
29,80,7.96,9,31.33
21,152,9.98,12,41.04
32,100,9.54,7,29.44
34,157,7.3,5,22.4
26,107,6.59,11,33.09
21,97,8.67,8,29.89
42,131,6.68,9,30.23
54,145,5.17,4,18.79
31,141,7.59,14,41.44
23,98,6.6,13,36.96
26,81,5.22,1,10.78
26,149,8.8,4,23.01
40,134,7.87,2,18.64
41,158,6.74,0,11.97
22,136,7.08,2,16.42
46,90,5.39,13,35.68
51,95,5.62,11,32.55
46,141,7.1,12,36.76
52,106,5.76,11,32.74
30,101,5.95,0,9.76
43,82,6.84,6,23.26
26,82,7.62,3,18.65
43,100,7.79,13,39.33
48,122,7.45,0,13.29
50,149,5.36,3,16.51
34,116,5.4,5,20.24
57,135,6.03,10,31.22
52,118,9.38,14,43.86
54,99,5.56,3,17.17
42,144,8.61,11,37.63
51,114,9.1,3,21.99
27,122,5.52,9,28.06
41,100,7.98,12,38.62
36,89,8.85,6,26.85
40,124,9.02,14,43.89
39,82,5.14,10,29.76
52,122,7.68,1,16.58
35,131,5.93,2,15.62
25,120,9.45,6,27.52
31,120,7.32,12,36.76
35,156,7.08,4,20.74
49,88,6.03,2,14.45
24,125,5.98,1,12.56
56,95,9.96,2,20.34
43,126,5.34,1,12.19
35,107,5.21,13,34.22
23,107,6.33,11,33.32
52,154,6.83,14,40.27
30,90,6.94,9,29.32
58,108,5.96,9,29.58
42,135,9.7,4,24.64
34,155,9.51,1,18.3
37,151,7.49,2,17.0
41,136,8.77,5,24.96
35,132,6.12,1,13.8
35,153,9.27,14,44.26
21,138,7.06,14,40.74
44,114,5.67,2,13.77
32,131,8.97,2,20.12
30,115,7.4,4,20.63
51,156,8.04,12,38.04
31,137,9.58,5,26.14
36,81,7.86,6,25.73
29,107,6.33,13,37.53
34,149,6.71,11,33.7
39,142,9.28,8,32.09
51,131,9.06,13,41.67
29,139,8.7,2,18.64
56,115,5.64,5,21.93
59,141,5.97,6,23.35
46,122,8.51,3,21.6
28,118,6.39,2,15.35
44,84,8.56,9,32.44
28,154,8.47,8,31.53
39,129,7.94,2,18.79
50,95,9.94,1,18.74
42,131,9.37,2,20.85
29,148,5.6,6,22.38
24,150,8.67,6,27.01
57,82,9.24,8,32.0
28,89,9.36,7,29.95
21,130,7.57,5,23.95
48,148,9.29,4,23.96
26,111,9.27,8,31.64
56,84,7.77,5,22.86
31,122,7.71,6,25.21
25,91,8.08,11,35.64
44,110,5.79,6,22.45
38,101,8.69,3,21.27
40,138,9.45,2,20.81
48,131,7.8,1,16.79
33,126,8.68,9,32.46
25,128,7.61,13,39.76
50,135,7.81,13,39.15
21,110,7.89,8,29.2
42,138,6.28,13,37.31
38,149,8.83,8,31.83
25,155,7.08,1,13.7
51,122,5.3,5,20.4
26,153,7.42,3,18.26
47,84,5.62,1,12.31
45,83,9.0,9,33.35
49,94,5.86,2,14.57
48,81,9.51,12,40.61
36,128,9.44,0,15.74
32,135,9.44,5,26.34
40,87,6.58,10,31.59
38,95,6.58,8,28.36
54,143,6.81,9,29.92
43,103,9.4,8,32.78
47,134,6.91,3,19.26
37,133,7.83,2,18.01
41,148,9.86,0,17.12
51,157,8.49,0,15.06
23,157,8.98,1,17.35
37,139,7.3,3,18.77
46,110,8.79,12,38.6
43,99,8.99,11,37.68
26,156,8.42,9,33.19
48,133,10.0,6,30.05
28,88,5.39,7,23.47
28,113,9.16,14,43.86
39,155,6.08,6,22.56
58,159,8.14,4,22.9
49,144,9.09,1,17.94
43,95,8.25,2,18.34
52,149,6.37,5,21.62
30,85,6.53,3,17.02
47,114,8.0,0,13.69
21,82,9.53,0,15.99
59,100,8.28,0,14.55
49,86,7.12,12,36.54
23,157,9.32,2,19.61
57,109,6.49,10,32.4
51,101,7.63,10,33.71
31,93,6.55,13,37.39
42,134,8.93,13,41.14
38,146,6.0,2,15.29
55,84,8.28,13,40.66
26,148,8.3,3,21.12
23,138,9.66,4,24.73
25,88,7.21,3,17.96
29,127,7.48,11,34.1
48,116,7.99,10,34.4
39,147,5.63,10,30.08
48,99,7.28,14,40.81
47,129,5.75,0,10.98
33,103,8.94,5,24.97
58,150,6.63,10,32.76
41,128,7.18,3,18.0
47,87,6.42,11,33.44
26,154,6.29,6,24.25
58,152,9.94,13,43.41
31,85,9.16,13,41.63
37,119,7.25,1,14.6
59,133,9.14,6,27.96
27,156,8.38,7,28.34
50,96,7.05,5,21.8
41,130,5.14,4,18.0
21,81,9.57,11,37.49
45,109,6.13,4,18.65
52,111,8.62,10,34.74
28,129,9.08,7,28.59
25,150,7.93,2,18.06
50,95,8.28,5,24.14
28,158,5.34,8,26.0
39,134,7.8,4,22.1
50,136,6.48,14,40.57
35,157,7.84,5,24.63
56,124,8.02,12,38.64
47,131,5.37,10,30.09
33,150,7.19,12,36.32
34,126,9.24,13,42.52
57,112,5.61,10,31.13
50,103,8.75,8,30.71
59,114,7.76,2,18.53
33,143,8.07,10,34.52
36,159,5.11,8,25.58
27,139,9.32,9,33.4
47,108,9.51,13,43.05
55,97,8.12,14,41.94
35,137,9.94,0,17.4
48,127,6.51,12,36.18
55,90,6.04,8,26.04
27,82,5.73,5,20.07
40,121,5.9,11,32.86
52,97,5.17,7,24.39
58,95,8.52,8,31.31
52,120,8.87,14,43.57
46,144,5.06,2,14.59
59,122,6.17,3,17.39
40,122,6.09,1,13.16
38,110,8.17,4,22.25
35,107,8.94,12,38.45
42,130,8.59,13,40.94
42,106,8.81,8,30.48
41,88,8.56,11,36.3
22,117,8.8,10,33.79
38,115,7.81,13,38.84
43,139,7.73,0,14.53
33,136,9.11,13,42.3
29,126,8.06,0,13.89
27,147,5.73,0,10.71
21,130,9.33,4,23.18
22,137,7.41,3,18.01
24,127,6.26,1,13.63
34,138,6.88,0,12.64
52,155,7.85,3,20.0
56,126,6.97,0,12.35
22,94,7.96,2,17.41
34,157,7.8,11,35.99
40,151,7.76,5,24.29
45,81,7.83,10,33.15
28,158,6.6,5,21.66
48,140,9.31,2,19.93
41,119,7.66,13,40.61
43,122,5.23,3,15.74
52,127,6.47,1,14.11
28,151,8.59,8,30.1
51,148,8.33,13,40.72
57,136,5.97,13,37.25
36,147,9.99,0,18.09
47,91,8.13,14,42.67
38,153,6.64,4,19.53
55,147,6.96,2,17.36
35,130,9.6,0,16.16
47,153,7.16,12,37.07
37,108,6.21,2,14.47
22,108,6.72,5,21.53
51,92,7.65,3,19.28
57,136,5.79,9,28.21
54,125,5.25,6,22.53
54,99,7.02,1,14.99
23,138,9.48,13,41.84
37,115,9.64,1,18.63
34,80,9.16,11,37.71
34,82,5.85,5,19.81
58,123,5.24,6,21.46
55,134,7.64,7,28.09
21,139,8.38,14,42.6
49,82,8.28,7,29.02
24,142,6.35,12,35.35
53,110,6.69,2,16.42
37,140,9.84,8,32.66
48,128,7.13,10,32.5
46,123,8.24,6,26.96
28,131,7.5,4,21.49
54,110,9.27,7,29.38
38,151,9.19,2,20.11
51,128,8.24,5,24.37
47,125,9.66,5,27.03
36,133,6.04,11,33.0
30,90,7.68,14,41.0
32,144,6.17,8,27.75
42,96,5.51,13,36.33
36,107,8.86,2,18.49
32,153,8.06,6,26.28
31,88,5.52,2,13.84
40,113,9.94,14,44.39
21,99,5.42,11,31.73
47,82,8.44,4,22.69
23,80,8.02,4,20.56
32,139,7.07,12,36.32
50,129,9.3,8,32.37
29,87,6.75,11,33.75
57,97,9.11,4,23.68
21,109,7.97,2,17.92
24,101,6.96,1,13.97
35,88,6.72,11,33.6
47,101,6.31,12,35.74
28,89,5.09,4,18.06
43,146,8.1,1,16.57
35,88,7.27,8,28.51
47,126,6.69,14,39.91
51,119,5.88,0,10.91
59,115,5.0,5,19.07
28,98,8.38,1,16.1
50,81,9.3,0,15.49
38,124,6.76,2,15.98
24,112,7.71,13,39.49
42,143,7.99,14,42.37
23,105,6.24,1,13.47
35,113,7.44,4,21.63
55,142,8.33,12,38.91
58,107,9.38,5,26.66
53,159,9.03,2,20.35
34,157,9.35,14,44.58
21,85,9.98,12,40.36
46,90,6.31,2,15.05
28,125,8.63,11,36.89
36,99,7.81,1,15.16
58,115,7.93,5,25.03
30,95,6.45,13,37.63
57,149,9.24,7,31.97
46,151,8.95,9,33.78
48,124,9.11,10,36.34
32,127,9.98,3,23.83
40,83,6.54,5,21.57
34,127,9.87,12,40.79
55,146,6.05,4,19.47
49,107,5.45,9,27.81
32,109,5.05,8,25.76
38,108,6.17,0,11.36
22,100,6.56,4,19.82
22,121,6.55,8,28.05
37,129,9.65,8,31.78
30,82,6.57,8,27.37
38,144,8.3,10,34.75
42,102,9.93,13,43.02
39,84,6.47,3,16.85
21,104,9.88,12,40.51
44,114,8.81,13,41.08
56,144,9.06,1,17.86
45,158,7.84,8,29.94
56,118,8.89,3,21.11
51,97,8.05,11,36.38
51,104,7.42,11,33.94
22,80,9.27,14,43.45
39,141,9.1,3,21.85
32,88,6.98,7,25.83
30,120,5.21,5,20.05
51,101,9.63,7,30.13
42,145,8.91,3,21.33
43,124,9.29,2,19.5
43,131,5.12,4,17.19
35,99,9.37,2,19.73
46,91,7.34,13,39.84
23,153,9.55,11,38.06
43,143,8.46,9,33.14
40,111,7.13,5,21.9
59,141,5.62,10,31.04
28,84,7.79,0,13.19
38,123,8.54,7,29.17
26,108,9.52,2,19.27
47,112,9.43,13,42.69
56,92,6.29,5,20.85
35,129,5.38,8,27.25
57,81,7.35,6,24.93
25,154,6.38,3,18.64
59,107,6.59,1,14.91
29,97,8.34,3,19.71
27,152,8.73,9,32.51
40,145,8.67,4,23.32
30,125,9.09,6,27.05
46,96,5.22,6,22.45
24,112,9.83,12,41.2
58,112,6.69,4,20.33
44,109,6.84,13,38.47
34,101,8.16,7,27.95
21,132,6.13,2,13.99
37,125,8.39,11,37.45
44,123,6.31,8,26.99
47,154,8.51,0,14.96
27,113,9.09,1,17.93
29,107,9.5,9,33.07
55,114,7.04,8,28.77
32,147,9.04,0,15.34
41,88,7.33,9,30.89
23,101,6.23,2,14.73
35,140,8.66,10,35.69
41,104,6.47,1,14.11
30,158,5.85,6,23.61
53,120,5.61,10,31.18
26,86,6.99,7,26.33
22,138,8.73,11,36.26
49,151,9.07,0,17.22
53,146,9.17,10,35.91
24,112,7.14,4,21.03
24,144,5.19,14,37.59
49,139,5.89,5,21.71
57,137,5.98,6,23.29
40,123,7.52,12,37.55
43,127,9.58,9,34.32
38,116,5.65,12,33.19
45,104,5.17,13,35.61
21,104,5.0,1,11.84
35,136,9.5,14,44.01
54,92,9.11,2,20.05
40,156,9.81,12,40.46
57,91,8.5,13,40.71
47,142,8.05,8,30.45
42,141,5.62,6,22.52
25,107,7.88,1,15.11
54,134,8.95,12,39.29
59,154,9.35,12,41.18
23,121,9.35,5,25.69
37,140,6.52,10,30.97
44,159,5.95,1,12.35
44,117,5.74,6,23.14
23,84,8.22,0,13.67
27,127,5.35,8,25.51
45,114,9.35,13,42.76
23,127,9.04,7,29.09
35,93,5.03,3,15.25
49,133,7.94,12,38.76
49,105,8.17,9,32.77
30,122,9.53,11,38.49
52,121,7.67,8,29.61
43,97,5.26,8,24.9
59,134,8.42,9,33.29
29,129,6.75,0,12.27
57,100,7.55,1,14.65
34,113,6.2,2,14.92
24,119,9.3,7,29.63
40,109,7.94,11,35.88
48,149,8.73,1,17.39
34,104,5.75,3,15.47
54,148,7.83,12,37.83
33,108,6.51,4,20.04
51,146,5.13,5,19.68
53,136,8.64,8,31.11
59,126,9.9,5,26.28
48,96,8.64,6,27.27
45,128,5.42,9,28.26
52,129,8.15,7,28.04
29,84,9.14,2,18.99
48,92,5.81,6,23.64
51,142,9.9,0,17.44
37,118,8.12,9,32.97
43,147,9.91,12,40.55
33,124,8.15,8,30.05
30,96,8.34,3,19.52
36,138,8.8,3,21.14
26,159,9.02,14,43.53
31,138,9.39,12,40.68
23,87,8.76,0,14.9
48,109,7.3,7,27.25
35,82,6.27,8,26.14
33,96,6.99,4,20.29
37,130,9.6,12,39.59
27,103,9.32,7,29.81
48,159,6.81,3,18.97
58,143,7.12,3,19.5
33,153,6.47,1,14.15
37,150,8.11,8,31.26
35,128,6.8,14,40.35
56,99,9.02,9,33.75
48,156,7.38,10,33.7
35,108,6.1,3,16.43
31,89,7.23,11,34.66
51,88,8.68,14,42.65
24,150,7.27,10,33.76
55,142,7.86,6,26.02
54,112,9.57,13,42.24
47,103,8.57,11,37.0
30,159,9.98,14,44.71
50,111,5.38,4,17.95
40,83,8.75,14,43.05
49,141,8.66,5,25.81
49,157,5.54,12,35.08
43,101,9.83,1,18.25
41,102,9.23,8,32.13
30,105,7.56,4,20.12
32,128,6.1,12,34.55
50,123,5.93,7,25.31
53,101,5.64,9,28.24
38,146,5.97,10,31.11
34,121,9.62,5,26.69
42,131,8.17,2,18.23
41,96,5.62,4,18.03
21,93,9.61,4,23.25
35,143,5.27,0,10.22
56,124,7.05,4,21.25
42,143,8.71,6,28.05
52,109,9.11,3,21.09
53,92,9.22,2,19.27
59,105,9.73,0,16.23
43,111,6.34,13,36.86
22,125,6.91,5,22.64
22,130,8.17,14,41.32
58,113,9.38,2,19.92
49,155,8.0,0,14.48
23,107,6.36,4,18.68
59,98,9.01,4,24.17
27,127,9.51,13,42.21
56,151,5.04,10,29.99
49,113,5.03,9,28.22
57,95,9.77,2,21.13
56,150,7.78,0,14.96
43,106,5.44,1,11.17
36,130,6.78,5,22.16
51,133,7.84,2,17.94
54,96,8.13,9,32.18
21,151,5.82,9,28.79
38,147,9.2,12,40.16
35,80,7.72,12,37.28
37,93,7.63,3,18.98
30,86,7.7,7,26.84
40,143,5.31,9,28.26
26,151,8.76,11,36.69
28,87,5.4,7,23.76
54,133,7.32,3,20.04
52,103,7.95,8,30.67
24,134,6.06,2,14.6
59,80,7.41,6,24.72
40,151,6.43,13,38.05
44,148,8.55,11,37.9
44,111,7.67,14,41.09
46,80,5.46,7,23.95
45,145,8.0,14,41.78
56,121,5.68,3,18.2
27,158,5.01,13,35.72
30,88,5.73,3,17.02
32,155,5.02,5,19.54
21,153,9.94,14,45.42
45,103,8.17,3,19.87
36,98,8.13,1,16.19
25,130,9.67,2,20.15
39,81,5.64,0,9.79
24,89,5.14,13,35.29
26,148,8.41,7,28.6
46,85,8.09,8,29.22
59,141,9.52,0,16.72
59,145,6.62,11,33.8
29,87,7.76,4,20.78
34,147,7.82,10,33.63
29,138,6.28,5,21.44
35,129,6.8,13,38.06
57,115,6.74,2,16.81
40,87,9.22,11,37.98
28,96,6.88,1,14.02
52,138,8.12,13,41.05
41,157,6.87,2,16.27
39,87,5.42,3,16.55
49,157,9.63,14,44.33
51,122,5.39,4,17.73
26,142,5.05,11,31.79
24,91,6.36,13,37.78
49,135,6.39,7,25.95
23,128,6.45,12,36.21
21,131,9.01,12,39.1
35,90,6.43,8,27.05
41,106,8.16,8,30.37
51,141,5.04,4,18.23
27,88,9.46,0,16.7
37,115,6.3,11,33.23
39,125,7.69,7,27.09
59,108,7.84,6,26.06
23,147,6.2,9,29.42
50,158,7.95,6,26.99
55,120,9.33,6,28.19
49,107,6.66,9,29.25
34,143,9.67,3,22.95
55,103,6.17,11,33.1
48,95,5.59,0,10.81
50,101,6.75,9,30.49
46,126,9.46,7,30.16
27,96,5.81,13,35.89
59,80,7.08,1,14.27
51,110,8.12,2,18.43
25,91,9.08,6,27.24
55,99,9.53,5,26.33
34,98,9.96,1,18.68
56,84,9.23,1,18.72
47,94,5.05,0,10.33
44,104,6.96,8,28.01
49,114,9.27,1,18.6
42,134,9.88,5,27.0
28,142,5.3,4,17.55
35,126,6.7,10,32.51
25,146,8.25,12,38.02
24,143,7.04,10,32.16
31,101,5.78,3,15.53
38,159,9.5,10,36.55
50,158,6.52,11,33.97
35,148,6.28,13,38.34
26,156,7.86,3,19.82
36,153,9.22,8,32.1
29,159,7.38,13,38.99
54,81,5.56,3,15.84
47,104,7.24,4,20.35
33,140,5.5,14,39.53
56,84,5.87,13,36.73
47,107,7.18,10,32.46
29,145,5.57,0,10.44
25,94,8.35,7,28.17
42,134,7.72,9,31.21
51,117,6.72,2,15.91
23,102,5.8,7,24.42
50,93,7.57,6,25.0
41,111,8.99,14,42.78
55,123,8.75,5,25.18
26,149,9.86,4,24.31
48,137,7.5,3,20.25
52,83,8.16,13,40.33
57,141,6.22,0,10.59
45,139,8.86,7,29.37
52,154,7.5,5,24.29
55,138,7.36,1,15.83
42,154,6.49,10,31.84
44,108,6.59,2,16.32
59,98,6.04,8,26.97
50,96,9.73,5,26.18
52,83,6.19,7,24.82
51,123,5.19,0,10.68
43,83,7.11,8,28.36
53,138,9.84,1,18.92
45,91,5.15,6,21.08
56,126,6.29,12,35.65
44,86,6.25,11,32.86
51,91,7.66,7,26.95
59,150,8.78,14,43.67
33,133,7.07,5,22.76
30,137,6.64,8,29.55
43,142,6.42,4,19.71
38,94,9.59,5,26.14
52,116,9.7,11,38.3
53,135,7.9,4,23.24
56,152,9.4,8,32.8
48,159,9.94,6,29.7
36,110,7.83,8,29.78
36,94,6.49,14,40.77
38,81,6.68,10,32.02
28,92,8.06,11,35.7
36,84,6.91,2,15.96
31,127,7.55,2,17.27
26,112,6.15,11,32.48
21,111,9.97,10,36.32
32,132,5.96,10,31.47
58,100,9.57,2,20.16
48,145,9.34,11,38.23
37,140,9.05,13,41.56
21,133,9.69,7,29.9
52,154,9.03,4,24.21
28,120,6.76,4,19.88
44,117,5.85,1,12.29
30,112,7.52,12,36.66
59,87,5.03,9,27.5
59,115,9.74,1,18.48
30,112,9.28,14,42.96
56,108,9.11,11,37.34
45,136,6.79,1,14.35
30,151,5.57,12,34.16
39,140,8.56,4,23.22
35,134,8.24,4,22.92
36,131,9.12,14,43.29
22,122,7.55,0,12.54
49,105,5.76,0,10.98
24,81,9.09,3,20.96
49,134,8.51,0,15.64
51,97,9.79,4,24.56
37,129,5.45,10,30.31
30,124,7.93,2,18.2
47,94,8.18,6,25.91
35,86,10.0,8,31.5
51,106,9.16,4,24.91
41,119,6.56,10,32.36
46,96,7.36,3,18.58
58,111,6.79,2,16.18
56,95,9.59,10,35.43
37,142,7.62,1,15.93
23,157,9.51,1,18.11
34,139,6.81,7,27.07
33,131,5.9,12,34.51
47,159,7.71,7,27.42
21,128,9.94,0,16.19
37,128,8.14,9,32.58
54,159,5.28,0,9.63
34,105,5.17,11,32.01
37,130,7.15,6,24.4
23,122,5.19,5,19.59
54,149,5.52,6,21.77
45,150,8.77,12,38.74
22,88,8.79,1,16.82
54,123,5.92,9,28.9
46,143,9.26,10,36.66
51,81,5.88,11,32.32
29,115,8.82,3,20.65
50,82,8.01,13,39.12
40,133,9.28,7,30.03
41,100,8.77,1,16.59
49,146,5.0,5,20.23
45,88,5.3,9,28.54
58,91,5.16,2,14.01
45,151,9.17,10,36.97
29,116,7.98,1,15.55
59,116,9.84,0,17.91
46,146,6.94,4,21.88
57,135,5.89,12,35.14
36,142,6.7,10,31.86
57,105,6.35,4,19.2
32,125,9.24,7,29.13
44,132,6.33,4,19.55
46,139,5.67,11,32.85
40,111,6.66,9,29.62
29,141,8.99,9,34.11
43,126,7.0,1,14.54
59,140,8.08,10,35.33
49,83,6.03,3,17.05
51,81,5.38,4,18.58
39,102,6.17,3,16.39
40,134,9.1,2,20.36
43,120,8.44,0,14.84
47,147,5.41,2,14.4
50,116,6.07,1,13.3
41,90,6.16,6,23.98
55,115,6.41,13,38.24
27,94,8.3,0,14.41
42,146,5.83,0,11.63
30,109,5.59,7,24.03
43,136,7.56,11,35.92
35,141,6.64,6,23.92
50,112,6.11,6,23.19
54,144,5.87,8,27.18
33,80,6.31,6,22.82
24,82,5.19,9,26.24
38,88,6.56,9,29.36
43,111,6.92,9,30.47
53,156,6.13,10,31.57
54,124,8.23,3,20.36
54,136,9.29,7,30.28
56,100,8.69,6,27.74
55,102,5.99,2,15.93
37,156,5.65,4,19.29
48,105,9.62,1,19.78
34,151,7.27,11,36.15
54,109,9.32,9,34.15
31,148,8.26,8,30.31
33,103,8.65,11,35.65
53,153,5.97,11,32.81
22,143,8.97,5,24.64
54,114,7.02,14,40.71
49,101,6.85,12,35.94
57,118,8.08,10,34.41
24,134,6.38,10,31.84
32,86,6.35,6,23.42
46,141,5.39,1,12.11
48,118,6.98,1,15.0
23,99,8.05,8,29.74
40,135,6.32,0,11.72
30,145,9.47,3,22.75
38,94,9.88,8,32.63
47,153,5.73,4,19.41
51,100,7.63,3,19.1
47,158,6.51,14,39.86
21,113,6.97,2,16.42
26,114,7.22,5,22.35
31,84,7.25,0,12.34
54,135,6.89,14,40.91
59,86,6.79,0,12.06
40,132,5.39,8,26.45
41,123,6.94,9,30.54
41,137,9.94,9,34.85
38,121,7.29,5,22.43
41,97,6.85,4,20.48
39,85,8.81,4,22.44
24,83,9.45,0,15.8
33,148,8.31,9,32.28
38,93,6.8,0,11.33
49,120,7.02,4,20.16
45,126,7.09,11,34.71
33,132,5.52,1,12.39
47,100,7.69,5,23.8
39,92,5.93,7,24.2
21,145,8.34,8,30.47
58,94,8.79,13,41.74
39,159,7.94,11,36.52
21,124,6.39,0,12.03
37,144,9.1,5,26.22
41,125,6.01,13,36.72
42,82,6.09,10,30.73
35,96,5.68,3,16.46
59,96,8.8,8,32.21
59,99,7.72,4,21.55
52,83,5.55,13,35.53
24,154,7.95,2,18.27
52,94,9.29,12,40.32
24,136,7.26,11,34.61
21,124,9.15,4,23.55
53,106,9.68,12,40.15
27,99,6.33,3,16.96
29,158,7.82,4,22.37
21,85,9.46,11,37.36
36,97,8.05,0,12.87
38,128,7.18,1,14.13
26,103,7.98,13,39.53
22,90,8.73,14,42.25
29,97,6.37,12,34.8
24,114,5.71,10,30.41
43,134,5.95,3,17.67
28,107,8.64,12,37.68
59,115,5.56,3,16.37
45,103,6.62,10,31.25
36,112,9.17,6,27.42
55,116,9.43,0,16.71
37,92,9.84,4,24.4
38,95,8.04,11,35.31
47,122,6.19,5,21.73
35,152,8.33,1,16.52
37,129,5.95,12,34.91
25,92,6.2,4,18.86
36,150,9.64,8,33.11
35,114,5.05,1,11.27
54,152,7.75,11,37.15
39,114,5.29,3,15.74
28,103,6.11,5,19.6
30,132,6.77,9,29.69
25,118,5.54,13,35.94
46,98,5.17,2,14.03
42,123,6.78,12,37.0
43,125,7.56,11,35.63
33,124,9.03,3,21.55
29,111,6.69,8,27.76
40,84,6.55,1,13.89
48,155,5.06,14,38.49
57,85,8.08,4,21.37
44,86,8.83,0,14.1
53,94,5.02,10,29.63
40,152,5.03,6,21.69
50,99,9.33,3,21.72
29,138,6.39,0,11.81
37,83,7.63,14,41.27
56,153,8.29,10,34.88
34,119,8.22,12,37.7
39,144,7.8,6,24.86
27,114,6.0,8,25.92
23,123,8.79,14,42.98
53,86,7.84,9,32.07
52,101,6.61,1,14.5
31,102,8.46,8,29.89
22,144,5.76,5,21.03
46,99,6.83,6,23.84
24,111,5.99,1,12.46
37,115,6.8,10,32.7
37,97,7.77,0,13.4
48,112,7.29,4,20.9
50,148,7.85,11,36.2
43,88,6.51,11,33.34
44,121,5.45,8,26.6
49,150,5.57,14,38.26
24,158,6.82,0,12.5
58,83,7.1,7,25.86
49,125,8.6,2,20.29
39,151,6.46,6,24.54
47,103,8.55,2,19.01
49,151,8.04,6,26.66
56,148,6.42,0,11.77
55,102,9.88,9,35.43
26,134,6.34,5,21.66
43,94,7.65,12,35.76
59,130,9.21,12,40.52
28,129,6.09,6,23.28
22,126,5.34,2,13.85
33,104,7.45,14,40.33
41,118,8.09,7,27.1
51,147,5.63,9,29.43
56,125,5.54,10,29.98
58,151,5.41,13,36.65
47,92,8.29,7,27.99
56,117,9.67,7,31.06
43,115,9.62,8,31.61
41,116,9.04,7,28.56
33,121,6.87,8,28.87
57,98,7.86,12,37.35
46,116,10.0,0,17.22
27,144,9.17,0,15.84
59,118,5.43,1,11.92
42,105,5.01,14,37.79
59,121,6.92,8,29.6
43,141,5.13,4,17.75
50,132,8.81,3,21.41
38,146,8.04,12,38.23
38,129,8.31,5,24.9
30,148,9.62,9,34.62
59,108,9.93,0,16.95
50,81,6.61,0,11.86
46,97,5.7,0,10.17
27,139,5.13,6,21.68
27,93,9.36,13,41.98
25,119,6.45,10,31.32
21,143,5.17,10,29.34
38,109,7.99,11,35.69
33,108,7.01,6,23.73
45,108,9.35,6,27.57
28,98,5.51,2,13.78
30,137,7.98,2,17.65
52,119,8.95,13,41.72
37,88,9.33,9,34.03
58,156,5.36,12,35.35
35,110,8.91,4,22.87
35,157,8.98,3,21.63
40,94,6.31,1,13.51
35,113,6.51,6,24.04
55,141,9.6,13,42.23
26,153,8.14,6,25.77
50,136,5.15,7,24.31
28,100,9.09,14,43.15
51,133,9.85,13,42.52
52,116,7.05,0,12.5
35,119,8.76,7,29.41
38,99,8.62,7,29.18
33,150,7.01,5,22.85
44,97,7.27,5,22.57
34,123,8.1,3,19.23
48,135,5.87,5,21.49
31,96,7.53,7,27.43
26,121,6.68,4,19.47
45,150,5.42,12,35.13
21,107,6.0,14,37.94
45,100,7.51,13,39.44
22,116,9.54,5,25.73
52,102,9.3,14,43.63
33,127,9.59,6,27.79
53,138,6.22,14,39.69
52,153,9.13,4,23.94
44,131,6.72,8,28.0
47,96,9.81,5,26.73
24,117,6.3,12,35.69
44,80,6.66,1,14.27
43,154,5.05,11,30.91
49,112,9.61,10,37.06
54,123,8.07,10,33.71
41,99,6.56,6,23.95
50,126,5.72,6,22.11
46,148,8.23,4,22.82
40,121,5.48,14,38.83
36,105,5.73,10,29.63
23,128,7.53,7,27.22
57,150,5.66,10,31.07
45,97,5.45,7,25.03
43,88,8.47,4,22.04
21,145,7.31,12,36.98
53,139,5.25,10,31.08
35,116,5.24,14,37.2
37,126,9.8,10,37.02
54,108,5.27,8,26.54
37,142,7.22,0,13.57
24,94,6.95,7,25.71
33,88,7.51,5,22.38
24,159,9.4,12,40.14
27,145,8.38,0,15.0
29,80,8.89,2,17.81
43,88,7.14,11,34.16
53,136,7.82,4,21.61
53,135,5.34,4,18.43
40,99,5.36,5,20.41
24,81,9.35,4,23.5
21,80,7.54,8,28.13
54,153,5.54,10,31.69
47,133,5.37,10,31.12
41,98,9.6,5,26.32
44,97,5.85,10,30.36
35,103,7.16,4,20.16
55,131,8.91,8,31.79
45,99,9.34,13,41.85
29,90,9.32,13,40.82
37,152,9.42,3,22.3
41,158,5.75,10,30.76
33,139,7.14,8,29.07
23,95,8.3,6,25.86
24,92,9.51,7,29.96
24,132,7.14,10,32.65
48,85,8.11,7,27.25
27,104,9.8,13,41.47
46,142,9.82,12,40.96
31,126,8.33,0,13.6
44,94,7.52,6,25.42
30,133,7.86,8,29.62
57,122,9.51,7,31.02
33,93,8.47,7,28.98
59,113,6.21,1,12.96
39,81,5.97,10,30.55
39,99,5.84,7,25.12
32,95,7.98,5,23.61
42,146,8.18,8,30.65
57,109,5.4,4,17.87
50,130,8.73,1,17.24
32,82,7.76,2,17.32
49,156,6.5,4,20.76
41,130,9.78,8,32.36
31,125,7.47,10,33.34
57,119,7.39,1,15.4
38,108,7.21,14,40.84
47,102,7.8,5,23.25
57,96,5.24,0,10.14
32,148,5.24,6,22.39
43,145,7.31,8,29.46
54,102,8.83,1,16.73
58,154,7.6,6,26.74
43,158,9.61,10,36.56
45,102,8.18,7,28.05
24,86,5.04,11,31.01
50,122,7.24,6,25.23
50,141,7.76,12,38.78
33,113,5.08,14,36.35
34,130,5.53,13,36.55
28,123,9.99,8,33.16
44,149,8.38,1,17.01
38,159,8.38,14,42.78
55,134,7.85,7,27.59
45,145,9.48,7,30.71
37,137,6.44,4,20.82
52,122,9.27,13,42.89
44,140,5.48,13,36.55
27,117,9.87,1,18.05
33,107,9.09,8,31.81
47,136,5.01,5,20.04
25,120,5.3,0,8.63
56,152,5.42,8,26.05
46,129,8.42,11,38.02
51,140,8.42,5,24.47
30,148,5.41,6,22.12
46,142,7.24,13,39.61
42,105,6.19,11,33.14
32,105,7.0,6,23.92
52,152,6.2,2,16.37
47,102,7.08,13,38.85
53,131,8.21,0,14.91
40,152,5.77,5,20.47
59,153,6.09,12,35.85
33,149,6.79,10,32.94
34,83,9.9,10,36.38
42,80,8.18,2,17.87
38,85,9.58,11,37.84
49,135,9.28,4,24.64
36,108,7.79,7,27.38
55,82,6.38,12,35.54
54,121,6.29,4,19.01
23,88,7.85,6,25.25
24,138,7.79,13,38.94
25,117,7.8,5,23.61
30,121,6.83,14,39.66
49,129,8.54,2,18.74
52,93,7.04,8,28.27
51,124,6.76,13,38.44
22,112,7.53,1,15.09
32,99,9.47,11,38.62
47,113,8.53,8,31.26
25,146,9.07,2,19.62
57,146,7.67,10,34.49
47,149,7.72,7,27.52
43,118,9.3,9,34.06
53,122,5.73,6,23.87
24,118,9.81,0,15.74
41,123,7.6,12,37.87
44,80,6.63,5,21.75
51,129,6.57,11,33.65
44,153,5.21,9,28.1
30,141,6.44,4,20.22
22,82,7.14,6,24.91
51,157,8.5,13,41.79
45,87,6.4,6,23.55
24,127,8.29,2,17.92
31,120,8.0,9,31.94
37,115,7.23,4,20.76
22,136,5.05,8,25.16
26,157,7.94,10,32.95
29,122,5.55,7,23.71
25,107,5.06,5,18.83
40,138,5.5,6,22.43
49,108,5.96,9,28.68
41,117,7.43,13,39.77
29,113,8.77,0,15.33
48,144,9.72,11,38.48
28,99,6.43,2,15.02
51,105,7.8,4,21.57
40,106,9.98,9,34.85
47,102,7.94,14,42.2
28,150,7.95,9,31.86
41,101,5.81,6,22.3
48,126,6.57,9,30.69
43,147,5.95,2,14.63
26,146,9.63,1,19.2
23,145,7.32,10,33.26
25,148,6.79,12,36.31
29,94,8.67,2,17.98
27,123,6.73,5,22.73
24,130,9.34,10,36.47
59,144,8.38,2,18.69
25,104,5.22,7,23.75
31,140,7.8,2,17.49
35,96,9.11,9,33.4
54,131,9.7,11,39.48
33,137,6.51,10,32.02
27,136,6.46,2,16.28
26,117,7.73,9,31.99
59,148,5.08,9,29.26
50,116,6.48,6,23.34
42,154,8.83,2,20.62
45,155,9.32,7,29.66
48,113,6.96,5,23.01
40,114,9.58,11,38.04
59,139,6.41,11,35.03
23,118,5.19,9,27.94
25,125,5.83,7,24.62
21,95,9.33,0,15.38
35,110,9.84,3,23.04
46,93,8.04,5,23.92
23,126,8.65,8,31.71
54,111,9.17,7,29.71
25,156,5.95,2,15.18
51,96,7.75,9,32.19
33,135,9.69,13,42.0
21,115,6.78,12,36.09
42,121,9.95,0,17.26
35,98,8.53,0,14.59
46,86,8.36,8,29.29
38,134,5.15,9,28.06
29,109,5.05,9,26.51
21,155,5.79,12,35.37
29,154,9.67,4,23.59
43,108,8.96,6,28.19
22,146,7.58,10,32.83
34,113,7.46,12,36.52
58,113,5.64,11,32.46
38,81,6.93,5,21.6
36,106,5.75,5,20.82
49,126,6.36,3,17.51
31,136,5.03,8,25.62
26,96,6.91,1,13.51
23,105,8.35,13,40.4
34,89,8.44,12,39.05
22,118,7.08,6,23.74
52,88,8.65,14,42.78
51,104,7.12,6,24.59
31,99,9.51,3,21.09
42,94,6.58,1,13.21
23,90,8.01,12,36.72
51,95,5.51,6,22.31
53,101,7.5,2,17.68
44,141,6.89,11,33.77
21,103,6.29,7,24.78
35,115,6.59,4,19.75
57,97,6.59,1,14.24
47,99,7.42,8,29.25
58,87,9.22,14,44.33
47,94,7.44,12,37.18
32,156,6.04,14,38.77
23,157,5.35,6,22.01
50,126,6.75,7,26.69
52,103,5.79,12,34.41
43,126,9.18,10,36.17
22,97,9.97,3,22.23
27,111,9.24,9,33.52
54,121,6.92,14,40.37
52,116,5.41,13,36.6
59,112,8.55,8,30.93
52,80,8.34,7,28.18
34,106,5.34,14,37.44
23,96,8.94,10,35.23
52,125,9.12,3,22.31
56,158,8.59,4,23.61
37,157,8.64,6,27.41
23,113,8.45,5,24.33
30,82,7.18,10,31.63
38,135,8.08,7,28.04
23,91,8.08,2,17.86
59,105,7.69,0,13.37
30,103,8.02,0,13.53
29,139,7.0,12,36.74
31,137,8.39,6,25.79
53,142,6.14,0,12.22
56,87,9.27,6,28.53
46,155,9.25,9,34.28
47,152,7.49,10,33.65
58,105,7.48,9,30.99
42,137,7.0,0,13.02
46,117,5.23,1,11.73
42,128,5.72,6,22.56
25,122,8.57,13,40.78
55,138,5.71,7,24.63
22,100,7.06,2,15.36
55,92,6.77,0,12.45
29,82,6.1,8,26.68
38,111,7.64,8,28.42
32,100,6.82,12,34.86
23,93,8.8,10,34.19
38,87,8.19,9,32.83
58,86,7.4,6,24.4
27,138,7.88,13,39.88
53,81,7.16,5,22.53
26,148,8.92,3,20.56
38,123,9.8,13,41.66
42,145,8.83,14,43.12
59,97,9.31,11,38.12
29,158,8.92,13,42.74
55,95,7.04,3,19.78
43,91,9.27,12,39.88
32,139,5.19,13,36.0
44,133,9.43,7,30.38
29,119,7.35,6,24.34
33,122,6.65,8,27.49
37,101,7.63,10,32.61
27,83,8.44,5,23.58
37,155,8.08,6,26.59
44,100,8.09,5,23.6
22,102,5.5,2,13.26
55,121,8.64,8,31.1
48,120,8.56,3,20.41
39,95,5.58,1,11.69
53,115,5.22,10,29.56
41,96,9.91,0,16.31
30,133,8.73,11,38.32
29,86,8.03,4,21.5
58,120,6.58,14,40.66
26,141,6.38,12,35.46
55,136,5.68,11,32.24
38,112,8.04,3,20.27
39,105,7.88,3,19.48
25,103,9.68,0,15.85
45,110,8.14,1,16.25
31,106,7.26,1,14.68
30,128,9.49,9,34.81
37,152,8.07,0,14.29
56,145,8.57,12,38.8
46,149,8.13,5,24.59
51,110,5.85,8,27.45
52,104,5.62,6,22.62
41,95,8.12,0,13.92
38,85,9.57,0,15.2
38,148,9.82,3,23.45
21,96,9.98,6,29.18
34,88,9.22,3,21.53
28,141,6.82,12,36.36
22,92,8.07,2,17.65
35,86,8.05,1,15.73
54,97,7.69,12,37.01
56,124,8.71,12,38.97
21,103,5.85,5,20.26
41,134,5.94,14,38.31
21,111,9.72,10,36.59
52,86,9.2,3,21.06
40,99,9.09,6,28.15
56,98,7.42,7,27.41
59,141,7.84,2,17.8
50,93,8.12,10,33.27
27,111,6.47,12,35.87
42,88,6.47,4,19.31
30,128,5.9,8,26.2
28,95,7.8,9,32.44
47,103,5.82,12,34.98
30,109,6.01,5,20.79
34,87,9.51,4,23.31
31,158,7.63,2,18.01
26,89,8.1,13,39.57
41,115,5.67,4,18.31
53,103,6.03,11,33.57
39,87,5.49,14,37.58
59,80,6.36,5,21.31
44,153,9.41,4,24.99
38,153,9.44,14,44.69
55,112,8.37,8,30.52
57,110,9.38,7,31.39
39,156,5.95,10,31.69
44,141,5.74,12,34.41
54,114,8.83,14,43.16
42,123,9.95,12,40.75
24,126,8.59,6,26.81
30,111,5.19,6,21.99
22,142,5.92,12,35.44
28,101,6.24,13,36.03
53,86,7.11,13,38.66
58,85,6.1,5,21.12
48,120,5.3,2,14.52
30,159,6.29,4,20.03
21,91,6.75,12,35.94
54,152,6.42,5,22.14
23,119,5.14,5,20.12
29,148,9.64,2,20.15
25,137,7.71,2,18.23
30,82,9.24,9,33.82
32,122,5.08,11,30.96
38,153,8.99,0,14.89
41,87,8.52,3,20.33
41,152,9.89,1,18.34
21,92,5.57,13,35.19
23,135,8.21,10,33.91
25,98,5.11,13,34.33
45,102,6.78,3,16.99
28,122,8.18,3,20.12
37,103,9.66,8,33.05
29,82,5.41,10,30.02
52,93,7.45,7,25.65
26,112,6.19,13,36.64
41,106,6.08,1,12.97
27,91,8.44,11,36.69
27,125,5.14,6,21.55
59,150,8.16,5,24.94
47,125,5.81,13,37.03
28,95,5.07,13,33.95
29,137,7.72,6,25.1
48,93,5.56,6,22.44
35,122,7.81,6,25.74
22,104,6.4,2,14.17
27,94,6.39,10,30.82
38,153,9.03,9,34.05
42,109,8.56,11,36.49
30,123,9.14,3,21.51
53,88,7.12,7,25.66
27,90,5.56,6,22.02
23,145,8.82,8,31.32
34,101,9.34,7,29.4
56,99,7.94,0,13.99
33,108,6.1,9,28.45
36,142,8.83,8,30.75
36,120,5.22,11,31.83
25,155,6.72,14,39.61
45,127,6.95,7,26.7
58,106,6.66,1,15.48
58,110,9.72,3,22.81
58,104,9.16,11,38.07
59,128,7.65,10,33.93
46,149,9.68,0,15.94
33,143,5.78,11,32.43
46,135,5.48,13,35.25
21,86,6.92,13,37.98
28,149,9.95,2,20.55
24,114,9.52,4,23.69
41,100,6.11,1,12.79
42,126,9.65,0,16.49
57,139,8.16,10,35.39
23,96,6.55,8,26.46
39,96,9.09,2,19.2
21,150,9.28,11,36.82
49,104,5.0,13,35.85
43,113,5.67,11,31.68
53,105,8.75,0,15.54
43,85,8.06,5,23.89
25,89,6.31,10,30.5
27,157,6.37,3,18.21
26,82,5.56,3,16.22
42,138,7.14,0,12.78
33,159,5.31,0,10.15
32,148,8.42,9,32.12
24,127,6.23,2,15.78
28,102,9.41,13,41.67
57,84,5.47,13,37.0
51,135,8.46,7,29.79
57,117,9.35,9,34.24
46,155,8.52,12,38.45
28,86,9.63,3,21.9
53,96,6.64,13,37.58
49,88,5.68,10,30.29
25,154,6.75,13,38.58
48,125,7.98,1,16.95
37,116,9.73,14,44.27
43,86,6.48,4,20.78
29,96,8.43,7,27.65
22,120,5.5,8,25.63
52,143,6.34,4,20.58
51,136,5.8,2,14.59
27,124,7.39,14,41.43
50,152,9.68,5,27.15
23,87,9.58,5,25.48
29,89,7.14,10,32.83
30,133,9.29,4,23.47
46,145,7.16,9,31.29
21,123,7.05,0,13.05
50,127,9.42,14,43.56
58,150,5.15,3,16.34
35,81,9.4,3,22.48
45,159,9.17,3,22.19
26,85,6.0,5,19.84
38,159,7.03,3,19.9
21,124,9.26,0,16.0
23,89,7.79,13,39.1
37,88,8.64,6,26.66
28,111,5.78,13,35.86
37,81,7.37,10,32.8
45,100,7.56,11,36.19
32,82,5.47,5,19.42
49,102,6.62,14,40.11
45,116,8.67,7,29.58
56,151,5.85,5,21.41
45,115,8.11,13,39.78
49,93,5.37,2,13.72
31,94,5.39,14,37.49
24,114,8.47,0,14.0
34,101,9.96,3,22.94
58,126,6.82,4,19.42
37,115,8.08,10,34.28
22,94,8.1,8,29.16
28,137,5.88,6,22.37
56,110,9.7,6,28.56
30,120,7.64,0,12.36
27,153,6.95,1,14.25
56,157,5.67,9,28.99
36,105,7.81,5,23.85
34,109,9.51,2,19.9
36,91,7.55,11,34.37
45,110,5.62,6,22.42
24,81,6.39,6,22.98
49,157,9.94,13,43.19
26,99,7.01,9,30.62
21,137,9.93,14,44.14
59,99,7.73,10,33.77
21,113,8.55,3,20.61
23,139,6.1,1,13.46
21,113,9.94,2,19.91
21,116,5.04,13,35.38
59,146,9.28,8,32.71
41,98,8.44,14,41.98
50,131,8.3,10,35.15
52,123,6.58,6,23.97
53,106,5.93,5,20.85
42,117,8.12,4,22.37
50,100,9.58,1,18.5
24,117,6.25,3,16.66
43,92,9.03,4,22.44
45,100,5.44,11,32.11
32,121,6.22,7,24.91
37,127,5.28,13,35.92
35,125,6.91,14,40.15
30,157,8.48,0,14.94
55,136,7.48,8,28.98
49,131,7.69,4,21.73
32,101,7.87,13,39.22
21,96,6.12,13,36.61
21,105,6.67,7,25.33
30,118,7.27,1,14.86
38,150,7.87,8,28.86
22,142,9.24,4,23.25
28,130,7.31,11,35.05
42,109,8.84,4,22.94
42,120,5.59,5,21.17
46,112,5.65,12,34.85
46,129,6.44,13,37.98
29,142,6.59,4,18.99
41,118,8.13,3,20.97
51,107,6.1,9,28.91
26,97,5.71,5,20.24
34,153,8.23,9,31.91
53,138,9.99,1,19.87
27,145,9.96,13,42.98
44,122,9.61,11,38.84
29,157,5.31,4,18.57
31,92,8.82,4,23.12
43,80,6.92,8,27.8
22,111,9.11,9,33.05
35,89,5.24,5,19.21
55,94,9.18,5,26.23
56,96,8.1,2,18.29
48,142,5.4,7,23.97
59,133,9.79,5,28.05
24,102,9.36,4,23.67
30,150,8.45,5,25.28
26,129,6.85,7,25.61
50,138,7.55,13,40.11
55,115,5.14,8,26.38
30,85,8.36,5,24.67
52,145,9.78,9,34.62
23,111,6.09,1,12.1
46,132,7.04,1,15.1
35,148,9.31,2,19.85
37,81,5.33,14,38.1
47,122,6.6,10,33.11
38,119,9.71,12,40.33
39,147,8.84,11,37.3
32,83,5.4,13,35.18
44,154,7.32,12,37.34
25,125,7.56,9,31.43
44,99,8.7,6,26.8
47,93,6.07,13,37.9
50,93,6.18,14,39.78
35,128,9.26,12,40.06
58,82,6.12,6,23.13
54,158,7.24,10,32.55
47,100,8.48,2,19.4
40,140,7.62,5,23.5
52,81,9.58,11,38.71
24,100,7.56,4,20.72
25,89,6.04,4,17.46
28,98,9.16,11,37.12
42,132,8.89,9,33.83
27,155,6.01,7,24.38
42,128,8.86,11,37.69
50,159,6.61,14,40.62
57,87,7.83,11,35.07
36,136,9.85,7,30.63
35,103,5.22,7,23.01
25,126,5.85,3,16.57
23,100,8.03,2,16.83
43,87,5.25,3,16.48
30,98,5.55,12,33.84
25,109,8.06,6,25.72
43,105,9.21,7,30.14
35,99,7.73,13,38.95
38,157,5.93,7,25.29
45,152,5.66,12,34.99
28,124,9.1,10,35.05
51,143,9.51,10,36.4
41,109,8.77,0,15.44
22,132,6.1,1,12.75
42,129,6.76,5,22.1
28,141,7.15,2,17.54
43,121,5.62,13,37.29
52,107,6.27,0,11.13
28,137,8.63,14,42.7
24,110,8.91,14,43.63
50,138,5.91,5,22.08
39,154,6.63,3,18.75
43,91,7.47,8,29.37
38,124,5.88,8,26.67
49,145,9.32,8,31.84
43,147,6.51,7,25.86
53,111,6.24,8,27.69
38,120,9.47,3,22.07
53,134,8.37,1,15.93
27,148,7.56,12,37.39
48,84,5.54,0,10.65
21,142,5.73,11,33.66
59,83,6.12,4,18.74
54,120,6.09,8,27.58
59,91,9.44,12,39.9
39,116,9.71,9,34.71
51,134,7.08,7,26.29
33,124,6.0,8,26.22
44,107,6.37,4,19.38
25,138,5.12,0,9.85
43,86,6.08,4,18.26
39,139,5.08,0,8.82
21,132,9.81,3,23.09
53,119,8.12,7,28.28
53,131,8.37,8,30.45
52,90,5.41,6,22.0
48,129,7.31,2,16.63
57,129,7.16,10,32.39
32,127,9.18,2,20.29
29,133,8.9,5,25.15
31,85,7.08,5,22.15
53,129,8.64,13,40.99
39,82,5.43,5,20.29
54,120,6.27,3,17.59
27,107,5.85,2,15.02
51,111,8.63,10,34.76
22,118,9.42,1,17.33
39,150,8.09,8,29.91
58,142,8.33,12,39.36
52,98,7.95,1,16.43
30,80,7.95,12,37.06
28,112,6.06,9,28.86
46,112,5.09,13,35.53
50,90,5.96,13,37.44
31,139,6.6,13,37.71
40,107,7.0,9,30.51
40,141,8.61,4,23.72
29,126,5.08,9,27.4
28,96,7.9,13,39.07
35,153,6.47,5,21.81
54,151,5.9,7,25.42
44,88,6.42,14,39.6
53,87,6.83,5,22.23
47,138,9.25,4,24.67
41,148,6.25,0,11.53
25,157,7.64,6,24.86
55,124,8.68,5,25.17
41,112,9.64,0,16.88
24,117,5.17,11,32.04
36,142,8.88,7,29.94
51,91,6.23,0,12.27
46,146,9.2,8,31.82
55,108,5.74,6,23.51
26,101,8.35,7,28.54
53,113,8.7,0,15.22
41,149,7.6,1,14.58
36,118,6.72,12,35.84
59,95,5.79,9,28.79
54,110,5.52,9,27.83
35,128,8.78,5,25.1
26,123,5.3,3,15.66
22,158,7.91,10,34.03
44,125,5.14,0,9.35
48,80,7.3,3,18.59
21,123,5.69,9,27.71
21,125,8.25,6,26.03
48,151,6.23,7,25.16
56,132,6.75,1,14.37
40,112,8.8,7,29.26
28,124,8.02,8,29.56
21,143,8.62,1,16.7
46,82,8.48,4,22.47
45,103,9.45,4,24.53
30,155,8.9,8,31.51
32,110,8.66,11,36.58
27,150,5.34,8,26.2
32,119,5.58,4,18.45
37,129,7.71,13,39.16
25,153,6.66,8,27.61
34,94,7.55,10,32.99
54,100,8.64,8,31.56
37,100,6.63,1,13.56
55,139,9.31,6,28.84
21,144,7.15,5,23.07
56,100,6.65,7,26.63
35,134,7.56,3,18.8
39,148,7.56,10,34.15
25,158,9.29,2,20.53
39,105,5.96,1,13.01
59,154,7.59,4,21.98
25,134,9.06,5,25.38
32,125,8.34,12,38.49
39,141,7.78,2,18.1
32,149,9.25,6,27.58
56,133,8.87,5,25.3
32,83,5.32,3,16.04
38,124,7.24,3,19.1
54,133,8.52,13,41.17
53,132,8.2,0,14.68
38,123,6.69,10,32.39
49,115,7.19,0,12.93
25,113,7.54,0,12.28
45,131,7.14,8,29.38
44,85,8.71,11,37.74
49,117,7.46,1,15.47
58,112,8.99,8,32.37
53,154,7.26,6,24.66
30,134,5.21,5,20.01
57,102,9.3,1,17.3
53,123,8.67,13,41.16
43,107,5.86,9,28.94
31,143,6.71,5,21.58
44,127,5.32,8,25.87
44,138,7.4,10,33.02
27,138,7.28,0,13.23
41,122,5.9,14,38.73
40,122,5.93,4,18.76
30,156,6.22,0,11.77
45,92,8.55,1,17.04
56,151,6.64,10,32.09
35,122,7.9,1,16.78
26,92,6.2,6,23.38
57,114,9.3,5,27.08
22,90,8.47,10,33.92
32,100,9.94,7,30.88
24,151,9.34,0,16.07
43,105,5.67,5,21.17
33,129,8.53,9,32.15
37,128,6.43,13,38.62
51,153,7.97,11,36.75
36,92,8.24,14,42.03
46,118,8.77,14,42.95
48,134,7.54,1,16.02
21,86,6.87,8,27.73
32,122,9.73,8,32.72
57,121,6.68,11,34.92
40,137,6.47,7,26.06
22,91,6.57,6,23.86
56,92,9.12,14,42.9
35,91,8.17,11,36.41
58,155,5.92,7,25.03
42,117,5.98,9,28.99
52,82,5.56,1,11.07
40,151,7.1,9,30.96
56,141,7.38,12,38.03
53,110,6.75,2,15.89
35,156,6.97,1,15.48
23,151,8.05,13,39.23
49,116,7.74,9,31.4
47,103,7.19,3,17.87
25,147,7.48,7,27.09
51,143,8.96,9,33.14
42,95,7.58,10,32.66
55,97,9.79,12,41.62
27,147,7.76,6,24.5
26,119,6.64,3,17.08
46,137,9.72,5,25.87
21,124,5.49,0,10.31
39,132,9.37,14,44.5
27,106,5.61,11,31.28
56,115,8.21,13,40.82
32,147,9.44,2,20.66
40,92,5.53,5,20.15
43,130,10.0,4,24.16
45,127,7.41,1,14.72
50,139,7.45,8,29.5
49,157,6.71,4,20.13
51,149,6.98,4,20.16
38,130,7.28,7,27.45
39,93,5.9,13,36.58
24,122,7.43,0,13.4
21,82,7.98,14,41.96
35,104,5.13,14,37.05
28,113,8.72,10,33.65
35,149,7.81,14,42.1
35,135,5.55,6,21.74
59,144,9.21,11,38.45
42,139,7.48,1,15.69
38,127,7.13,6,24.6
36,151,6.92,4,21.01
22,156,8.92,3,21.65
56,98,5.4,4,17.83
40,114,8.53,13,40.12
36,112,8.19,4,21.98
23,121,7.12,6,24.51
50,133,9.76,1,18.93
22,118,7.75,11,35.2
55,143,7.98,11,37.03
46,117,8.82,2,18.81
25,117,8.13,3,20.0
22,152,9.21,2,19.58
40,131,6.14,13,37.6
54,126,8.93,4,24.15
54,144,5.32,6,22.46
40,121,8.42,0,15.97
45,134,9.93,11,39.05
40,138,8.44,0,14.46
45,145,6.65,11,35.35
34,153,7.53,6,25.48
59,133,9.96,1,18.92
32,130,7.39,3,18.95
25,102,8.94,5,24.4
22,152,5.91,9,29.12
36,90,9.2,8,31.45
50,115,5.88,6,23.33
58,135,9.97,7,31.39
44,121,5.54,11,32.28
50,92,6.91,13,38.3
57,131,8.51,2,18.17
59,109,8.73,11,37.85
31,91,6.53,9,28.77
34,155,7.99,8,31.09
43,100,5.43,8,26.06
36,91,5.18,4,17.05
41,141,5.69,6,23.23
24,118,6.98,11,34.14
53,123,7.44,11,35.16
34,83,5.5,7,23.89
39,110,7.2,9,31.46
25,103,9.55,7,29.63
56,121,7.97,5,24.42
51,128,6.54,2,16.49
38,99,5.94,0,10.62
51,87,7.56,0,13.13
50,112,6.2,13,36.78
41,147,9.71,10,37.3
50,117,6.64,2,15.68
24,115,5.23,1,11.77
25,127,8.92,12,39.4
30,87,8.96,14,42.77
47,152,9.45,1,18.92
36,139,9.1,2,20.31
50,103,6.49,6,24.85
33,96,8.81,9,32.55
56,144,9.29,6,27.85
41,118,9.23,2,20.01
35,158,7.27,2,17.12
40,134,8.51,13,40.71
40,156,9.65,4,24.46
25,140,8.13,12,38.14
52,110,6.61,0,11.25
26,107,5.4,6,22.03
50,111,5.56,3,16.42
46,86,7.4,8,28.46
57,157,8.02,6,27.34
33,93,5.9,10,31.11
49,152,5.94,4,18.93
25,133,5.58,1,11.56
45,149,6.59,14,40.2
33,130,7.9,6,25.88
44,158,8.43,12,39.02
51,109,9.55,13,42.51
40,109,7.98,5,23.49
28,95,6.16,9,28.31
29,102,8.64,14,43.06
41,110,9.47,12,40.83
40,91,6.05,5,20.26
35,82,8.87,6,26.23
46,146,9.03,10,35.99
31,117,6.53,10,31.17
57,95,7.5,3,20.11
31,83,7.08,11,33.53
47,99,6.25,2,15.27
50,124,7.58,1,14.94
39,92,9.37,8,31.46
54,81,5.36,4,17.85
58,110,9.56,12,39.52
43,107,5.28,1,11.49
21,152,7.23,5,22.69
23,138,5.13,13,35.2
23,90,8.61,12,38.3
48,114,5.56,11,32.36
34,128,9.18,11,38.97
50,123,9.49,4,24.64
25,137,7.02,0,12.0
35,130,9.93,4,24.38
58,96,6.99,6,25.09
34,83,7.29,10,31.87
34,112,7.1,14,40.8
28,141,7.72,11,36.31
28,151,9.6,8,32.84
39,122,5.54,2,14.79
52,121,6.97,5,22.92
51,130,6.78,13,38.74
49,117,5.5,3,15.78
31,122,8.88,6,28.07
33,127,5.69,2,15.43
47,121,5.23,13,35.49
39,136,9.87,4,25.04
46,133,8.49,11,37.43
57,96,8.65,6,27.42
29,130,7.88,3,20.55
48,88,5.86,7,25.03
52,87,7.67,10,33.64
23,142,8.88,0,15.22
52,135,8.54,5,25.29
25,149,8.21,12,38.8
28,88,5.41,2,13.93
34,154,8.24,7,28.48
23,84,5.34,2,13.38
44,151,9.59,14,44.75
33,143,9.27,2,19.81
49,131,5.12,3,15.14
28,114,6.07,9,28.56
51,139,7.85,11,36.48
46,118,5.22,4,18.06
38,85,9.55,1,18.41
38,100,9.49,7,30.3
27,115,5.85,6,23.41
58,97,9.6,7,30.25
36,80,8.52,13,40.22
53,96,7.31,12,35.85
23,148,7.3,7,26.59
58,85,6.57,9,30.01
24,137,7.93,2,18.07
56,124,8.01,3,20.29
24,151,5.85,8,26.36
29,127,7.42,9,31.95
37,129,5.55,12,34.03
37,135,8.87,3,20.42
53,88,8.98,1,16.53
40,141,9.28,10,36.81
34,110,5.23,5,19.97
42,144,8.33,8,31.05
47,140,9.38,9,34.12
23,89,6.68,12,34.31
44,132,8.96,0,14.96
50,143,5.03,1,10.93
28,143,8.33,2,18.46
42,129,6.2,10,32.06
45,144,5.39,14,37.9
30,156,7.5,9,31.46
49,93,6.83,5,22.58
21,102,7.98,7,26.66
41,107,9.28,14,44.1
59,137,6.96,7,27.11
44,119,9.63,6,28.27
29,143,6.34,8,28.27
46,81,8.89,8,31.43
29,122,8.2,7,28.48
40,91,7.58,1,14.99
55,114,7.25,3,19.7
56,153,9.57,6,28.05
56,148,8.24,0,14.8
29,142,6.81,14,40.02
42,120,7.76,5,23.41
21,143,7.76,5,23.14
25,97,9.38,5,25.96
29,149,5.21,3,15.6
57,90,7.2,14,40.81
58,144,7.55,12,39.25
39,102,5.76,9,28.46
28,83,5.0,10,28.67
52,86,5.01,5,19.08
33,120,9.92,2,20.64
40,128,5.38,1,12.04
56,96,5.45,0,11.22
57,154,5.62,2,15.19
50,134,9.94,14,45.04
30,106,8.72,3,21.88
51,91,7.04,12,36.18
45,126,9.94,11,38.32
49,113,7.8,11,35.57
44,87,9.04,11,36.44
59,102,5.38,13,36.45
41,105,9.7,2,20.4
29,113,9.76,6,28.53
22,111,9.32,12,39.28
24,85,5.81,1,12.14
28,144,5.02,1,12.32
52,138,9.49,14,45.04
34,129,6.54,5,22.27
33,147,6.82,6,24.67
41,87,7.35,7,27.49
44,119,6.59,8,28.05
38,125,7.97,4,21.99
46,157,7.02,10,33.02
52,112,8.66,7,28.79
53,137,5.16,5,20.08
51,82,6.03,12,35.59
38,158,9.57,13,42.37
55,106,5.23,14,37.98
32,144,7.39,6,25.64
45,136,5.91,0,11.09
51,114,8.89,5,25.43
30,131,7.6,13,39.53
54,130,8.59,7,29.67
23,96,9.15,4,22.42
59,156,8.76,14,44.36
28,131,7.05,8,28.54
52,127,7.28,2,16.48
49,137,8.28,2,19.03
42,155,8.74,14,44.03
40,105,6.86,9,30.12
26,106,8.89,11,37.14
49,103,5.02,14,37.72
37,90,9.56,13,42.59
51,87,7.98,12,38.23
54,127,7.83,11,35.95
58,111,7.81,11,35.28
57,108,5.2,10,29.58
24,84,9.75,6,28.34
22,128,8.82,10,35.33
32,92,8.58,8,29.87
55,121,8.51,5,24.69
26,89,7.72,5,22.82
28,105,8.11,12,38.48
41,105,9.62,12,40.03
55,102,6.8,14,39.74
35,123,7.99,1,16.65
27,155,6.95,9,30.47
35,118,5.59,2,14.17
26,122,5.72,11,32.07
37,131,5.32,12,33.67
24,137,6.95,11,34.46
42,155,6.75,4,20.4
52,111,5.62,1,12.12
42,97,7.25,5,22.27
47,121,6.07,7,25.7
35,81,5.51,11,32.28
42,139,6.61,5,21.97
48,112,8.37,3,20.65
58,125,5.19,6,22.42
29,138,8.43,14,42.58
54,136,5.71,14,38.86
56,141,9.54,9,34.85
29,142,5.49,13,36.73
35,152,5.96,4,18.91
40,110,6.14,13,36.99
28,118,8.32,14,42.92
48,101,9.06,12,39.82
39,96,7.65,2,17.79
36,82,8.72,8,30.69
31,111,9.44,5,26.36
28,112,8.05,5,24.99
53,143,6.55,11,34.56
30,89,5.77,2,13.56
38,84,7.94,4,21.1
55,147,9.18,1,18.41
23,117,5.95,14,38.53
47,120,10.0,11,39.53
48,152,5.64,8,26.15
26,140,5.2,1,11.18
34,94,8.43,3,20.26
27,131,6.83,11,34.06
30,87,8.35,7,27.42
35,135,5.91,8,27.86
51,109,5.93,9,29.24
49,153,7.51,4,21.63
37,157,9.73,9,35.33
49,113,6.88,11,34.1
35,138,5.36,7,25.23
46,135,8.69,2,18.96
32,92,9.61,8,31.81
45,130,6.82,6,25.33
25,138,7.29,11,34.48
24,141,9.76,10,36.47
51,108,8.74,10,35.11
23,141,8.35,10,33.67
23,86,5.64,5,19.98
46,123,7.91,1,16.45
37,85,9.3,13,41.86
30,141,8.63,9,32.98
22,147,5.58,8,25.18
44,157,8.36,8,31.24
31,149,9.02,4,23.29
44,96,6.91,1,13.69
55,128,8.77,13,41.64
43,103,8.56,2,18.49
52,156,6.66,4,20.22
43,91,8.71,10,35.46
54,136,8.2,14,42.65
39,108,6.56,3,17.49
22,141,7.68,1,15.75
22,157,7.28,9,30.87
35,106,5.25,14,37.91
41,84,8.41,5,23.28
55,119,5.68,0,9.77
25,126,6.21,5,20.59
47,88,9.79,12,40.41
44,95,6.15,8,27.63
27,92,6.96,11,33.14
26,133,9.8,14,43.88
53,94,8.75,0,15.65
37,104,8.4,5,23.9
50,95,9.1,6,27.06
28,123,5.3,10,30.22
27,126,9.44,11,36.51
26,112,6.26,3,17.23
24,105,5.77,3,16.74
21,119,9.15,2,19.3
35,150,6.4,7,25.68
51,124,6.19,6,23.94
45,122,8.95,2,19.69
53,151,5.28,6,21.38
55,102,5.38,7,23.19
25,126,9.06,9,33.6
25,123,7.09,1,13.81
56,121,9.23,10,36.3
37,91,8.95,8,31.32
34,115,7.79,8,29.61
49,158,8.75,10,35.16
28,92,5.72,13,36.02
54,144,5.95,9,28.95
21,106,9.21,6,27.22
49,99,6.71,4,19.9
56,97,5.02,9,27.29
57,143,9.77,11,39.55
49,88,8.56,7,29.53
25,153,9.23,13,41.98
52,104,9.56,8,31.95
44,80,8.16,6,25.49
39,138,7.52,7,27.0
32,115,5.75,6,22.46
21,97,5.94,0,9.88
27,126,7.25,6,24.89
37,158,5.33,5,20.25
54,112,8.93,8,31.32
27,101,7.79,0,13.77
37,144,9.63,0,16.32
23,90,8.12,12,37.12
49,105,9.86,4,24.16
42,149,6.39,12,37.36
58,142,6.75,14,40.98
49,157,7.12,5,23.85
25,117,6.48,5,21.31
50,128,8.98,5,25.55
43,96,7.67,0,13.16
41,136,7.28,3,18.84
46,93,7.28,12,36.69
41,87,9.07,5,25.25
40,135,6.21,11,34.18
43,102,6.6,1,14.01
24,123,9.65,6,28.53
41,145,6.99,4,21.48
41,82,9.98,2,19.82
21,132,7.19,7,26.32
35,92,7.11,12,36.82
37,148,7.97,0,13.76
34,80,9.23,1,16.58
39,100,8.6,9,32.07
54,135,8.81,8,32.12
26,81,9.88,11,38.82
26,110,8.98,10,35.01
25,92,7.34,13,38.62
27,93,8.28,10,33.86
53,155,9.15,5,26.44
33,136,5.85,4,18.36
21,92,6.74,9,28.33
33,93,8.02,8,29.35
47,106,6.9,13,38.85
27,149,5.27,9,28.58
23,139,9.7,14,44.03
45,149,7.7,4,21.67
53,94,8.17,2,18.48
37,135,8.6,0,15.98
34,141,5.18,5,20.4
57,92,5.91,10,31.53
43,86,9.52,12,39.34
44,100,8.94,13,42.11
49,93,5.33,6,21.62
58,82,8.94,2,19.09
47,142,9.5,8,33.06
58,122,5.84,1,13.51
43,91,5.31,3,16.05
51,134,9.32,0,16.75
56,138,8.0,1,16.44
37,99,9.95,5,27.21
57,148,8.53,13,41.99
23,124,7.56,10,33.79
56,134,6.23,14,40.31
25,138,8.5,6,25.87
35,154,5.38,10,30.15
26,139,7.08,14,40.43
30,140,6.73,0,12.19
52,121,8.01,6,26.52
43,123,6.11,13,37.2
37,85,5.81,7,24.59
40,148,5.75,1,12.99
35,101,6.55,2,14.97
42,144,9.32,12,39.44
26,99,6.99,9,29.45
24,126,9.46,6,27.25
43,127,8.74,1,16.29
39,103,8.58,11,37.09
51,151,8.84,9,34.56
23,118,7.52,4,20.65
48,134,6.35,7,26.08
23,134,5.89,10,31.46
34,149,7.48,0,13.69
38,142,6.88,14,40.03
47,156,8.29,1,16.89
30,98,6.75,7,25.08
35,137,5.29,7,23.56
39,105,6.9,3,17.81
29,126,9.42,1,16.81
24,93,8.53,3,20.21
35,82,6.93,8,27.03
28,148,6.05,3,17.07
21,93,7.83,8,29.28
27,87,9.68,6,28.18
51,94,7.9,14,41.91
38,124,9.45,6,28.4
32,124,8.53,5,25.39
50,82,5.6,9,28.86
53,90,8.51,14,42.58
27,88,8.03,1,15.09
48,83,6.8,8,28.97
23,158,9.77,3,22.62
26,129,6.65,9,29.57
51,159,5.42,1,13.29
58,85,6.24,8,27.66
35,123,7.18,4,21.3
27,84,9.45,5,25.69
50,136,5.14,6,22.73
47,128,8.99,3,21.46
37,155,6.38,2,15.51
38,148,8.01,11,35.7
42,107,6.89,8,29.26
46,118,6.32,11,33.08
47,113,7.54,11,35.12
44,141,6.87,1,14.78
28,91,6.97,5,22.22
41,148,5.81,2,15.73
49,133,5.71,14,38.47
41,159,6.31,11,32.76
23,152,7.94,8,30.15
51,116,6.17,1,14.6
47,112,8.87,2,19.45
47,128,9.07,8,31.71
29,80,5.81,10,30.95
53,126,9.88,4,25.32
53,116,6.33,10,31.26
46,88,5.36,2,13.03
48,97,7.19,4,19.55
51,123,5.91,4,18.64
21,157,8.92,5,25.57
40,149,5.57,13,36.76
32,142,7.42,8,28.34
37,82,5.42,4,17.83
35,97,9.49,9,33.74
54,116,6.54,0,13.31
36,99,8.08,2,17.55
24,115,8.65,8,29.56
28,159,5.16,7,24.61
54,83,6.91,12,36.6
45,157,6.42,5,22.82
35,96,7.73,3,19.06
48,136,8.85,0,16.68
29,128,5.65,0,10.52
22,132,7.38,11,34.49
37,89,5.65,13,36.35
30,108,8.95,9,32.61
29,155,8.93,9,33.21
51,88,6.65,3,17.17
22,100,6.64,14,39.18
44,80,8.0,6,26.1
39,115,9.99,3,22.73
37,85,9.9,7,30.72
30,97,6.58,8,27.74
48,151,9.15,13,42.38
58,90,6.58,12,35.63
48,148,7.56,6,25.34
21,100,5.16,14,37.04
23,88,9.7,4,24.65
35,81,8.67,6,27.14
30,83,9.33,9,33.79
41,91,7.79,5,22.94
57,118,5.33,2,14.28
35,139,7.2,5,23.55
43,113,6.84,1,14.26
34,138,7.58,4,21.92
35,151,6.05,6,22.82
30,85,7.26,13,37.82
29,111,5.15,8,24.94
59,107,5.75,0,10.05
25,154,9.36,1,17.65
45,120,6.89,7,26.38
46,151,7.15,2,17.15
28,106,6.79,11,33.4
42,132,8.1,5,24.12
45,90,5.02,1,10.51
32,101,9.74,8,32.8
29,84,7.77,8,28.9
30,113,6.9,4,20.04
30,141,9.32,4,23.12
29,110,7.48,11,35.26
46,126,5.46,1,12.5
55,116,9.56,2,20.47
47,105,6.93,1,13.96
51,122,7.86,4,22.25
39,140,9.72,2,20.25
58,117,6.48,0,12.62
26,111,5.89,9,29.16
35,148,9.33,9,33.69
49,141,7.61,8,30.01
25,104,8.48,4,21.79
34,112,5.55,2,13.24
22,143,8.48,2,18.28
43,150,7.87,4,22.02
39,95,6.64,11,33.1
44,128,9.25,7,30.17
40,94,7.3,11,34.85
47,99,7.04,13,39.27
44,101,5.92,14,39.08
37,89,6.27,1,13.65
45,151,6.37,4,19.85
51,134,7.03,11,35.15
48,107,7.5,6,25.48
48,88,9.95,6,28.34
42,110,7.73,8,29.62
25,153,7.34,0,13.37
28,136,8.2,2,18.29
58,110,8.78,13,41.49
48,154,9.9,0,16.92
32,122,9.99,12,41.83
45,153,9.3,6,28.04
58,88,5.21,11,31.67
35,121,5.21,3,16.42
54,153,6.62,3,19.29
33,129,9.34,5,25.84
28,116,8.81,14,42.9
33,150,8.15,1,16.91
56,151,5.96,2,16.1
26,96,9.86,7,30.45
58,156,9.49,8,33.29
52,156,9.57,0,17.08
41,127,7.54,12,36.25
27,81,6.84,1,14.04
46,121,8.19,4,21.76
35,142,8.28,2,18.01
43,90,9.64,10,36.1
58,135,7.86,3,20.02
35,152,9.39,8,32.0
36,124,6.58,0,12.86
52,124,5.21,12,34.65
57,108,7.18,6,25.18
38,113,6.0,11,33.4
40,148,8.89,3,22.47
22,99,9.02,8,30.5
43,151,8.92,10,35.54
50,149,7.31,12,37.67
23,97,9.46,8,31.64
59,151,7.23,8,29.34
21,139,8.0,2,18.32
42,134,6.07,12,35.17
49,131,5.12,7,23.32
34,104,8.02,6,26.45
48,145,8.27,14,43.59
41,107,9.65,1,19.36
52,99,9.22,0,16.84
26,149,8.88,11,37.2
21,116,8.5,9,32.15
41,95,7.16,1,13.57
24,114,7.44,3,18.3
23,134,8.9,8,31.33
50,144,5.79,7,24.35
51,157,8.59,6,27.77
54,93,8.12,7,28.41
39,103,6.12,2,14.61
40,117,7.23,3,19.11
43,88,8.91,10,35.43
45,156,5.58,12,34.29
35,138,8.12,10,34.02
58,130,7.1,10,33.24
43,130,6.25,12,35.06
22,98,9.46,7,28.16
35,141,7.39,11,35.3
55,89,9.94,13,42.47
30,117,8.18,6,25.23
34,82,6.65,3,16.95
47,127,6.5,13,37.2
34,120,8.47,10,34.4
55,96,6.74,6,24.98
53,152,7.89,0,14.92
21,148,7.83,12,37.8
54,94,5.08,5,19.4
39,135,8.46,1,16.94
44,155,7.84,8,30.57
24,157,9.05,8,32.2
56,94,9.7,13,42.23
33,84,7.44,7,25.66
52,123,8.88,8,32.54
29,82,7.34,3,19.05
59,126,6.46,12,36.13
36,109,9.5,12,39.79
23,91,8.08,6,25.19
40,94,5.3,14,37.36
30,117,9.67,4,23.46
42,107,7.09,2,16.39
23,128,8.34,10,34.16
31,126,9.8,14,44.01
45,158,7.67,12,38.0
28,154,7.99,13,40.6
29,91,5.94,1,12.12
35,133,8.89,7,29.93
52,111,7.61,5,23.73
23,80,7.43,8,28.55
24,95,5.89,5,19.78
50,90,7.21,11,35.43
33,134,9.74,13,42.78
41,115,6.94,13,38.62
39,109,6.11,6,23.52
59,147,7.99,10,34.17
42,135,7.54,3,19.92
40,139,7.4,4,21.07
57,96,5.82,4,18.6
51,112,9.54,8,32.48
30,109,8.04,2,17.5
38,92,8.11,8,29.54
59,91,5.59,9,28.14
40,111,7.28,3,18.74
38,113,7.92,7,27.1
31,91,9.62,14,43.59
42,83,7.9,14,41.73
38,105,9.79,5,26.0
54,143,8.46,10,35.4
43,109,5.78,11,33.45
21,113,5.33,6,22.38
30,112,7.74,2,16.48
21,110,9.72,10,36.21
58,135,6.6,13,37.9
59,141,9.42,0,16.14
29,110,5.73,14,38.29
51,156,8.71,12,40.17
27,103,7.08,1,14.67
37,148,5.06,4,17.01
55,130,6.45,11,34.22
57,144,7.0,2,16.93
38,88,7.19,1,13.62
53,87,5.86,4,19.06
24,115,8.08,2,17.0
43,148,9.23,11,38.17
31,135,8.44,5,25.05
29,125,9.0,1,17.38
50,89,6.74,14,39.92
28,153,9.22,8,32.17
25,90,5.03,10,29.14
32,87,9.14,6,27.67
21,147,5.14,13,35.7
35,97,8.23,4,22.46
45,82,6.03,3,17.18
38,94,7.47,8,29.38
58,139,7.02,12,36.08
46,151,9.79,1,18.82
23,134,6.62,14,40.19
42,149,8.32,8,31.08
46,111,7.59,11,35.5
39,85,6.89,2,16.26
59,95,8.26,3,20.94
56,145,5.7,2,15.07
41,95,8.66,12,38.0
46,93,7.93,11,36.79
33,141,8.85,11,37.22
56,97,8.77,3,21.34
44,87,7.38,12,35.79
46,84,7.09,14,40.74
41,120,9.28,14,43.52
38,138,9.56,6,28.29
35,88,7.1,11,34.16
35,121,9.65,10,37.06
26,97,9.61,14,44.82
51,125,5.65,7,24.92
48,127,7.32,14,41.52
28,107,9.03,12,39.33
49,116,5.75,7,24.53
41,153,6.2,11,32.82
37,99,7.77,0,14.08
44,117,5.61,13,36.65
56,120,6.68,10,32.49
51,141,7.57,14,42.39
54,99,8.96,7,28.98
22,102,5.79,6,21.73
23,129,8.61,1,16.72
50,84,9.74,10,36.78
28,139,6.04,5,21.27
27,152,6.14,0,11.72
32,122,8.92,0,15.86
39,115,5.67,14,38.13
46,82,7.35,3,20.11
48,140,7.07,12,36.64
35,133,7.56,1,15.56
34,115,7.6,2,17.22
34,124,7.79,5,23.52
23,108,9.09,10,36.19
49,105,7.14,3,19.46
26,87,6.08,6,22.63
43,152,8.93,0,15.87
48,101,9.9,11,37.74
34,148,5.63,13,36.29
34,123,6.3,2,15.25
40,120,9.89,13,42.61
33,115,6.11,12,35.11
47,109,7.11,11,34.57
55,128,5.42,6,22.66
22,96,6.53,10,31.24
44,109,6.3,10,31.76
49,152,9.79,0,17.34
23,83,5.7,14,38.73
24,155,6.55,5,21.83
22,114,5.4,12,34.28
40,96,8.36,4,21.69
35,86,9.93,3,22.11
52,141,5.77,2,14.45
21,137,8.14,8,30.94
58,123,5.77,9,29.08
55,137,6.13,10,30.83
27,132,7.71,8,28.92
33,151,9.75,2,20.99
21,88,7.38,12,36.13
34,85,7.25,9,30.07
49,98,5.68,12,33.83
23,99,7.82,5,23.79
44,143,7.31,10,34.0
21,106,6.67,11,34.04
30,86,8.65,0,15.16
33,103,6.49,12,35.58
56,87,9.51,10,36.1
29,146,9.36,7,29.07
34,90,7.43,5,22.31
56,145,9.54,14,44.85
30,80,9.81,2,20.38
43,86,5.18,4,17.35
55,103,9.26,10,35.99
27,91,7.01,7,25.39
55,142,9.98,7,32.24
22,151,6.71,14,40.02
35,92,9.17,12,39.17
29,149,6.1,3,16.54
37,103,9.65,14,45.01
59,117,8.71,6,26.41
38,150,6.42,4,20.03
35,89,8.44,9,31.95
38,109,7.18,11,34.6
44,106,9.3,0,15.85
43,109,5.03,3,15.74
32,158,7.62,13,39.66
43,81,8.41,6,26.46
41,87,6.98,8,27.98
46,96,7.37,12,36.8
28,127,6.2,7,25.57
50,143,7.09,7,27.21
54,140,9.61,11,39.36
22,92,6.92,9,29.35
25,100,9.94,8,32.36
51,155,7.33,11,35.22
53,81,8.1,4,21.97
24,102,5.02,11,30.56
26,95,5.93,8,26.01
43,92,6.78,2,16.34
39,83,6.64,6,23.09
28,81,8.6,3,20.38
59,144,7.74,0,14.85
33,105,6.08,0,10.38
21,109,8.03,11,35.99
26,117,5.66,5,19.79
27,99,9.34,12,39.42
47,104,8.75,12,39.61
35,131,6.73,2,15.56
54,89,5.24,10,31.14
43,120,8.91,7,29.38
44,140,6.22,6,24.71
35,81,6.29,10,31.79
55,86,7.16,14,40.87
24,139,8.04,9,31.25
57,140,5.17,10,30.65
37,159,9.13,12,39.5
51,106,5.17,14,37.84
58,80,5.87,7,24.76
30,106,6.13,3,16.81
47,159,9.25,5,26.34
26,139,8.73,6,26.72
26,132,8.05,3,19.55
35,115,6.78,9,29.75
24,159,7.76,7,28.24
27,103,5.25,8,24.77
46,114,9.33,4,23.72
51,112,8.46,2,19.83
22,96,8.33,5,23.79
48,148,9.92,11,39.66
33,114,7.67,13,38.91
38,126,5.37,9,27.44
50,138,6.14,6,23.8
31,140,5.8,4,18.54
33,101,9.71,12,40.78
44,106,5.64,13,36.11
49,151,5.11,13,36.15
25,94,6.51,10,31.94
55,115,5.61,12,35.05
39,136,8.1,8,30.27
33,155,6.12,9,29.54
25,120,9.21,5,25.94
34,124,5.72,4,18.42
58,122,5.76,10,30.19
42,91,8.04,10,32.98
29,147,5.41,5,20.18
46,146,5.25,10,30.14
25,83,5.92,14,38.71
49,144,7.63,12,38.54
42,84,7.74,8,29.59
23,81,6.92,1,13.98
48,125,7.34,4,22.01
58,154,7.27,1,14.66
34,88,7.29,3,17.76
34,87,6.33,4,18.49
31,137,5.85,14,38.12
29,142,6.96,13,38.37
58,140,7.32,9,31.67
26,94,9.77,7,30.25
21,152,8.74,14,43.3
45,121,9.31,1,18.22
36,129,6.93,13,38.34
35,130,7.86,6,25.52
54,104,8.71,11,36.48
37,101,5.92,8,26.59
23,101,7.3,3,18.7
23,153,6.74,14,40.66
57,148,7.74,0,13.82
37,148,6.46,11,35.05
58,145,6.77,14,41.21
21,143,9.16,7,29.93
27,101,8.89,12,39.0
46,92,7.04,0,11.04
59,106,5.49,4,18.67
39,126,6.43,3,17.56
50,100,8.66,7,29.62
34,110,8.78,6,26.93
33,158,6.62,1,14.77
40,117,9.7,13,42.18
46,118,7.51,5,23.19
47,115,9.39,8,32.0
45,144,7.65,3,20.06
29,90,5.06,9,27.54
32,148,5.5,12,34.31
30,113,5.53,4,18.46
26,84,8.59,11,36.38
54,99,9.3,10,35.29
39,142,7.63,5,24.09
26,124,9.27,7,28.99
22,121,6.86,8,26.95
35,92,5.51,6,21.6
37,88,6.29,9,28.49
36,84,5.59,3,16.14
48,117,9.43,10,36.55
41,128,6.2,7,25.75
28,107,8.75,1,16.68
30,122,5.36,7,23.54
30,149,8.88,3,21.1
30,120,5.43,2,13.9
29,123,9.74,7,30.55
48,108,8.2,2,18.86
44,147,8.38,9,32.14
39,158,8.4,8,31.35
53,104,6.37,14,39.79
24,147,7.21,5,23.8
23,93,9.53,11,37.8
32,138,6.03,14,39.84
38,141,7.64,12,37.66
43,96,6.61,14,39.9
40,98,8.82,7,29.12
26,108,7.28,5,22.54
54,157,6.71,14,40.83
22,145,7.96,2,18.34
50,124,5.53,11,33.15
29,150,7.8,10,33.98
47,107,8.92,13,41.82
54,138,9.81,1,18.94
44,133,9.23,13,42.61
37,87,8.08,3,19.76
49,89,7.7,7,27.96
56,100,6.64,6,24.52
32,114,7.39,5,22.42
51,83,8.09,4,21.89
29,132,5.65,9,28.49
39,104,8.62,6,25.99
37,99,6.23,1,12.33
22,150,5.58,4,18.48
25,150,5.49,10,29.89
59,101,6.6,7,25.69
36,128,6.6,7,26.44
37,85,7.86,11,36.37
47,130,7.29,12,37.26
27,106,8.75,5,25.24
28,97,5.1,14,37.84
28,91,5.45,9,26.83
43,107,6.24,0,11.48
52,98,5.19,1,12.48
38,122,5.82,2,15.25
58,94,8.64,12,39.26
32,148,8.99,3,21.37
35,115,7.96,13,40.34
48,121,7.85,13,40.0
58,124,8.13,6,26.67
51,109,9.01,5,24.74
29,118,9.21,6,27.98
28,125,6.7,2,15.5
39,137,7.08,14,40.77
28,109,9.04,2,19.16
54,135,6.05,9,29.92
24,133,9.71,7,29.82
51,116,9.19,5,25.77
58,101,7.2,2,16.84
23,103,7.57,0,12.23
55,148,7.19,12,38.06
39,112,6.15,9,29.15
49,96,6.2,5,20.47
30,141,6.51,11,32.66
32,91,7.04,9,30.32
50,109,9.47,7,30.19
50,92,6.79,1,14.37
38,85,7.81,5,23.52
44,146,5.44,9,28.16
52,90,6.92,11,33.62
29,139,7.14,6,25.24
44,89,7.51,3,19.05
46,154,7.31,8,28.61
23,95,8.3,3,20.77
43,121,9.25,14,44.0
31,123,8.16,13,39.37
30,98,6.94,6,23.52
56,152,8.86,14,44.19
33,94,8.42,12,37.55
49,118,8.45,6,26.38
58,84,8.93,10,35.1
33,110,5.55,3,16.08
46,158,6.81,9,30.95
40,107,5.84,4,18.63
25,117,8.86,12,38.1
40,131,7.83,9,32.38
34,94,9.95,8,32.62
34,98,8.39,5,23.54
28,114,5.38,11,32.29
33,153,6.44,5,21.92
44,94,9.63,3,22.66
35,126,9.91,7,30.71
21,135,6.12,8,26.37
42,99,7.47,0,12.64
54,154,6.85,9,30.98
23,88,6.05,11,32.18
46,84,6.84,2,15.71
34,90,7.14,6,23.13
28,81,8.33,7,27.23
36,131,7.51,11,34.93
41,99,9.15,12,39.81
30,100,9.71,11,38.38
45,130,6.91,14,40.75
58,109,7.51,10,33.91
42,127,8.64,4,23.33
24,80,9.13,13,40.38
24,114,6.1,14,38.65
50,105,8.29,10,34.49
22,88,9.1,5,25.37
49,119,8.7,5,24.69
56,100,8.49,9,32.58
41,159,9.72,12,41.21
41,91,8.73,8,30.74
41,116,7.45,8,29.99
24,150,9.35,7,29.51
21,103,7.18,2,16.69
46,129,8.99,7,29.64
22,133,8.12,12,37.73
29,107,8.03,13,40.09
38,83,8.69,9,33.77
31,91,8.5,4,20.96
45,146,7.67,6,25.56
46,116,9.43,11,37.48
56,83,8.61,9,32.94
55,94,7.9,1,15.66
58,107,8.52,3,21.33
23,116,6.72,3,16.89
55,88,10.0,7,30.39
42,93,7.35,9,30.54
28,146,7.37,6,24.54
35,129,6.95,7,25.31
27,157,6.61,4,19.92
39,104,9.82,6,28.77
37,118,9.85,3,22.59
21,105,9.74,5,26.87
49,139,6.61,6,24.25
33,131,8.1,7,28.38
49,149,5.92,0,11.39
26,105,8.61,14,42.65
25,127,6.36,8,27.5
54,133,8.43,3,21.53
31,120,8.58,4,22.45
29,80,9.98,3,22.27
58,100,8.93,9,33.51
29,157,7.89,0,13.92
28,151,7.45,4,20.83
23,104,5.28,5,17.77
33,97,9.73,14,43.57
39,94,5.92,1,12.94
54,121,5.21,11,32.3
52,99,6.75,4,20.23
36,95,6.15,8,27.1
56,86,7.42,13,39.25
38,84,9.62,14,45.02
34,97,9.78,4,24.33
50,157,6.43,7,26.8
22,97,9.55,11,38.13
33,143,9.51,7,30.13
47,104,7.19,10,32.3
37,154,7.71,0,13.69
51,105,5.25,5,19.89
35,148,5.1,14,37.61
40,95,5.77,6,22.35
25,142,7.62,10,32.93
27,151,7.36,13,38.91
38,156,5.06,7,23.93
31,137,5.56,0,10.26
52,106,7.1,12,36.87
47,128,9.03,5,25.53
46,152,7.71,11,35.73
57,126,8.44,1,17.12
48,150,7.27,13,39.77
22,129,6.9,14,40.05
40,125,9.54,14,44.48
24,87,9.15,1,17.2
33,81,6.0,11,32.43
44,97,9.07,7,29.78
58,115,6.26,0,11.73
49,121,5.2,3,16.64
56,90,8.94,14,43.12
22,138,5.77,2,14.56
38,131,6.41,6,23.57
28,153,8.83,7,29.15
35,128,7.43,7,26.8
37,135,8.46,4,23.12
43,149,5.15,2,14.23
22,153,6.68,2,16.79
26,109,6.77,13,37.76
49,134,6.22,8,28.04
47,107,6.88,7,26.05
57,130,6.82,3,18.61
54,106,9.72,4,24.17
38,131,9.25,0,16.08
30,113,9.11,11,37.81
58,111,5.02,1,12.53
37,123,6.83,9,30.15
33,83,5.78,7,24.22
47,127,6.53,8,28.51
22,95,5.84,0,10.88
54,139,5.37,2,14.32
51,126,7.77,12,38.46
43,154,8.8,4,23.81
27,94,7.46,3,18.83
58,135,6.43,11,34.96
53,95,5.51,11,31.38
32,80,9.3,1,17.04
32,104,8.19,2,17.75
39,143,5.76,0,11.13
29,122,6.49,3,17.05
30,93,8.92,11,37.21
37,127,8.8,6,26.89
59,147,8.32,7,29.43
30,93,5.47,10,29.69
32,159,8.22,14,43.48
35,94,8.05,6,25.18
51,156,8.05,4,23.0
35,96,9.11,3,21.49
48,131,5.59,4,18.52
24,89,5.13,4,17.28
56,96,6.16,11,33.04
21,87,5.55,4,17.68
54,81,8.82,11,36.83
37,135,5.39,0,10.27
59,144,6.82,10,33.03
58,134,9.49,11,38.67
53,148,9.49,6,29.08
41,159,6.79,3,18.44
46,152,8.02,11,36.6
56,115,5.98,4,18.66
25,88,5.39,13,35.25
53,93,8.82,0,15.16
21,153,5.04,8,26.25
26,101,9.14,9,33.35
57,95,6.68,6,24.15
22,120,5.66,0,10.59
25,146,7.53,1,14.83
46,107,9.86,7,31.02
33,108,8.68,10,34.99
32,144,8.8,7,28.99
25,107,7.04,1,14.4
22,111,7.25,6,23.74
24,131,9.22,9,33.86
47,90,5.42,14,38.84
30,105,5.27,0,9.95
33,110,8.45,5,24.46
22,99,6.36,1,12.69
46,148,10.0,8,34.27
35,120,9.97,5,25.71
30,146,8.21,11,36.11
42,123,7.31,0,12.95
45,139,5.04,3,15.55
35,86,8.01,5,23.37
33,133,5.45,1,12.75
28,142,9.52,9,34.05
41,159,5.57,6,22.99
41,92,5.5,9,27.94
42,112,8.6,4,22.58
53,86,5.76,2,15.25
47,109,7.93,7,27.72
42,90,8.98,5,25.81
50,149,5.01,13,36.49
29,100,5.76,8,25.75
55,111,5.89,2,15.01
38,84,7.77,9,32.36
25,114,8.99,5,24.87
47,126,9.3,6,28.48
26,91,5.31,0,9.75
52,116,7.54,6,25.26
28,123,9.35,0,16.16
59,101,5.36,9,27.53
41,90,5.13,10,29.86
38,134,5.24,3,16.02
34,89,9.66,2,19.06
35,121,7.0,7,26.25
46,159,5.3,2,13.73
52,155,9.98,7,31.12
59,134,9.77,11,38.98
48,129,7.09,11,35.22
59,111,5.52,3,16.01
52,147,8.72,9,33.38
33,97,5.3,5,18.98
35,144,8.14,7,27.93
38,104,8.81,12,39.74
59,110,6.06,9,29.5
26,98,9.72,7,29.39
31,97,9.98,12,41.14
52,147,6.79,7,27.24
40,112,9.82,10,36.51
53,149,6.16,10,32.2
28,86,9.01,2,19.76
55,80,8.7,5,24.99
25,159,5.21,7,23.46
55,138,6.3,7,26.33
34,113,6.92,6,23.86
41,131,5.07,11,31.4
44,90,9.74,5,25.95
37,87,6.06,7,25.03
38,132,9.63,8,33.04
54,94,7.2,8,28.66
32,107,5.64,3,16.78
36,93,7.14,5,22.16
24,137,8.07,3,19.9
45,136,7.37,2,16.85
54,131,6.59,12,36.02
48,116,9.07,6,28.24
31,81,9.78,8,31.83
33,113,5.48,6,21.6
51,113,7.75,9,31.3
45,137,6.59,3,17.24
59,152,8.73,9,33.31
30,140,8.17,14,41.53
44,133,5.14,3,15.58
21,146,8.18,8,30.03
45,109,8.62,12,38.78
48,159,8.85,5,25.93
56,138,9.45,8,32.88
38,137,9.73,10,36.21
26,103,6.33,1,13.69
22,94,8.31,10,34.19
23,101,7.78,1,15.55
28,111,9.11,6,27.32
51,154,5.19,13,36.74
39,121,7.05,8,29.51
26,138,6.71,6,24.46
34,134,8.26,11,36.75
23,84,7.09,1,12.83
21,120,6.97,5,22.4
50,136,6.88,2,16.83
39,132,9.13,1,17.53
39,117,7.42,1,14.76
29,80,7.0,5,22.26
27,139,9.33,13,42.69
57,155,5.01,12,34.14
27,125,6.59,5,21.43
29,83,8.37,6,25.51
24,94,5.52,9,26.93
45,91,7.9,6,25.61
32,80,7.25,9,30.67
26,156,8.35,9,32.86
38,109,7.65,4,20.84
41,153,5.97,3,17.56
35,85,5.66,13,35.94
23,152,6.53,13,37.07
22,129,9.71,4,23.34
24,81,6.05,1,12.46
52,85,7.31,12,37.67
22,154,9.75,0,15.67
49,156,6.01,8,27.73
22,117,6.22,4,18.89
54,155,7.39,2,17.62
47,97,5.53,9,28.48
59,98,5.4,9,27.88
58,107,6.51,9,30.37
38,91,5.71,13,36.67
56,131,7.13,0,13.6
39,156,5.54,14,39.0
47,137,7.94,3,19.82
40,101,7.46,1,14.86
41,124,7.96,6,25.52
43,141,9.5,8,32.31
50,121,6.73,7,26.1
45,146,6.34,6,24.23
51,88,7.87,13,39.68
47,143,6.24,7,24.88
54,94,5.33,13,36.18
28,109,5.29,9,27.44
39,105,5.33,4,18.26
46,148,6.19,11,33.94
48,101,8.65,0,14.64
24,133,5.77,6,22.58
51,137,6.29,14,40.6
36,158,9.3,10,35.35
30,132,7.18,14,41.0
58,98,5.21,0,9.54
30,113,6.24,0,10.46
29,93,6.51,3,17.22
59,101,5.93,11,33.0
56,92,9.83,13,42.79
56,143,7.03,0,13.07
39,135,6.98,11,34.11
39,151,9.89,11,39.52
32,121,7.74,12,37.24
33,145,5.41,0,11.18
45,142,7.22,0,13.44
56,121,8.27,8,31.2
45,113,7.85,13,39.9
48,108,9.23,1,18.83
59,105,9.81,9,35.33
50,102,5.29,1,12.61
25,115,6.28,9,29.41
37,88,9.5,5,25.97
38,121,9.36,0,15.96
41,146,5.08,4,18.04
42,86,7.89,8,29.47
59,102,6.6,10,32.58
26,111,7.65,3,19.25
36,102,6.1,0,11.29
22,95,8.53,8,30.46
21,148,6.66,12,35.73
50,92,8.21,7,27.9
57,89,5.38,10,30.57
43,138,9.81,7,31.31
21,81,6.27,12,34.41
39,159,7.04,10,31.92
23,131,6.9,6,24.45
22,80,7.98,7,27.83
57,149,5.53,12,34.47
37,133,6.67,7,26.29
48,98,9.4,5,26.65
38,107,6.99,7,25.98
53,84,6.19,9,28.23
35,155,9.52,3,23.18
42,109,7.92,3,19.03
47,98,7.08,7,26.62
57,121,9.69,5,27.16
52,104,8.49,1,16.68
39,114,8.35,6,27.52
48,88,6.64,2,15.86
48,118,7.8,2,18.1
30,135,7.35,8,28.79
40,117,7.0,0,12.65
45,94,5.03,11,31.6
41,125,6.47,12,35.66
34,116,9.9,13,42.23
42,139,8.9,2,18.9
46,141,8.07,5,24.08
31,110,7.08,2,17.18
27,109,5.38,3,14.84
37,145,8.05,4,23.08
38,86,6.36,2,16.08
27,109,7.88,14,41.43
40,112,9.73,6,29.28
58,117,8.93,7,29.71
31,98,9.8,14,44.11
36,88,9.19,13,41.05
47,111,5.44,14,38.03
31,109,5.48,10,30.2
36,85,8.39,11,36.13
43,140,8.28,11,36.45
32,116,6.9,2,15.57
23,158,5.27,10,29.21
22,150,8.57,12,38.15
58,157,5.52,9,28.64
44,99,8.18,2,19.87
49,109,5.24,3,16.5
54,97,5.91,0,11.6
40,142,7.78,9,31.92
38,140,7.99,5,23.62
34,136,8.36,5,23.76
38,101,5.55,5,20.33
22,128,7.22,8,28.49
21,97,5.67,7,23.82
40,140,9.68,1,18.33
54,157,9.17,8,32.26
31,147,7.82,11,34.96
47,86,7.15,2,16.13
43,86,6.62,8,27.49
58,144,8.93,11,38.54
23,119,7.55,1,14.73
32,103,5.06,11,31.9
50,111,7.85,5,23.84
51,89,9.29,11,37.27
43,88,8.03,5,23.62
21,118,5.35,9,27.98
40,82,7.95,8,29.85
26,148,8.75,1,16.71
31,86,8.69,9,33.34
55,91,7.71,12,37.9
24,102,8.76,1,17.37
49,142,5.59,8,26.94
30,96,6.31,12,35.7
49,157,6.14,11,33.59
58,143,6.74,1,15.09
21,144,8.18,4,21.78
28,107,7.57,2,17.73
58,137,7.34,11,34.42
37,97,7.82,10,34.27
39,123,7.0,4,19.65
53,143,9.82,9,34.17
35,116,5.07,0,8.87
51,82,6.54,3,17.72
41,93,9.93,4,24.82
23,86,9.62,1,18.04
22,96,9.17,12,38.81
55,149,5.78,0,11.21
36,158,9.03,11,37.66
41,118,5.46,12,34.15
32,84,5.39,13,35.74
48,158,5.4,9,28.57
32,131,7.91,1,15.91
53,105,8.45,6,26.11
40,118,6.28,12,35.91
41,124,8.26,0,14.77
59,156,7.29,7,27.8
56,110,9.87,9,34.62
42,156,6.72,8,28.11
46,102,8.42,5,24.46
27,119,5.64,1,12.75
27,111,5.29,10,29.09
28,83,8.13,0,12.93
46,125,6.27,8,27.15
44,154,9.57,3,23.15
44,121,5.08,4,17.86
32,118,9.71,7,30.73
28,149,5.1,14,37.33
29,135,8.24,4,22.29
23,126,9.22,14,43.97
41,117,7.15,0,12.35
51,97,8.3,3,21.27
44,81,6.47,6,23.79
24,133,7.32,10,32.64
40,109,5.87,7,25.45
36,83,6.14,11,32.54
30,86,9.47,1,17.02
46,158,8.55,12,39.33
49,136,9.21,5,25.91
25,109,7.04,5,22.21
31,123,5.64,3,16.88
49,156,9.56,4,24.84
35,108,9.83,3,22.25
26,115,9.26,9,33.57
35,127,7.82,7,28.16
40,98,7.51,8,28.56
54,142,9.47,0,15.81
22,81,7.06,7,25.53
36,93,7.93,13,39.3
39,159,7.07,7,26.92
54,114,5.39,9,28.08
34,100,9.43,13,41.55
44,96,8.61,8,30.24
48,111,7.32,13,38.59
52,102,5.81,6,23.37
57,85,5.88,14,38.57
30,108,8.32,11,35.32
29,142,9.69,5,26.2
44,149,7.14,7,27.59
56,83,7.22,4,20.53
49,137,8.43,1,16.96
49,110,9.28,12,40.11
43,101,9.02,3,21.31
47,106,8.57,1,16.4
51,95,6.3,4,19.24
27,85,5.86,3,15.96
24,159,5.04,3,15.62
34,86,9.85,8,33.42
30,93,7.17,11,33.96
54,82,5.99,2,15.7
46,128,5.61,5,20.08
43,115,5.75,12,34.3
29,108,6.68,6,23.16
57,83,9.29,3,21.51
28,119,9.85,9,35.15
34,120,7.54,11,35.18
27,101,6.59,6,22.58
27,158,5.88,13,36.51
29,83,6.44,9,27.9
23,102,8.1,6,25.54
34,83,9.73,7,30.04
37,147,7.46,13,39.23
42,97,5.7,6,22.97
46,80,9.73,0,15.81
48,111,9.81,6,28.9
34,100,9.48,8,31.49
29,117,9.3,11,38.24
46,105,8.89,2,18.49
22,120,5.63,8,25.78
31,128,6.64,6,24.84
37,120,8.77,2,18.81
54,138,9.33,8,31.73
39,83,6.14,14,38.94
59,92,8.1,4,22.96
38,140,5.3,5,20.31
33,130,9.28,12,40.01
25,114,6.74,10,31.22
43,144,5.98,6,23.53
44,128,9.19,13,41.63
49,128,5.85,1,12.64
28,93,7.3,9,29.61
46,116,5.48,9,28.06
35,109,7.22,5,21.92
21,93,9.62,6,27.41
48,154,8.47,7,29.07
34,106,9.92,4,25.2
54,141,7.24,6,24.48
51,82,9.45,5,26.01
26,149,9.56,11,38.56
25,118,5.45,11,31.46
51,98,9.9,10,36.49
57,155,9.46,8,33.59
35,118,8.13,13,39.52
35,89,7.68,11,35.95
25,126,6.93,12,36.39
48,102,7.93,10,34.74
53,138,8.68,8,31.8
31,99,8.54,7,27.41
26,124,6.5,5,21.81
43,123,8.36,11,36.1
22,97,5.02,9,26.97
35,127,5.85,10,31.19
43,154,5.76,3,17.12
42,80,8.71,6,26.67
29,111,9.48,8,32.08
50,143,5.43,3,17.69
36,86,9.56,3,22.48
50,150,6.53,11,33.18
29,125,8.11,0,14.67
21,103,5.82,4,18.17
58,148,7.01,3,19.24
28,115,7.31,12,36.8
38,146,6.87,2,17.03
47,129,9.11,1,17.1
38,138,7.92,8,29.88
52,137,7.48,7,27.92
52,125,8.92,8,32.05
56,149,8.55,1,18.44
56,102,5.52,8,26.54
41,91,7.59,0,13.11
52,107,8.99,2,18.99
51,137,8.19,13,40.33
57,140,8.56,9,32.96
36,134,7.87,12,37.92
34,113,9.64,1,17.89
44,97,7.57,13,38.79
45,114,7.82,6,25.64
55,127,9.4,2,20.23
37,116,8.07,11,34.66
24,120,7.19,7,26.27
31,85,6.27,14,38.76
35,159,9.83,6,28.76
50,118,8.86,14,43.12
44,83,5.41,6,22.72
22,95,5.63,7,23.47
54,131,6.03,7,25.23
43,98,6.18,3,17.74
51,96,8.23,2,18.03
57,124,7.66,10,33.72
33,81,6.18,10,29.44
53,81,5.75,5,20.19
27,134,8.46,10,34.78
52,83,5.26,12,34.57
27,91,6.1,1,12.26
58,133,6.48,14,39.78
33,139,5.91,13,36.91
44,108,7.87,3,19.71
48,140,8.59,1,17.19
52,125,7.04,2,17.16
38,128,5.83,1,13.51
54,97,7.01,4,20.78
54,155,7.33,6,25.95
58,153,9.4,14,45.27
21,103,7.66,7,27.67
51,96,5.29,5,20.15
21,135,9.89,10,36.23
36,131,5.94,8,27.44
59,150,7.64,6,27.15
35,99,6.71,5,21.48
53,108,8.49,14,43.06
43,154,5.95,4,19.61
54,129,7.56,9,31.89
37,94,7.57,9,31.32
45,110,8.26,0,13.94
26,92,7.91,0,13.76
51,135,5.63,2,15.47
25,98,8.47,3,19.83
50,149,7.32,7,26.98
25,107,5.94,14,38.44
32,101,7.0,4,20.31
27,107,6.85,11,33.87
33,159,7.22,9,31.11
24,112,9.47,8,31.66
23,124,9.36,8,31.93
32,127,5.12,7,22.67
21,142,7.57,0,12.8
47,105,5.37,12,33.91
33,80,5.18,14,37.5
37,141,6.06,2,15.78
28,151,9.83,5,27.46
52,82,9.65,1,17.85
40,156,8.57,0,14.44
37,84,6.54,1,12.71
54,124,6.06,0,10.79
55,91,5.86,1,12.1
55,127,5.11,6,21.56
58,93,7.2,3,18.74
44,132,8.03,5,25.16
38,124,7.97,4,21.18
59,111,8.51,7,29.08
53,109,7.55,9,31.07
43,91,7.67,13,38.65
45,123,9.8,5,27.65
57,104,7.82,4,21.64
47,121,9.37,13,42.14
21,100,5.62,3,16.23
41,140,9.13,14,43.69
30,145,8.44,1,15.93
51,100,5.03,12,34.23
45,105,6.05,8,26.65
40,111,6.08,14,39.24
22,96,6.99,5,21.67
35,83,6.96,8,27.94
48,118,6.75,9,30.45
33,94,7.17,4,20.56
34,112,9.14,13,41.67
22,140,5.25,10,29.43
54,93,9.24,10,35.27
55,126,9.59,6,28.03
57,81,5.83,11,32.75
45,145,6.83,5,22.68
35,127,8.26,0,14.2
32,143,9.89,3,22.85
29,145,9.33,10,35.82
51,127,8.7,10,36.25
34,97,9.7,7,29.65
49,130,9.91,4,24.54
58,83,9.49,9,34.3
28,112,5.93,13,36.49
23,102,8.57,8,29.89
22,132,7.0,13,37.81
36,92,9.09,11,37.21
39,150,5.28,8,26.04
50,137,9.15,10,35.35
36,142,6.47,8,27.95
51,144,8.85,2,19.83
48,121,5.84,7,25.75
24,119,5.24,13,35.68
30,100,8.25,8,30.27
38,159,7.22,4,21.46
52,112,9.23,2,20.53
50,149,9.56,9,34.29
56,121,7.03,4,20.84
29,116,8.08,8,29.74
56,151,6.4,5,22.49
49,80,6.3,0,10.98
36,156,9.3,12,41.11
48,105,5.73,5,20.83
41,159,7.23,1,15.63
22,118,7.27,3,18.14
55,126,7.92,3,20.16
48,135,8.16,9,32.32
56,137,7.16,3,19.09
51,107,7.21,0,13.39
53,136,8.11,7,28.7
43,150,8.51,3,20.47
37,151,8.97,14,42.78
21,124,8.42,12,39.02
43,144,5.04,4,17.13
47,83,6.16,3,16.71
45,140,5.67,3,17.47
52,140,9.06,2,19.75
39,122,7.4,11,34.87
44,98,6.92,1,14.12
23,80,8.75,5,24.29
32,98,5.38,0,9.4
55,130,8.52,9,32.91
35,143,7.61,7,28.11
37,142,7.11,3,18.97
52,108,8.3,11,36.1
27,98,5.11,11,32.16
39,122,5.51,11,32.99
27,149,6.99,0,12.81
25,118,5.47,1,11.89
41,102,7.41,0,12.75
27,80,7.98,14,41.77
57,140,8.22,10,36.08
43,158,6.18,11,34.84
31,104,8.82,9,32.49
30,83,5.46,7,24.27
41,80,9.64,14,43.7
53,119,5.68,5,21.48
40,100,7.17,4,20.43
53,122,5.19,5,20.28
55,89,7.42,8,28.69
54,145,9.63,8,32.18
56,96,6.07,3,17.36
47,92,9.53,14,44.1
39,89,7.52,12,36.15
25,131,5.54,8,26.41
49,89,8.86,13,40.77
30,126,7.19,4,19.59
33,88,7.4,13,38.23
49,125,8.07,8,31.22
25,147,9.15,12,40.06
32,133,7.05,10,32.79
33,147,8.76,2,19.66
42,83,5.8,13,36.0
35,154,5.24,12,33.26
33,80,5.24,0,9.08
21,138,5.21,0,9.82
58,104,7.63,10,33.69
21,88,6.95,3,17.57
31,104,8.93,12,39.2
42,150,5.02,12,34.24
55,105,8.36,4,22.4
26,135,6.87,7,26.43
48,128,7.35,9,31.98
51,144,5.67,2,15.65
28,140,8.83,0,14.77
25,88,9.35,4,23.97
37,89,5.18,11,31.12
58,90,6.69,8,28.28
29,115,7.08,3,18.99
30,135,9.28,14,42.69
40,111,8.98,3,20.68
34,151,7.74,13,39.5
34,114,5.9,4,18.33
46,83,7.77,8,28.81
49,141,7.2,9,31.16
47,142,9.52,12,40.36
45,87,6.34,5,21.39
36,155,8.98,2,19.45
56,148,7.83,1,17.32
54,140,5.17,8,26.08
36,142,6.25,11,33.75
53,140,5.65,9,29.71
23,116,7.34,2,16.07
43,83,8.96,11,37.01
31,135,7.93,5,23.26
38,122,6.63,10,31.22
49,100,8.63,10,34.1
25,137,8.1,3,19.42
44,95,5.35,4,18.58
49,132,5.54,8,26.08
49,97,5.51,10,30.4
46,136,6.59,5,22.66
23,117,7.89,0,13.3
22,111,9.66,14,44.79
45,98,8.34,9,32.27
39,127,8.54,14,43.02
22,153,5.48,11,32.29
39,105,5.53,5,19.24
21,124,5.69,1,12.65
47,124,7.91,10,34.42
55,94,8.72,0,14.45
25,97,8.96,4,22.59
58,110,6.05,11,33.98
24,94,8.61,3,20.1
37,94,6.61,2,16.43
41,144,7.79,11,36.75
51,125,7.55,12,37.2
42,154,5.37,8,26.41
31,95,9.2,14,42.64
54,134,8.67,4,23.07
35,109,8.38,9,31.47
30,120,6.7,0,11.1
58,146,9.96,9,35.47
52,96,5.31,6,22.08
51,105,6.51,13,37.83
57,152,5.66,1,12.54
48,143,6.18,14,40.39
51,137,7.23,14,41.39
26,154,8.06,8,29.86
34,82,5.49,11,31.47
43,107,7.9,0,13.93
36,83,8.89,13,42.02
45,119,9.6,0,17.01
59,154,6.04,6,23.74
22,136,9.46,2,20.03
58,144,9.36,8,33.32
59,126,6.41,2,16.6
54,159,8.44,5,25.52
45,113,8.47,8,30.14
56,124,9.74,7,31.02
36,111,6.16,11,33.58
38,123,5.46,12,34.47
33,90,7.8,12,37.25
57,115,6.29,8,27.64
47,92,6.18,3,17.55
54,136,9.62,0,16.81
31,104,8.62,0,13.96
21,149,8.35,4,21.85
33,116,9.76,0,15.85
50,83,5.35,2,13.6
25,105,7.94,6,26.41
38,92,7.44,0,12.82
34,151,6.51,3,18.36
33,130,7.93,0,13.62
52,126,9.0,7,29.2
27,112,7.81,13,39.91
28,159,5.87,3,16.14
27,121,7.82,14,41.19
36,110,5.98,3,16.18
51,119,5.76,14,38.23
47,95,7.73,14,42.12
53,135,5.53,2,14.45
49,153,6.88,13,39.05
28,115,8.25,10,34.35
53,159,7.92,7,28.67
39,135,7.42,0,13.05
41,127,6.21,14,38.39
41,159,6.5,5,21.44
45,137,6.1,6,23.16
43,94,7.63,9,31.39
31,151,9.44,6,27.49
53,94,9.21,6,26.58
40,100,9.0,1,17.83
45,143,6.42,3,18.01
46,86,7.36,0,12.85
32,131,6.96,7,26.51
52,98,7.63,4,21.41
53,125,7.23,11,35.71
30,117,7.28,5,22.36
24,92,5.34,5,19.21
35,123,6.01,12,35.51
26,101,6.88,6,23.04
47,150,6.17,1,13.95
25,114,9.38,2,20.55
25,82,9.51,4,23.49
38,95,8.46,5,23.76
48,124,9.77,14,44.2
55,95,5.55,11,32.67
42,145,6.73,0,12.03
54,117,9.92,1,19.71
24,103,8.26,9,31.6
38,129,9.78,12,40.6
46,136,6.06,4,18.8
42,135,7.26,9,31.42
53,145,6.29,4,19.96
34,157,9.53,11,39.05
51,156,8.2,9,32.1
30,152,8.4,4,22.23
44,141,8.02,4,22.27
41,93,8.96,13,41.1
28,145,7.55,2,17.82
52,139,9.34,5,26.21
51,100,5.21,12,33.93
54,114,8.99,4,23.58
43,109,5.09,13,35.76
45,118,6.65,6,23.73
27,104,7.26,9,30.41
39,123,7.77,6,26.42
27,138,9.52,1,18.63
28,85,9.5,11,38.19
34,82,9.11,5,24.6
21,115,9.92,0,16.89
33,80,6.49,7,26.0
23,113,8.7,12,38.14
48,144,5.32,2,14.27
58,105,6.6,5,21.81
35,97,6.62,13,37.67
56,115,6.31,0,11.87
23,85,9.88,5,26.01
24,154,9.72,10,36.58
25,123,6.97,7,26.14
46,119,6.86,13,39.5
45,109,7.44,5,22.92
30,157,7.14,6,26.32
28,153,6.51,13,38.1
32,110,6.32,10,31.28
23,137,9.65,14,45.15
47,134,6.0,9,29.65
43,115,6.99,0,12.77
53,158,8.46,5,24.82
34,109,9.87,6,28.33
43,127,8.55,14,42.51
51,157,7.72,10,33.4
33,96,7.32,6,24.65
32,106,8.22,3,20.63
55,142,8.43,3,21.09
38,156,9.96,10,37.15
41,93,6.75,6,23.61
21,105,6.06,8,25.73
58,122,7.13,6,25.05
29,154,6.23,14,39.35
43,80,5.23,14,38.23
34,103,9.84,8,31.69
31,99,5.31,12,32.61
27,151,7.41,11,34.78
51,87,7.39,1,15.04
44,109,5.93,12,35.84
46,97,7.89,0,13.58
50,156,9.12,7,29.68
54,92,9.38,14,44.11
58,127,6.83,12,37.01
25,139,5.97,10,30.3
25,105,7.53,2,16.45
39,88,5.61,11,32.55
58,132,9.25,13,42.03
48,150,7.3,0,12.77
46,88,9.45,2,20.14
43,105,5.19,6,21.52
50,112,9.23,2,19.8
23,112,6.3,11,33.34
48,131,9.78,8,33.26
53,119,5.39,1,11.89
23,83,9.19,7,28.46
25,107,7.67,4,21.27
39,133,5.97,11,33.22
21,147,7.16,3,18.23
58,128,6.52,14,39.79
29,85,6.19,13,37.31
25,112,8.11,3,19.52
54,84,8.38,0,14.24
57,97,5.53,3,17.03
53,82,8.63,9,32.38
45,81,7.42,2,16.35
49,144,7.65,1,16.2
45,114,8.72,5,25.99
29,130,7.16,4,21.44
23,147,7.97,6,25.87
35,114,7.57,12,37.79
24,151,5.59,13,35.91
58,123,7.14,11,34.65
40,108,9.18,6,27.73
43,115,5.15,9,27.86
57,157,5.17,14,38.65
28,121,9.65,12,40.16
57,86,9.1,9,33.8
53,92,5.02,2,13.28
53,101,9.67,10,36.26
27,136,6.49,11,33.71
42,124,7.25,9,30.97
25,133,6.18,7,24.91
35,81,5.88,14,38.65
41,151,5.61,8,27.5
45,136,8.48,6,27.38
37,154,5.07,6,22.07
27,113,6.94,14,39.61
39,123,7.27,6,24.8
27,148,6.46,7,26.18
44,132,6.25,14,39.44
31,141,8.07,7,28.12
21,112,9.14,14,43.45
52,155,7.53,6,26.49
22,148,8.56,10,34.48
35,80,8.66,6,26.97
41,114,9.54,8,32.54
44,104,8.67,0,14.63
37,83,6.35,11,31.92
29,152,5.95,9,28.28
55,146,9.54,0,16.96
40,89,8.83,14,43.18
39,99,8.13,7,28.91
38,119,9.74,7,30.82
40,146,8.37,2,18.61
50,154,8.18,11,35.72
21,94,9.34,2,19.69
44,107,8.94,10,35.01
44,114,6.48,4,20.01
39,86,7.5,9,30.21
50,133,8.29,8,31.11
46,121,6.18,10,32.28
58,117,8.2,2,18.98
49,143,8.69,11,37.32
33,136,6.32,14,39.46
24,108,6.35,5,21.83
37,145,9.97,6,29.4
53,152,6.83,9,31.17
25,85,5.14,14,36.55
48,81,5.85,12,33.78
44,118,8.77,1,17.47
37,85,8.37,9,31.51
59,93,9.17,12,39.16
31,97,8.29,14,41.26
32,149,8.04,13,41.11
33,155,8.58,4,22.71
28,101,9.51,2,19.52
21,157,8.6,9,33.27
29,92,5.54,3,15.6
48,152,8.98,10,35.27
22,89,9.92,4,25.37
34,106,5.01,5,19.71
33,93,7.46,14,41.1
22,88,5.18,8,24.72
24,88,9.78,6,28.26
32,136,9.79,5,26.23
30,114,8.15,2,17.7
23,105,7.53,1,14.93
24,120,5.17,12,33.04
26,146,9.83,2,21.38
43,109,9.86,6,29.05
25,108,8.72,6,26.89
23,147,5.14,14,36.98
30,93,8.98,2,19.33
39,131,7.81,6,25.56
34,118,9.86,0,16.86
41,100,8.41,14,42.2
48,150,9.78,2,20.67
41,85,5.52,12,34.45
56,134,8.78,14,43.2
44,119,9.41,3,22.0
58,149,8.18,1,15.9
37,104,7.71,5,24.04
42,83,8.88,9,32.98
39,113,9.27,1,18.29
30,101,8.12,5,23.75
31,135,8.68,2,18.06
58,125,7.0,1,15.51
22,135,6.74,1,13.97
53,157,6.02,8,27.25
51,154,8.13,4,23.78
55,106,9.09,10,35.49
57,114,8.32,12,38.34
56,95,6.96,13,37.32
43,99,9.94,11,38.89
56,94,5.03,8,25.66
59,157,6.55,11,34.51
46,151,9.84,5,28.19
45,103,6.93,8,28.05
37,141,8.1,11,36.76
35,159,6.2,0,10.93
57,123,8.45,10,35.48
24,93,8.24,9,31.0
42,152,8.09,1,16.5
37,156,6.88,13,38.73
42,130,9.78,9,34.21
37,101,8.22,7,27.98
34,111,5.46,0,9.59
34,159,8.68,9,33.42
37,104,6.6,11,33.92
28,128,6.65,7,26.03
54,102,6.13,2,14.92
46,116,8.24,14,42.75
50,82,9.78,5,26.16
42,139,9.09,10,35.67
36,138,9.62,11,39.66
50,102,9.65,12,40.38
36,112,5.01,11,30.56
58,133,8.12,13,41.49
44,118,9.65,13,42.49
56,104,7.76,1,15.08
55,142,8.4,8,29.84
26,138,7.18,13,38.17
24,110,9.26,0,15.71
38,128,5.82,14,39.06
26,139,5.46,8,25.54
46,143,6.86,2,17.23
57,117,5.39,0,10.46
47,150,5.71,1,12.85
31,156,5.79,10,30.41
58,87,5.02,2,13.64
36,92,9.07,4,22.63
39,105,9.46,13,42.11
35,89,5.2,2,13.14
46,135,6.17,9,30.58
51,83,6.71,7,25.47
39,110,8.99,14,43.25
44,96,6.17,13,37.07
29,87,7.0,7,26.7
43,131,9.87,9,34.77
24,116,9.14,11,36.34
30,99,5.5,10,30.16
29,126,6.6,10,30.63
39,153,7.88,5,24.86
35,130,8.41,9,32.94
54,137,8.22,5,24.16
39,123,5.42,7,24.2
41,90,9.97,13,42.97
54,91,5.91,2,14.33
37,89,5.88,0,11.2
38,156,6.21,13,38.42
37,133,7.05,12,36.28
22,113,6.6,10,31.66
21,109,7.56,0,13.14
30,94,9.55,3,20.87
57,87,5.2,11,31.32
25,119,6.93,3,18.15
32,101,9.93,7,30.19
56,84,6.24,12,35.69
51,99,9.09,2,19.23
58,128,6.96,10,32.59
29,131,9.55,1,18.37
46,145,8.18,5,24.97
35,98,9.47,8,30.98
36,93,8.17,7,27.89
33,86,9.45,0,16.26
45,136,9.52,4,24.94
50,159,6.5,14,40.48
27,89,9.19,0,15.38
24,101,9.2,11,36.99
58,84,8.53,1,16.79
50,155,6.21,9,29.95
30,103,5.54,14,38.67
50,94,8.09,14,42.37
59,105,8.27,12,38.87
27,134,9.85,1,18.25
56,97,6.99,14,40.61
55,122,8.61,0,14.92
44,85,9.4,4,23.65
59,124,8.99,0,16.2
56,104,7.02,7,26.98
40,95,6.2,8,26.87
52,134,5.16,6,22.01
59,135,8.79,1,17.51
46,108,6.92,9,30.33
46,143,7.51,7,27.65
56,80,9.91,3,22.63
55,124,5.02,7,23.9
55,105,6.38,11,34.39
32,129,9.91,14,44.51
53,106,7.44,0,13.57
56,114,9.69,12,41.25
34,159,9.26,13,42.49
53,108,8.56,10,34.56
44,86,8.57,14,42.98
35,141,5.02,10,29.86
51,150,6.49,7,26.85
37,113,7.2,10,33.03
32,127,7.6,1,15.26
42,84,7.22,8,29.03
43,87,7.18,4,19.87
46,151,9.31,13,42.13
34,122,9.85,9,34.83
32,131,9.24,7,28.96
24,153,8.46,6,26.85
33,80,8.68,2,18.3
38,117,8.69,9,32.74
48,86,9.0,5,24.78
58,135,5.28,1,12.5
39,125,5.37,14,38.02
58,103,5.49,12,34.15
23,114,9.56,5,26.5
39,152,8.11,5,24.94
40,121,7.28,5,22.84
45,146,8.85,4,24.0
31,123,6.1,6,22.38
37,83,9.03,10,34.87
55,156,6.73,12,35.49
34,103,8.17,8,30.07
59,150,9.94,3,23.18
39,98,5.36,9,27.73
23,129,9.79,0,17.01
54,97,8.84,0,14.91
42,107,7.23,12,37.34
58,108,5.51,9,28.06
47,152,5.56,11,32.91
41,124,7.91,3,19.88
51,86,7.63,14,41.75
47,124,7.68,9,31.68
57,105,6.39,3,17.26
22,149,5.46,5,20.95
29,128,9.0,9,34.31
39,97,6.11,0,10.31
56,119,8.23,7,29.02
30,97,6.82,13,37.73
59,126,8.17,10,34.33
27,80,8.85,10,33.97
24,112,5.97,10,31.01
35,118,5.07,13,35.89
32,102,6.4,6,23.6
26,93,9.81,12,40.52
29,123,5.92,1,11.97
55,116,7.37,13,39.29
28,150,6.87,14,40.09
27,155,6.55,7,26.33
24,116,8.65,3,20.22
33,107,8.61,1,17.67
39,86,8.9,14,43.15
27,131,6.7,1,14.59
30,96,6.8,13,37.1
45,141,7.74,4,21.68
55,116,5.02,9,26.74
45,93,9.77,5,26.15
49,130,6.17,5,22.08
32,134,5.86,4,18.93
32,136,8.19,2,19.07
26,83,9.24,1,17.8
30,128,8.21,5,24.9
22,114,8.15,10,33.49
45,132,7.44,7,26.61
27,111,9.45,4,23.4
43,89,9.84,8,31.65
31,141,7.98,14,41.52
56,81,5.39,9,27.06
43,142,5.5,3,16.31
27,155,7.1,10,33.13
47,95,7.46,12,38.3
33,95,8.2,11,35.96
37,82,9.97,2,21.0
52,97,8.54,1,17.78
46,121,9.37,12,40.67
42,111,9.71,10,36.72
33,129,5.98,4,18.51
32,128,6.67,12,35.81
27,82,8.44,14,42.62
21,151,8.26,9,32.47
53,84,7.12,13,38.31
34,136,9.27,11,37.25
37,123,9.9,14,44.79
24,104,6.99,6,23.6
59,149,6.74,6,25.34
21,102,6.44,0,10.46
44,89,7.81,14,42.27
54,89,8.06,4,21.64
54,112,5.91,3,17.33
44,152,6.41,1,13.69
35,97,5.6,11,31.87
37,146,9.52,1,17.28
33,153,8.24,12,38.89
27,106,7.78,4,20.88
29,114,9.62,2,20.44
55,141,9.91,1,19.22
43,97,5.12,3,15.36
59,86,8.95,2,18.23
43,150,7.69,4,23.05
46,89,5.01,0,8.9
21,106,7.15,14,40.94
34,147,8.87,10,36.39
52,155,8.71,3,21.39
30,146,9.64,0,16.12
21,134,8.11,6,25.96
25,127,6.13,8,26.97
23,146,8.63,12,38.1
47,105,9.91,2,20.29
42,119,9.43,12,40.72
38,150,5.01,3,15.56
36,125,7.16,1,15.06
22,153,6.04,9,29.16
33,146,7.47,2,17.49
36,90,6.96,6,23.81
28,130,7.81,2,18.16
28,111,9.13,1,17.24
30,151,8.21,8,30.17
53,99,6.79,4,20.05
51,84,6.69,4,19.45
32,120,6.05,14,39.34
29,92,7.58,13,38.08
57,154,9.05,2,20.23
29,82,5.01,13,35.17
38,94,8.54,2,19.54
50,135,7.54,11,36.57
52,122,9.3,12,40.4
43,153,7.55,1,15.65
31,146,9.39,6,27.7
40,125,8.7,0,14.47
39,127,7.43,12,36.77
56,157,6.49,6,24.75
46,115,9.87,3,22.6
30,102,6.05,14,39.35
44,134,8.89,5,25.56
33,134,8.42,2,18.36
54,133,7.05,6,24.07
49,144,8.59,6,26.76
56,130,5.65,2,14.11
27,111,6.21,10,30.48
50,99,8.6,11,37.09
37,115,5.64,9,28.33
33,111,9.53,1,17.77
44,136,7.99,8,30.83
51,108,5.36,1,11.96
47,125,8.84,13,41.93
41,114,7.19,8,29.36
21,158,6.48,7,25.25
35,153,7.66,9,31.36
23,131,8.76,3,21.93
26,94,9.55,2,20.29
34,130,6.6,12,35.68
58,110,8.47,13,41.47
53,154,6.71,5,22.05
58,95,5.07,4,17.1
28,115,9.81,11,37.87
46,118,6.49,6,24.06
35,90,7.32,4,21.19
34,99,8.25,3,19.89
40,135,8.4,5,25.46
39,121,9.11,1,17.54
53,126,6.91,7,26.21
56,85,8.54,11,37.1
44,114,8.08,2,16.98
30,87,9.93,0,17.06
54,150,8.7,4,23.41
56,116,9.72,13,43.14
56,129,6.42,6,24.49
36,95,7.28,10,31.76
35,88,7.65,3,19.69
38,154,9.24,12,40.08
27,139,7.12,12,37.05
42,130,7.79,3,20.45
52,125,5.69,11,32.59
39,150,5.96,2,15.6
21,91,6.95,4,20.66
55,143,5.25,12,33.98
25,100,5.38,0,10.14
32,84,8.52,0,14.81
32,85,5.35,14,38.04
41,122,5.01,3,15.1
39,105,5.31,1,11.97
29,133,8.19,1,18.48
56,82,7.81,8,30.17
52,90,9.07,2,19.05
55,104,6.03,2,15.41
51,91,7.95,13,38.87
52,144,9.03,5,26.41
57,83,8.59,11,37.62
52,131,6.59,8,28.43
57,144,8.09,4,21.9
59,149,8.66,7,29.45
58,113,9.1,2,19.88
50,95,9.94,2,21.15
52,154,7.0,7,26.63
22,93,5.15,6,20.3
31,153,7.62,12,37.57
40,140,6.61,8,28.07
57,132,6.51,2,15.91
29,137,8.42,13,40.06
58,142,5.22,10,29.66
39,92,7.71,9,30.98
27,124,8.17,2,18.52
25,134,8.63,14,43.98
44,112,9.81,13,43.39
27,141,5.04,6,21.84
31,118,7.62,7,26.88
29,92,9.37,4,23.71
50,152,6.02,2,16.04
23,92,9.88,0,16.33
42,95,5.95,14,39.23
40,133,8.19,13,40.74
52,109,5.37,9,29.55
27,118,7.6,4,21.72
27,143,6.25,5,20.3
40,149,6.56,5,21.49
45,91,6.85,10,32.04
55,81,6.17,12,36.01
44,112,9.33,8,31.65
33,94,5.76,0,10.06
59,131,7.15,14,40.8
24,114,9.91,5,26.4
32,117,7.94,2,18.37
37,159,8.16,2,17.42
21,121,8.65,14,42.45
37,86,9.34,12,38.99
22,135,9.1,4,23.92
26,84,6.82,2,15.77
31,119,9.19,0,15.28
38,140,6.02,6,24.0
45,144,7.02,11,34.86
59,145,8.34,3,21.54
48,147,6.22,9,30.46
36,144,6.77,8,28.22
32,121,7.56,0,13.0
49,114,6.21,0,11.25
43,145,8.8,6,27.48
41,104,8.64,14,42.8
36,85,9.61,13,42.94
46,87,5.33,13,36.29
57,114,9.5,1,18.06
42,132,5.08,10,30.74
30,98,9.12,13,41.63
27,88,6.28,12,34.43
29,112,8.26,7,28.13
45,87,8.35,1,16.34
35,117,6.93,10,32.44
33,111,6.03,12,34.48
46,102,5.18,14,38.01
41,113,7.9,7,28.6
43,125,8.52,10,35.38
48,111,6.87,2,15.41
58,80,5.95,3,16.56
32,86,5.81,0,10.29
44,103,6.33,11,33.43
33,81,9.0,1,17.7
22,97,5.76,7,24.78
59,135,7.17,4,20.76
32,111,8.26,11,35.83
59,156,9.24,11,39.02
34,149,7.56,14,42.38
50,89,8.4,6,26.89
39,119,7.55,13,39.52
51,153,8.79,2,19.66
45,113,8.93,11,38.16
24,112,8.91,14,42.23
33,154,8.68,1,16.42
56,136,9.04,8,32.95
57,101,9.0,3,21.6
23,127,9.32,4,23.45
36,155,7.34,4,21.94
46,111,9.44,10,36.37
59,124,5.37,6,22.44
39,81,6.79,3,17.58
35,157,9.62,1,18.96
52,134,7.07,7,27.34
41,138,9.32,14,44.14
21,112,7.77,4,21.39
26,93,6.29,1,12.79
47,147,5.49,3,15.9
43,145,8.49,0,14.29
51,153,6.12,6,24.02
32,138,7.88,11,35.72
41,94,6.96,12,36.55
22,110,8.35,7,27.44
25,108,8.11,12,38.36
29,154,8.04,2,18.08
40,152,7.58,7,27.79
38,126,8.44,11,37.29
42,136,8.57,3,20.86
28,137,6.05,7,25.34
54,110,7.98,12,38.39
29,132,5.07,6,21.56
27,143,7.58,10,33.81
50,81,8.97,11,37.11
38,139,5.3,8,26.57
47,127,6.61,13,39.25
36,127,5.18,2,14.26
41,140,7.83,8,30.04
25,83,9.63,9,33.33
49,105,6.62,3,18.74
57,101,6.83,6,24.58
42,122,6.07,3,17.08
34,99,8.68,0,15.2
39,127,7.53,5,23.62
55,140,6.38,7,26.17
44,102,5.21,10,29.62
26,140,9.26,9,34.05
23,159,8.46,11,36.97
54,142,9.88,9,34.46
22,98,7.81,8,29.08
35,154,9.79,4,25.53
57,155,8.48,2,19.23
35,92,7.15,10,33.0
52,81,6.17,2,15.15
41,130,5.3,1,12.58
37,154,5.03,7,23.98
54,80,9.15,3,21.84
52,120,8.12,10,34.06
43,89,5.93,14,38.18
55,82,8.43,0,14.02
57,87,9.59,3,21.99
57,159,5.28,8,26.53
53,115,9.02,11,37.58
45,119,9.18,5,25.82
57,118,8.26,9,33.51
41,126,9.68,4,24.91
58,139,9.83,2,20.84
54,87,8.86,0,14.96
39,153,5.84,6,22.69
47,116,5.41,8,26.22
29,142,7.12,1,14.3
25,106,7.01,1,13.12
25,82,5.72,5,20.41
45,118,5.2,12,33.73
46,85,6.24,0,10.32
39,89,6.44,14,39.03
50,108,9.62,5,25.56
56,108,9.9,7,30.49
36,99,9.93,11,37.91
27,158,9.06,12,39.62
38,145,8.86,0,16.64
41,91,9.69,11,37.22
51,92,6.7,7,25.15
21,118,7.69,4,20.6
23,118,7.94,13,40.06
51,124,7.87,2,18.67
45,120,7.16,11,35.11
28,159,9.88,8,32.04
21,122,6.6,12,35.52
27,141,6.11,10,30.55
27,82,8.69,1,15.7
28,88,9.59,5,25.82
39,123,9.84,1,18.6
37,113,9.02,5,25.25
31,98,6.92,4,20.18
31,97,9.07,10,35.51
58,125,8.81,4,23.86
22,120,7.01,5,21.94
24,128,5.52,6,21.49
48,131,9.27,10,35.52
53,153,6.53,13,38.44
31,122,5.57,10,30.08
23,89,9.93,7,30.11
25,117,9.63,9,33.36
41,117,8.78,11,37.36
42,126,5.34,4,17.85
57,86,8.61,6,27.27
31,91,8.3,2,17.97
42,131,6.23,8,27.69
33,112,7.29,9,29.68
23,103,9.82,8,32.83
33,127,5.09,2,13.72
48,110,7.35,14,40.49
31,102,7.92,2,17.63
31,150,9.34,11,37.53
41,151,8.53,9,33.31
41,94,5.5,13,35.87
27,117,6.89,1,13.48
37,107,5.62,14,38.37
34,100,9.65,9,33.44
53,106,8.46,12,39.26
31,126,6.25,1,13.77
33,135,5.71,11,32.64
21,93,5.62,14,37.71
54,100,7.56,4,21.12
29,93,6.31,0,10.77
33,149,9.84,14,44.66
57,155,6.96,14,41.09
50,107,9.96,14,45.16
57,116,9.31,4,23.68
27,146,9.53,0,16.28
34,112,6.94,2,16.09
26,91,5.61,8,25.48
54,91,9.2,6,28.22
36,154,5.03,9,28.25
57,130,7.24,8,29.44
56,114,5.73,9,29.09
26,91,9.51,7,30.21
28,98,9.34,14,42.91
44,138,5.69,12,34.14
23,92,7.76,0,12.84
24,98,6.17,14,38.9
52,115,7.57,10,33.33
21,83,9.88,9,34.42
54,92,6.15,14,39.53
29,85,5.33,0,9.89
32,123,6.27,12,34.94
30,155,9.92,1,18.95
30,159,5.41,8,25.8
43,87,5.19,9,27.34
26,112,5.76,6,21.7
44,131,9.03,11,37.51
44,155,7.36,7,27.68
41,92,6.69,11,34.24
51,89,8.29,12,38.3
50,113,5.48,2,13.36
54,106,8.48,13,40.92
38,137,6.52,11,34.06
32,146,9.28,14,44.04
55,123,8.62,12,39.5
27,148,9.39,11,38.08
45,84,5.92,4,18.47
26,116,5.74,7,24.6
21,150,8.56,2,18.9
36,135,9.61,11,38.62
24,130,9.02,11,37.83
49,135,9.7,8,33.19
58,121,5.06,12,34.59
48,92,5.89,1,12.78
42,113,8.09,12,39.11
28,113,7.11,13,38.73
52,132,8.83,13,41.38
53,82,5.34,12,33.03
33,153,8.15,11,36.48
47,116,9.65,3,23.28
38,131,6.15,4,19.5
38,85,8.4,4,22.61
33,100,6.72,4,18.9
42,124,6.86,13,38.73
34,84,7.57,14,41.72
31,82,6.52,6,23.28
59,99,9.83,14,45.2
42,155,5.22,2,15.06
56,140,8.67,3,21.9
37,114,5.41,9,27.78
52,111,9.27,1,17.53
34,98,7.38,9,30.11
49,94,6.12,1,13.58
26,153,7.45,9,32.39
24,136,9.78,14,45.14
31,105,5.82,1,12.26
30,149,8.03,10,35.18
48,81,7.37,8,28.32
31,128,8.49,9,32.9
55,127,5.87,10,30.86
35,111,7.98,10,32.63
28,82,9.25,5,25.88
40,99,5.13,2,13.89
41,116,9.01,9,32.9
21,99,7.37,11,34.78
49,139,5.96,0,11.22
44,138,8.04,0,14.28
50,121,6.5,0,11.85
55,102,9.93,14,45.89
53,120,6.35,14,40.09
40,152,8.57,1,17.32
36,106,7.51,9,30.8
29,125,6.97,13,38.44
51,96,7.63,12,37.58
37,81,6.53,5,21.59
51,94,7.31,10,34.2
43,154,6.88,9,30.88
26,136,8.24,8,29.98
50,120,8.61,0,15.22
27,152,8.84,9,33.19
31,93,8.93,14,42.99
54,87,6.77,9,29.42
32,155,8.08,3,20.05
47,86,7.53,13,38.46
32,146,8.2,4,22.04
33,105,6.77,9,29.69
28,82,5.96,5,19.4
36,125,8.63,9,33.28
49,83,6.89,12,35.41
55,136,8.66,12,39.13
49,125,8.54,0,14.7
51,93,9.97,13,42.29
33,82,6.83,2,16.31
32,92,8.41,13,40.55
22,87,8.47,9,32.27
53,135,9.69,1,19.08
28,81,7.49,11,34.74
52,125,8.32,3,20.78
58,110,8.77,12,40.08
48,114,9.95,12,41.17
35,141,7.3,4,21.42
43,125,6.28,7,24.72
44,103,8.03,8,29.31
33,144,7.17,12,37.14
41,123,5.49,11,32.5
32,130,7.23,6,25.08
33,125,8.47,5,24.37
59,112,7.3,8,29.88
43,143,7.86,10,34.63
48,105,8.55,7,28.72
34,118,7.54,6,24.64
37,137,5.48,6,22.3
44,105,8.46,8,31.2
54,154,5.97,11,33.53
42,146,8.58,0,15.64
30,152,6.53,6,24.08
28,136,7.68,5,24.07
41,149,5.32,1,11.43
57,152,6.43,6,24.36
27,87,9.62,1,18.61
46,113,7.63,1,14.78
33,148,9.54,8,33.29
36,89,9.7,2,20.2
50,101,6.38,8,27.2
51,91,9.53,5,25.85
25,108,8.29,10,33.8
52,110,7.72,3,19.71
36,85,7.03,14,40.57
29,86,6.26,13,37.1
42,158,7.0,10,32.37
57,92,8.27,6,26.32
34,142,6.81,13,38.2
36,103,6.76,14,40.24
40,98,7.72,6,25.46
35,148,5.23,11,32.56
46,101,8.06,3,20.56
29,139,6.46,2,16.03
21,101,7.46,3,17.39
55,96,9.15,5,25.34
40,126,8.96,14,43.05
26,86,6.46,6,23.37
30,96,5.25,3,15.8
53,155,6.89,14,41.59
36,141,5.59,14,39.06
56,142,7.16,7,27.38
26,86,9.14,3,20.85
39,108,6.62,9,30.3
51,151,9.06,5,25.51
22,83,9.85,4,23.57
38,95,8.39,13,39.42
48,159,9.25,0,16.66
24,154,9.21,11,37.03
21,138,5.1,6,20.88
36,120,8.31,2,18.5
22,139,8.85,8,31.02
56,154,7.22,9,31.22
21,148,9.23,5,24.4
59,137,8.32,4,23.68
43,155,8.42,5,25.58
46,119,7.04,6,24.7
31,137,9.42,4,24.49
21,140,6.89,12,37.04
31,124,5.73,12,34.26
44,156,6.57,10,31.39
30,127,7.01,4,20.83
34,90,8.76,3,19.98
34,135,5.44,3,16.24
27,102,8.29,2,17.98
43,156,7.56,7,28.82
42,112,6.58,5,22.36
56,131,6.97,6,25.58
47,107,8.49,2,19.49
22,83,8.01,8,29.27
59,130,5.36,14,38.21
39,89,5.5,14,38.63
27,131,8.52,9,33.38
32,151,9.4,6,28.47
23,88,5.8,14,38.02
25,97,7.98,5,24.07
28,145,6.03,3,16.78
34,119,9.92,0,17.07
56,145,8.14,8,30.65
27,101,9.08,3,21.35
27,159,6.45,14,40.12
52,153,6.69,11,33.28
28,113,5.73,12,34.81
32,127,8.4,8,30.0
30,95,9.91,3,22.93
34,128,7.45,7,27.35
29,142,5.48,9,28.21
58,119,5.07,1,12.04
50,135,8.54,7,29.04
25,156,5.9,3,17.62
21,127,9.67,7,29.95
21,116,8.67,3,20.24
40,91,5.93,4,19.05
31,158,9.51,11,37.4
46,111,6.11,3,17.17
23,102,9.78,2,20.24
26,153,6.44,2,15.41
31,151,5.63,8,25.88
28,100,7.86,10,32.92
49,154,7.98,7,28.78
30,91,8.14,13,38.97
54,128,6.36,4,19.2
44,126,6.86,1,13.95
37,141,9.96,3,23.26
52,117,7.0,5,22.13
31,105,5.51,11,32.05
54,119,7.13,12,37.43
44,95,5.95,13,36.94
25,98,5.74,5,19.74
49,129,6.91,5,23.53
54,135,6.72,2,17.65
36,108,5.58,3,15.87
45,117,5.08,5,18.6
57,140,8.17,14,42.97
28,115,6.2,14,39.49
49,89,9.28,13,40.54
45,126,6.55,0,12.21
43,123,7.73,8,29.08
54,141,6.11,13,38.14
23,86,5.92,11,31.49
50,148,9.72,12,41.28
54,98,8.39,2,18.8
52,112,9.75,6,28.71
49,103,6.0,10,29.45
29,102,8.74,9,32.39
22,132,6.12,13,36.52
59,100,8.75,8,30.55
27,116,9.15,10,35.17
25,128,6.07,1,12.96
28,104,6.83,11,34.24
52,118,8.03,13,41.01
38,109,9.55,12,40.69
58,122,5.14,9,28.67
38,157,7.79,5,24.08
36,133,5.69,11,33.09
41,111,7.12,7,25.49
30,128,7.67,3,20.13
24,81,8.95,0,15.49
28,126,9.99,9,34.97
39,102,7.8,13,39.16
29,85,7.15,13,38.69
50,120,7.54,0,14.49
37,121,8.01,1,17.38
35,132,5.42,9,28.21
24,151,5.36,0,9.97
26,118,6.72,10,31.31
36,89,5.3,0,9.87
46,129,7.48,4,21.44
57,154,6.29,0,12.44
43,87,5.26,0,9.41
33,80,5.26,9,27.55
37,151,7.05,8,29.22
47,148,6.66,13,38.45
42,80,9.07,7,29.3
57,146,5.65,10,31.77
39,106,5.14,0,9.46
59,140,5.3,6,23.03
55,127,6.66,4,20.65
33,102,8.03,6,26.54
34,123,7.5,2,17.63
51,119,7.85,5,24.44
22,90,8.13,11,36.22
59,90,6.55,7,25.4
57,110,9.54,8,32.92
34,139,5.04,1,12.43
29,134,5.9,5,20.11
30,103,8.23,2,18.24
27,141,9.86,3,23.61
48,98,5.76,7,24.17
45,119,8.54,12,39.44
48,96,6.23,12,35.35
22,129,6.0,2,14.39
37,91,6.52,14,39.9
24,94,5.85,3,16.44
33,118,7.62,12,37.81
38,92,9.74,2,20.21
23,98,9.61,14,43.75
57,152,7.67,2,16.77
53,136,8.7,1,17.56
44,139,5.99,9,29.8
28,135,7.78,8,29.07
55,104,8.88,2,19.07
22,83,6.61,12,35.45
53,131,6.05,14,39.8
32,86,6.45,0,11.6
42,147,6.38,6,23.88
33,149,6.35,8,27.38
30,124,5.32,14,37.38
37,88,7.49,4,20.44
25,88,5.8,4,17.64
29,82,9.49,2,19.17
33,156,9.01,0,15.71
43,142,9.55,11,38.25
50,81,9.36,3,22.17
24,110,6.78,10,31.13
41,117,8.87,10,35.57
29,86,7.49,7,26.52
27,89,6.28,4,19.06
36,156,6.81,14,40.6
43,138,7.86,12,38.3
43,80,9.23,7,29.27
51,116,5.06,2,13.69
25,104,7.2,13,38.8
26,145,5.03,7,23.34
21,155,6.44,3,16.93
48,84,7.05,6,24.48
38,135,7.33,13,38.98
44,158,8.7,8,31.27
33,121,8.66,1,17.08
53,143,6.56,0,12.57
30,128,6.83,9,30.72
27,125,6.3,1,13.66
57,150,6.96,11,35.46
52,81,6.7,14,39.73
42,146,8.32,3,20.27
36,83,5.65,6,21.73
44,141,5.14,14,37.31
34,159,5.1,0,9.91
31,106,9.83,6,27.54
39,146,6.23,10,32.22
43,96,8.66,3,21.04
54,131,8.6,0,15.52
33,150,9.18,13,43.02
59,136,6.94,4,20.77
48,109,8.24,14,41.73
36,151,6.81,14,40.84
48,150,6.17,3,17.59
24,144,9.93,11,38.16
48,95,9.52,5,26.95
32,106,7.32,4,21.21
36,153,8.04,12,39.0
56,126,9.85,13,42.91
40,93,6.71,6,23.56
46,81,9.2,5,26.07
46,118,6.98,6,24.29
42,134,9.36,1,18.07
29,105,7.43,7,27.04
25,123,7.66,13,40.05
37,148,8.78,9,32.2
54,117,9.41,5,26.19
22,159,6.33,1,13.03
27,91,8.76,7,29.06
56,96,9.75,8,32.06
33,104,5.11,6,21.6
40,143,5.78,9,27.87
50,90,6.77,6,24.45
50,97,8.93,1,17.81
31,115,7.93,3,19.7
51,82,9.61,7,29.39
23,149,7.31,4,21.0
22,150,7.5,8,29.27
23,88,7.8,6,25.09
35,145,9.53,4,24.76
37,126,5.3,7,23.13
27,129,7.55,13,39.63
25,143,6.88,7,26.82
54,126,6.53,1,13.03
53,154,8.58,14,42.62
36,146,6.69,6,24.21
57,121,5.12,5,19.36
23,128,6.07,2,15.09
41,109,6.46,1,13.9
28,87,5.91,9,28.63
42,116,8.82,14,42.3
25,87,8.03,1,15.1
37,142,8.46,1,16.82
57,90,7.71,7,26.93
34,137,8.41,12,38.31
59,113,8.58,14,43.28
48,118,8.8,8,31.26
51,95,8.89,11,37.62
37,150,6.37,11,32.86
55,83,6.21,9,29.32
42,125,8.61,9,32.9
49,101,9.91,6,28.8
30,150,8.62,2,18.89
38,92,7.53,7,26.64
55,121,6.53,2,15.95
36,113,5.66,14,38.14
27,92,7.91,6,24.85
50,108,5.41,5,20.23
39,126,9.63,3,22.65
43,148,5.32,13,35.47
28,90,5.67,0,10.03
37,142,8.8,9,32.93
41,130,9.44,12,39.92
46,139,5.91,13,37.71
48,126,5.26,7,22.92
59,83,5.68,6,22.4
53,86,8.57,3,21.37
39,110,9.45,10,35.72
49,153,8.58,0,15.8
40,109,6.83,12,36.24
40,108,8.02,0,12.96
30,122,7.55,7,27.42
32,101,7.6,6,24.82
53,127,9.13,0,15.95
45,127,9.78,14,44.73
45,136,9.44,3,22.49
24,101,8.79,8,31.57
24,106,7.29,10,32.45
29,142,6.19,8,27.06
35,83,6.88,0,11.73
46,82,9.32,1,17.12
35,119,5.04,2,12.84
46,107,6.61,11,34.17
48,94,7.44,10,32.36
27,130,5.2,13,35.39
52,105,5.52,4,17.87
32,114,8.54,7,28.43
55,159,9.72,13,42.54
52,94,8.37,14,42.63
29,84,6.18,0,10.95
34,125,6.49,14,40.08
33,103,8.03,1,15.76
53,81,9.93,8,32.82
52,138,8.27,9,32.57
39,115,5.42,9,28.03
50,124,5.86,1,13.08
36,155,8.57,4,23.68
32,116,8.72,5,24.89
30,136,5.39,11,30.79
22,91,7.89,10,33.03
38,114,9.1,5,25.87
33,101,5.96,11,32.09
49,151,8.53,1,17.03
44,106,7.06,14,40.07
58,86,8.28,10,34.21
32,82,7.8,3,19.35
49,83,9.69,8,32.32
42,87,5.79,12,34.64
56,124,6.06,0,11.78
21,156,5.89,7,25.61
54,152,8.5,7,29.7
54,99,5.92,6,23.35
53,84,7.08,3,17.98
24,125,9.43,10,35.67
58,148,6.39,8,28.17
50,114,5.75,12,34.95
40,144,7.67,8,30.46
46,94,8.28,10,34.67
35,96,7.48,7,26.6
27,155,7.73,5,23.98
27,125,5.96,2,15.02
49,140,6.47,12,36.24
43,122,8.3,10,34.16
54,158,9.03,1,17.63
40,157,6.8,6,24.53
35,101,8.55,12,38.58
53,88,5.99,13,36.98
37,126,6.49,5,22.38
40,82,5.03,4,16.93
33,131,6.1,7,25.66
44,110,8.81,10,35.29
57,92,5.42,6,21.74
27,81,5.39,3,14.97
28,157,8.2,1,15.76
43,86,7.5,7,26.79
34,108,8.87,10,34.45
24,83,6.95,4,20.03
41,83,7.81,5,22.99
30,100,9.7,14,43.94
42,124,9.35,3,21.97
50,107,8.01,1,16.34
50,87,7.4,3,18.85
36,121,5.24,5,19.12
31,96,7.64,13,38.88
42,88,7.34,14,40.55
49,140,9.65,8,32.02
45,148,7.03,10,33.15
34,120,8.11,1,15.93
34,108,9.57,13,42.89
22,155,5.97,5,20.57
33,133,6.88,11,33.06
23,111,6.82,9,29.79
50,144,6.42,4,19.64
38,122,9.31,12,39.61
56,148,8.4,2,19.26
41,155,9.88,4,24.1
39,159,9.09,6,28.48
36,95,9.41,5,25.26
48,100,5.2,13,35.79
24,112,5.09,1,10.99
35,105,8.31,9,32.56
21,82,8.06,5,23.48
36,102,5.12,1,10.6
40,133,5.35,0,9.75
53,126,7.38,2,17.76
37,115,9.0,8,31.57
25,114,8.61,9,32.7
25,122,7.62,8,29.74
59,112,7.23,2,16.83
33,84,8.93,12,39.08
56,83,6.56,0,11.79
50,137,8.66,5,25.14
24,131,9.58,14,44.27
43,151,5.98,10,31.29
41,154,7.06,13,38.03
41,129,7.04,9,31.48
26,106,7.17,5,22.13
44,89,5.31,7,24.17
51,141,8.59,5,24.45
39,99,8.13,6,25.77
58,111,9.33,10,36.18
32,127,5.31,4,17.89
34,128,7.65,0,13.74
32,105,6.0,7,24.41
35,114,8.4,2,18.6
39,107,8.92,5,25.64
48,144,7.39,11,35.58
25,105,6.02,8,26.74
25,137,8.05,5,24.06
26,85,5.7,0,9.98
43,129,6.87,0,12.47
23,128,8.08,13,38.78
57,137,9.72,7,31.65
53,125,8.32,8,30.37
41,100,8.17,12,38.55
40,104,8.62,9,32.69
21,142,5.85,0,10.98
59,145,8.68,11,38.18
37,114,6.21,7,24.74
49,159,8.71,7,29.55
28,159,9.46,13,42.3
46,112,7.57,11,34.98
48,129,5.05,7,23.75
54,103,8.0,11,36.05
46,102,6.72,12,36.07
33,116,7.75,10,33.99
57,142,7.09,0,13.7
33,135,8.31,11,37.11
58,142,6.58,9,29.85
45,98,6.88,11,33.66
43,100,5.19,10,29.3
42,118,5.71,14,39.02
41,151,6.91,9,30.42
50,105,5.01,8,25.5
31,130,5.07,14,37.69
24,139,8.16,13,39.12
53,157,7.23,11,35.33
32,85,5.0,1,10.88
29,86,6.26,8,26.75
52,139,8.17,13,41.17
31,140,5.99,12,34.09
57,84,8.93,11,36.87
44,87,6.4,3,17.4
27,112,9.71,6,28.51
28,136,7.6,4,21.97
53,91,5.88,11,33.32
45,116,5.57,6,22.22
21,94,5.72,3,15.21
23,96,8.52,8,30.22
48,116,5.78,7,24.76
53,130,9.7,13,43.32
21,108,6.57,1,13.85
58,82,5.32,3,15.77
47,154,5.81,5,20.74
58,105,6.7,0,12.75
55,124,5.61,13,36.4
30,85,9.24,11,36.86
32,133,9.79,6,28.07
30,98,8.79,5,24.18
54,92,8.08,2,19.37
44,136,9.0,2,19.78
48,152,5.77,14,38.93
42,136,6.89,0,11.73
36,125,6.06,3,16.8
33,91,7.32,8,29.51
56,108,5.88,3,16.69
56,144,9.08,8,32.23
43,128,9.0,7,29.44
34,83,6.84,5,22.41
52,156,8.62,11,37.42
23,107,7.13,2,16.8
47,129,6.42,0,11.37
39,91,6.38,6,23.38
42,97,7.45,8,27.97
21,85,5.06,10,28.9
25,147,8.55,9,32.97
53,155,6.95,13,38.93
39,102,5.7,8,26.92
56,107,8.17,7,28.24
26,154,8.77,2,19.48
35,119,5.59,3,16.59
56,127,5.52,6,22.14
53,113,6.94,0,13.3
44,141,8.25,1,16.9
47,137,7.9,13,40.15
31,113,9.87,7,30.87
43,136,7.19,9,30.43
53,108,6.75,2,15.92
49,156,8.8,7,29.99
51,131,9.78,10,36.43
21,87,9.46,4,23.47
54,95,7.06,5,23.87
38,109,8.16,13,40.58
38,105,5.71,0,10.38
26,136,8.57,13,40.1
21,118,6.75,1,14.08
50,112,6.11,7,25.35
24,157,5.68,2,14.94
52,110,6.29,11,33.63
30,159,7.55,1,15.68
25,100,9.48,12,39.69
29,129,6.3,6,24.14
25,85,5.28,12,33.36
31,139,8.9,7,29.5
55,152,8.9,9,33.83
47,92,5.34,12,33.17
24,137,5.91,11,33.51
30,123,5.8,3,16.34
59,158,7.31,0,14.02
53,111,6.25,7,26.15
58,138,8.74,14,43.58
28,124,8.09,1,16.69
44,134,8.39,1,16.49
59,128,6.89,11,33.82
53,140,7.5,9,31.33
39,119,8.39,4,22.73
22,113,7.64,10,33.07
31,91,5.38,2,13.85
55,94,6.81,10,32.02
37,88,9.86,9,33.22
23,99,7.51,14,40.83
42,128,7.05,3,18.88
55,93,9.45,9,34.37
41,84,8.32,4,21.98
45,127,7.13,4,20.94
59,136,7.97,7,28.52
22,139,6.68,9,29.88
21,151,9.02,4,23.81
27,122,8.58,5,23.86
40,143,6.09,10,31.23
26,81,6.54,9,29.39
56,80,5.01,1,11.05
41,143,8.96,12,39.61
55,151,5.45,0,10.11
56,103,7.86,5,23.1
28,81,9.23,3,20.27
24,138,9.83,11,38.66
36,113,6.6,13,37.44
23,135,5.92,0,10.77
27,155,9.94,6,29.69
22,84,5.93,5,20.02
21,134,5.75,9,28.59
21,115,9.62,13,41.33
58,151,9.68,12,40.63
27,134,7.4,4,19.79
44,89,8.2,10,33.34
25,125,7.09,3,17.96
41,131,9.64,13,42.39
48,141,9.18,6,27.81
38,83,7.57,2,16.78
44,135,7.23,3,19.25
52,90,8.43,8,30.19
53,129,8.32,7,28.73
30,140,5.41,9,28.2
29,102,6.39,14,38.85
53,109,7.19,12,36.73
53,104,7.8,8,30.0
27,109,5.96,4,19.41
24,118,6.6,12,35.86
48,159,7.52,7,27.22
43,153,9.5,11,38.25
52,90,6.94,0,11.78
36,152,6.47,9,30.15
30,115,9.26,8,32.04
34,131,6.16,14,38.35
59,84,8.02,10,34.01
56,155,7.07,1,14.99
54,153,9.53,3,22.62
44,93,8.43,8,30.32
38,99,9.44,7,29.75
36,99,8.3,7,27.77
57,123,7.81,0,14.26
45,104,7.08,14,40.17
28,120,8.06,2,17.68
44,148,8.94,8,31.54
40,81,7.16,3,18.98
50,91,8.19,14,42.0
40,107,7.22,5,23.69
38,123,5.48,12,34.5
24,92,7.81,1,14.32
56,122,5.33,11,31.79
26,134,7.99,2,17.46
23,87,9.2,0,15.85
38,143,5.78,2,15.42
38,91,7.98,11,36.55
43,120,5.29,6,22.0
55,123,6.36,12,35.68
26,90,5.63,4,17.38
46,98,5.12,1,12.06
41,139,9.23,11,37.5
44,151,7.05,2,17.12
35,106,5.76,11,32.21
47,150,8.18,11,37.13
52,106,9.51,0,16.27
32,93,7.51,1,15.19
25,103,9.15,1,17.22
27,143,9.21,3,21.7
42,103,8.75,13,41.29
47,81,6.38,10,31.98
35,131,7.34,9,31.34
59,91,5.73,7,25.22
55,144,9.6,14,44.24
46,139,8.29,2,19.1
43,137,5.03,11,32.07
33,121,9.0,9,33.45
46,80,5.07,2,13.0
23,101,8.06,1,15.79
49,151,7.2,0,13.96
22,92,6.04,7,24.35
48,157,8.77,3,21.54
43,144,9.99,10,36.98
56,117,8.52,1,18.31
26,143,9.04,3,21.57
31,155,9.56,14,44.03
58,131,7.21,3,19.07
54,159,8.19,11,36.59
37,111,7.66,5,23.12
23,106,6.58,12,35.74
54,140,5.32,12,35.5
42,141,9.29,13,42.16
49,82,5.51,11,31.45
49,157,7.81,10,33.44
25,110,5.16,6,21.6
30,143,7.68,3,19.73
30,121,5.28,4,17.56
29,137,8.54,10,34.39
41,122,7.97,10,33.14
33,111,8.59,7,28.65
30,109,7.83,5,23.49
58,140,8.73,3,20.89
31,107,6.83,14,39.39
24,124,6.64,14,40.0
51,89,7.47,7,26.5
54,95,7.52,14,40.91
55,110,6.7,2,16.57
59,89,7.48,1,16.12
59,153,6.06,0,12.05
53,91,8.26,14,42.68
28,107,9.86,0,16.48
52,97,8.02,13,39.53
53,131,7.37,11,35.51
28,107,9.52,1,18.01
34,107,8.29,11,36.92
54,143,6.49,12,36.01
28,93,8.1,8,29.83
27,87,8.73,14,42.89
33,82,8.85,9,32.62
41,153,5.04,11,31.43
52,88,8.83,0,15.29
31,126,9.0,3,21.4
34,142,5.88,5,20.65
31,119,9.25,7,29.42
22,156,8.56,5,25.8
54,103,8.1,2,17.84
37,150,8.85,10,35.51
34,92,6.27,6,23.64
45,85,5.77,5,19.82
47,153,5.35,10,29.79
28,130,7.16,0,12.37
37,139,7.53,2,16.85
25,154,5.52,4,18.3
32,108,6.99,1,15.03
58,95,6.31,0,10.71
38,143,9.42,9,34.45
46,134,7.86,3,19.94
51,108,5.87,11,32.64
57,157,7.43,6,25.78
26,134,5.21,0,9.76
35,139,7.25,6,24.85
46,120,9.51,0,16.78
32,159,7.6,14,41.27
34,88,6.08,4,18.99
21,85,9.59,10,35.37
37,108,9.7,4,24.22
53,97,6.38,1,14.51
49,103,5.87,4,18.69
51,130,5.45,5,20.27
28,96,8.86,2,18.83
50,100,8.57,0,15.5
33,141,8.84,14,44.35
36,154,5.81,1,13.19
22,133,9.87,5,27.11
38,90,5.96,2,15.36
55,122,5.19,2,13.82
39,87,6.97,0,12.55
33,102,7.77,5,23.9
24,132,7.08,10,32.57
39,119,7.43,3,19.28
45,88,7.81,2,17.9
58,103,6.05,4,19.4
51,155,9.21,3,21.87
56,155,6.33,10,31.86
24,81,9.99,1,18.21
59,149,9.87,8,34.15
27,83,6.56,11,33.27
36,140,7.65,6,24.79
25,156,9.64,3,22.54
43,143,7.78,3,19.13
56,115,8.91,10,35.34
52,120,7.33,4,20.46
44,117,7.35,10,33.1
45,94,6.86,14,40.63
48,127,7.43,3,18.97
39,109,5.29,0,9.47
27,142,9.84,3,23.24
37,104,9.25,11,37.57
22,83,9.25,9,32.86
36,97,8.39,9,32.59
59,124,5.96,4,19.49
38,144,6.07,5,20.94
59,152,5.44,6,23.13
21,144,8.91,1,16.22
23,106,9.48,0,15.72
41,158,8.08,4,22.3
50,139,9.25,5,25.87
31,138,9.53,10,35.63
42,104,5.73,11,32.63
45,113,6.93,14,41.03
23,129,5.69,4,18.08
50,134,6.98,3,18.29
44,89,7.35,1,14.54
56,137,8.55,2,19.91
43,82,8.35,12,37.81
28,135,9.94,1,19.23
24,106,6.13,9,27.98
59,95,5.77,13,36.56
51,117,8.64,14,43.37
49,132,8.51,10,34.93
56,147,5.68,4,19.7
33,102,9.09,3,21.62
29,135,6.71,0,12.16
41,158,7.36,8,29.34
23,154,8.43,14,42.95
45,132,8.04,10,34.29
45,153,8.34,14,43.08
32,151,5.57,6,22.28
49,146,6.44,11,34.81
31,98,9.06,9,33.79
31,83,9.65,13,41.33
46,108,7.07,6,23.94
34,124,9.81,14,44.34
36,100,9.66,0,16.55
30,133,9.25,4,22.76
51,152,8.75,3,21.67
51,131,7.65,1,15.52
56,97,6.06,1,12.37
30,96,6.27,7,24.81
46,123,5.81,0,10.93
40,103,9.24,7,29.41
29,85,5.03,8,25.59
35,106,6.33,13,37.22
29,126,8.03,10,33.9
27,125,9.93,9,35.1
46,114,6.49,4,19.35
44,136,6.05,11,33.02
32,91,5.38,0,9.57
40,108,6.42,1,13.18
34,136,9.13,14,42.99
42,149,5.66,5,20.81
36,134,5.74,13,36.74
49,116,5.71,0,10.58
52,150,5.58,10,31.42
39,149,7.27,0,13.24
55,132,9.14,11,38.51
52,93,7.3,3,19.05
40,100,7.72,2,17.81
40,157,7.86,7,29.08
28,93,6.93,12,35.97
55,132,6.7,13,38.91
33,146,8.16,14,42.54
26,158,6.75,7,26.73
36,127,5.58,10,30.68
25,157,9.31,14,43.71
54,135,7.93,0,14.41
26,118,9.14,10,35.21
53,120,7.39,3,19.48
35,127,8.22,5,24.77
35,107,9.6,4,24.13
34,81,8.74,13,40.74
59,101,6.75,6,25.32
25,150,6.64,10,32.03
46,140,6.36,13,37.65
37,159,7.38,5,22.73
36,115,9.6,7,30.8
55,145,5.09,1,12.31
58,128,8.8,13,42.27
43,82,6.76,7,25.99
33,102,9.05,7,29.95
53,138,7.17,6,25.44
49,107,8.61,5,24.68
54,151,9.19,14,44.5
54,112,7.35,0,13.46
47,147,8.66,12,39.94
35,150,5.34,7,24.24
29,90,6.49,0,10.43
46,87,6.61,12,35.51
23,99,7.38,0,12.73
56,141,8.23,9,33.03
25,122,7.35,13,38.79
40,154,9.22,14,44.31
40,149,6.29,4,19.74
25,86,5.67,8,25.72
30,89,6.85,11,34.26
36,119,6.21,10,31.4
45,83,7.97,7,27.44
45,152,7.85,3,20.54
50,98,8.68,3,21.29
34,117,8.93,9,33.39
42,101,5.71,13,35.6
48,80,6.72,8,27.63
50,132,5.39,6,22.15
39,100,8.4,11,35.64
58,86,9.01,11,36.67
40,86,9.81,10,36.19
55,156,9.79,4,25.54
42,102,8.16,1,16.07
35,139,8.7,8,31.58
31,97,6.04,13,37.36
54,150,7.91,6,25.84
44,145,6.65,7,26.88
26,132,5.55,9,28.0
37,98,7.45,9,30.65
48,143,7.11,0,13.4
51,93,5.35,12,34.62
56,104,9.77,3,22.16
29,112,9.78,1,18.6
30,127,7.79,8,29.83
41,118,9.72,12,40.75
54,84,6.29,2,15.35
51,100,8.96,7,29.67
49,138,9.75,11,38.59
31,156,6.98,1,14.54
53,93,6.51,1,13.74
21,142,8.47,0,14.82
41,133,7.37,4,21.18
43,159,6.89,5,22.57
29,124,8.89,4,23.26
21,129,6.2,7,26.05
41,120,8.44,1,16.58
42,80,6.94,1,13.24
24,81,6.31,6,22.53
21,151,9.66,13,42.08
30,92,6.24,9,29.04
35,98,6.93,1,13.61
56,130,8.11,4,22.84
49,81,5.31,14,37.3
25,89,5.51,2,13.64
49,148,8.14,13,40.92
47,109,7.96,13,40.31
45,144,8.01,13,39.89
36,123,7.97,12,37.61
36,121,9.17,1,17.33
56,82,6.65,10,32.26
45,109,5.88,9,28.26
21,116,9.49,10,35.5
25,107,7.8,14,41.14
40,130,8.94,7,28.6
25,92,5.96,5,20.64
56,119,7.32,14,41.64
49,105,5.59,7,24.41
54,109,5.49,4,17.78
38,103,7.27,8,28.84
22,117,7.98,4,22.74
36,148,9.64,2,20.85
49,95,5.24,4,17.07
53,134,6.86,4,20.72
36,128,8.7,9,33.25
55,159,6.52,10,32.73
37,131,8.76,0,14.27
24,128,9.75,0,16.63
24,143,7.94,9,32.03
45,127,6.25,12,36.25
53,153,7.98,1,16.11
34,117,6.52,11,33.5
44,96,5.85,6,22.89
31,120,8.96,5,24.59
45,133,8.31,14,42.67
48,119,9.25,6,27.72
27,110,9.36,8,31.36
56,105,6.78,8,27.34
30,155,5.56,9,28.26
56,97,7.36,3,19.8
51,114,6.77,12,37.04
39,154,8.17,4,22.92
38,135,9.21,6,28.46
26,109,8.06,12,38.02
48,124,5.05,11,31.39
27,154,8.02,7,28.23
58,131,5.65,14,38.9
32,147,6.58,5,20.99
54,134,6.2,9,29.38
45,89,7.51,9,31.57
37,133,8.94,10,35.61
53,113,5.19,8,26.14
43,142,5.29,3,15.89
29,110,9.8,6,28.91
26,143,7.2,10,33.12
22,129,8.7,6,25.99
58,107,9.38,7,30.37
29,116,6.91,4,20.16
23,111,7.74,14,40.88
36,114,9.33,1,18.38
45,136,8.0,11,35.77
44,140,5.94,12,35.49
49,111,7.99,3,19.29
46,87,9.83,13,41.93
58,159,9.93,14,45.4
55,114,9.54,2,21.16
43,102,8.61,12,38.19
24,117,9.41,0,15.77
34,98,7.05,12,36.08
59,133,6.71,2,16.75
27,124,9.97,7,30.13
28,115,9.41,10,35.87
39,128,5.57,8,27.09
22,139,9.05,12,40.24
21,135,5.06,3,14.56
58,152,7.13,0,13.77
33,143,5.42,1,12.49
44,141,6.84,14,40.72
52,138,9.05,10,36.07
50,80,5.75,14,39.49
26,156,6.76,14,39.89
58,84,6.28,8,26.35
53,98,5.65,8,26.82
43,137,9.85,3,22.53
30,136,7.17,6,23.75
35,121,5.11,10,29.62
43,152,8.39,6,26.79
56,85,7.62,10,32.96
21,101,9.1,3,20.63
28,132,6.82,13,38.34
23,136,9.55,10,36.7
34,130,5.14,2,12.64
37,84,7.62,2,17.45
54,101,7.44,0,13.92
26,86,5.06,4,16.9
25,143,5.32,4,17.17
49,136,6.44,6,23.55
55,105,7.87,2,17.2
38,104,6.03,4,18.29
50,148,5.92,12,35.4
35,111,5.68,8,26.18
35,87,9.64,4,24.32
36,88,7.82,5,23.31
53,133,6.23,3,17.46
30,99,9.86,14,44.3
39,147,7.04,6,24.22
57,146,5.56,11,32.82
23,123,7.56,11,35.2
56,120,7.18,4,20.97
24,121,8.09,3,20.27
31,90,8.5,10,34.29
53,122,6.73,14,41.09
48,87,5.86,7,24.19
52,125,7.07,3,18.72
36,113,7.52,7,26.26
29,147,7.33,8,29.5
31,94,5.17,2,12.88
26,97,8.97,13,41.7
47,90,6.72,4,18.99
32,98,6.46,7,24.97
42,152,6.07,0,12.19
57,104,7.91,12,38.49
41,101,7.95,14,40.46
53,141,7.15,6,25.39
37,116,8.36,9,31.99
49,89,5.19,6,22.05
30,131,9.01,14,43.2
38,156,6.28,5,22.1
33,147,7.34,2,16.47
47,107,8.73,2,19.0
30,109,5.87,11,32.66
52,125,9.51,4,24.09
23,119,5.68,11,32.01
42,100,9.06,7,30.21
47,94,6.99,2,16.57
23,82,5.82,13,35.09
53,158,9.35,9,34.55
22,148,8.66,0,15.35
31,87,6.15,1,12.47
30,88,8.33,6,26.25
59,81,5.78,11,33.16
53,116,9.88,12,40.34
27,91,7.74,12,37.28
35,98,5.75,2,14.44
46,106,5.33,0,10.52
31,103,8.15,13,39.71
58,145,8.22,1,17.13
47,95,9.89,13,43.46
59,81,7.48,0,13.73
27,100,6.7,10,31.36
21,89,8.55,9,32.14
30,137,9.01,7,30.38
41,96,8.43,13,39.28
35,155,8.72,14,42.54
50,86,8.46,5,25.11
50,152,5.87,0,11.46
28,125,9.05,12,39.93
44,129,8.13,2,18.43
39,89,6.96,12,36.43
23,95,8.32,7,28.45
35,80,9.23,0,15.55
56,88,9.31,12,39.93
26,92,6.67,2,16.13
38,140,5.59,8,26.74
58,127,6.12,12,35.71
39,95,8.03,5,24.74
50,120,7.58,9,31.02
33,109,7.47,3,18.21
59,156,6.52,10,33.51
32,151,5.38,5,19.33
54,134,6.5,4,21.11
32,90,8.46,5,24.28
44,131,8.11,14,41.69
24,154,6.38,14,39.8
56,127,8.86,3,21.18
34,86,9.8,8,31.93
37,133,6.26,0,11.69
23,80,8.93,6,26.23
58,111,8.93,2,19.23
43,141,7.67,6,26.19
33,94,5.05,5,18.85
29,140,6.47,1,13.19
41,157,5.2,1,11.19
28,156,7.04,8,28.22
37,135,7.85,4,21.43
36,113,7.19,2,16.13
36,99,8.47,3,21.17
48,103,6.18,2,15.95
36,107,5.39,4,17.95
34,90,5.84,3,16.06
58,109,6.34,4,19.41
40,117,6.22,9,29.34
54,80,7.57,4,21.26
49,148,9.49,4,24.15
23,112,6.78,8,28.26
30,144,5.42,12,33.86
40,123,9.1,0,15.75
22,143,5.08,8,25.03
47,88,7.58,11,34.52
52,111,9.05,5,24.75
30,133,7.83,13,39.77
37,105,9.65,5,26.21
53,141,5.15,6,21.69
26,121,9.71,7,30.26
59,127,8.75,13,41.47
38,85,6.64,3,17.94
29,109,8.14,10,33.19
28,102,7.81,8,29.55
45,104,9.55,1,17.84
51,92,7.06,12,36.51
24,104,5.5,7,22.45
40,96,5.34,0,9.28
48,106,7.07,7,26.44
21,90,9.93,12,40.15
43,85,8.09,3,19.77
33,158,8.71,3,20.62
36,116,9.81,11,39.04
46,154,8.32,4,22.3
51,151,8.01,5,24.81
21,116,5.94,4,18.04
37,153,6.45,4,20.36
36,138,9.4,4,24.31
57,89,7.54,11,35.82
30,80,9.32,2,19.57
58,131,5.08,0,10.01
51,97,7.53,5,23.34
30,84,6.58,0,11.01
54,127,6.4,4,20.28
26,112,9.3,12,39.97
48,136,9.19,4,23.53
48,104,9.48,2,19.67
33,123,7.15,11,35.21
32,145,9.81,14,45.53
22,147,6.6,11,33.2
28,104,9.95,13,42.07
29,124,8.79,3,20.46
28,102,8.27,10,33.48
23,120,9.46,12,40.34
29,112,8.16,12,38.58
33,107,7.1,9,30.54
29,87,6.81,13,38.45
51,108,5.7,13,37.07
45,135,7.4,6,25.14
28,94,8.95,14,44.42
51,94,5.69,8,26.47
51,116,9.64,7,30.63
37,98,6.1,5,21.7
39,138,9.8,13,42.75
23,130,7.28,7,26.56
50,114,5.69,11,32.93
30,115,5.56,8,26.37
49,132,8.31,12,38.79
38,159,9.05,8,31.76
32,91,5.29,2,13.03
43,107,9.58,2,20.19
31,150,5.19,11,32.26
29,112,7.73,9,31.29
44,154,7.58,12,38.97
45,158,9.03,3,21.75
45,134,7.91,0,13.34
29,158,6.68,14,39.99
32,152,7.9,1,15.86
31,156,9.76,7,31.37
58,129,5.61,13,36.85
48,108,8.28,0,14.66
28,137,5.84,7,25.18
30,105,6.02,6,23.65
45,102,9.86,1,17.99
56,96,9.13,12,40.2
29,84,9.56,12,39.69
28,138,5.76,12,34.56
23,95,7.07,6,23.83
38,100,8.83,0,14.29
55,84,8.24,6,25.9
37,137,5.76,14,38.43
56,105,7.2,8,29.54
48,122,6.21,0,12.49
35,138,6.69,12,36.14
39,137,9.57,14,45.0
42,81,6.23,14,38.18
26,123,6.88,4,20.24
27,155,7.59,7,27.08
29,105,5.35,4,17.64
40,123,9.44,6,28.72
57,98,7.32,12,37.33
31,128,6.8,12,35.9
22,136,7.39,14,41.19
42,85,8.37,1,17.15
56,102,8.06,13,40.46
25,122,7.89,11,35.26
27,123,6.53,0,10.91
26,145,7.17,14,41.16
42,124,8.49,10,34.45
30,98,9.37,10,35.66
40,83,5.68,4,18.72
48,136,9.2,0,15.91
43,88,8.98,12,39.79
55,127,8.71,12,39.18
21,115,7.32,3,18.1
49,146,7.82,14,41.96
29,97,7.39,14,40.85
29,119,7.56,8,28.65
42,145,8.08,2,18.4
22,144,7.47,13,40.13
36,103,7.78,6,25.98
26,132,8.31,3,19.96
33,121,6.36,11,34.34
53,132,8.58,8,31.65
39,141,9.85,14,45.45
35,141,5.98,13,37.31
53,147,9.59,5,26.85
30,114,7.12,4,21.21
21,136,9.58,14,44.5
32,140,7.1,13,39.18
49,91,8.57,11,36.55
37,128,7.79,12,37.69
24,101,8.75,14,42.3
49,147,8.51,11,37.38
27,150,9.8,9,34.92
33,102,6.45,1,13.55
25,86,9.65,14,43.84
26,101,6.26,4,18.92
54,119,8.93,2,20.17
27,98,7.45,8,29.07
48,132,5.36,7,25.1
30,109,5.17,12,33.56
24,105,7.6,2,16.24
23,120,5.17,11,32.06
45,101,9.73,7,30.16
43,140,5.83,12,35.13
47,152,7.43,12,38.17
34,125,6.89,2,17.19
58,137,7.62,13,39.74
52,108,6.04,9,29.25
43,132,9.33,11,37.17
57,97,5.06,9,27.86
23,110,7.86,4,21.06
55,111,6.74,14,40.55
33,88,6.07,13,36.1
54,116,6.07,3,17.55
44,87,5.92,11,32.93
21,103,8.01,0,14.23
32,147,9.46,7,29.33
28,131,6.99,12,36.99
39,125,5.82,6,22.0
29,96,5.26,12,32.84
48,100,9.09,4,22.92
34,127,6.11,4,19.91
47,88,8.68,4,22.59
38,148,7.65,13,39.89
26,84,8.18,1,15.22
53,85,7.88,6,26.11
57,151,9.76,8,33.82
45,127,5.51,14,39.05
33,125,8.29,0,14.58
43,158,5.57,14,38.96
56,152,5.97,2,15.33
53,142,8.37,10,35.68
41,82,8.09,4,21.94
54,110,7.43,0,14.09
56,86,8.87,2,18.69
37,95,8.46,6,25.73
30,94,5.29,11,31.69
43,86,8.27,2,18.45
22,117,6.94,8,27.7
55,87,7.36,1,15.55
34,135,7.62,10,32.92
22,159,6.68,9,30.03
39,80,7.24,8,28.86
36,98,7.81,1,16.07
45,157,5.3,9,28.38
21,98,7.87,9,30.44
22,83,6.74,10,31.47
47,143,7.86,7,28.39
22,81,7.23,12,36.43
50,155,5.92,5,21.7
30,102,5.55,8,26.06
39,135,9.37,0,17.01
36,130,6.98,2,17.27
33,110,8.08,6,25.19
28,137,5.43,6,22.13
51,115,7.06,5,22.06
45,91,8.54,7,27.51
59,114,9.85,8,32.74
41,159,7.78,6,26.03
58,83,5.88,3,16.33
49,107,5.06,8,24.72
26,112,6.77,1,13.33
38,153,7.03,3,19.58
55,110,7.49,12,37.74
47,157,5.02,2,14.04
25,84,8.62,4,22.26
27,89,8.28,11,35.87
30,104,5.09,10,29.28
30,120,6.67,8,28.13
48,96,6.84,3,19.45
56,140,6.42,6,23.05
30,139,6.48,1,13.0
55,112,7.17,5,23.19
55,88,8.51,5,24.66
57,129,8.38,13,41.08
40,110,7.05,9,29.44
33,84,8.11,4,21.02
31,125,5.35,12,33.96
39,83,8.85,5,24.59
48,110,7.21,5,22.61
58,83,5.45,3,15.62
24,97,6.87,13,37.65
57,113,8.54,12,38.45
39,127,5.62,11,31.86
57,142,9.07,0,16.44
34,93,8.54,1,16.47
51,112,5.42,5,20.62
48,121,9.89,6,28.78
56,111,9.72,9,35.16
58,122,5.66,3,18.02
39,136,6.01,7,24.75
21,94,6.74,4,19.03
43,129,9.95,8,33.37
48,150,8.53,5,25.29
24,142,9.57,1,18.35
38,149,6.38,4,21.01
59,88,9.35,11,38.35
45,92,5.55,11,32.05
38,97,9.98,14,44.39
26,114,5.53,10,29.53
39,80,7.18,4,19.98
32,115,9.1,14,43.45
45,159,9.26,4,23.94
55,146,9.32,7,31.1
21,125,6.43,2,14.84
25,116,8.3,3,20.0
21,151,6.05,5,21.7
28,108,7.47,12,36.52
59,123,9.24,11,38.45
38,147,7.05,13,38.82
29,155,5.55,14,37.75
25,156,5.12,14,37.88
24,93,9.5,12,39.62
49,157,5.62,8,27.53
21,130,9.38,9,34.21
50,153,5.47,12,35.37
21,88,6.21,2,14.6
23,148,8.64,10,34.67
42,113,5.87,0,10.19
28,144,9.42,9,34.13
38,106,6.12,7,26.11
45,119,6.84,13,37.78
40,87,9.33,13,41.96
51,85,6.71,3,18.78
50,132,7.94,8,30.56
36,84,6.62,1,14.18
22,133,7.39,9,31.51
37,97,7.35,10,32.62
30,150,7.38,11,35.24
27,115,6.83,9,30.57
29,133,8.61,0,14.83
37,113,6.71,7,25.68
29,111,5.68,6,22.52
29,130,7.99,7,28.17
57,82,6.39,12,35.45
44,144,5.19,6,22.32
59,92,5.23,8,25.26
31,87,7.44,10,31.98
28,123,9.84,7,30.48
45,109,5.39,0,9.75
22,87,6.66,3,17.18
30,137,5.2,12,34.6
44,87,8.16,9,31.56
36,140,7.89,3,19.34
39,158,6.42,8,27.68
51,132,8.8,10,36.49
31,150,5.15,8,25.93
26,155,5.63,14,38.46
26,115,5.29,9,27.78
52,153,6.69,7,26.21
59,141,7.53,8,29.12
33,98,6.45,14,39.25
23,97,6.57,3,17.51
55,123,7.87,12,38.56
58,99,6.21,3,17.76
37,81,6.39,0,10.61
23,109,9.51,9,33.29
54,130,8.64,2,19.15
32,123,7.52,12,36.79
44,126,8.52,14,42.88
26,122,7.21,7,25.65
31,90,9.56,1,17.53
47,121,5.88,0,11.51
44,98,5.85,11,32.62
38,82,5.3,8,25.59
47,83,5.9,6,23.24
41,117,6.1,5,21.1
54,152,9.3,8,32.88
53,151,7.54,2,18.16
38,113,6.03,8,27.63
23,130,9.26,13,40.95
44,110,5.38,14,38.58
21,116,6.42,12,34.52
26,123,9.69,1,17.97
39,138,9.84,1,18.75
42,97,6.85,10,32.37
28,104,9.02,2,19.46
25,89,5.78,11,32.84
29,148,9.46,14,44.71
41,158,8.96,14,43.72
48,104,8.29,5,25.02
24,130,9.19,4,23.13
44,132,7.81,10,33.92
28,89,6.66,6,23.45
37,128,8.32,2,18.58
54,117,8.32,0,15.25
40,125,7.9,13,41.1
36,149,8.94,13,42.3
30,90,5.27,10,29.31
54,95,8.2,13,40.19
30,111,7.88,9,31.25
50,81,6.1,7,24.34
50,137,5.44,5,21.73
45,117,7.35,2,17.46
27,158,6.27,2,15.25
40,136,8.86,8,32.11
37,156,7.45,7,27.8
23,150,9.81,5,27.37
56,138,9.78,10,37.21
46,136,9.41,13,42.55
30,146,8.15,12,37.67
54,94,7.99,13,39.79
34,137,6.09,2,14.17
28,82,8.59,4,21.97
47,137,9.57,7,30.83
30,106,6.57,10,32.3
35,94,9.22,9,33.67
57,139,7.05,14,40.2
42,82,9.77,13,42.76
51,107,6.99,13,38.06
22,126,8.86,4,22.66
51,144,9.05,4,23.43
34,132,8.56,1,17.03
30,99,6.91,0,12.4
50,90,5.78,14,39.09
56,104,5.5,0,11.01
35,142,5.47,1,12.12
34,83,8.85,5,24.52
51,133,6.91,2,17.52
49,139,6.9,2,17.09
47,107,6.01,5,21.3
41,89,6.07,3,16.31
29,115,6.9,9,29.67
40,159,6.06,13,37.86
55,112,8.17,1,16.73
35,138,9.26,14,43.82
44,124,8.39,13,40.49
36,130,6.48,14,39.79
56,125,6.61,6,23.6
31,92,8.08,14,40.88
28,83,8.09,3,20.17
23,121,8.76,12,38.42
39,106,9.68,8,32.29
23,87,6.13,1,12.36
56,125,6.45,1,13.47
45,87,8.6,3,20.73
56,105,5.6,0,10.79
31,80,6.21,6,22.87
36,140,6.15,11,34.19
37,118,6.06,11,32.38
44,88,8.52,9,32.45
37,106,5.97,2,14.06
40,149,9.3,12,40.04
42,99,7.81,14,41.1
26,144,7.59,1,16.09
27,95,6.94,1,13.6
34,147,6.18,8,27.01
31,146,5.8,5,20.84
32,101,5.98,5,20.43
25,152,9.68,12,40.74
25,135,8.1,13,39.96
40,136,7.43,8,29.35
35,133,5.13,8,26.05
46,87,9.73,14,43.99
53,86,8.75,9,33.29
50,155,5.93,13,37.74
44,80,7.06,12,36.22
43,133,8.16,12,38.87
29,91,5.88,3,16.59
23,159,7.44,1,14.81
56,93,8.55,4,21.67
27,98,5.74,5,20.21
42,98,6.25,2,15.46
34,156,7.46,9,31.4
49,153,8.49,4,23.55
36,107,7.81,11,35.65
54,156,6.06,8,27.26
30,94,9.12,11,36.49
27,142,7.6,4,20.92
45,102,5.56,5,20.39
47,122,6.13,13,37.84
35,89,9.84,8,32.09
52,115,8.48,11,36.28
48,142,6.66,8,27.38
29,128,6.22,11,33.9
27,93,7.32,5,22.13
36,113,5.8,12,35.31
46,118,6.16,10,32.26
55,111,8.48,8,31.29
37,159,9.27,9,33.84
43,101,5.31,6,21.33
28,114,7.96,13,39.16
22,102,7.97,5,23.74
51,104,6.91,1,14.25
52,148,8.92,10,36.82
49,85,7.5,10,33.03
23,139,5.72,9,28.92
28,85,8.14,11,35.51
22,98,8.0,6,26.23
51,98,9.97,0,16.52
57,91,6.1,0,11.32
40,92,8.03,14,41.79
49,129,7.86,8,30.91
37,146,6.62,14,39.84
30,155,8.82,4,23.74
42,110,6.86,11,34.81
26,156,8.3,1,15.98
54,102,6.98,13,38.77
51,156,8.97,12,39.13
32,149,9.99,3,23.45
32,137,8.44,2,18.56
36,146,8.91,13,42.11
45,150,5.29,2,14.77
42,89,9.46,12,39.38
47,147,9.17,7,31.04
44,123,5.69,7,24.46
32,149,8.09,0,13.63
38,150,9.32,9,33.74
36,87,8.15,9,32.09
24,107,9.41,7,30.67
32,134,8.55,10,34.6
53,146,7.2,11,35.61
42,156,9.79,10,37.49
38,118,9.61,9,34.8
53,112,5.33,9,27.74
47,159,5.8,11,34.06
39,154,7.9,7,28.56
34,108,8.09,4,21.79
45,96,9.5,2,19.55
54,116,5.77,4,18.09
44,85,6.89,1,13.98
58,125,9.89,8,33.77
43,93,9.3,1,17.08
25,116,9.54,3,21.86
56,155,5.16,5,20.06
44,108,6.1,7,24.37
56,128,7.32,10,33.42
25,81,9.37,6,27.92
59,149,7.23,12,37.56
26,149,5.8,9,28.21
56,144,8.07,6,27.29
24,125,9.47,13,41.32
30,142,5.34,9,28.27
21,100,7.48,7,26.2
41,106,9.9,14,44.82
59,142,5.38,1,13.57
57,102,7.01,6,23.98
23,118,6.09,2,14.29
51,137,5.59,5,20.61
47,124,8.62,7,28.93
37,93,5.32,6,21.3
43,101,9.57,14,44.38
33,96,9.75,8,32.55
47,108,7.9,2,18.18
40,117,8.1,7,28.57
33,110,9.54,10,36.02
44,137,7.86,11,36.72
23,96,6.04,10,30.53
30,102,6.79,9,28.97
21,99,7.45,0,12.38
33,155,8.53,7,28.84
34,83,7.33,4,19.84
53,152,9.74,2,21.57
22,154,7.98,12,37.9
22,128,7.71,7,26.16
59,105,8.88,14,42.46
51,111,6.03,14,38.25
24,107,7.54,3,18.88
54,130,5.09,14,38.33
39,119,7.21,8,28.93
57,116,5.76,11,33.02
29,130,8.99,4,22.83
44,136,6.89,6,23.75
33,159,7.34,8,30.2
50,151,5.16,8,26.27
39,146,5.17,2,14.04
30,82,6.31,10,31.3
34,153,8.5,9,33.12
40,142,8.77,10,35.45
24,91,9.97,10,36.65
58,158,8.92,13,42.5
59,130,8.23,10,35.12
25,90,8.51,3,19.52
52,85,7.0,12,36.65
26,91,9.82,12,40.36
34,104,8.09,12,38.13
26,105,5.09,12,32.82
34,137,6.74,13,37.72
32,159,5.71,0,10.13
47,115,6.18,1,13.43
46,115,7.83,1,15.59
32,100,7.2,14,40.53
28,128,7.25,7,26.84
30,139,7.16,3,18.92
36,141,6.0,14,39.19
46,98,5.53,4,18.06
28,90,7.17,9,29.98
49,157,6.35,1,14.26
40,159,6.54,5,22.12
37,82,5.53,14,37.26
39,136,8.88,11,38.53
37,148,5.31,4,18.17
59,132,8.51,10,34.64
21,145,8.16,6,25.47
49,91,5.23,8,25.1
34,141,9.14,12,39.25
37,124,7.87,5,24.25
33,136,8.6,5,25.49
49,81,7.93,14,41.63
54,134,6.22,11,34.01
47,98,6.52,7,25.94
53,140,9.99,0,17.26
49,103,9.04,7,30.29
57,84,9.19,8,31.15
59,105,6.29,7,25.89
39,114,8.91,1,17.61
44,98,6.72,14,39.58
34,110,6.65,9,30.36
57,123,6.57,10,31.71
25,98,5.54,0,9.88
44,91,5.52,11,31.99
54,114,8.46,5,24.29
51,137,7.53,9,32.14
50,151,9.05,10,36.18
29,104,8.92,3,21.47
47,104,6.72,1,13.27
48,92,5.67,2,14.22
46,121,6.39,12,35.52
38,94,7.73,6,25.49
56,102,9.0,8,31.46
28,107,7.23,10,31.71
38,92,7.97,14,41.47
40,154,7.77,9,32.4
52,123,6.08,6,23.6
49,157,7.2,8,29.77
38,131,8.32,6,25.78
27,114,5.25,5,19.14
21,126,8.01,10,33.19
48,114,9.5,14,44.03
53,129,9.57,11,39.45
24,119,9.26,2,19.25
40,156,6.1,11,33.01
56,149,9.29,11,38.27
51,121,5.56,2,14.01
58,94,6.61,3,17.19
48,139,6.99,13,38.92
23,137,6.03,2,15.17
26,148,9.37,5,25.87
43,112,8.68,2,19.5
27,119,8.57,12,37.88
56,81,9.64,4,23.97
21,112,8.81,4,22.51
26,104,7.14,6,24.81
44,138,5.67,0,10.68
57,106,9.14,9,34.48
56,135,8.57,11,36.9
44,104,8.03,0,12.93
58,84,8.73,3,20.62
49,141,8.77,2,19.73
57,122,8.71,9,33.1
52,147,7.27,2,17.17
45,157,7.67,6,25.36
30,115,9.02,8,31.15
55,89,9.65,0,17.61
45,101,7.58,7,26.42
47,107,8.47,3,20.56
52,127,7.54,14,41.59
32,139,7.08,2,16.29
24,142,8.9,13,40.26
46,81,5.74,12,34.72
23,102,7.22,4,19.99
37,130,7.94,9,31.64
29,159,8.54,8,31.28
49,107,9.42,14,43.79
21,157,5.81,4,18.61
38,80,7.07,11,34.31
40,94,6.14,1,13.64
54,94,7.74,12,37.64
48,122,6.02,5,21.46
55,84,6.2,10,30.11
36,151,5.61,12,35.23
41,117,7.82,11,35.42
33,142,9.0,4,24.17
55,122,5.63,7,24.77
52,130,8.97,14,43.74
58,157,9.83,1,19.22
26,105,7.39,14,40.57
58,125,7.67,4,22.19
58,91,8.81,7,29.19
33,91,8.76,8,30.66
59,108,5.54,7,24.6
33,140,9.14,14,43.26
32,120,5.55,3,16.11
53,99,7.83,14,42.01
48,125,7.51,5,22.86
23,109,9.14,0,14.81
38,118,5.68,10,30.54
46,119,8.22,0,14.95
22,130,9.47,2,18.89
24,81,7.76,0,13.73
48,144,9.33,13,43.46
48,107,9.42,7,30.76
45,130,6.26,9,29.23
46,87,9.4,6,28.47
22,110,8.41,1,16.13
54,118,9.3,1,18.1
50,139,6.32,10,31.7
41,156,6.89,4,20.65
57,95,8.01,7,27.96
43,102,8.77,5,24.86
53,90,9.91,7,31.41
22,133,5.34,10,30.1
47,153,7.71,9,32.21
42,148,7.74,5,23.69
54,91,9.53,13,42.44
36,115,6.18,11,32.62
40,136,5.8,1,13.54
46,105,7.41,0,13.56
36,159,8.63,0,15.59
26,145,9.86,5,25.92
43,83,7.86,8,29.32
57,95,8.63,9,32.88
28,101,6.39,12,35.15
26,143,8.38,13,40.71
57,149,6.21,0,11.2
42,90,7.48,5,23.44
26,121,5.23,6,21.98
52,118,6.62,3,18.88
37,126,8.91,6,27.04
58,101,5.34,5,20.38
37,109,6.59,13,38.33
57,109,5.85,9,28.7
43,112,8.14,5,23.97
33,109,8.72,10,34.0
52,116,5.55,2,14.07
42,132,7.61,10,32.19
27,109,8.41,14,41.9
42,105,9.95,2,20.87
41,85,6.09,1,12.15
26,133,5.37,8,26.33
34,135,6.29,1,13.3
36,83,7.8,3,19.22
23,158,8.17,7,28.84
29,115,6.89,3,18.24
41,142,7.17,10,32.81
50,82,7.74,9,31.25
50,136,5.78,5,20.52
52,159,9.81,6,29.49
43,95,8.37,10,33.38
23,119,7.61,3,18.71
21,132,8.66,8,30.23
23,85,5.5,1,11.25
57,100,8.93,6,27.25
27,156,5.96,5,20.83
23,88,5.4,5,18.76
56,142,9.42,10,37.02
23,122,8.51,2,17.75
24,151,5.19,13,36.16
51,107,9.66,8,31.86
22,124,9.99,13,41.53
34,137,8.09,1,17.43
57,108,5.73,7,25.26
51,133,7.58,12,37.46
22,136,8.39,4,23.29
51,112,5.93,4,18.87
42,149,6.94,2,17.32
30,143,5.54,14,38.36
50,83,7.9,2,16.76
53,95,6.72,6,24.16
39,82,6.76,1,13.21
45,142,7.3,1,15.24
21,101,6.26,1,13.29
52,97,8.08,12,37.74
45,136,8.36,11,37.24
37,104,6.26,8,27.45
34,107,8.85,6,26.94
33,119,5.27,13,34.81
58,102,8.46,0,14.14
59,87,7.17,6,25.4
22,92,8.11,7,26.96
52,123,6.99,4,20.43
52,126,6.89,6,25.05
26,89,5.72,11,32.01
45,120,8.56,10,34.82
23,146,6.5,12,36.1
38,153,7.15,14,41.08
58,128,8.79,6,27.88
23,143,6.15,13,36.57
25,94,7.25,8,28.88
44,140,6.6,3,18.02
54,153,8.58,2,19.66
59,131,9.81,9,34.82
44,125,9.75,0,16.97
56,138,7.49,7,27.83
48,127,5.85,3,16.95
54,118,9.83,13,43.48
36,121,9.46,8,32.41
56,130,5.79,12,35.82
27,129,6.37,12,35.13
38,145,5.55,7,25.03
26,120,9.78,2,20.83
48,137,5.35,12,33.74
59,83,6.97,5,22.05
54,128,9.19,14,44.03
49,82,7.72,1,15.86
24,111,7.58,7,27.26
34,126,6.92,3,18.8
25,141,5.04,4,17.25
45,95,5.75,8,26.26
59,147,7.89,10,34.77
28,97,9.01,3,20.9
35,85,8.24,7,27.72
39,144,8.8,5,25.12
31,159,6.03,10,31.59
40,116,7.81,4,21.98
56,152,6.85,6,25.82
38,142,6.67,1,13.85
34,138,7.12,0,12.91
58,113,9.36,9,34.65
45,116,9.43,4,23.89
36,113,8.94,4,23.41
38,124,6.88,3,18.0
21,80,5.12,8,25.48
21,132,6.84,12,35.91
21,141,9.13,4,23.97
41,94,5.49,1,11.71
45,130,8.34,14,42.22
47,93,9.29,1,18.83
30,138,7.34,13,39.35
32,131,5.21,1,11.75
48,80,7.52,13,38.59
52,154,8.46,8,31.41
53,96,8.28,6,27.5
28,135,7.56,8,29.21
46,84,8.01,9,31.44
22,96,6.38,2,14.57
55,97,6.06,14,38.45
54,134,9.43,13,42.06
26,126,6.44,14,38.94
51,159,8.46,1,16.92
43,128,5.92,8,27.43
32,102,7.15,0,12.18
48,100,5.71,2,14.49
35,108,6.47,7,24.53
39,139,5.9,5,20.55
32,125,9.78,0,16.83
22,89,5.08,10,28.51
31,132,6.74,12,35.71
57,86,8.15,10,33.65
58,109,9.39,1,19.04
45,134,9.98,8,34.28
41,144,8.04,11,37.05
56,100,9.59,12,40.31
29,86,9.74,6,28.44
32,123,7.68,1,15.22
30,147,5.58,3,15.9
25,94,7.51,5,22.65
53,81,7.42,4,20.58
25,82,7.74,0,12.56
36,127,6.76,12,36.14
57,147,8.34,6,27.54
57,126,7.32,0,13.71
49,122,7.86,6,26.16
38,106,6.51,2,15.3
49,83,7.2,3,18.66
26,115,8.57,5,23.94
38,159,5.54,11,32.35
52,131,9.01,7,29.78
51,124,7.12,11,34.58
31,130,9.88,7,30.9
46,111,7.66,1,15.78
48,81,5.28,10,30.41
47,96,7.56,13,39.39
39,102,7.65,12,37.55
47,123,8.33,1,16.55
40,125,5.82,1,14.22
23,91,7.38,11,35.46
36,133,6.94,9,30.88
59,92,9.59,6,27.51
49,153,6.48,1,15.2
35,147,5.09,11,31.18
50,150,7.49,11,36.31
21,145,9.81,13,42.17
49,94,8.21,0,14.43
50,141,8.0,4,22.02
52,152,9.16,9,34.2
30,103,5.78,9,28.29
47,149,6.77,13,38.18
28,140,6.04,4,19.0
56,150,6.92,8,28.82
55,159,5.28,10,30.65
56,151,7.05,8,28.17
56,82,5.74,8,26.53
45,108,8.1,2,17.83
40,100,7.4,3,18.47
37,133,8.34,7,28.81
43,85,7.21,12,36.32
45,90,8.13,6,25.46
51,149,5.5,0,11.47
26,106,5.82,13,36.56
55,156,9.84,14,45.39
24,139,9.2,13,42.4
40,152,7.79,3,19.68
21,151,9.99,2,21.07
46,106,5.18,4,18.3
54,111,9.89,9,35.1
30,112,5.3,2,14.93
43,84,8.21,14,42.16
44,88,7.92,3,19.8
33,92,9.38,5,26.29
49,85,7.92,13,39.97
47,153,6.1,13,37.73
51,115,6.08,6,23.34
30,129,8.67,14,42.76
51,140,9.17,8,31.25
59,127,7.43,13,39.87
30,90,9.03,6,27.03
44,96,5.78,1,11.92
53,81,7.66,0,13.02
34,86,7.39,13,38.21
55,136,9.15,8,32.85
54,110,9.6,1,19.04
37,138,5.57,14,39.24
41,125,7.91,11,36.06
52,158,7.08,6,25.68
23,86,7.38,3,18.65
35,93,9.17,10,34.76
28,88,8.35,3,19.84
52,88,7.54,3,19.26
58,81,7.81,3,20.3
46,95,9.27,8,31.43
50,81,9.19,8,31.22
29,158,6.71,9,29.98
52,149,5.57,4,19.46
31,102,5.78,5,20.3
42,107,6.61,5,22.15
54,122,9.83,1,19.63
38,142,9.66,8,32.7
39,96,9.51,4,23.97
38,115,7.82,1,15.62
57,98,7.49,3,19.13
38,84,6.24,7,25.23
32,102,8.39,7,28.29
24,98,9.4,14,43.89
47,80,9.2,1,17.71
25,106,8.8,10,34.66
26,122,6.22,2,14.58
33,104,7.88,10,33.16
43,133,6.12,0,11.46
45,85,9.02,4,23.16
24,155,9.61,9,34.09
52,104,9.69,4,24.67
35,153,9.6,3,23.34
46,125,6.42,8,28.42
31,138,6.05,2,14.88
29,134,5.41,7,24.06
31,103,8.75,9,32.34
22,154,9.81,3,23.39
47,103,5.59,14,39.32
46,82,7.39,9,31.12
28,119,6.37,6,23.23
41,99,8.65,2,18.49
41,148,9.32,5,25.9
28,156,6.75,0,12.21
21,149,8.42,6,26.18
58,145,6.99,2,15.91
33,148,9.74,3,22.35
29,158,5.01,3,16.21
48,87,8.84,5,25.35
26,134,5.22,8,26.46
43,116,8.62,4,23.44
56,152,9.75,8,32.44
37,151,9.43,14,44.71
29,93,5.59,5,19.85
32,127,5.36,0,10.43
42,146,9.6,5,26.23
32,111,6.37,6,23.31
26,115,5.88,3,16.96
29,84,6.17,13,36.87
57,158,7.68,10,34.12
23,97,5.34,9,27.04
54,90,5.13,0,10.11
28,153,7.93,14,42.76
30,83,7.18,1,14.75
29,99,9.5,13,41.84
34,84,7.79,6,25.13
57,142,7.91,13,39.7
47,133,9.59,14,44.45
52,144,5.47,6,22.18
24,156,7.29,6,24.0
22,92,7.01,11,33.22
53,158,8.91,1,17.05
41,152,7.1,12,37.53
21,82,7.42,9,31.05
31,81,7.36,3,18.65
21,91,8.96,9,32.87
31,135,8.36,12,38.65
27,137,7.13,5,22.85
22,131,5.36,8,25.59
35,94,9.17,4,23.1
28,80,9.96,8,32.71
46,151,8.72,12,39.41
55,150,7.16,3,18.83
41,124,6.97,7,26.15
58,95,7.99,12,39.1
28,96,6.07,13,37.49
52,109,5.78,3,17.71
28,116,5.56,11,33.31
30,97,9.84,4,24.1
43,155,8.3,9,33.54
24,90,7.78,6,24.89
58,139,9.41,5,26.39
50,138,6.64,3,18.97
43,149,7.55,6,25.67
25,105,5.7,6,21.37
41,159,8.03,13,40.2
26,117,9.49,2,18.79
37,88,8.73,9,32.79
45,152,7.87,13,40.58
44,125,7.6,1,16.31
42,123,8.01,12,38.7
33,121,8.14,9,33.09
37,152,8.06,7,28.26
34,148,7.33,7,26.24
54,102,8.13,10,35.17
46,113,7.6,12,36.86
39,101,7.11,2,17.18
46,148,7.61,13,38.99
23,144,9.1,6,27.7
22,105,9.54,8,31.3
48,134,8.19,8,30.84
22,94,9.31,3,21.11
42,145,5.02,5,20.0
27,132,9.7,9,33.84
24,158,5.04,10,29.17
58,90,9.68,4,23.69
59,137,5.9,8,28.17
40,121,5.47,4,17.54
26,148,9.43,10,36.35
29,112,5.08,14,37.12
51,123,9.14,9,33.08
46,86,6.01,8,26.16
56,158,7.0,11,34.96
46,131,5.04,10,29.8
48,92,9.86,6,28.53
25,111,7.21,4,20.96
30,118,7.17,1,14.5
38,157,5.12,8,26.15
35,142,5.93,6,22.76
53,99,5.98,2,14.79
25,95,5.05,7,22.85
57,109,5.85,8,27.27
42,98,9.7,2,20.29
42,153,7.91,8,31.02
42,151,5.09,0,9.34
35,157,6.08,9,29.83
37,154,7.07,12,36.52
48,109,5.86,9,29.36
42,113,5.79,10,30.47
41,118,9.79,11,38.43
37,128,9.96,4,25.12
25,84,8.12,7,27.11
38,122,9.33,6,27.51
37,126,7.18,3,19.29
24,138,5.03,0,9.02
27,148,7.92,0,14.21
45,96,5.83,11,31.61
57,98,7.88,6,26.06
29,125,9.46,11,38.18
39,135,8.75,5,25.53
29,105,6.29,4,18.83
43,145,9.05,6,27.94
51,93,8.56,12,38.99
52,131,9.68,13,41.48
51,83,8.11,5,23.91
37,82,9.9,2,20.24
59,158,7.64,10,34.66
42,101,7.63,1,15.16
55,129,5.09,9,27.86
50,143,9.68,0,16.74
57,89,7.15,8,27.96
46,135,9.34,8,32.12
26,95,6.93,1,13.76
54,116,9.64,12,40.55
52,134,9.75,11,38.85
45,101,5.1,6,21.47
33,111,8.55,7,28.85
58,123,5.16,10,30.8
58,152,5.49,10,30.83
22,131,5.2,1,10.95
25,112,5.15,9,27.39
31,81,7.06,11,34.34
31,93,7.26,1,14.95
44,140,7.34,2,17.49
34,144,5.78,14,38.27
50,109,6.34,6,23.78
55,106,8.77,9,33.11
41,143,6.75,7,26.61
25,112,6.3,6,23.06
58,132,6.69,2,16.78
22,159,9.47,7,29.9
57,89,9.46,13,41.87
54,106,7.19,0,12.3
31,116,9.29,5,24.84
56,81,6.84,8,28.02
31,122,5.39,11,31.55
29,98,7.27,6,25.11
26,90,9.53,13,42.39
54,131,5.34,1,11.34
57,111,6.24,0,12.45
52,159,5.25,7,25.18
32,108,8.8,13,41.28
52,115,9.06,2,20.79
37,126,9.47,11,39.23
24,122,5.4,4,18.59
53,131,8.26,10,34.78
29,132,7.64,4,21.36
54,147,6.29,8,28.47
59,84,8.39,10,34.26
50,127,5.09,10,29.81
40,103,5.63,7,23.48
59,80,9.56,12,40.06
43,81,8.19,12,38.06
55,89,5.54,1,12.22
43,142,8.28,1,16.92
59,138,6.28,4,21.17
43,85,6.68,4,19.87
57,127,5.55,6,22.38
43,115,8.64,7,28.5
59,127,6.45,12,36.78
48,108,5.78,12,34.3
39,120,9.89,14,45.12
50,152,5.85,3,17.67
41,111,8.12,2,18.51
44,84,5.65,13,35.71
41,96,9.79,3,22.7
46,103,7.29,14,40.94
56,85,8.03,2,17.45
46,107,5.28,8,25.41
53,99,9.73,0,16.96
56,159,8.32,4,24.22
24,98,5.71,13,36.25
29,87,7.63,1,14.67
28,97,9.17,4,22.25
22,116,8.74,11,37.16
49,140,9.58,14,45.1
43,124,9.74,6,29.08
26,117,5.16,11,31.59
56,81,8.2,2,18.59
41,134,5.28,2,13.75
42,94,5.03,13,36.35
29,138,5.41,3,16.37
54,154,9.96,10,38.59
46,84,5.01,3,15.34
21,99,8.3,6,25.15
56,91,8.07,1,15.96
25,136,8.95,7,29.41
42,147,8.36,13,41.44
24,98,9.7,9,34.19
22,106,9.27,13,40.93
36,132,6.41,6,22.96
36,121,9.38,5,25.54
42,124,6.4,14,40.25
21,157,8.3,14,42.2
35,147,6.23,4,19.3
44,147,9.69,6,28.26
24,103,8.53,8,30.75
38,115,7.4,1,15.62
37,154,9.01,11,37.78
27,84,5.14,14,37.78
30,106,8.18,12,38.34
21,116,5.16,10,29.51
22,106,6.14,5,21.01
42,155,6.56,13,37.63
52,126,8.75,14,43.81
49,143,9.59,1,19.51
55,85,6.84,2,16.21
37,155,8.09,8,30.07
32,135,8.89,5,25.08
44,93,9.23,12,40.21
50,101,9.81,5,26.72
50,134,8.91,10,35.49
40,154,5.16,11,32.25
27,131,5.51,10,30.2
58,135,9.17,5,26.22
27,156,6.4,1,14.02
50,85,5.41,5,19.27
32,99,9.79,4,25.28
51,133,6.9,6,24.46
38,81,6.83,2,15.51
22,154,5.58,4,18.87
53,151,9.13,13,42.5
31,109,7.26,0,13.0
54,133,6.51,9,30.48
36,83,9.14,2,18.12
55,150,9.27,1,18.04
53,126,8.57,4,23.21
41,98,7.13,11,33.96
40,121,6.5,8,27.76
28,121,7.57,7,27.23
46,130,7.79,8,29.87
53,82,7.83,1,15.31
46,116,8.74,13,40.76
57,101,5.3,10,30.27
50,112,8.24,3,19.8
51,128,9.34,7,30.5
53,133,5.66,14,39.13
31,141,7.77,1,15.5
25,114,8.44,11,36.48
22,108,9.8,2,19.97
33,145,5.48,8,26.51
38,129,8.63,11,36.56
46,93,7.91,12,37.55
45,127,6.71,2,16.37
34,123,5.25,14,37.72
25,151,6.65,13,37.91
22,80,9.13,2,19.56
24,107,8.17,1,15.33
32,82,6.14,9,28.14
31,150,9.96,12,41.26
24,127,8.73,2,18.17
29,111,5.94,9,28.52
30,88,8.91,3,20.88
47,136,9.16,8,32.21
26,125,9.35,2,19.39
35,137,8.7,12,38.94
51,135,5.4,14,38.73
42,94,9.07,11,37.34
26,140,9.64,2,20.44
53,95,7.5,8,29.61
49,125,8.81,1,17.8
41,150,7.52,6,25.33
50,114,8.2,4,22.42
41,145,8.23,8,29.8
56,136,7.26,9,31.7
42,113,6.77,8,28.16
40,110,7.18,13,39.73
42,91,7.91,2,17.27
31,144,7.64,9,30.65
51,126,8.21,9,31.83
33,144,5.23,11,31.9
38,80,7.3,8,28.79
42,158,5.35,14,38.45
37,146,8.78,4,23.72
58,93,6.34,1,13.87
45,133,6.73,9,30.34
52,89,8.27,14,42.22
35,146,6.73,0,12.8
33,129,8.65,11,36.42
46,115,9.31,10,36.75
31,90,8.18,4,21.93
33,82,5.78,6,21.53
53,118,7.25,9,31.1
57,89,8.66,7,29.48
58,130,6.36,1,14.23
21,111,9.74,3,22.08
59,131,9.72,4,25.69
47,151,6.69,8,28.92
56,126,8.07,1,16.83
52,92,6.94,0,12.18
35,146,8.63,3,20.96
51,132,8.97,6,27.87
26,132,5.83,7,24.64
45,94,7.6,9,32.34
38,132,6.73,2,15.47
42,121,9.63,6,28.44
51,108,5.98,1,12.7
56,126,9.73,7,31.33
29,109,7.1,5,22.48
23,93,9.37,5,25.68
53,158,7.32,10,32.61
47,138,8.07,7,28.61
21,143,9.94,8,32.31
29,123,8.66,7,27.98
25,93,5.97,6,22.95
35,104,6.32,8,28.03
29,123,7.32,2,16.95
48,140,7.93,0,14.48
33,81,5.31,12,32.92
44,158,5.22,13,35.97
30,153,7.29,13,38.73
42,122,7.62,9,31.53
59,88,5.4,3,15.48
42,140,7.38,4,21.67
57,146,8.9,4,24.23
59,103,7.75,13,39.84
40,144,7.39,11,35.4
30,117,5.36,6,22.48
30,149,9.9,0,17.37
46,84,7.71,0,13.89
45,147,7.25,3,19.7
48,146,5.37,5,20.56
33,109,8.68,12,39.18
35,141,6.38,1,14.18
26,86,5.4,5,19.7
32,130,8.6,4,21.8
39,111,7.4,14,40.32
52,153,5.28,1,13.02
31,105,9.25,1,16.55
58,122,7.24,7,26.77
53,141,5.72,8,26.39
22,110,6.69,9,28.43
35,102,5.14,2,13.61
56,143,9.9,2,21.56
25,151,8.75,12,38.86
35,134,5.24,12,34.55
30,95,6.2,2,13.88
37,88,7.38,4,20.43
54,83,8.59,8,30.46
44,118,8.18,13,41.21
30,123,7.21,10,32.67
50,120,7.73,7,27.99
23,92,5.22,6,21.14
57,155,9.99,6,29.33
23,152,9.34,11,38.32
25,91,6.61,6,23.7
48,103,5.54,8,27.2
34,127,8.14,4,21.36
59,156,9.58,10,36.51
31,111,8.42,4,22.02
28,117,5.34,7,24.47
57,157,6.9,12,36.68
28,145,8.59,4,23.53
32,133,6.21,12,34.53
35,100,8.21,11,36.18
39,110,7.92,1,15.8
48,143,5.48,0,10.01
27,131,8.69,3,21.08
27,114,7.19,7,26.25
50,95,5.8,12,34.99
38,119,9.63,7,30.75
44,117,8.73,6,26.99
26,136,8.62,13,40.84
24,82,7.23,5,22.88
23,116,8.22,2,17.56
26,81,8.2,12,37.39
46,82,5.68,7,24.47
58,126,9.4,2,20.75
31,106,9.09,0,14.39
49,142,5.69,9,28.63
40,117,6.61,12,35.62
30,123,5.35,7,24.49
46,87,6.73,1,13.95
47,102,8.65,5,24.12
34,85,5.02,8,25.62
56,104,7.53,11,35.89
32,138,9.34,12,39.53
43,136,6.56,5,22.39
41,137,8.62,3,21.02
28,95,5.27,7,23.75
59,105,7.79,0,14.82
29,158,9.38,3,22.3
44,126,7.04,5,21.88
51,119,8.11,3,19.92
45,98,8.17,10,33.94
37,157,8.66,2,19.26
49,123,6.14,14,39.02
23,105,8.74,5,24.57
41,131,6.19,14,38.76
28,116,7.99,10,33.43
34,156,5.8,7,24.82
59,126,8.68,14,43.79
36,151,6.44,14,38.95
38,93,8.26,12,37.5
51,105,5.78,5,20.59
31,126,6.16,0,10.68
58,92,9.09,2,19.78
40,90,5.47,7,24.67
24,81,5.49,13,34.9
40,109,8.87,0,14.49
51,103,5.62,7,24.44
40,102,9.47,6,27.69
31,149,5.7,14,38.61
21,154,8.41,5,25.09
38,86,7.99,0,13.94
59,126,8.64,8,30.95
53,89,8.48,8,30.46
56,152,6.83,10,32.17
38,109,9.73,3,21.54
51,127,7.54,0,12.68
55,104,9.86,4,23.97
59,103,6.91,4,20.24
58,91,7.64,4,21.6
35,150,7.92,9,32.22
26,113,7.82,3,19.31
28,82,8.31,0,14.08
42,85,6.43,0,10.44
21,138,5.32,2,14.01
33,106,5.99,6,22.92
44,151,7.8,6,26.55
41,115,9.29,5,25.87
24,140,7.38,11,35.0
27,150,6.61,3,18.25
32,144,8.66,4,22.07
33,84,6.98,7,26.07
36,121,9.11,0,15.23
26,93,5.06,11,30.82
34,144,5.58,3,16.25
51,91,5.51,12,34.26
56,81,5.17,5,20.17
57,93,5.84,7,25.15
55,146,9.94,6,30.02
30,156,7.41,13,39.1
37,146,7.11,13,39.91
50,93,9.55,0,17.01
27,113,8.97,5,25.21
38,124,6.36,14,39.29
39,88,9.02,12,38.95
35,89,5.41,12,32.87
59,87,8.58,12,38.78
42,108,5.09,12,33.42
59,140,6.05,0,12.05
50,133,9.44,10,35.59
40,118,6.87,5,22.75
52,112,7.35,4,22.12
45,102,8.23,0,14.36
43,151,8.47,0,14.66
25,119,5.73,3,17.01
50,102,9.64,11,38.4
59,138,7.84,5,23.64
47,129,7.99,10,34.13
57,143,8.2,5,24.52
27,135,9.26,9,34.25
25,122,6.05,8,26.59
35,137,9.56,10,36.05
28,91,8.9,3,20.2
29,115,6.12,7,24.56
31,152,8.99,5,25.48
42,85,7.52,10,33.28
54,111,7.88,8,29.25
55,144,9.96,13,42.4
33,139,5.07,6,21.95
31,133,9.68,10,36.11
52,103,8.63,3,21.73
35,108,6.74,13,37.5
58,87,8.65,11,37.09
21,92,6.01,6,22.07
44,142,7.57,12,37.42
42,104,9.08,7,28.85
23,108,6.05,2,15.3
34,138,7.8,1,15.82
22,140,5.21,9,27.82
52,105,9.18,7,30.55
58,147,6.75,3,19.24
53,101,6.64,14,40.08
26,86,6.28,10,30.3
59,136,8.6,13,40.53
45,141,5.87,0,11.61
54,97,5.17,9,28.09
31,89,6.39,1,12.93
57,110,8.31,12,39.62
27,105,5.25,9,26.53
42,134,7.14,6,25.08
59,104,9.03,13,41.21
30,131,7.13,4,20.84
41,97,7.76,6,25.68
26,103,7.14,2,16.66
21,94,5.87,14,37.34
54,87,9.85,3,23.17
34,122,5.95,11,32.67
56,103,8.1,10,34.16
47,144,6.36,14,40.43
29,105,9.12,11,38.06
26,153,8.97,13,41.45
51,105,7.28,11,34.62
37,145,5.95,2,14.54
56,119,5.24,7,23.73
41,93,7.38,0,12.84
47,112,5.82,9,28.44
48,136,9.75,4,25.45
36,118,5.68,3,16.67
55,80,6.18,7,25.32
56,116,8.84,10,35.49
55,97,7.16,8,28.57
39,109,6.79,0,11.69
41,106,6.81,9,29.49
53,139,7.65,14,41.23
43,128,7.68,2,17.51
26,109,6.62,13,37.27
52,124,8.47,11,37.05
42,100,6.43,12,35.21
23,133,6.2,6,23.04
55,95,9.34,13,41.95
36,97,5.56,6,21.69
45,113,9.85,2,21.77
37,100,7.83,5,23.85
59,155,9.64,5,26.91
33,110,9.91,14,44.19
48,89,7.08,4,20.13
31,83,5.97,2,14.84
30,94,9.68,7,30.34
59,132,9.25,9,34.07
44,138,5.9,9,28.88
58,134,5.76,11,31.99
44,141,9.95,12,41.78
53,121,7.89,14,41.94
37,107,7.27,7,27.02
56,86,8.12,11,35.42
55,90,9.17,2,19.95
26,108,5.07,0,9.92
36,113,5.5,2,14.08
48,104,8.42,11,36.97
52,135,8.4,9,34.04
46,119,9.93,3,22.76
31,142,5.13,1,12.0
45,129,5.4,10,29.57
51,90,7.4,8,29.37
41,139,8.29,11,37.31
23,143,6.29,3,17.65
32,83,6.28,14,38.64
45,110,5.19,6,22.41
37,153,5.23,6,22.77
58,133,5.45,11,33.03
56,159,5.35,10,30.39
56,135,9.4,6,28.32
39,123,7.04,14,40.66
22,84,8.79,6,27.33
37,146,5.64,5,20.63
50,159,5.06,13,36.25
30,147,9.99,5,26.59
55,88,8.99,11,37.35
56,83,9.16,9,33.26
53,153,8.01,2,19.04
21,95,5.99,7,24.32
38,149,5.12,7,24.18
24,94,8.73,6,26.46
47,131,9.06,9,33.58
45,110,7.41,0,11.24
48,159,8.11,14,43.13
42,123,9.89,8,32.85
45,115,6.69,10,32.2
37,81,9.25,1,18.34
32,107,9.36,8,31.56
36,119,5.42,8,26.65
57,142,7.38,11,35.01
36,142,7.9,0,14.8
37,96,5.72,11,32.28
51,117,7.06,4,21.1
35,115,7.27,3,18.87
33,111,6.39,12,35.42
47,133,5.45,6,22.8
41,138,6.74,5,21.95
22,104,8.06,11,35.38
28,156,6.86,13,39.1
27,93,6.18,8,26.24
30,123,5.99,10,30.68
24,104,7.04,0,12.05
56,114,9.84,3,22.24
55,158,8.15,13,41.76
23,158,5.53,3,15.94
38,126,5.69,1,11.94
44,126,7.98,12,37.75
52,96,6.24,7,25.27
54,102,9.16,4,24.34
22,96,5.35,1,11.25
22,108,6.18,10,30.99
30,81,8.17,12,38.01
43,90,8.28,13,40.35
35,95,8.57,8,30.26
32,130,9.33,6,28.71
37,100,9.84,2,20.26
38,100,6.0,4,18.95
34,85,6.29,9,28.88
37,125,6.97,10,31.9
35,102,6.91,12,35.8
32,137,6.77,8,28.48
36,136,5.31,9,29.27
52,140,9.31,4,24.56
43,118,8.32,8,30.71
58,124,8.94,13,41.28
54,108,10.0,2,22.36
54,110,7.45,13,39.08
36,81,5.67,11,32.55
54,116,9.17,10,35.67
27,123,8.71,7,28.83
53,158,8.84,6,27.6
24,149,5.81,3,16.26
27,142,8.77,10,35.53
38,154,7.96,0,14.89
24,132,5.25,1,10.77
31,155,6.46,11,34.49
40,82,6.1,10,31.66
31,98,6.46,10,30.42
35,124,6.0,6,21.87
37,140,6.99,5,22.72
54,134,6.09,2,15.12
32,150,6.98,9,31.13
48,155,5.08,13,36.45
55,108,8.68,2,19.65
28,127,6.74,12,36.09
47,151,6.44,14,39.99
42,142,9.29,4,24.18
44,100,8.74,11,36.5
22,136,9.32,10,36.38
51,92,9.36,5,26.26
42,106,8.65,3,20.99
21,147,5.29,5,19.52
34,143,5.48,14,38.67
45,88,5.37,14,38.1
56,153,6.24,11,34.15
56,154,9.32,9,34.22
23,86,5.19,11,31.6
25,90,5.28,2,12.94
21,107,5.59,2,13.92
39,151,7.89,14,41.41
53,106,6.6,8,28.64
50,101,9.7,6,28.86
32,121,5.68,11,31.46
30,111,9.02,9,32.51
54,93,8.22,10,34.21
36,105,8.27,3,20.36
49,134,6.76,10,31.88
35,154,5.02,13,35.75
31,150,6.83,2,16.7
54,134,8.01,9,33.12
56,124,8.69,6,27.88
50,109,7.77,7,27.55
55,145,9.91,8,33.23
29,105,7.93,5,22.89
38,80,5.42,6,21.96
39,103,9.28,4,23.51
59,134,8.26,9,32.72
24,144,7.59,9,31.89
26,104,8.9,2,19.05
53,121,8.45,0,14.67
52,123,9.74,8,32.1
36,148,7.32,12,37.29
31,91,8.55,0,13.69
42,87,7.3,11,34.04
56,142,6.39,4,20.09
43,157,6.6,12,36.58
46,99,7.96,12,37.73
51,119,5.9,14,39.15
49,152,7.53,9,32.48
25,84,8.47,5,23.99
58,80,7.68,5,23.44
45,90,7.81,14,41.7
54,83,6.06,12,35.87
32,117,8.29,0,14.84
42,96,7.99,3,20.17
29,147,7.67,8,28.96
40,111,8.48,5,25.13
49,84,8.5,9,32.48
49,101,8.46,6,26.97
47,157,5.7,4,19.89
37,146,7.94,0,14.24
25,90,8.49,12,38.0
33,104,8.04,9,31.69
35,121,5.96,3,17.1
35,114,5.12,7,23.0
38,158,8.04,9,32.54
22,138,6.1,0,11.46
43,127,9.14,1,16.66
33,82,9.68,0,15.8
24,103,9.19,2,19.49
45,148,5.85,5,21.22
31,112,9.09,0,15.08
32,149,5.89,13,36.89
33,126,6.49,4,19.84
29,132,9.14,14,43.39
58,124,5.73,10,31.41
26,150,5.94,3,17.18
30,136,9.23,4,24.52
43,149,9.94,0,17.17
35,119,8.18,10,34.26
43,82,8.09,4,22.26
57,128,7.7,11,35.99
54,93,6.22,1,13.26
36,99,5.19,6,21.88
52,157,7.25,7,28.39
58,145,9.23,0,17.06
25,104,9.44,2,20.59
37,83,7.53,9,31.2
42,120,9.7,1,18.6
59,142,7.82,2,18.16
38,127,8.8,6,28.06
48,134,7.21,10,33.47
33,81,5.41,14,37.02
21,102,9.19,6,27.46
39,127,9.72,3,22.05
54,94,8.62,2,18.03
24,130,7.04,2,16.94
23,103,9.3,1,18.06
30,99,8.16,8,30.22
48,135,5.01,14,38.57
54,117,9.68,1,18.03
59,104,7.31,1,14.87
39,131,5.87,6,22.65
56,130,5.92,9,28.77
23,126,6.71,9,30.48
43,147,5.21,0,9.54
37,159,6.53,7,25.74
27,143,5.46,7,23.92
46,122,6.01,0,11.1
38,150,5.09,6,22.23
26,136,8.41,4,23.19
51,118,7.88,12,38.16
49,108,5.46,12,34.93
29,105,8.88,9,33.65
55,93,8.44,14,42.69
37,143,5.77,13,36.17
32,126,5.21,13,35.57
56,99,5.68,7,25.28
44,86,5.58,14,38.39
30,153,8.05,2,18.14
50,146,5.26,13,36.08
49,132,6.55,14,40.05
59,144,6.8,6,25.27
30,109,5.43,9,27.88
59,145,6.72,0,12.25
48,94,7.83,10,33.83
38,154,6.61,6,24.14
37,149,9.65,9,34.07
31,149,6.43,10,30.6
21,136,8.25,14,40.45
37,104,7.69,1,15.31
56,102,6.88,0,12.78
56,91,9.84,5,27.25
29,127,9.29,5,26.01
48,89,6.0,2,15.12
53,96,9.86,3,23.27
23,131,5.1,14,37.37
28,81,5.05,10,29.06
26,139,5.48,9,27.96
26,136,6.78,3,18.39
49,152,6.82,5,22.12
57,126,5.28,0,10.42
32,150,8.72,1,17.58
29,92,6.6,8,28.09
39,153,9.74,8,32.85
37,101,9.99,2,21.09
52,107,8.45,13,40.39
55,134,5.58,13,36.78
34,129,7.59,3,19.59
36,157,8.92,13,42.09
41,98,9.59,4,23.99
32,80,7.13,0,12.57
44,147,5.0,3,15.36
54,135,7.03,3,19.03
28,93,7.86,12,36.6
41,143,5.56,4,18.27
28,148,8.23,9,32.22
48,101,7.81,8,30.56
36,123,7.39,14,41.85
30,128,7.71,5,22.97
35,115,5.15,13,35.17
24,148,8.76,4,22.65
46,113,8.49,12,38.73
35,116,6.0,5,20.47
56,130,5.38,6,21.63
52,116,6.96,5,21.82
58,104,8.79,2,18.4
24,84,6.98,7,25.58
29,87,8.61,8,30.36
55,132,8.88,6,27.74
48,106,5.23,9,27.36
57,140,6.98,6,24.67
29,144,9.94,11,39.51
22,150,5.13,0,10.31
23,124,9.47,7,30.75
25,82,5.58,4,17.45
30,140,8.05,8,29.59
48,129,9.75,2,20.67
35,127,8.08,12,38.75
34,152,5.95,11,33.21
43,126,6.04,1,12.36
33,93,5.15,10,29.85
36,98,6.78,2,16.43
50,141,7.92,10,34.34
28,85,9.05,1,17.2
37,86,7.91,4,22.01
50,92,9.56,2,20.0
37,125,8.46,7,29.78
55,112,7.76,2,18.32
21,120,6.03,9,28.7
44,152,8.93,8,31.85
45,158,6.51,6,24.03
22,148,6.6,1,13.82
45,108,5.53,5,20.83
34,86,5.25,13,35.84
59,133,7.28,6,25.06
53,90,5.61,6,22.83
37,121,6.69,3,18.41
51,84,9.19,11,36.91
30,126,6.65,5,22.31
26,81,8.1,12,37.84
59,122,9.25,6,28.99
45,83,5.75,5,19.81
58,142,9.73,11,38.79
57,138,7.8,2,18.07
50,109,8.68,7,29.11
54,81,9.29,5,24.18
38,153,8.9,9,34.03
44,122,6.21,11,32.79
47,97,6.26,10,30.91
47,103,5.89,14,38.45
59,116,5.98,4,18.82
41,109,9.02,1,17.74
39,148,7.8,1,14.8
59,138,5.64,0,10.87
43,102,6.55,14,39.75
59,109,5.39,4,18.81
35,147,9.14,13,42.38
22,120,8.08,3,20.36
55,130,5.82,4,18.98
40,146,9.19,5,25.53
48,94,9.48,3,21.97
35,135,8.53,10,34.46
36,144,7.49,9,31.02
53,153,8.86,12,40.27
32,134,6.92,5,22.75
59,155,7.24,10,34.74
59,144,7.15,2,17.52
40,81,9.88,10,35.78
49,90,6.65,4,19.74
23,155,7.48,13,38.62
25,121,9.43,4,23.72
22,82,5.43,14,37.72
43,120,6.45,12,35.85
46,128,8.76,12,38.97
46,116,8.69,14,42.3
27,86,7.78,12,36.59
30,117,8.47,1,16.14
25,137,6.42,6,23.85
32,84,8.24,0,13.53
52,140,5.24,4,18.76
51,156,9.93,9,35.09
42,118,8.2,14,42.74
37,107,5.9,3,16.78
40,136,8.61,3,21.23
40,81,8.2,1,16.32
28,149,9.82,1,18.47
54,158,6.44,5,22.6
43,107,5.28,11,32.79
58,116,5.92,11,32.64
48,134,7.09,4,20.99
33,80,6.19,5,20.18
49,82,8.72,6,26.34
28,150,5.24,6,21.99
31,93,5.64,0,10.34
38,127,6.54,8,28.53
45,116,7.8,7,28.2
42,82,6.46,10,31.47
55,128,7.81,7,28.29
49,135,6.56,3,18.19
41,139,8.8,0,15.47
27,92,8.71,5,23.65
32,132,8.95,6,27.22
56,129,9.78,8,33.94
44,98,9.13,12,39.47
52,105,9.14,12,40.05
47,132,6.91,14,40.1
52,136,6.56,1,14.3
52,117,6.11,13,36.73
52,88,7.22,4,20.75
46,125,6.88,3,18.93
31,83,6.11,4,18.97
38,150,5.01,9,27.14
59,129,7.28,4,21.02
25,149,9.9,14,44.73
36,84,8.65,13,40.08
31,149,9.7,3,22.17
55,113,7.5,13,38.93
31,144,9.93,14,44.94
43,97,6.0,14,38.98
54,106,7.76,4,21.25
37,89,6.3,12,34.92
30,81,6.14,2,13.8
38,140,9.68,12,40.98
28,101,7.88,5,23.41
46,89,5.42,6,21.55
23,138,6.84,10,32.19
44,91,9.19,11,37.82
23,142,5.47,9,27.83
58,94,5.11,9,27.07
22,142,9.23,8,31.37
55,144,8.41,10,35.2
37,117,5.35,13,35.56
29,85,5.92,6,22.66
56,85,5.35,7,24.62
42,117,5.35,0,10.14
51,127,9.5,5,27.2
54,94,8.77,10,34.95
44,151,7.56,6,26.12
29,108,6.59,14,39.86
22,81,8.06,11,35.83
41,154,6.43,4,20.66
54,152,5.71,14,38.43
47,95,7.43,10,33.01
57,137,9.23,10,35.74
27,113,8.42,2,17.93
42,122,8.92,0,15.39
24,103,5.89,9,29.23
34,104,9.81,1,19.11
54,120,5.38,9,27.94
43,112,7.55,11,35.58
45,122,6.86,14,41.55
21,96,7.96,14,40.72
35,86,9.7,10,36.8
52,138,5.55,9,28.4
34,106,5.66,10,30.38
41,115,6.67,13,38.23
27,98,8.21,12,38.24
56,94,5.73,1,12.95
41,149,5.65,1,12.26
32,136,8.96,13,41.42
35,148,8.97,6,27.24
35,132,8.4,9,32.7
37,148,7.05,5,23.02
54,81,7.87,10,34.28
55,97,8.08,12,37.51
59,111,8.4,11,36.83
58,108,6.17,13,38.37
34,128,7.58,11,34.65
25,159,9.99,13,43.02
50,154,5.88,10,30.93
24,139,5.39,0,10.52
35,107,5.35,9,28.0
59,106,8.34,13,40.11
55,87,9.07,1,17.36
30,151,6.19,4,18.63
22,102,5.17,10,29.97
44,111,8.57,1,17.55
48,94,8.74,9,33.23
42,147,6.32,2,14.91
52,119,5.07,0,10.31
51,136,9.0,12,39.3
39,126,6.81,10,31.74
41,89,7.6,1,15.04
23,135,9.5,1,18.4
26,131,6.03,0,10.61
52,142,5.65,8,26.47
22,130,7.91,7,27.61
44,158,8.33,5,25.14
47,149,6.97,6,23.95
29,88,5.16,12,32.82
33,120,5.45,8,26.82
34,119,6.34,10,31.6
31,95,6.1,0,11.56
34,104,6.57,5,21.89
36,89,7.69,4,21.56
30,109,5.28,3,16.63
40,88,6.13,11,32.68
36,119,9.0,0,15.17
54,136,5.84,5,21.55
36,125,6.5,10,31.52
34,86,7.29,7,25.72
48,122,5.81,13,37.27
38,127,8.79,8,30.96
46,155,5.14,7,24.47
58,136,7.14,14,41.84
27,96,7.73,1,14.68
54,104,5.62,13,37.02
27,86,8.44,0,14.49
53,134,5.49,13,37.56
55,98,7.78,5,23.76
59,111,9.49,6,28.26
41,111,5.83,12,34.78
48,105,7.85,14,42.43
52,151,9.12,7,30.93
36,101,6.08,9,28.35
30,134,5.09,4,17.39
43,136,5.11,13,35.93
35,87,6.22,4,18.59
26,125,8.58,1,16.43
53,84,6.7,4,19.82
59,91,7.4,8,29.92
32,106,5.29,5,19.33
56,90,9.41,13,42.89
51,115,7.05,3,18.72
30,131,8.94,8,31.18
54,81,5.08,0,9.61
30,153,8.5,11,36.42
31,150,7.51,12,37.18
34,91,6.3,0,11.25
23,134,8.58,6,25.91
53,159,7.45,10,33.33
27,110,8.01,13,40.26
24,111,8.67,5,24.14
59,143,5.45,13,36.81
30,138,8.45,7,28.17
35,104,7.14,3,19.39
36,148,9.65,12,41.44
58,147,9.39,3,22.44
24,123,8.76,12,39.3
24,122,8.67,11,36.45
56,94,9.42,9,34.8
47,92,8.98,6,27.42
42,148,9.81,11,38.6
42,149,9.32,3,22.77
37,124,6.65,10,32.24
54,104,8.49,3,20.65
52,104,9.33,0,15.54
26,89,9.05,13,40.9
53,141,8.11,5,24.64
28,91,7.52,4,20.36
56,146,5.42,2,14.18
25,108,6.6,14,39.36
25,122,8.03,9,30.77
30,116,7.89,10,33.7
27,148,8.75,5,24.99
32,90,9.38,8,30.83
50,119,7.81,14,41.5
45,142,8.21,12,38.61
48,101,7.13,2,16.34
33,94,5.29,4,17.44
42,88,6.64,3,18.02
38,149,7.7,1,15.59
47,143,7.46,1,16.15
28,85,7.82,2,17.01
26,122,8.13,10,34.21
31,99,5.35,0,10.05
49,122,5.06,8,25.48
25,141,6.14,1,13.94
27,146,7.69,12,37.59
42,131,6.7,2,15.54
24,153,7.91,2,17.42
52,105,8.19,6,25.97
39,110,5.87,11,32.52
53,134,7.94,14,42.11
21,147,9.98,4,24.07
28,136,9.81,2,20.66
52,103,6.77,2,16.86
50,144,6.02,5,21.75
48,105,9.53,12,40.76
52,128,8.76,14,42.94
45,117,6.18,10,30.93
54,115,6.66,4,19.73
53,133,7.15,13,39.37
33,88,6.95,8,27.08
45,121,8.07,12,38.94
59,103,8.62,3,20.29
30,119,9.5,9,33.0
51,87,5.88,14,38.03
31,133,6.83,12,35.95
45,90,8.75,11,36.03
54,156,8.48,11,36.41
40,135,9.49,6,28.78
27,108,8.55,5,24.11
53,121,5.58,2,13.87
55,85,8.6,11,36.68
49,82,5.15,7,23.04
32,153,7.81,11,36.1
25,144,8.35,0,14.64
32,91,9.13,9,33.63
49,115,8.0,14,42.55
55,135,8.18,6,26.15
40,131,5.76,14,38.18
57,111,5.31,8,25.98
21,135,5.51,6,21.63
36,90,6.15,9,28.43
50,80,7.23,0,12.23
29,85,6.96,9,29.52
30,158,6.51,13,37.95
33,153,9.44,13,42.76
40,103,5.44,0,10.49
49,151,5.72,12,34.61
24,103,7.17,9,30.8
48,156,5.65,5,21.73
57,88,5.78,12,33.91
33,138,9.84,6,29.21
23,149,7.47,10,33.1
57,102,5.52,5,19.67
39,96,5.26,11,31.78
48,104,8.67,6,27.57
39,117,6.92,14,40.43
37,82,6.42,13,36.97
38,146,8.44,10,34.86
38,93,8.49,7,29.28
43,89,6.8,12,35.92
29,145,9.75,11,38.7
49,150,7.0,5,22.66
49,93,6.9,9,30.96
22,89,8.89,2,17.89
37,128,9.08,2,20.06
51,141,6.44,12,35.35
48,127,8.45,12,39.06
59,82,8.2,4,22.08
50,126,5.17,3,15.38
55,139,5.98,6,24.22
40,104,5.5,11,32.03
36,86,9.43,11,36.86
54,156,9.78,6,29.21
34,118,9.12,6,26.49
46,122,6.56,8,27.6
40,125,9.3,1,18.46
44,122,5.29,5,19.8
38,108,8.43,3,19.88
29,145,5.62,10,30.16
39,148,5.06,9,28.14
40,106,5.88,5,21.1
50,82,9.82,2,20.48
46,135,8.77,1,17.09
51,143,7.59,13,39.94
55,100,9.68,3,22.09
23,103,7.08,6,24.33
49,99,5.2,5,19.21
26,131,7.97,13,39.25
21,92,9.14,3,21.18
44,149,6.43,0,12.41
58,122,6.59,12,36.01
54,157,8.36,3,21.89
27,116,9.02,10,35.71
31,109,7.17,2,16.31
31,94,5.44,12,33.45
56,154,8.73,12,39.83
40,104,7.13,2,16.05
36,117,9.55,3,23.17
25,122,6.27,4,19.32
44,109,7.32,13,39.67
50,119,8.54,11,36.57
50,138,6.23,8,28.52
59,102,6.13,10,31.38
57,123,8.64,10,35.86
53,80,5.9,10,31.24
40,157,5.6,8,27.47
42,120,6.29,7,25.89
41,141,9.1,10,35.81
57,139,9.32,0,16.79
47,159,5.52,2,14.6
58,89,5.55,8,26.26
55,152,9.19,13,42.54
58,157,9.73,8,32.46
26,145,7.4,5,23.6
52,136,9.25,10,35.97
36,121,9.45,7,29.41
48,133,6.8,14,40.32
36,121,7.52,5,23.68
47,145,7.86,14,42.16
23,149,8.87,8,30.42
41,90,7.3,5,23.56
58,146,7.54,9,31.76
58,90,5.37,14,37.37
50,83,5.27,13,35.24
42,158,8.7,6,26.56
39,158,7.41,8,29.89
51,128,5.45,0,9.88
40,101,6.2,3,16.58
39,116,8.39,9,33.83
22,89,7.52,11,34.4
59,99,8.97,12,39.35
47,152,6.97,5,23.12
28,129,5.58,1,11.21
47,110,6.34,7,26.17
35,123,5.55,11,32.11
32,110,7.4,12,37.12
34,154,7.37,0,13.25
27,120,5.37,11,32.19
37,83,5.96,1,12.22
46,93,9.85,2,20.75
57,125,9.92,11,40.27
40,133,6.71,7,25.31
30,112,5.72,10,31.66
39,109,5.94,4,19.28
38,88,5.41,6,21.58
50,117,5.43,9,27.58
50,122,5.96,14,38.27
45,86,7.35,8,28.17
44,119,8.56,6,27.12
30,141,5.79,5,20.48
22,134,7.08,8,28.58
58,114,5.43,12,34.8
52,122,8.11,14,42.6
55,90,7.15,5,21.95
57,81,9.0,13,41.52
27,158,9.41,3,22.29
27,158,6.22,7,24.71
47,84,7.0,11,33.1
30,119,7.49,5,23.09
53,159,9.98,2,21.67
27,125,9.58,2,20.01
26,100,9.85,2,19.94
26,88,7.32,6,23.24
33,150,10.0,6,29.19
33,106,5.16,2,13.6
22,96,9.84,0,16.09
39,145,5.96,5,21.74
39,105,9.89,5,26.21
58,151,7.27,1,15.57
22,124,7.9,14,41.76
46,134,9.54,1,18.96
26,119,9.92,8,32.21
40,95,5.86,14,38.46
43,111,8.04,10,34.33
35,114,8.46,9,32.37
26,143,8.54,3,21.49
48,143,6.05,0,10.81
55,94,5.35,11,32.14
31,121,6.88,1,14.24
28,129,9.06,12,38.8
44,111,9.85,5,26.77
41,109,7.22,11,34.6
56,103,9.57,7,30.32
27,145,8.61,1,16.28
25,100,5.59,3,15.59
49,121,6.73,9,30.76
36,159,8.72,8,31.55
26,137,7.24,5,21.37
34,81,8.28,8,29.9
22,95,8.8,2,18.91
45,86,9.9,2,20.04
51,134,9.59,5,26.05
33,94,6.72,9,29.76
38,102,9.01,3,21.41
37,148,6.86,2,15.78
48,80,8.23,2,18.42
32,148,5.31,0,10.08
55,92,8.92,13,40.9
42,105,9.96,8,32.72
59,131,7.69,4,22.32
21,92,9.66,14,43.19
57,134,9.36,0,16.01
41,108,5.06,12,34.67
21,97,5.45,14,37.87
24,81,7.18,10,32.05
52,106,6.32,11,32.59
21,129,7.01,5,21.74
33,121,7.55,8,29.48
37,146,7.39,6,24.12
32,89,5.81,6,22.76
27,88,5.74,13,35.27
23,82,7.07,2,16.32
46,117,8.45,0,15.57
51,154,7.96,2,18.95
56,149,5.43,6,22.48
46,148,6.41,6,24.22
23,109,7.07,12,36.53
48,93,6.66,1,13.76
37,81,7.23,1,14.12
58,87,7.19,4,21.3
50,153,9.16,9,34.28
22,97,9.17,7,28.67
28,150,9.7,6,28.06
34,92,7.62,11,35.17
57,125,6.38,5,21.69
55,133,8.46,7,29.46
59,91,8.82,11,37.38
31,119,6.74,12,35.45
35,117,9.12,11,37.18
22,91,8.47,4,21.4
57,146,9.85,12,41.66
52,104,6.73,1,14.27
33,114,9.61,2,20.49
37,95,6.74,5,22.84
35,124,9.33,3,21.87
53,92,6.64,3,17.92
36,103,9.54,14,44.23
33,155,5.08,2,13.2
42,81,7.03,4,19.59
43,89,5.25,12,33.47
56,98,7.04,14,39.84
30,103,7.11,14,40.47
37,140,9.54,5,26.52
50,84,9.0,9,32.83
33,159,6.33,1,13.06
50,113,9.18,2,19.13
50,143,5.91,1,13.74
27,91,8.46,12,37.45
30,138,6.39,0,11.35
55,100,9.83,2,20.47
22,157,9.67,0,16.61
50,126,6.51,13,38.47
39,132,5.15,3,15.52
59,152,8.24,0,15.98
57,118,5.81,13,37.05
23,110,5.59,7,23.85
45,157,9.54,11,38.41
54,125,7.82,5,24.03
42,136,9.67,5,27.17
58,116,6.32,6,24.75
34,106,6.66,6,23.83
59,108,9.68,2,20.24
22,97,7.23,5,22.17
52,83,6.17,2,13.74
23,80,7.08,0,12.33
28,103,6.76,7,25.9
46,121,8.94,9,33.71
52,139,7.06,0,12.48
31,103,5.39,12,32.84
21,135,8.03,12,37.48
35,148,9.44,5,25.91
24,97,9.56,5,25.55
24,144,7.41,2,17.46
48,89,5.07,1,11.68
30,96,8.0,1,16.71
31,137,7.34,3,18.43
43,114,9.71,4,24.7
23,83,9.43,5,25.48
59,123,9.5,3,23.2
59,154,8.91,14,44.88
37,146,6.25,12,34.45
42,107,7.88,0,14.01
47,90,9.23,14,44.5
36,82,8.93,14,42.63
36,82,9.12,10,35.36
23,104,7.39,14,40.67
53,155,6.33,7,25.15
22,91,5.32,3,15.72
59,128,6.39,9,30.77
47,135,5.1,2,14.61
35,132,6.63,7,25.98
27,89,9.76,7,30.4
29,98,6.34,7,26.04
26,126,9.65,2,20.14
32,133,9.86,6,28.19
50,86,5.51,7,24.21
40,118,9.06,3,21.24
40,111,9.74,3,22.81
47,102,6.05,10,32.11
40,129,6.93,1,14.99
27,98,9.19,10,35.55
50,146,5.7,0,11.38
28,104,7.8,0,12.85
22,104,6.21,14,38.91
34,85,8.83,14,42.29
30,94,8.09,0,13.25
38,142,8.09,6,26.37
38,99,9.58,11,37.25
36,122,8.36,2,17.49
25,146,5.74,0,11.7
51,83,5.87,4,18.69
57,85,6.37,5,21.77
40,138,5.19,0,10.42
43,131,6.83,12,36.53
52,98,6.91,11,34.75
37,105,8.55,1,16.77
33,127,6.64,2,16.43
33,134,9.28,2,20.27
37,138,6.92,0,12.86
35,153,10.0,0,17.56
46,117,7.38,3,18.54
48,84,9.44,10,35.81
50,121,6.1,8,27.14
55,114,5.02,2,14.2
42,148,7.57,11,36.2
30,82,7.57,0,13.07
31,120,9.77,2,19.91
58,111,5.98,11,33.16
53,115,5.99,6,22.74
26,109,7.1,6,24.63
57,118,7.59,14,42.34
27,139,8.21,13,39.9
32,135,6.47,8,27.86
27,155,6.32,7,25.94
22,137,9.2,11,37.53
21,105,7.48,12,36.88
43,158,9.66,1,19.36
45,84,8.42,0,14.12
38,135,5.31,4,18.13
27,112,5.54,11,31.93
23,88,9.35,0,16.2
49,111,6.05,14,38.54
30,156,5.84,12,34.45
25,107,9.44,0,16.04
54,102,9.77,7,30.19
28,148,8.26,14,42.3
34,141,5.51,10,30.11
26,127,5.11,8,26.37
21,145,7.99,1,16.15
53,141,5.29,0,9.9
31,148,7.74,13,40.23
44,135,7.01,1,15.24
30,153,5.16,11,31.55
43,115,9.77,0,16.57
36,115,5.04,4,18.13
57,135,6.77,13,38.7
36,86,9.03,10,33.3
51,111,9.87,3,21.97
26,80,5.23,8,23.82
50,137,9.75,9,34.86
57,99,6.68,13,38.19
21,113,5.79,11,32.55
45,130,9.12,14,44.11
41,115,8.21,7,27.83
55,105,5.5,7,24.42
58,112,8.09,11,36.43
25,80,9.08,11,36.72
32,146,7.74,5,24.63
25,129,6.71,4,19.28
29,114,6.07,10,30.97
29,114,8.75,14,42.34
55,138,7.0,2,16.25
21,156,9.16,0,15.07
30,92,8.82,11,36.86
59,101,8.76,4,22.58
56,135,8.97,9,33.29
57,84,7.78,10,34.09
55,122,8.9,0,15.8
37,153,9.39,12,40.89
33,134,6.5,5,21.57
26,94,6.26,12,34.96
57,121,7.29,7,27.27
52,88,7.76,0,13.46
31,150,5.14,13,36.13
37,136,5.91,2,14.36
25,89,5.11,2,12.79
26,143,7.81,2,18.41
30,120,8.86,2,18.78
53,92,9.13,6,28.59
50,95,7.79,5,23.54
41,151,5.21,7,24.66
37,139,7.95,14,41.89
47,110,7.0,8,27.78
23,134,9.24,1,18.02
49,150,7.03,1,14.9
22,113,8.59,7,29.26
49,83,5.97,8,27.08
56,134,9.62,2,20.68
54,145,6.48,12,36.68
57,138,5.03,3,15.24
21,120,5.41,0,9.81
46,145,6.15,7,26.07
21,126,5.83,7,24.2
24,106,5.95,7,24.21
59,158,7.9,11,35.68
34,100,7.37,10,33.45
38,90,8.56,1,16.51
54,101,8.95,7,29.69
21,102,7.58,8,29.09
42,144,7.96,13,40.47
36,138,8.88,3,21.76
42,155,5.45,4,19.12
36,149,7.17,11,35.22
48,107,7.64,11,34.96
48,104,7.99,6,25.58
42,80,7.71,3,18.96
26,111,6.75,7,25.38
45,108,6.44,10,31.99
22,99,7.2,4,20.05
27,125,5.33,14,38.16
37,156,7.36,0,12.91
55,136,9.83,8,34.06
40,91,5.27,7,23.29
22,151,5.76,3,16.42
27,118,8.15,3,20.53
52,87,8.54,10,34.82
39,107,7.38,2,16.74
32,110,9.58,6,28.07
29,94,7.41,5,22.7
47,139,5.55,11,32.41
34,118,7.39,1,14.55
22,159,7.57,13,39.47
41,100,7.14,12,35.67
24,87,9.57,11,36.69
41,121,7.4,10,32.62
42,138,8.46,8,31.16
22,158,7.54,9,31.27
37,157,8.63,0,16.23
39,99,5.54,4,18.94
44,140,9.72,4,24.38
40,90,8.06,11,35.11
58,111,6.54,14,39.48
32,83,6.17,2,15.38
45,108,8.69,2,19.81
43,84,6.34,4,19.76
54,155,7.24,12,37.52
52,118,8.08,14,42.26
44,102,9.29,7,29.85
45,95,9.15,9,33.55
23,129,8.34,9,31.98
45,90,6.32,13,37.49
48,151,5.81,10,30.67
32,127,7.73,2,17.65
46,113,9.41,9,34.14
28,100,7.04,9,30.69
25,142,8.68,1,17.45
31,96,9.16,5,24.95
55,113,6.31,12,35.41
47,130,9.82,12,41.56
58,146,6.28,8,28.18
39,103,7.95,5,24.1
52,101,8.34,1,16.46
48,89,7.77,1,14.68
56,84,8.11,3,20.54
38,110,6.06,5,20.9
30,103,5.72,7,24.69
52,90,5.08,13,35.72
38,130,8.04,4,22.92
32,127,9.62,11,39.13
28,157,8.4,12,38.23
53,83,8.26,1,15.93
58,87,7.66,12,37.71
34,86,8.09,6,25.9
22,111,8.62,9,31.87
29,101,5.76,10,30.6
25,115,8.65,7,28.98
54,108,5.78,8,26.49
39,147,6.47,7,26.77
27,140,6.7,4,19.56
59,132,6.43,5,22.76
37,151,7.62,9,31.28
46,94,7.78,14,42.28
47,127,9.1,8,30.47
48,133,7.89,2,18.75
40,147,9.98,10,38.1
26,148,8.47,3,21.05
28,143,8.65,9,32.41
52,145,9.99,1,19.62
39,129,6.17,0,10.71
52,151,8.23,6,26.93
39,126,9.44,14,44.24
44,147,9.84,13,43.36
44,92,7.23,14,40.5
37,93,7.15,11,33.61
38,88,5.47,5,20.04
32,107,9.52,10,35.72
43,117,9.68,4,23.78
38,91,9.42,3,21.77
36,92,6.13,3,17.22
36,100,6.51,13,37.75
56,134,9.74,0,16.93
43,117,8.07,6,26.2
42,131,8.16,14,42.86
59,105,7.09,7,26.1
53,101,8.08,11,36.39
44,130,5.8,14,38.46
40,151,9.75,8,32.99
53,116,9.73,9,35.87
51,124,9.29,8,33.11
28,156,6.28,1,13.46
30,116,9.38,9,34.33
21,93,8.5,7,27.56
41,97,6.23,3,17.31
45,86,9.18,5,25.34
52,153,5.45,9,29.07
30,139,8.59,6,26.41
29,137,9.99,3,23.02
40,134,7.16,1,15.35
40,113,8.11,5,23.13
27,124,6.08,1,13.69
31,82,7.33,14,40.21
41,119,5.54,9,27.41
58,155,8.48,9,33.73
39,132,8.86,12,38.82
35,110,7.94,14,40.97
26,102,8.71,14,41.91
30,151,8.45,3,20.91
36,144,9.61,13,42.61
31,134,7.39,2,17.11
55,158,7.69,5,24.1
28,91,6.86,6,23.45
48,80,6.76,9,30.23
23,90,9.09,6,27.1
22,130,9.64,13,41.28
34,145,6.55,4,19.73
49,124,7.1,6,24.11
23,151,6.76,13,38.33
21,110,9.27,2,19.73
35,132,9.74,14,43.83
40,124,9.51,2,20.05
42,146,5.07,12,33.61
54,120,5.86,13,37.13
53,107,9.48,14,45.03
29,141,7.63,2,17.16
23,81,6.89,11,34.34
22,151,7.03,14,40.44
24,144,9.12,2,19.1
36,100,9.06,11,37.22
53,94,9.14,2,20.11
29,134,9.24,10,35.08
58,87,5.35,7,24.35
38,99,8.78,9,32.41
36,156,8.05,10,34.84
28,143,6.27,9,29.68
43,118,7.96,11,35.69
56,86,8.42,10,34.91
23,136,7.86,1,16.0
35,154,6.76,4,20.25
58,110,6.22,12,35.31
53,113,5.43,7,24.43
38,154,5.28,14,37.81
43,130,6.76,11,34.61
23,135,6.18,10,31.54
50,108,7.47,13,39.32
37,142,7.82,2,17.57
52,112,6.9,11,34.59
27,124,6.9,14,39.49
59,85,8.74,0,15.2
34,116,5.03,6,22.12
35,132,9.99,0,17.22
32,81,7.2,12,35.63
28,136,7.94,14,42.17
36,130,6.22,12,34.88
54,118,6.05,9,29.01
44,101,8.36,6,26.02
49,158,9.86,13,43.1
36,122,9.54,8,32.04
25,117,9.66,11,37.8
25,143,7.54,11,34.99
50,116,6.79,14,40.6
25,117,8.83,6,27.01
33,150,7.71,8,29.63
55,110,9.07,11,37.8
45,123,8.49,6,27.84
34,93,6.82,10,31.37
46,131,5.34,7,24.32
38,146,6.47,6,23.72
40,84,9.15,13,41.15
54,121,7.31,4,20.64
27,86,9.11,4,22.8
30,97,8.49,14,42.39
35,136,6.54,8,27.45
37,153,7.21,7,26.23
31,123,8.28,14,42.58
54,140,9.39,6,27.98
47,142,5.2,1,13.11
41,111,9.96,5,27.43
51,107,7.04,5,23.09
24,83,5.65,7,23.86
37,94,6.66,2,15.54
40,81,8.98,8,31.58
45,102,7.87,1,16.01
43,138,5.55,5,20.45
35,102,6.94,4,19.39
53,105,5.28,5,19.76
39,113,5.33,13,36.69
35,92,6.1,0,11.63
25,119,6.76,12,35.88
36,130,8.47,12,38.5
52,89,5.09,6,21.48
42,118,6.58,6,24.06
52,83,6.79,1,13.86
33,131,6.55,8,27.26
58,135,5.71,5,21.13
46,106,9.3,12,39.81
37,87,6.61,12,35.87
25,132,9.22,0,15.02
53,92,5.95,4,19.03
47,125,8.61,9,33.72
25,115,6.0,13,36.36
57,122,6.71,12,36.05
27,114,8.39,6,26.25
38,130,7.74,9,31.63
51,142,6.33,11,33.93
26,147,9.41,14,43.92
22,92,7.36,12,36.19
33,126,8.94,7,29.99
31,85,9.31,3,20.92
46,97,7.25,8,29.15
41,87,6.67,11,34.19
22,120,7.77,4,20.86
40,140,5.41,2,13.92
37,99,8.42,0,14.32
36,135,8.77,8,31.28
25,81,5.53,2,13.27
34,145,6.48,14,39.6
44,111,8.84,10,34.93
24,101,6.58,9,29.52
44,120,8.07,2,18.49
29,89,8.01,6,25.47
23,118,6.3,11,32.75
29,124,8.83,2,19.23
38,84,7.47,11,35.65
56,91,5.6,5,20.16
39,111,5.51,4,18.04
44,119,9.59,14,44.2
24,97,6.91,8,28.35
29,153,7.77,13,39.74
53,143,8.2,7,27.78
21,80,8.62,1,15.83
55,132,7.07,1,14.76
30,121,7.44,0,13.13
32,117,8.65,0,14.81
38,96,8.29,10,33.73
34,141,8.09,0,14.17
30,107,6.94,5,22.0
30,101,9.83,6,28.67
38,125,5.92,8,26.97
44,117,5.58,0,9.98
21,111,6.43,3,16.54
50,134,6.26,11,33.65
35,88,9.8,6,27.53
28,129,5.04,6,21.67
55,116,9.4,12,40.61
38,144,7.03,14,41.53
36,158,7.84,2,18.3
41,123,8.47,4,22.81
35,139,5.22,10,29.54
25,108,7.59,7,26.69
27,142,5.2,13,35.73
27,155,5.49,4,17.94
47,105,8.14,1,15.19
45,124,6.37,7,26.07
42,114,5.71,1,12.35
33,157,5.25,11,32.06
37,86,9.02,1,17.14
33,146,8.17,5,25.03
46,132,5.16,11,30.88
29,120,8.17,9,31.75
25,83,5.52,8,25.95
59,81,6.64,4,20.29
53,114,8.3,1,16.16
24,112,6.42,6,23.5
48,129,8.79,10,34.57
46,92,7.59,6,25.62
24,86,6.25,4,18.43
36,118,7.78,4,22.31
57,128,5.17,5,20.68
42,82,7.19,4,20.88
56,96,6.63,8,28.4
58,104,7.09,4,20.28
55,93,8.06,14,42.03
45,84,7.12,7,26.68
28,150,7.77,14,41.4
37,112,5.56,3,16.12
38,130,6.55,8,26.85
32,96,7.11,14,40.22
53,140,5.27,11,31.96
43,110,9.74,5,26.43
32,94,9.53,13,42.47
31,119,6.67,2,16.58
33,144,8.14,7,27.24
55,99,7.37,7,26.59
47,113,7.81,9,32.19
45,144,5.61,0,10.46
23,111,7.71,7,27.12
45,101,6.27,14,39.15
30,141,8.06,2,18.39
37,124,8.84,13,40.48
23,90,9.51,11,38.29
42,112,5.17,14,37.39
58,117,7.62,4,21.41
34,144,7.04,0,12.18
47,142,6.12,9,30.14
40,117,6.32,4,18.69
38,152,9.12,1,18.38
33,92,8.69,5,24.71
26,127,9.52,5,26.03
30,103,8.92,1,16.82
57,115,5.28,11,32.12
49,99,5.56,12,34.28
26,122,8.4,3,20.84
59,136,8.29,6,27.15
31,144,9.46,7,30.42
45,139,7.63,14,41.93
50,122,7.88,8,29.88
40,144,7.61,0,13.63
57,125,8.4,6,27.35
36,141,6.98,10,32.69
51,149,8.07,14,43.38
49,105,7.45,6,25.52
26,108,9.73,11,37.47
49,120,7.1,13,39.61
52,94,5.64,3,17.02
29,98,9.11,12,38.59
57,152,7.52,8,30.64
43,138,5.8,2,15.11
36,107,9.64,14,43.5
38,94,5.61,8,26.42
39,137,5.34,5,20.05
22,132,6.34,3,16.97
30,121,8.27,10,33.72
32,107,5.56,7,24.13
38,152,9.84,1,19.5
39,98,7.68,7,27.74
58,150,7.87,13,40.47
57,156,9.75,14,45.32
47,81,7.34,0,13.05
34,97,8.48,14,42.92
54,119,5.18,11,31.79
22,132,5.18,11,30.94
53,87,8.72,2,18.75
39,88,9.69,11,37.16
47,156,8.62,2,18.96
50,100,5.77,7,25.09
27,123,9.14,6,27.33
47,139,7.96,10,34.66
41,150,5.33,12,34.89
27,110,6.93,0,12.27
45,92,8.87,2,19.99
58,124,6.03,11,34.16
38,81,9.12,1,17.88
53,113,7.87,12,38.35
53,148,7.25,5,24.1
52,145,5.01,7,24.0
45,141,6.3,14,40.56
34,126,9.09,10,35.86
58,81,5.53,0,10.02
58,151,7.54,6,25.91
24,116,5.16,6,20.94
38,159,6.3,6,23.75
30,142,5.83,12,34.45
55,135,7.08,2,17.09
55,125,7.98,1,16.93
43,142,7.19,12,36.68
45,87,9.1,0,15.61
21,134,5.85,14,38.12
38,122,8.1,1,16.18
35,102,9.3,3,20.96
45,95,8.0,9,31.04
52,131,7.25,3,19.67
40,133,8.68,8,30.68
37,155,5.46,5,20.89
31,116,9.83,7,31.27
33,146,6.69,2,15.55
45,97,6.0,5,21.17
40,138,9.8,1,18.39
45,80,5.03,7,23.88
51,98,8.94,0,15.8
21,92,7.1,9,30.12
36,112,9.05,2,20.32
48,101,9.3,14,44.38
41,106,6.58,12,35.77
50,129,9.45,9,34.85
23,156,9.95,5,27.19
54,151,9.74,14,45.04
26,132,7.64,10,33.64
49,139,6.0,5,22.02
23,129,9.04,6,27.09
53,145,9.71,13,43.74
31,103,9.81,2,20.47
25,148,9.36,7,28.86
52,87,6.07,6,22.56
38,99,8.23,5,24.33
40,145,9.61,7,30.94
59,149,7.44,4,22.17
48,138,9.08,9,33.85
33,159,5.52,9,29.69
46,126,8.86,5,26.04
36,115,5.32,5,20.24
45,81,7.76,2,17.33
30,143,7.14,1,13.88
49,157,5.92,12,36.34
58,117,7.19,6,24.88
40,105,8.6,9,32.89
46,99,8.81,5,25.71
52,83,9.61,1,18.43
59,144,8.49,3,21.81
58,93,9.98,2,20.45
44,114,6.43,2,15.39
51,131,5.77,14,39.28
32,102,5.49,7,23.92
56,99,7.92,11,36.08
30,106,6.73,1,13.18
26,120,6.02,13,37.32
27,157,6.06,6,23.38
51,115,6.73,1,14.57
47,83,8.43,6,26.23
28,105,8.01,12,38.1
23,119,8.96,8,30.57
41,159,6.59,14,40.48
21,153,8.57,8,30.47
35,145,9.35,10,35.53
27,152,9.19,3,21.38
35,82,8.3,4,22.1
45,143,9.25,7,30.67
23,108,5.44,9,27.04
50,133,7.39,13,40.99
34,86,6.4,6,23.09
24,104,7.45,3,18.65
56,103,5.63,12,34.31
23,122,5.55,1,11.62
25,85,5.55,1,11.29
45,94,5.46,5,20.78
51,158,7.44,8,29.9
31,119,5.6,1,11.75
28,140,9.2,10,36.11
46,100,6.43,4,19.96
22,137,9.79,2,21.23
48,111,7.84,3,18.89
30,91,8.17,11,36.21
59,88,8.11,1,17.0
57,99,6.67,12,35.85
59,94,9.35,5,27.49
41,156,9.96,1,19.55
48,87,5.81,2,14.09
58,100,7.46,8,29.31
53,124,7.52,14,41.72
31,119,8.91,14,43.59
21,85,7.15,10,31.01
53,90,8.39,14,42.9
23,143,6.79,5,22.41
46,121,5.31,12,33.71
35,138,7.3,10,33.6
34,87,8.77,9,32.5
43,151,8.24,5,24.51
28,134,7.63,0,13.86
56,118,9.57,4,24.42
40,130,7.41,6,25.48
26,134,6.81,10,32.08
53,155,6.98,13,39.46
48,82,8.62,4,22.71
58,122,6.64,8,27.97
50,124,8.2,9,31.91
37,159,6.93,11,34.72
29,95,7.88,14,41.43
48,84,6.15,8,27.48
27,119,5.99,1,13.08
48,155,7.7,7,28.08
37,146,6.34,8,27.45
25,124,5.49,3,15.45
25,82,6.32,11,32.58
34,110,6.98,12,36.58
26,103,6.59,1,14.04
27,108,8.04,8,28.66
37,134,6.79,14,40.0
29,112,5.96,3,16.06
51,130,9.55,1,19.08
42,159,7.89,3,20.36
29,153,6.14,5,21.2
36,109,6.66,4,18.95
56,140,7.85,10,34.27
54,139,5.65,5,20.19
33,114,6.92,9,30.5
39,86,5.93,7,24.44
32,85,6.82,11,33.96
56,94,7.18,8,30.05
30,145,7.75,7,27.28
36,96,5.11,7,23.29
48,98,8.46,5,23.95
39,93,9.56,12,40.09
26,128,6.51,14,38.97
24,130,5.52,12,33.46
50,113,9.51,0,16.37
59,100,7.13,2,16.98
51,127,8.44,12,37.91
47,146,8.07,4,21.93
41,137,9.28,9,33.34
57,157,7.44,0,13.91
29,100,8.51,12,37.95
55,106,5.23,0,10.53
41,150,5.05,6,21.99
37,108,8.89,10,35.64
44,88,8.85,1,17.22
51,158,5.76,4,20.24
26,123,8.09,13,39.7
55,107,6.67,3,17.46
57,117,5.98,7,24.65
33,94,9.69,10,36.55
45,94,9.67,11,38.31
52,109,8.38,14,42.75
21,111,9.97,10,36.9
55,119,5.88,0,11.66
39,155,9.14,8,31.27
32,81,7.81,8,28.42
40,101,5.91,3,16.56
53,105,8.12,1,16.06
49,119,9.96,6,28.89
36,87,6.11,4,18.95
34,115,7.34,1,14.35
27,105,5.49,11,32.02
26,86,6.32,12,35.03
41,80,6.48,5,20.3
56,111,7.87,7,27.64
42,157,5.33,5,19.53
39,88,9.42,14,43.36
45,138,9.8,6,29.22
23,123,8.4,8,29.78
56,144,8.35,12,39.17
54,100,6.5,2,15.7
31,99,9.46,8,31.19
47,128,9.1,9,33.82
22,112,5.59,3,15.67
26,97,8.58,10,34.42
22,120,5.63,6,21.41
37,96,6.18,2,14.92
34,92,9.1,4,23.37
30,122,7.38,4,21.93
53,152,7.27,7,26.99
32,144,6.27,10,31.33
52,102,8.09,4,23.4
44,119,5.71,14,38.79
34,113,8.99,6,26.61
25,115,7.67,3,18.04
25,129,9.23,5,25.8
52,157,7.47,13,39.54
53,109,6.47,9,29.52
24,119,5.06,10,29.52
50,91,7.06,13,38.12
37,80,9.73,3,22.15
23,95,9.18,4,23.68
33,129,9.99,11,39.05
56,122,5.78,14,39.67
38,139,8.19,14,41.95
43,84,5.67,6,21.98
55,100,9.53,10,36.62
53,144,6.74,5,22.3
56,100,9.47,13,42.53
37,150,6.02,10,31.47
59,144,5.8,14,40.0
54,102,5.89,10,31.54
32,139,8.9,14,43.87
25,81,9.32,3,20.88
47,113,5.2,14,38.57
33,136,5.74,9,28.37
46,95,5.02,14,37.6
34,153,5.3,12,35.49
52,127,5.45,10,30.98
31,104,6.47,10,31.46
58,147,6.06,5,20.59
36,111,8.31,4,23.22
42,124,9.99,11,39.74
36,119,8.3,9,32.1
33,92,5.0,0,9.18
32,84,5.65,12,33.68
38,96,5.55,6,22.11
49,150,7.09,13,39.41
38,89,6.39,9,29.72
22,138,9.82,10,36.37
22,114,5.85,13,36.96
23,102,8.33,10,33.33
49,135,5.82,14,38.94
28,95,7.71,12,36.89
31,131,5.12,7,23.05
32,106,5.24,12,33.8
52,94,5.16,2,13.38
24,141,5.78,4,18.4
29,85,5.02,14,36.65
44,103,7.46,1,15.04
36,84,6.94,0,11.69
37,150,5.31,0,9.62
42,132,5.39,10,30.93
27,110,8.87,5,25.63
30,114,5.12,7,23.73
49,98,9.6,0,17.34
56,113,6.85,8,29.13
44,80,5.72,7,24.68
34,120,9.3,2,19.39
34,132,6.77,11,33.56
45,159,7.86,5,24.33
42,143,7.47,14,41.54
43,119,7.99,4,21.11
52,141,5.89,5,20.91
46,134,6.98,6,25.04
47,90,6.48,5,20.87
32,131,8.88,2,19.66
39,105,8.92,0,15.02
39,153,9.97,7,31.28
54,127,9.99,3,23.0
52,124,5.48,6,22.81
49,112,7.32,4,21.53
41,143,8.74,12,39.32
55,157,8.36,14,43.5
25,88,7.43,9,30.35
32,157,5.5,4,19.51
27,81,7.34,2,16.06
22,154,9.78,5,26.73
45,93,7.19,13,39.07
30,115,5.14,5,19.9
58,114,7.01,10,31.97
26,143,7.34,14,40.89
47,104,8.7,7,29.13
55,88,6.14,3,16.71
30,156,7.91,5,23.73
29,122,5.87,14,39.31
40,89,8.08,5,23.34
57,136,7.61,1,15.19
55,112,9.3,1,19.22
57,88,7.31,0,13.28
28,133,6.43,9,29.17
51,92,7.66,13,40.14
36,103,7.8,0,13.38
48,141,5.46,14,38.66
26,119,7.85,9,31.14
52,138,8.47,7,30.46
48,135,9.42,10,37.21
31,143,6.07,14,38.71
43,139,7.28,13,39.08
50,102,5.29,0,9.99
29,106,5.82,10,29.81
48,140,9.63,1,18.47
44,123,9.69,2,20.51
48,136,5.21,8,26.36
44,122,7.67,10,33.01
35,141,5.69,4,18.08
59,105,8.52,1,16.57
53,154,8.12,2,19.23
54,143,7.58,12,37.29
42,148,7.6,2,18.17
49,103,8.08,7,26.72
54,152,7.2,2,17.31
30,153,8.66,10,33.86
50,90,8.56,14,42.63
31,146,6.69,0,12.36
54,132,8.6,2,19.18
41,122,6.71,5,22.23
33,106,7.94,6,25.35
45,80,6.06,1,13.02
41,128,6.58,3,18.21
21,127,6.09,6,22.5
25,159,9.94,5,27.45
42,158,8.06,7,28.56
27,132,8.37,7,28.42
33,90,8.19,10,34.02
43,88,5.14,2,13.69
41,140,8.59,14,43.16
26,101,8.89,12,39.2
40,150,6.7,13,39.08
32,123,7.93,5,23.6
29,109,5.14,7,22.87
48,139,6.06,9,30.06
31,134,5.96,5,20.67
52,118,6.28,12,36.1
31,120,6.91,0,12.95
44,88,6.09,0,11.36
35,80,6.14,9,28.67
55,82,9.78,13,42.29
37,148,6.27,11,34.34
45,90,7.83,3,19.95
55,83,8.21,3,20.0
39,112,6.55,13,38.68
51,112,5.34,6,21.38
37,124,7.37,12,36.78
43,99,9.95,4,25.17
21,116,6.43,14,38.97
30,100,5.02,8,24.83
28,137,8.98,3,21.75
46,130,6.26,4,19.13
54,150,9.25,9,34.62
39,95,6.28,10,30.63
34,115,9.36,12,39.72
28,129,9.57,5,26.29
21,154,7.9,2,18.06
45,127,9.17,14,43.32
44,108,9.33,12,39.5
40,121,6.75,13,38.17
50,138,8.29,4,22.65
25,134,8.02,6,26.67
23,153,7.14,11,35.2
52,146,8.78,2,19.84
37,101,7.36,6,24.58
25,81,6.34,5,21.09
31,87,6.39,9,29.55
58,120,5.0,1,11.99
24,90,5.38,7,23.42
59,103,5.71,1,13.32
39,105,8.54,1,16.43
59,114,5.58,9,28.47
43,84,6.1,8,27.11
37,94,7.38,3,18.87
33,93,6.68,1,13.86
47,116,8.91,5,24.86
21,97,5.51,12,33.48
22,155,9.91,14,45.06
38,146,9.13,10,36.18
56,125,7.49,10,34.19
53,147,5.63,6,23.16
56,136,5.48,3,17.03
22,119,5.79,1,11.66
24,124,5.9,5,20.13
36,95,8.77,0,15.26
24,141,9.86,14,45.02
29,102,8.78,13,40.02
41,152,8.84,7,29.27
43,130,9.73,8,33.38
22,80,5.49,7,23.81
23,156,5.5,13,36.15
43,124,9.48,1,18.53
46,83,7.76,3,19.44
27,134,6.24,10,30.98
56,89,6.0,7,24.7
53,109,8.03,9,33.04
56,93,8.18,13,40.03
24,109,8.79,10,34.86
43,84,8.23,2,17.15
45,94,8.6,13,41.97
46,96,8.57,11,37.73
48,127,5.26,6,21.7
48,155,8.56,7,29.91
41,104,5.8,13,37.17
30,98,7.5,3,18.57
47,138,6.26,14,40.07
35,132,8.4,13,39.99
37,118,6.51,11,33.74
59,84,9.56,4,24.65
55,119,5.24,10,30.29
25,137,7.36,12,37.02
36,157,7.14,1,14.79
43,85,5.96,13,36.77
59,98,5.35,6,22.51
29,147,6.13,14,38.57
53,103,5.65,12,34.57
55,98,5.93,8,27.42
44,138,9.29,10,37.4
44,140,8.62,6,28.39
44,111,5.71,10,30.3
39,124,9.51,13,42.52
59,114,9.44,4,24.67
45,133,6.26,13,36.59
51,81,5.24,10,29.33
58,153,8.47,1,16.69
45,124,7.91,7,27.87
47,112,6.88,3,18.43
52,102,5.24,12,33.75
31,115,5.65,2,14.21
25,148,8.01,3,19.72
53,159,8.36,14,43.28
39,150,6.03,0,11.29
36,88,7.24,8,27.92
55,128,9.37,13,43.67
31,105,6.2,6,23.13
31,106,9.38,7,30.21
30,120,6.44,4,19.06
54,151,9.29,14,44.31
25,85,7.89,3,19.04
43,145,8.77,13,42.06
45,140,6.7,8,28.0
49,146,5.7,4,18.7
33,145,5.74,6,22.03
52,156,5.82,6,23.87
54,122,6.01,4,18.51
32,104,9.41,7,28.71
44,141,7.45,0,13.66
41,92,6.1,10,30.48
49,103,8.14,1,16.5
43,138,5.42,14,38.42
53,156,5.92,10,30.93
28,117,7.77,1,15.08
33,87,7.42,3,18.24
25,137,6.11,13,36.66
30,109,5.24,14,36.76
34,98,8.01,8,29.51
44,109,9.43,4,24.47
31,134,8.84,13,42.37
23,125,6.01,14,38.54
49,117,8.49,2,18.9
50,96,6.16,14,38.97
57,159,8.82,5,25.64
27,138,8.78,5,24.75
37,116,6.11,11,33.1
40,134,5.1,14,38.39
31,85,7.61,5,22.96
45,145,8.16,2,18.5
44,148,6.37,13,38.14
22,121,7.09,12,36.12
47,144,7.29,4,21.26
39,159,8.64,12,39.84
49,89,5.97,11,33.42
57,119,5.46,5,20.23
31,131,6.35,7,25.86
39,103,7.49,3,18.86
48,138,5.69,3,16.14
59,100,6.14,8,27.88
41,131,7.48,0,13.17
46,158,8.61,8,31.75
42,84,5.13,6,20.55
26,115,7.85,9,31.41
31,101,6.92,8,27.62
34,87,7.81,10,33.97
56,131,8.2,2,18.58
22,80,5.18,7,23.43
40,107,7.69,4,21.58
42,110,9.73,7,30.27
59,132,7.11,14,41.64
24,103,9.56,0,15.8
49,124,9.86,13,43.26
44,86,8.1,8,30.03
21,81,7.59,6,24.82
44,152,8.86,12,39.91
50,142,8.95,1,18.19
32,120,8.12,2,18.27
39,102,5.0,6,21.35
57,129,8.26,8,31.09
24,153,9.41,11,38.2
35,112,5.34,4,18.03
40,122,6.49,10,30.08
40,134,9.28,10,35.36
41,130,8.13,1,16.71
30,116,5.57,4,18.17
50,142,7.98,5,23.56
44,146,8.09,10,34.47
58,124,5.55,0,10.81
23,150,5.86,10,31.35
49,128,7.92,6,26.17
28,80,7.06,2,16.6
49,133,6.16,5,21.83
30,115,8.14,11,35.79
25,144,5.55,7,23.8
31,120,5.57,5,20.15
24,129,5.05,2,13.6
55,128,8.27,3,21.37
32,126,9.66,12,40.48
41,89,5.1,3,15.36
36,123,7.01,13,37.54
34,123,5.88,10,31.17
41,83,8.23,14,42.52
47,143,7.24,2,17.07
56,99,7.95,3,20.4
21,133,9.2,14,43.39
21,158,7.84,1,15.68
42,120,7.68,5,23.59
35,109,5.72,2,13.94
40,150,7.31,13,40.19
23,120,8.14,11,35.4
34,87,8.53,9,31.83
29,150,5.41,12,34.58
39,148,8.42,10,35.0
54,111,5.98,4,19.06
24,159,8.31,3,20.31
53,119,6.4,13,37.76
57,141,7.95,5,24.06
22,106,5.78,11,33.16
47,118,9.8,3,22.32
37,112,8.5,14,42.05
51,145,6.27,5,22.04
26,158,9.16,9,34.83
51,150,9.78,5,28.0
23,92,7.71,10,33.41
23,108,6.74,14,39.63
53,147,5.95,13,37.54
33,89,8.09,5,22.61
41,155,6.25,9,30.8
57,137,9.43,12,41.05
36,106,6.36,5,22.37
41,137,5.53,14,38.58
33,149,9.94,5,27.34
24,124,6.94,1,14.64
51,129,8.28,2,17.72
29,127,6.33,12,35.2
53,122,6.25,1,13.83
57,93,7.15,3,19.83
57,123,9.24,14,44.88
44,107,7.82,5,24.11
45,140,7.62,1,15.83
49,117,6.93,9,30.48
56,150,6.24,11,33.37
35,154,8.81,6,27.89
38,112,5.08,13,35.37
40,146,9.69,10,36.67
25,101,8.85,11,37.02
38,92,6.6,3,17.33
21,85,9.19,5,25.67
39,143,6.7,10,32.26
43,133,6.59,0,11.8
46,122,6.54,1,13.99
49,134,7.01,7,27.2
54,107,9.13,6,27.49
39,137,6.3,3,17.39
38,94,8.1,5,24.21
22,103,5.83,2,14.63
47,141,9.95,7,30.66
26,144,6.11,10,31.26
59,105,9.16,6,28.53
26,140,6.17,8,25.83
26,80,7.24,4,20.7
51,125,6.3,1,14.63
50,80,8.69,2,19.0
41,130,8.31,5,24.12
38,115,5.59,0,10.39
43,148,9.01,1,17.84
58,148,9.49,0,16.1
43,145,5.33,12,33.25
48,154,5.49,11,32.2
56,109,5.3,9,27.13
45,87,6.3,2,14.93
27,81,9.69,7,29.44
38,104,5.95,3,16.34
40,98,9.81,10,36.23
25,150,6.51,11,33.98
38,93,8.87,6,26.93
53,83,7.96,8,28.97
35,125,6.11,13,37.14
55,112,9.31,10,36.89
21,116,5.22,4,17.93
41,109,5.05,3,15.51
28,157,7.18,14,41.09
27,106,7.1,8,29.69
50,92,8.29,9,32.22
58,150,5.16,4,18.57
55,117,8.41,8,31.06
22,131,7.73,9,30.9
28,152,6.64,3,18.47
58,145,7.38,9,31.04
24,119,5.33,9,27.16
57,117,7.22,8,28.95
41,120,7.73,9,31.16
33,84,8.22,12,37.85
29,143,5.04,6,21.16
49,135,8.84,10,35.85
44,128,6.5,13,37.89
36,138,6.79,8,28.34
32,118,8.75,3,20.79
22,159,9.92,9,35.28
39,134,7.72,12,36.86
50,154,5.53,6,22.45
36,157,8.16,2,18.7
44,143,10.0,9,34.69
33,82,5.01,10,28.71
25,87,5.26,2,13.65
43,158,7.22,9,31.75
58,152,5.07,9,27.96
51,95,6.65,2,16.44
37,105,6.07,2,15.0
23,111,7.99,9,31.23
46,87,6.09,12,35.02
33,139,6.49,3,18.68
58,153,9.69,9,35.8
42,91,8.26,9,32.17
41,155,8.89,11,38.41
49,138,7.68,1,16.35
59,138,5.54,5,20.07
25,153,7.22,8,28.35
34,113,6.06,6,22.29
38,109,6.32,11,32.87
24,123,9.21,4,22.94
53,117,9.47,1,18.26
59,104,6.12,9,29.59
40,103,7.22,12,36.44
33,140,9.85,4,24.63
56,88,8.06,14,42.3
24,127,9.04,12,39.58
55,131,7.7,8,29.9
28,149,7.44,0,13.31
56,143,8.62,9,32.29
26,115,6.6,5,21.82
42,99,8.21,3,20.31
26,129,7.59,5,23.95
56,91,8.63,3,21.19
29,86,5.69,14,38.29
36,119,8.38,10,33.52
59,121,8.19,2,18.06
58,146,9.52,1,19.06
53,129,6.88,12,36.83
38,120,9.27,10,35.59
32,103,5.17,10,28.96
47,148,6.41,8,27.87
21,92,5.47,12,32.76
35,113,6.25,1,12.72
47,82,6.69,4,20.09
36,152,8.1,6,25.61
41,82,5.32,6,22.13
21,103,6.05,1,12.54
49,153,8.63,1,17.65
23,114,8.44,0,14.16
32,99,7.89,13,39.43
48,123,8.52,10,34.45
59,155,8.61,7,30.26
57,127,6.04,1,13.6
51,122,7.66,9,32.76
51,155,8.58,9,33.92
53,147,8.34,1,16.79
53,151,7.35,12,36.96
31,150,7.15,12,37.12
49,134,6.27,8,27.94
45,105,6.93,6,23.82
33,110,8.31,3,20.07
39,133,6.98,10,32.25
56,135,7.86,13,40.08
48,135,9.72,6,28.88
24,132,5.24,9,27.48
23,151,8.77,7,29.71
58,140,8.64,3,21.18
57,113,7.52,5,23.16
45,125,5.73,3,16.46
55,159,6.78,3,19.37
49,153,6.55,9,30.79
49,129,8.56,2,19.49
32,148,7.51,7,27.23
55,90,6.76,10,31.89
40,154,8.21,9,32.94
37,97,6.29,0,10.87
32,110,8.21,0,14.35
56,141,9.88,11,39.59
30,102,6.03,1,12.68
38,132,5.49,13,38.15
50,141,9.64,0,16.88
28,153,6.79,4,21.14
33,96,8.33,7,28.73
51,120,6.74,7,26.35
26,87,9.15,10,34.94
27,110,7.45,12,36.23
41,128,6.56,13,38.27
58,136,9.09,7,30.56
48,127,6.3,4,19.41
41,132,8.63,0,14.83
41,141,6.64,2,15.76
44,129,7.24,7,27.38
47,134,8.13,6,27.12
47,88,8.27,12,37.74
33,111,7.34,2,16.32
49,136,5.72,4,18.85
59,84,8.76,10,35.57
48,144,9.43,9,34.8
57,129,9.58,5,27.39
49,142,5.49,13,35.46
42,137,8.59,8,30.86
56,136,6.04,9,30.08
50,88,5.51,10,30.99
48,105,5.36,0,9.95
43,142,5.02,8,25.55
53,145,9.61,5,26.5
24,113,8.03,3,20.02
23,85,8.02,14,41.94
52,141,9.06,1,18.21
24,154,9.31,12,38.88
21,120,5.02,8,25.35
32,133,8.77,4,22.88
33,115,6.94,5,22.46
54,81,6.64,1,13.89
49,106,8.72,3,21.76
29,97,7.15,0,12.33
51,156,9.93,11,39.43
27,90,9.21,7,29.21
33,157,5.96,14,39.94
22,123,7.57,5,22.8
53,83,8.52,11,37.07
27,156,6.66,7,26.37
38,122,5.84,2,14.87
28,118,7.2,3,18.64
32,138,5.62,6,22.48
50,104,6.18,5,22.04
29,158,8.6,14,43.25
48,134,7.03,4,21.23
24,144,7.19,3,18.69
59,104,8.15,10,35.18
37,116,6.91,1,14.15
31,154,7.23,7,27.12
22,159,8.77,7,28.23
43,133,7.62,6,25.71
42,152,9.18,0,15.81
46,107,8.3,14,42.29
32,131,7.32,9,30.51
52,143,9.56,10,36.69
29,117,7.08,14,41.13
25,123,9.78,4,24.44
46,141,9.42,8,31.98
27,147,6.56,12,35.93
49,117,5.11,9,28.22
53,129,6.41,0,11.85
44,140,7.31,12,37.54
45,107,9.49,5,25.21
51,149,6.0,8,26.95
49,110,9.78,9,34.99
25,136,9.9,4,23.97
58,89,7.38,6,25.34
31,91,5.73,5,19.74
52,86,8.79,8,30.6
28,107,6.74,0,11.91
40,154,6.65,12,36.6
54,99,5.5,9,28.92
28,144,9.88,10,37.13
22,106,9.47,0,15.88
41,95,6.48,4,20.14
35,115,5.32,12,33.36
26,149,7.43,7,26.53
25,89,5.88,13,35.46
23,123,7.46,4,21.29
36,98,8.88,10,34.65
55,153,6.87,3,18.53
29,144,7.89,13,39.8
55,153,7.75,4,21.84
39,141,7.01,14,40.37
54,112,9.84,7,30.73
59,116,6.71,2,16.68
30,92,5.17,3,15.87
30,116,9.23,10,35.2
40,98,9.65,4,23.27
21,145,7.43,8,29.26
26,109,5.41,4,16.99
22,111,5.44,14,37.59
58,112,7.84,14,42.38
53,119,5.59,6,23.26
23,94,5.98,5,19.56
56,149,8.91,10,36.34
33,159,6.11,4,18.47
55,117,6.93,1,14.44
35,87,6.86,13,37.94
42,155,7.2,10,32.66
24,118,7.1,5,22.49
37,139,7.61,14,41.34
25,139,7.65,10,33.36
41,135,6.12,7,25.38
44,97,5.75,12,34.46
51,127,5.93,7,25.88
50,100,6.02,2,14.77
27,135,9.1,2,19.19
27,91,9.65,2,20.65
47,85,8.69,4,22.61
44,110,5.21,4,17.88
39,150,8.0,4,22.7
54,140,8.9,7,30.03
42,147,7.61,5,23.65
47,136,5.4,6,21.89
26,140,7.56,14,40.17
30,96,8.19,12,37.8
51,108,7.85,13,39.97
45,146,8.61,11,37.29
22,138,6.34,0,11.7
30,82,8.49,14,41.8
30,106,6.67,6,23.8
46,80,8.57,12,38.76
25,158,7.44,10,33.39
42,157,8.91,5,26.68
24,83,7.51,6,24.66
54,83,6.44,10,30.95
27,154,9.95,1,18.52
37,112,6.21,4,19.71
31,90,7.01,0,12.3
28,155,8.88,14,43.39
48,158,7.59,3,19.66
53,136,8.42,0,15.22
45,105,7.44,9,31.2
41,105,8.05,7,28.17
32,133,7.56,8,28.37
46,106,9.96,6,28.79
49,133,6.04,12,35.54
58,81,9.46,5,25.96
55,88,7.32,1,15.38
57,151,5.13,6,22.73
49,143,9.89,5,26.64
44,144,9.35,2,20.94
35,100,5.37,12,33.48
26,105,6.92,12,36.29
52,94,9.32,9,34.07
54,122,7.53,5,23.38
56,118,9.62,11,39.3
40,95,7.98,12,38.31
32,114,9.05,4,23.55
55,102,7.25,3,19.37
58,91,5.46,0,9.87
37,135,6.13,5,22.09
47,131,5.68,14,38.74
37,98,9.01,1,17.31
31,141,9.62,11,39.03
59,87,6.15,8,27.11
22,90,6.61,11,32.55
22,122,8.7,4,22.06
49,148,7.17,8,28.85
44,116,9.05,8,32.27
44,104,6.59,12,36.79
36,103,7.64,2,17.73
51,113,9.17,10,35.66
29,91,6.75,9,29.68
47,121,8.21,2,18.29
34,158,8.23,11,35.88
45,91,6.76,12,35.61
42,108,8.72,3,20.56
55,99,7.64,0,12.69
53,158,7.97,6,26.45
47,82,6.95,1,14.27
46,159,5.45,3,16.55
39,140,8.49,2,18.8
59,150,6.72,4,20.66
46,101,8.04,10,33.39
26,158,9.54,14,44.82
23,152,9.17,12,39.07
26,96,8.15,2,17.1
48,81,6.14,13,37.82
23,86,7.58,10,32.68
33,93,6.87,1,12.82
33,83,7.96,11,36.45
33,124,8.66,12,39.38
21,142,8.63,14,42.52
57,89,5.28,10,30.32
51,124,6.86,2,16.02
37,123,6.95,7,25.95
29,134,5.94,5,20.51
33,97,7.43,5,23.13
57,90,6.4,10,32.25
34,133,6.74,0,12.07
31,80,7.86,0,13.42
45,132,9.24,10,36.23
51,159,7.14,14,40.58
34,157,7.7,5,22.71
27,112,8.98,6,27.27
44,86,7.15,8,28.55
56,104,6.93,3,18.11
23,148,8.33,13,39.9
46,128,6.35,1,13.6
46,153,5.14,7,24.04
21,83,5.67,11,31.47
35,103,6.38,10,31.22
31,125,9.05,5,24.39
57,149,6.05,11,33.07
27,91,8.1,3,20.63
32,141,6.55,2,16.97
58,155,5.29,11,31.96
23,141,9.16,2,20.23
46,141,9.67,12,41.04
50,155,5.83,11,32.68
52,137,7.55,9,31.45
56,117,6.44,5,22.49
57,147,7.75,13,40.53
38,96,8.51,13,40.78
21,89,9.92,8,32.01
41,122,6.74,11,33.08
48,112,6.27,0,11.81
36,116,8.34,1,16.46
48,107,9.22,11,38.29
42,125,5.14,13,36.3
39,81,5.22,8,24.37
21,125,7.91,13,40.37
51,117,5.65,13,36.68
54,117,8.15,5,24.41
26,100,7.83,11,34.36
48,102,9.01,3,21.32
23,112,8.99,1,17.08
51,122,9.16,6,28.73
36,147,9.67,0,16.19
37,149,7.95,0,14.04
47,143,5.72,0,10.69
44,143,9.57,2,20.37
40,116,9.98,3,22.66
52,158,5.19,6,21.41
55,102,8.01,14,42.17
33,152,6.87,11,34.15
40,113,6.52,4,19.89
22,113,8.85,1,17.42
24,106,6.51,9,29.03
47,159,5.75,2,14.94
45,83,6.21,0,11.13
24,155,7.69,11,35.4
52,148,6.27,0,12.27
37,142,6.75,0,12.83
21,157,7.87,14,42.72
53,93,8.46,10,34.36
50,145,5.35,9,28.08
25,107,7.06,2,16.6
32,100,8.57,0,14.4
58,158,6.64,0,12.64
52,89,8.79,10,35.04
58,105,6.71,3,18.92
37,114,8.8,10,35.24
52,113,9.78,9,34.16
44,81,7.52,6,24.47
32,122,7.41,12,37.56
51,123,7.42,1,16.82
39,123,9.76,9,35.22
49,122,5.8,4,18.4
41,131,8.7,12,39.28
46,84,8.45,12,38.92
48,98,8.16,9,31.71
37,109,8.7,10,34.14
29,128,6.6,9,30.26
41,142,9.64,5,26.68
54,108,9.54,13,42.71
31,155,6.15,2,15.8
40,151,7.57,5,23.62
59,158,6.57,10,32.19
36,132,8.95,7,29.73
49,107,9.5,14,44.63
21,132,7.67,10,32.91
38,96,6.6,11,34.07
42,103,8.23,8,30.67
28,155,5.71,0,10.6
27,144,7.54,11,35.34
45,115,8.79,11,37.23
50,111,6.31,3,18.33
54,148,6.96,4,20.56
31,105,8.27,13,39.81
35,135,9.8,5,26.92
55,146,5.4,8,27.06
43,112,5.78,1,12.25
41,118,5.64,10,30.44
48,137,6.1,11,34.12
33,91,5.3,7,23.22
54,122,6.81,13,38.47
58,151,6.4,5,22.53
26,92,5.99,7,24.27
24,152,6.29,0,11.88
25,84,8.22,3,19.97
26,124,8.44,1,16.54
41,84,9.64,1,17.74
48,102,6.05,10,30.91
23,114,5.51,13,35.24
43,133,5.29,5,19.81
28,128,7.47,5,22.8
39,149,8.23,2,17.7
31,157,6.2,13,38.01
30,116,8.33,4,22.0
48,101,5.94,5,20.51
40,87,6.11,7,24.61
48,136,8.32,11,37.05
49,150,9.77,10,36.44
28,139,9.52,4,24.39
39,134,5.14,6,21.86
41,113,9.91,10,37.15
38,120,6.82,0,12.94
29,107,7.77,2,17.93
24,110,6.73,0,11.01
45,100,9.12,6,27.18
54,153,8.36,4,23.67
29,130,9.39,4,24.06
29,115,6.06,10,31.27
38,156,8.2,5,24.57
31,105,7.66,0,12.23
33,98,7.94,7,27.36
58,85,6.83,5,22.7
29,127,5.03,12,33.99
36,94,8.52,8,30.61
24,128,8.57,6,26.18
54,97,9.35,4,24.31
27,144,9.81,6,29.13
35,101,6.0,1,13.08
58,139,5.34,11,32.68
31,115,8.92,7,28.66
52,89,9.39,4,24.52
47,99,5.86,13,36.17
50,149,5.55,3,16.67
37,140,9.24,4,24.43
56,138,9.89,3,24.0
39,101,7.04,5,22.05
27,147,9.52,9,34.02
41,83,8.86,2,18.75
48,108,6.45,14,39.72
23,137,5.78,6,22.14
34,137,5.97,10,30.72
22,133,7.63,7,26.68
49,107,6.99,4,19.88
38,156,9.79,10,36.88
57,118,7.08,6,24.78
44,136,5.49,12,34.39
32,143,5.6,5,20.16
52,109,9.53,12,39.72
38,129,7.59,13,39.08
33,133,9.73,10,36.22
24,102,9.75,0,15.39
43,97,9.81,10,36.78
30,133,9.61,12,39.94
25,107,9.44,3,21.64
34,87,8.1,13,39.31
54,111,9.76,12,40.53
48,85,8.98,6,27.07
28,151,8.41,13,40.39
36,119,9.47,11,37.98
51,130,9.04,3,21.98
27,126,6.91,13,38.61
23,149,6.4,0,11.04
49,147,5.75,14,38.09
56,86,9.75,7,31.05
59,106,5.43,10,30.4
24,145,8.85,10,35.33
29,133,6.93,13,37.98
37,93,7.33,5,23.62
40,101,5.61,9,28.32
34,148,5.59,13,36.35
49,135,6.76,6,23.84
33,139,8.57,11,37.54
56,130,6.34,13,37.26
37,95,8.48,11,37.45
24,85,9.98,0,16.74
40,80,7.12,8,27.99
31,91,9.68,10,36.26
42,103,5.4,2,13.48
28,154,6.57,5,22.47
48,122,7.99,7,27.74
50,113,6.07,11,32.59
53,136,6.87,1,14.11
53,100,7.26,0,13.15
56,119,8.37,5,24.92
47,112,6.09,12,35.25
40,112,6.76,5,21.74
53,107,9.77,8,32.64
45,144,6.33,12,35.94
39,155,8.68,14,44.01
41,125,9.35,4,23.93
53,112,8.36,2,18.92
23,148,8.94,4,24.12
34,145,9.92,14,45.32
35,115,6.66,6,23.59
53,133,6.29,1,13.8
42,129,7.25,10,33.2
21,130,8.19,7,27.18
51,131,5.54,10,30.31
55,100,5.26,12,34.1
40,109,5.69,3,17.36
52,94,5.83,1,13.43
32,88,5.2,6,20.72
36,111,7.96,10,33.24
28,151,7.9,5,24.8
34,102,7.4,12,36.23
38,106,5.65,13,35.62
50,121,9.73,6,27.91
53,87,8.53,6,26.46
54,90,5.51,3,17.18
54,100,7.88,5,24.33
27,123,5.2,0,9.56
26,118,7.02,11,35.03
26,112,9.04,0,16.14
42,146,7.66,10,33.53
28,134,5.48,11,31.32
57,92,9.23,1,17.25
35,115,5.37,12,33.49
46,105,7.44,4,21.09
59,153,7.57,6,26.91
23,117,8.87,7,29.39
30,102,9.93,14,44.08
23,87,6.99,0,12.11
50,93,8.2,12,38.54
42,103,7.6,10,32.59
23,119,5.4,7,23.5
21,104,8.99,14,41.95
53,104,7.61,10,33.76
39,96,8.03,9,31.64
56,83,6.69,0,11.99
54,120,9.57,9,35.16
51,139,8.44,7,29.65
44,122,6.78,13,38.75
32,133,7.48,0,13.67
33,131,6.53,13,37.74
36,100,8.19,14,41.96
36,103,9.04,6,28.04
40,116,6.71,11,33.83
47,123,9.09,1,17.06
59,84,9.63,1,17.52
33,140,6.98,11,35.0
24,123,6.16,14,38.89
52,85,9.72,1,19.02
54,157,5.27,5,19.93
59,82,7.42,11,34.99
37,144,8.9,2,19.67
44,110,5.23,1,12.76
49,134,8.2,3,20.27
48,124,9.2,11,38.55
42,153,6.49,14,40.02
48,134,6.55,7,25.92
45,139,5.17,1,12.58
23,110,7.76,9,31.97
33,118,5.31,14,37.88
51,127,5.01,4,16.65
33,159,5.63,0,10.31
38,106,7.17,12,36.3
57,95,8.73,8,31.55
54,131,8.38,8,30.22
37,83,6.56,5,21.44
41,121,6.6,5,21.99
56,133,8.29,7,29.1
39,88,8.54,3,21.03
32,104,8.61,4,21.93
48,137,5.79,9,28.85
31,97,5.33,9,27.35
57,123,7.52,4,21.49
48,153,6.99,10,32.77
55,128,9.65,0,16.91
35,123,5.03,3,15.99
36,154,9.04,2,19.34
27,157,9.96,6,28.63
23,117,9.25,3,21.11
51,144,9.07,7,30.71
32,89,5.11,2,13.0
28,142,9.33,14,43.78
45,125,7.92,11,37.39
55,81,8.27,14,42.05
32,99,6.98,12,35.58
41,82,9.72,9,33.31
46,115,7.62,1,16.48
22,84,8.09,3,20.0
34,99,6.04,13,36.67
24,82,7.79,14,40.62
37,82,6.1,8,27.01
25,149,5.57,6,22.23
44,126,7.58,2,17.89
27,116,9.23,3,20.86
43,87,9.39,10,35.81
37,159,9.68,2,20.39
32,80,9.68,14,43.74
31,157,9.84,3,22.4
31,124,8.61,14,43.04
54,153,5.56,0,10.38
57,89,8.09,0,14.97
49,147,8.04,5,24.54
56,122,5.54,9,28.17
47,120,8.51,6,26.67
42,91,7.07,8,28.35
22,87,5.35,0,10.48
56,124,9.68,7,31.42
50,80,5.96,8,25.36
27,105,5.62,9,27.9
32,110,6.01,12,34.27
23,135,8.82,5,24.15
37,116,8.86,3,22.25
52,154,5.43,11,32.67
28,83,7.56,14,40.46
43,151,8.45,4,24.07
58,123,8.41,13,41.27
50,128,8.35,11,36.55
35,119,7.12,0,12.8
30,147,7.05,0,13.52
58,150,9.6,11,38.83
35,89,9.77,11,38.38
50,149,5.88,0,12.0
46,83,9.98,4,24.33
34,100,5.69,12,34.81
23,121,8.93,4,23.37
56,85,5.52,6,23.11
46,90,8.12,11,35.03
34,152,7.77,10,33.32
51,91,9.99,3,22.44
34,110,7.59,11,34.83
30,110,8.17,9,32.08
29,122,8.6,9,33.9
38,137,8.63,8,30.48
56,129,8.19,7,28.37
56,159,8.92,12,40.74
32,120,8.66,3,20.95
23,155,6.84,13,39.2
38,156,5.61,13,36.62
27,115,9.52,12,39.83
51,156,5.05,8,26.7
21,123,6.02,9,28.39
51,145,7.75,7,27.7
33,94,8.94,0,15.03
49,156,6.07,10,31.24
23,113,8.17,10,33.92
49,149,6.89,12,37.0
55,123,5.02,12,34.61
35,112,8.58,10,33.9
41,158,8.12,2,19.62
39,85,5.28,12,33.27
48,119,9.35,2,21.25
24,85,5.85,14,37.89
33,154,9.02,6,27.62
35,93,7.01,6,24.66
59,84,6.09,0,10.32
52,124,7.93,7,27.66
23,138,7.26,7,25.98
50,152,9.5,12,41.36
40,122,8.22,4,22.6
22,132,9.1,6,28.02
45,106,5.21,2,13.83
31,148,7.38,10,32.55
21,148,6.63,9,29.82
30,127,5.8,9,28.44
37,158,9.87,8,32.64
50,152,8.45,3,21.29
55,104,6.55,2,16.08
39,87,7.16,9,30.52
54,157,7.58,3,20.33
52,111,5.08,13,35.65
32,140,8.87,8,31.71
37,80,9.04,2,18.73
26,110,8.63,5,24.97
33,150,6.89,4,20.83
59,94,5.5,2,15.11
42,149,5.02,4,18.25
31,95,7.18,1,14.59
27,157,9.75,10,37.36
41,153,7.33,13,39.29
21,151,9.49,4,23.4
50,136,7.97,7,28.72
39,90,8.11,5,23.24
49,97,9.01,11,37.94
55,124,6.44,13,37.09
40,99,7.65,7,27.82
56,159,5.46,10,31.91
59,93,9.78,13,42.91
21,155,9.97,10,36.63
43,106,7.85,12,37.68
51,156,9.61,7,31.33
55,159,9.18,12,40.74
42,155,7.63,3,19.31
27,88,8.1,14,42.38
53,92,8.65,11,36.52
56,124,6.66,14,39.84
27,87,6.55,12,34.9
47,135,9.14,8,32.14
22,86,5.94,14,38.33
37,156,6.18,11,33.45
21,94,7.96,2,17.61
50,135,6.99,3,18.7
42,135,5.66,3,16.6
48,116,9.92,9,34.77
53,143,7.37,12,37.67
46,96,9.99,14,44.48
55,100,7.26,1,14.85
31,157,8.93,2,19.81
27,131,8.52,12,39.35
48,112,6.63,12,34.89
45,156,5.42,5,20.61
51,91,5.76,10,30.6
23,125,5.19,12,32.98
53,149,8.29,5,24.58
54,154,5.33,8,26.02
41,150,6.48,5,22.58
57,136,5.57,13,35.96
39,99,7.92,4,21.1
57,147,8.51,10,34.95
41,123,7.23,0,12.53
34,109,9.79,11,38.38
30,104,6.34,4,18.82
27,110,9.96,14,44.49
49,81,7.93,1,15.04
28,133,9.3,13,40.98
59,93,5.6,5,20.57
33,102,9.92,2,21.1
39,148,8.78,10,35.43
31,131,7.97,12,37.8
22,129,5.02,8,25.18
26,150,5.02,7,23.31
49,112,5.84,12,35.49
25,88,7.04,13,38.64
50,87,6.48,1,14.18
59,154,9.25,4,25.4
56,86,8.76,11,37.43
47,100,9.46,9,34.25
38,132,6.87,14,40.24
56,94,8.93,12,39.53
36,151,9.21,7,30.08
25,131,9.99,5,27.45
29,155,8.88,13,41.73
54,148,9.29,9,35.27
54,151,6.52,11,33.91
56,116,8.35,9,33.84
51,157,8.31,4,22.94
40,83,7.92,10,34.34
37,158,9.82,9,34.88
40,140,7.09,8,29.09
48,101,9.34,2,19.91
41,128,5.28,1,12.16
39,115,7.05,2,16.7
23,142,5.36,3,15.8
50,117,7.97,2,17.65
25,119,7.96,7,27.93
26,143,6.73,0,12.6
23,147,9.53,4,24.01
44,135,5.81,1,12.78
21,93,7.32,13,38.81
56,81,7.95,13,39.94
35,142,5.99,7,25.15
58,98,9.1,2,20.86
38,157,7.28,0,12.43
43,150,7.62,9,31.39
49,88,7.03,13,38.69
42,112,8.03,9,31.8
44,140,9.07,10,35.56
33,123,6.68,1,12.89
53,144,6.52,6,23.79
42,136,9.56,13,42.12
55,103,10.0,11,39.01
37,123,6.14,12,35.51
42,147,6.09,1,13.6
25,85,5.74,14,38.62
45,146,6.46,3,17.94
26,113,7.48,13,39.12
37,104,5.02,2,13.23
51,106,6.2,10,30.84
37,97,9.29,9,34.2
53,84,5.62,6,21.85
59,123,9.19,14,44.64
57,84,7.8,10,33.66
24,140,6.33,5,21.66
34,85,7.28,13,38.33
33,154,5.85,3,17.2
47,118,7.98,3,20.6
44,87,5.41,8,25.88
47,154,8.06,5,24.99
28,122,7.38,3,18.82
59,120,5.01,13,37.01
41,155,9.65,5,26.66
31,148,5.15,10,29.7
51,109,9.26,8,32.28
47,138,6.28,13,37.96
47,102,9.91,11,38.6
28,136,10.0,7,30.95
53,104,6.17,0,11.43
32,127,6.26,4,20.04
55,149,9.24,10,35.97
54,121,5.7,9,29.1
36,108,5.02,12,33.86
56,150,8.15,1,16.67
22,124,6.36,7,25.99
32,120,6.84,5,21.75
47,152,7.24,5,23.94
37,142,6.33,11,34.63
40,126,5.59,3,17.41
41,80,8.54,10,34.35
50,99,7.46,12,37.19
40,98,8.84,9,32.87
28,144,9.53,12,40.62
38,153,6.13,12,35.83
38,115,9.47,6,28.04
38,102,9.78,11,39.05
22,108,6.49,10,31.24
32,123,9.27,10,36.1
52,86,6.36,5,21.32
28,110,9.19,6,27.42
30,117,9.54,13,41.57
31,145,9.84,4,24.93
34,158,7.87,7,28.54
46,101,7.74,13,40.64
50,154,5.51,10,30.22
24,133,7.7,5,22.62
59,133,9.2,12,40.47
31,85,5.05,6,20.73
44,152,9.54,11,39.35
42,141,7.88,5,23.96
23,108,8.21,7,27.67
57,122,8.65,1,17.26
22,146,9.64,10,36.74
32,141,8.47,1,16.66
41,92,7.2,1,14.28
25,143,9.29,3,21.37
27,126,9.75,0,16.75
24,139,8.11,0,14.39
56,94,8.83,14,42.92
42,84,7.76,2,16.87
49,148,5.56,3,16.94
29,81,8.05,7,27.78
46,117,7.85,5,23.7
32,133,7.5,12,36.64
21,118,7.82,3,19.22
28,99,6.7,8,27.34
53,99,9.01,7,29.72
24,108,6.22,12,34.17
34,114,7.16,7,26.78
49,111,8.57,0,14.7
34,96,7.81,5,23.46
29,130,5.65,14,38.83
29,87,7.48,14,39.92
46,100,8.73,11,37.58
37,102,5.35,7,23.83
24,130,9.26,5,25.61
23,85,7.56,12,36.52
49,131,7.64,2,18.48
45,87,7.82,11,35.32
41,148,6.22,3,17.61
32,112,6.9,8,27.84
21,141,8.34,7,28.35
21,144,6.97,13,38.41
27,142,9.69,8,32.69
30,111,9.53,13,42.19
35,134,5.88,1,12.38
31,112,5.99,5,19.75
43,117,7.06,9,30.68
33,81,7.92,13,40.25
47,89,9.41,7,29.8
37,145,5.63,3,16.21
33,155,8.98,3,20.84
32,94,5.61,14,37.32
49,140,7.78,1,16.25
41,110,7.9,12,36.89
40,117,9.82,1,19.14
40,108,8.76,14,42.23
51,157,8.62,4,24.2
28,122,5.13,2,14.22
44,102,8.78,0,14.5
31,104,8.39,6,25.43
59,107,8.4,14,43.17
53,151,5.25,14,38.81
35,80,6.96,9,29.9
24,99,5.57,2,14.04
21,108,9.56,0,15.69
52,87,6.83,12,35.48
31,141,9.38,3,22.34
50,93,6.59,7,26.11
57,117,8.36,12,38.54
39,82,5.05,11,30.6
56,82,8.49,9,32.63
54,134,8.49,13,40.64
27,157,5.69,1,11.78
40,100,7.24,8,28.72
32,114,8.42,4,22.43
52,123,7.65,1,16.12
22,123,9.63,0,16.26
42,122,6.05,4,20.31
44,120,9.83,3,23.19
51,106,7.46,8,29.37
24,107,10.0,3,22.67
44,84,7.13,1,14.5
37,122,9.34,6,27.46
39,142,9.18,2,19.91
58,118,7.69,2,18.15
54,89,8.81,5,26.12
53,142,8.71,14,43.79
26,88,5.66,4,17.42
56,108,8.67,2,19.07
33,107,8.63,3,21.22
29,90,7.15,11,33.62
55,94,5.77,13,36.53
54,103,7.26,4,20.81
36,114,8.73,6,27.55
38,140,9.4,12,39.97
38,99,6.84,12,36.57
58,137,6.69,14,40.46
52,142,5.98,1,13.37
27,154,6.83,5,22.47
43,139,6.19,3,17.42
43,118,6.68,13,38.4
38,99,7.7,4,20.3
27,137,7.84,4,21.02
44,143,8.71,9,33.33
34,93,9.92,7,30.79
25,115,5.45,9,28.1
42,92,6.18,4,19.34
42,80,7.05,9,29.8
30,92,9.84,4,23.66
46,114,6.41,1,13.67
35,87,9.39,4,23.22
58,97,7.03,0,13.11
21,113,9.79,9,33.72
34,131,5.18,0,9.14
56,149,6.21,3,18.4
51,137,5.2,1,12.27
48,106,8.76,4,23.09
54,97,8.26,2,18.9
55,136,6.16,10,31.05
59,88,5.28,8,25.72
43,143,8.96,8,32.08
39,158,8.8,5,25.96
38,102,9.6,1,18.22
35,138,5.84,11,32.26
21,146,7.87,4,22.1
45,152,9.59,11,38.31
46,101,6.03,13,36.56
55,129,8.04,1,16.37
35,102,8.04,14,41.09
24,131,5.21,7,22.19
35,86,8.91,8,31.37
58,96,8.95,4,23.42
59,82,5.96,11,32.68
21,86,5.21,7,22.67
42,156,8.6,6,28.13
31,120,5.67,5,19.72
58,102,8.45,6,27.45
57,116,5.75,8,26.72
46,147,9.3,0,16.72
47,152,8.06,12,38.94
33,149,7.88,0,13.79
27,143,7.67,3,19.47
28,97,5.21,2,12.67
43,114,9.19,10,35.8
46,102,7.27,11,35.47
47,86,6.85,8,27.98
29,140,8.16,9,32.18
58,155,7.5,8,30.35
33,128,6.44,8,27.35
27,136,5.74,6,22.58
31,147,5.51,12,35.05
30,91,6.18,14,38.76
53,94,9.35,9,33.89
59,81,5.55,0,9.96
23,126,9.08,6,28.82
49,154,9.34,9,34.83
57,135,9.13,9,35.43
36,93,9.32,8,31.72
36,106,6.08,7,25.06
27,83,9.98,13,42.47
35,117,7.71,4,21.84
58,81,9.05,13,40.9
26,83,7.43,5,21.99
38,103,5.95,8,27.17
39,88,9.23,6,26.28
22,98,7.45,14,40.11
23,141,9.86,5,27.21
45,151,9.06,14,43.32
56,120,8.75,10,35.58
48,156,8.6,14,42.75
58,151,8.05,1,15.85
48,157,9.49,4,24.74
52,129,8.11,13,40.71
56,153,9.98,6,29.26
59,144,7.61,2,17.3
56,155,5.41,13,37.13
43,155,8.79,10,36.06
22,91,5.22,1,11.59
30,118,6.93,10,32.0
26,108,7.25,4,20.76
28,137,9.44,14,44.45
35,146,7.81,5,23.99
49,150,9.72,5,26.6
48,156,6.2,10,31.95
42,154,6.4,11,33.87
54,104,6.83,5,22.84
40,128,8.65,6,26.44
53,142,8.4,8,30.53
35,106,6.03,14,39.74
27,149,7.02,6,24.87
44,149,6.76,0,12.88
46,137,8.8,0,14.88
30,88,6.84,8,28.39
35,80,8.78,2,18.97
57,155,7.74,7,28.71
44,144,9.71,14,45.06
31,103,9.89,0,17.56
41,98,8.15,3,21.05
58,93,9.6,14,45.25
35,93,8.61,2,19.48
35,159,8.39,10,34.55
57,111,7.33,6,25.09
34,85,7.8,2,17.51
41,102,6.95,4,21.46
40,98,5.87,12,33.78
53,81,9.62,1,17.89
23,153,6.06,14,39.18
43,120,7.71,2,17.03
43,132,8.69,0,15.71
47,106,9.12,13,42.4
55,87,6.78,11,34.29
45,122,8.29,11,37.29
52,112,7.22,2,17.57
42,122,9.11,14,44.34
28,109,8.29,7,27.72
58,113,5.23,12,34.51
38,157,8.05,12,38.87
48,99,8.51,2,18.56
48,141,9.54,0,17.12
31,158,5.25,5,18.83
32,81,7.99,0,13.45
22,159,7.5,12,37.69
57,147,8.21,2,18.31
24,158,8.83,1,17.29
54,98,5.67,10,31.11
43,114,7.71,2,17.47
33,99,7.6,12,36.79
27,120,7.58,9,30.65
52,108,7.07,13,38.6
43,94,9.25,9,33.66
28,111,5.32,1,11.77
57,92,6.92,0,13.63
54,86,7.96,10,33.86
49,133,9.54,4,24.28
57,95,8.15,14,43.04
43,89,5.66,3,15.88
58,135,8.4,0,14.69
49,145,6.7,12,35.75
25,117,7.94,12,37.15
31,132,7.86,2,16.57
34,113,5.86,9,28.42
22,80,9.09,11,36.14
55,158,7.7,4,21.7
55,153,6.93,6,24.85
48,138,6.03,14,39.62
28,104,9.58,13,41.37
52,111,6.21,0,10.39
24,110,9.67,8,32.17
27,153,7.71,6,26.13
59,82,7.51,2,17.57
47,145,7.36,9,31.82
57,120,9.41,4,25.02
37,141,9.07,4,23.68
30,132,8.38,6,26.55
24,112,7.62,14,40.8
43,92,8.28,1,15.79
34,118,6.22,3,17.05
25,108,7.48,4,20.66
22,104,5.7,2,14.33
44,98,5.64,8,25.49
38,144,8.54,14,42.33
47,95,9.71,6,28.95
44,151,9.01,7,29.93
49,150,9.69,14,45.05
31,154,6.11,9,28.56
38,139,6.31,1,13.63
24,158,7.12,5,22.54
53,136,6.92,1,14.85
34,124,6.49,4,19.54
52,131,6.46,14,39.42
24,85,9.57,14,43.59
40,139,5.9,5,21.72
41,116,9.37,3,21.63
23,133,7.55,6,24.68
45,83,9.63,7,30.76
24,126,5.09,13,34.49
31,116,6.11,6,22.97
36,121,7.49,11,34.8
56,127,5.71,9,29.44
26,140,6.08,8,26.78
51,141,7.37,4,21.0
33,134,8.84,4,22.83
43,116,8.93,13,42.16
24,94,8.08,2,17.72
57,138,9.55,6,29.66
57,142,8.15,13,40.68
53,145,5.12,7,24.31
49,121,7.59,9,30.83
57,110,9.84,2,20.96
39,85,8.28,12,38.09
40,98,8.44,5,25.22
52,117,5.57,4,18.88
36,158,6.8,13,38.01
25,112,9.23,9,33.13
32,132,5.55,4,17.67
41,109,9.2,6,27.67
34,154,7.87,10,34.26
57,144,6.97,3,19.54
42,93,9.65,3,22.29
50,89,5.15,8,25.13
43,96,9.63,5,25.89
25,154,9.39,9,34.42
49,94,9.93,4,25.38
50,155,7.08,12,37.04
38,82,7.3,10,32.83
21,101,8.53,6,25.83
59,135,5.55,13,36.63
37,138,6.22,14,39.59
23,105,7.21,0,12.42
27,129,8.59,6,26.93
47,159,7.48,7,27.77
48,140,6.15,8,27.87
51,134,6.46,10,31.76
35,143,8.75,1,18.34
28,82,9.03,14,43.52
26,109,7.18,2,16.58
48,137,5.97,12,35.45
24,92,7.87,12,37.26
50,151,7.0,3,18.94
37,103,8.19,0,14.69
54,148,9.12,3,22.55
26,86,7.64,1,14.55
56,130,9.51,9,34.74
55,133,6.84,6,24.99
59,130,7.4,0,13.76
59,106,7.85,6,25.73
36,91,8.59,8,30.13
22,120,7.64,14,41.53
28,112,9.06,13,41.4
35,158,8.48,8,30.81
47,110,6.75,1,15.3
36,90,8.2,9,32.27
21,115,6.58,11,33.43
30,85,8.58,13,40.19
27,124,8.27,3,20.7
30,139,5.89,3,17.49
32,151,8.5,3,20.59
37,116,5.65,3,15.96
32,109,5.46,6,22.0
35,117,8.21,7,28.09
52,95,6.67,7,25.5
52,158,5.8,14,39.11
46,117,9.94,11,38.68
34,132,9.35,14,43.77
46,87,5.88,7,25.02
25,88,9.72,9,34.34
58,100,8.03,2,19.54
24,120,7.6,3,18.35
48,148,6.78,1,14.97
21,98,6.61,6,23.9
33,159,5.51,1,11.9
23,97,5.91,7,23.25
45,155,6.35,11,33.53
36,159,8.68,1,16.81
41,84,9.8,12,40.15
33,146,7.33,8,29.73
56,150,6.86,9,30.2
28,111,9.3,13,41.43
39,157,8.4,3,20.9
36,127,6.22,4,19.91
32,112,7.69,6,25.4
40,148,9.42,10,36.59
38,151,8.3,4,22.94
32,81,6.86,2,15.43
45,133,7.14,7,26.97
31,121,9.49,9,34.24
42,114,8.54,0,14.61
54,140,7.55,9,31.34
33,139,8.39,9,32.82
58,128,8.43,8,30.85
32,102,7.84,7,27.9
59,147,8.14,7,28.14
56,114,6.77,9,30.76
48,93,6.75,12,36.15
47,101,6.7,4,20.27
59,109,5.19,9,27.45
33,82,9.14,12,38.83
47,154,5.79,4,19.74
51,89,5.47,3,16.62
22,146,7.11,0,13.68
38,120,7.4,12,37.12
46,127,6.32,7,25.74
51,129,9.78,7,31.25
58,148,5.83,10,31.48
42,137,7.87,3,19.93
56,94,8.05,13,40.45
39,127,8.28,2,18.2
34,85,8.97,12,39.56
34,83,9.33,10,34.82
49,102,6.46,7,25.61
37,124,9.93,9,34.12
57,144,7.07,9,31.32
29,135,8.92,6,27.59
21,142,5.2,14,37.95
24,94,8.73,8,29.99
27,83,9.15,2,19.4
31,156,5.54,3,16.27
34,111,6.53,13,37.29
39,88,7.24,8,27.94
23,136,8.82,0,14.38
28,146,7.65,3,19.72
49,118,8.16,12,38.21
57,119,6.84,11,34.4
29,95,9.35,12,39.45
39,89,6.83,10,31.96
32,132,7.37,13,38.48
47,144,7.21,0,13.23
57,129,8.93,12,39.58
45,108,9.11,12,40.49
58,97,9.53,9,34.72
37,131,6.15,3,17.34
53,111,9.56,11,37.36
59,112,6.45,10,30.89
34,90,9.39,11,36.92
48,108,9.29,5,27.06
38,99,7.27,5,23.13
53,101,8.99,8,31.49
35,151,8.72,7,29.78
31,94,5.22,7,23.65
56,114,5.13,2,14.67
35,159,5.44,5,20.29
50,113,9.74,0,16.89
35,99,8.56,10,34.47
43,156,7.07,14,41.38
35,135,6.1,2,15.35
49,130,9.74,9,34.74
31,156,6.22,6,23.84
38,129,7.72,8,29.85
51,109,6.22,1,13.64
29,104,8.63,8,30.6
42,153,5.86,8,26.47
31,150,7.98,9,32.26
37,83,8.25,7,26.83
53,142,9.82,14,44.66
31,101,8.01,13,40.31
59,136,7.43,0,13.14
28,133,6.96,1,14.56
24,83,5.53,4,18.37
56,144,8.61,14,43.64
39,127,6.24,13,37.57
44,102,6.56,5,21.19
38,102,5.06,7,24.06
53,85,8.3,1,16.31
56,148,8.79,7,29.98
30,143,5.47,2,14.4
34,150,5.69,13,36.33
27,84,9.11,8,31.52
32,112,8.67,13,41.41
42,105,5.62,5,21.0
47,138,7.11,2,15.99
57,113,6.56,2,16.05
31,105,5.82,8,25.96
56,153,7.19,0,13.98
33,145,9.26,13,42.56
52,99,9.08,8,32.26
28,93,7.93,5,23.17
27,150,7.8,6,26.39
37,153,8.27,8,30.96
42,87,9.88,7,30.47
54,137,9.12,8,32.82
40,80,6.07,7,25.09
28,110,7.33,3,17.62
42,87,8.73,8,30.06
47,159,9.24,14,44.06
54,139,5.42,0,10.71
41,141,8.47,12,39.73
35,89,5.76,7,24.93
25,97,5.53,8,25.66
58,145,9.22,4,24.45
37,145,8.93,13,40.93
28,131,8.73,6,27.48
39,146,5.12,4,18.11
25,88,6.28,0,10.72
43,127,7.16,11,34.62
39,139,9.4,3,22.58
34,157,7.62,13,39.95
30,131,7.49,12,37.35
51,122,5.02,10,30.94
33,154,9.15,13,42.3
42,129,7.93,0,14.03
57,93,6.86,8,29.08
59,97,5.8,14,38.01
30,156,7.1,14,41.38
51,113,6.19,8,27.62
55,120,7.25,13,39.28
33,154,6.53,2,15.98
50,128,5.22,6,22.17
54,148,9.96,7,31.31
56,88,7.24,7,26.81
55,127,9.07,6,27.23
24,91,5.58,13,35.66
24,144,8.04,3,19.92
26,93,7.62,0,12.96
48,143,9.77,1,18.82
50,105,9.02,14,44.19
47,86,7.07,5,22.43
25,134,8.97,14,43.51
59,138,7.04,9,30.86
55,159,8.8,10,35.87
59,158,6.46,7,26.7
35,135,6.86,13,38.93
39,147,8.03,1,16.75
50,109,7.7,0,13.24
58,102,6.98,13,38.65
52,158,9.69,12,41.4
49,96,7.52,9,30.65
26,81,8.61,11,35.78
46,151,7.08,11,35.01
47,149,8.62,2,18.98
55,118,8.96,10,36.93
48,127,7.74,0,13.54
25,84,5.16,1,11.54
36,100,7.52,8,29.34
38,129,9.49,4,24.53
33,99,5.42,8,25.26
45,150,7.92,8,30.38
30,158,5.17,6,23.35
49,152,7.44,12,37.82
30,106,8.46,10,34.31
26,81,6.9,8,27.47
36,126,5.57,1,11.9
45,119,9.74,9,34.97
24,115,9.67,6,28.55
57,150,8.98,8,32.71
54,92,6.04,4,18.61
39,101,8.86,8,31.09
53,97,6.67,10,32.36
24,154,8.05,7,27.13
54,85,7.24,6,25.05
32,147,6.25,9,28.77
51,146,8.27,9,32.39
36,131,8.6,12,39.19
22,149,7.64,7,26.83
22,158,5.81,1,12.19
56,82,7.47,13,40.18
26,96,8.85,13,39.99
43,145,9.23,13,42.85
59,136,5.13,8,26.53
57,159,5.93,3,18.01
36,101,9.65,13,43.29
39,90,8.91,13,40.89
44,115,8.59,0,15.54
47,132,5.69,3,15.6
27,155,5.02,3,16.29
50,119,7.94,3,19.96
34,114,9.33,5,25.86
35,122,5.36,0,9.79
32,124,5.35,2,13.79
49,120,9.99,9,34.21
43,143,6.18,7,26.19
33,94,8.33,8,30.13
29,123,7.79,7,26.44
44,121,7.07,13,38.94
59,138,9.01,11,37.45
50,83,6.19,0,11.78
21,150,6.4,12,35.95
30,108,6.33,13,36.29
58,120,7.74,5,24.17
35,85,8.28,4,21.45
29,118,5.46,6,22.13
33,145,5.73,8,26.97
43,106,5.59,3,16.37
53,86,8.26,9,32.77
29,90,8.13,9,33.07
23,111,9.15,12,39.52
50,130,6.43,7,26.88
29,119,8.66,11,37.28
45,86,6.43,14,39.84
44,80,8.76,0,14.93
52,104,8.04,13,39.96
27,85,7.07,5,22.23
56,95,8.18,6,26.79
45,94,9.23,12,39.08
40,101,6.11,9,28.64
37,97,8.08,8,29.67
56,129,9.97,1,19.68
46,151,8.99,7,30.73
39,89,6.5,3,17.01
57,128,8.92,13,41.5
23,149,7.47,4,20.64
48,89,8.9,7,28.83
42,118,5.49,6,22.18
39,137,9.28,2,20.38
36,150,9.97,11,39.22
26,121,7.21,4,20.54
57,124,7.56,10,34.39
51,107,5.94,3,16.92
54,152,8.42,13,41.21
51,84,5.39,11,32.08
31,136,7.83,0,13.77
56,159,7.09,9,31.33
26,108,6.0,0,10.21
47,134,9.12,8,31.39
27,102,8.76,4,22.9
52,136,6.5,13,37.8
28,97,6.93,9,29.62
53,105,6.26,2,15.18
35,84,6.05,12,34.97
47,87,6.11,11,32.55
50,98,5.67,0,9.68
42,107,6.69,1,13.92
49,147,8.47,1,16.9
50,129,6.32,4,19.67
22,155,8.51,4,23.0
35,144,8.83,0,15.79
47,87,6.69,14,39.34
27,139,5.29,1,11.42
47,137,8.59,3,20.44
41,106,5.69,13,36.32
33,112,6.37,5,21.88
37,125,7.96,12,37.83
31,116,9.6,14,44.03
30,148,8.78,14,42.53
53,94,6.35,11,33.53
34,146,9.06,5,24.67
57,107,7.05,1,14.98
28,142,5.72,8,27.79
53,82,6.55,14,39.17
27,131,9.11,9,33.63
54,123,6.85,0,12.38
27,139,6.9,8,29.28
27,137,9.88,4,23.23
56,93,7.58,13,39.55
27,85,7.48,10,32.3
40,98,8.65,13,41.35
38,141,9.81,3,22.13
34,84,9.95,12,40.48
34,128,8.9,0,16.23
41,130,9.36,2,19.75
47,105,9.54,6,28.76
46,135,8.72,0,15.29
47,97,7.82,1,14.83
44,124,6.25,9,28.69
25,88,8.64,14,42.28
58,81,7.51,4,21.6
48,121,9.59,6,29.33
52,149,5.01,13,36.54
44,151,9.6,5,26.7
26,147,9.75,4,24.26
30,110,6.1,8,26.85
23,98,9.4,12,39.25
27,150,7.95,7,26.6
49,126,6.47,4,19.87
54,116,8.38,13,40.82
27,98,8.99,9,32.57
37,104,7.11,1,13.42
33,132,8.11,10,34.17
41,154,6.01,12,35.42
51,83,5.16,9,27.16
29,125,9.68,7,31.33
33,110,5.77,9,28.4
37,115,7.57,1,14.82
28,83,5.43,6,22.12
29,81,9.28,5,24.82
29,118,8.86,10,35.52
50,123,5.97,4,19.54
27,98,9.07,3,20.56
37,120,6.71,13,38.7
59,117,9.2,6,28.0
58,153,6.25,1,13.81
25,144,7.36,8,28.62
37,114,6.31,0,10.72
21,90,8.35,3,20.04
36,138,5.27,1,12.12
37,157,7.9,14,41.66
50,149,8.69,5,25.37
51,122,5.98,3,16.38
55,84,6.18,4,19.7
28,105,8.63,8,30.21
50,111,7.08,1,14.38
59,126,8.11,4,22.84
41,135,7.13,12,36.39
35,129,7.09,12,37.1
54,153,6.5,5,22.48
47,137,7.93,11,36.11
22,107,8.0,7,26.54
30,158,8.76,12,40.69
25,134,7.51,2,15.84
47,137,7.81,14,41.4
24,119,9.24,6,27.73
33,137,5.2,13,35.68
37,151,7.6,2,18.65
41,125,5.63,3,16.8
43,153,8.43,6,26.55
53,124,9.47,11,39.41
35,89,7.12,6,24.5
34,127,8.18,8,30.4
29,141,6.85,1,14.46
57,107,8.78,11,38.23
50,99,7.95,2,18.07
49,149,8.04,13,40.24
43,120,5.87,9,28.81
54,85,5.03,11,31.0
27,90,8.13,12,38.11
29,109,5.56,11,31.04
24,82,5.67,5,20.45
22,151,5.82,10,30.14
47,112,7.0,9,30.36
53,133,6.22,12,35.27
52,126,9.77,12,40.46
57,89,8.38,2,18.8
47,98,5.97,13,37.25
48,88,9.02,4,23.63
23,86,6.4,6,21.9
56,140,9.0,6,28.35
28,93,7.35,10,32.03
57,81,7.4,11,35.72
58,101,6.91,10,33.23
42,139,6.23,6,23.17
34,124,8.44,6,25.35
35,99,7.52,5,22.9
24,105,5.04,2,12.94
38,138,6.61,11,34.36
21,147,8.83,8,31.29
32,118,6.48,12,35.87
37,102,8.43,10,34.21
39,159,6.01,13,38.08
56,104,8.78,5,25.61
27,152,7.14,11,34.31
29,132,5.04,13,35.91
28,90,8.25,2,18.15
45,104,7.88,6,25.23
27,110,7.85,10,32.77
28,125,9.76,0,16.2
44,106,6.87,4,20.26
37,142,9.5,3,21.82
32,126,5.01,9,27.66
51,93,9.81,6,29.21
32,102,7.76,7,26.65
22,95,7.55,7,26.37
32,99,9.46,3,22.27
47,82,8.18,3,20.36
27,85,7.61,10,33.12
33,108,6.92,4,20.07
56,83,8.3,0,14.57
21,144,5.27,7,24.39
55,87,6.24,14,39.95
50,127,5.5,2,14.3
51,95,7.53,14,41.31
37,126,5.48,7,24.62
28,110,9.06,2,19.48
23,108,6.46,12,35.22
30,155,8.11,5,24.7
54,147,6.67,10,32.41
42,122,8.5,8,31.05
24,113,6.77,3,17.82
52,85,6.9,8,27.86
49,128,7.4,8,28.73
31,139,6.62,14,41.0
33,130,5.85,13,36.12
24,88,7.18,11,34.17
22,84,8.32,1,15.84
54,143,6.63,1,14.51
42,95,9.05,1,17.81
25,138,9.1,2,19.34
29,135,6.04,6,22.84
40,144,6.35,6,23.81
41,114,5.01,4,16.64
37,89,6.76,13,37.27
32,126,9.56,14,44.86
48,114,8.91,10,35.2
38,141,9.8,13,41.9
23,112,6.07,2,13.9
25,94,7.86,8,28.8
34,114,6.82,6,23.78
46,89,8.08,5,23.69
39,159,8.72,1,18.14
37,99,5.47,0,10.07
59,87,5.44,10,30.8
24,87,5.54,10,29.82
55,92,6.4,3,17.83
44,155,8.72,8,31.35
33,138,8.19,8,30.9
53,126,6.5,10,31.54
35,139,9.28,0,15.92
35,120,8.64,5,24.2
51,131,9.86,7,31.4
48,155,8.43,7,29.92
30,133,8.59,14,43.05
27,115,9.12,12,38.11
53,156,9.63,13,44.2
27,148,6.39,13,37.47
25,92,8.23,9,32.1
46,151,7.06,10,33.05
36,90,6.15,12,34.54
28,87,5.96,6,21.77
42,110,5.49,12,34.45
54,141,9.24,7,30.83
48,91,5.06,6,21.13
56,90,9.97,11,38.28
27,96,9.82,9,34.08
48,106,7.65,12,38.38
22,156,8.71,12,39.48
29,92,7.29,11,34.37
26,123,6.1,7,24.33
21,137,8.7,14,42.99
23,109,7.24,11,35.07
30,92,9.33,6,27.6
57,87,9.3,12,40.08
43,148,9.79,1,19.41
53,143,8.49,14,43.23
29,131,7.46,2,16.83
33,85,7.8,0,13.41
48,150,6.79,13,38.96
27,133,8.3,0,14.58
46,101,5.46,12,33.58
36,142,9.96,2,21.16
46,158,5.32,11,31.56
59,116,8.01,13,40.43
52,135,6.45,8,28.06
56,120,9.11,12,40.18
21,139,8.15,1,15.77
41,99,8.04,2,18.14
33,148,8.74,7,29.72
46,124,5.59,11,32.45
29,137,6.56,8,27.04
57,155,7.53,10,34.21
43,116,6.6,2,15.69
21,118,5.55,6,22.08
22,82,6.55,1,13.1
48,156,7.29,13,38.62
56,154,5.74,10,31.39
51,153,8.31,1,17.46
25,152,5.36,0,9.79
57,117,9.46,14,43.46
45,125,6.81,7,26.57
28,128,6.79,6,23.9
54,113,6.05,14,40.2
59,105,7.41,12,36.74
52,81,9.16,1,18.61
31,135,7.93,4,22.31
45,86,9.05,6,27.33
23,115,9.84,12,40.0
52,119,8.13,14,42.04
55,157,5.84,5,21.38
52,105,6.51,5,22.45
54,154,8.31,14,42.48
57,148,8.91,2,19.91
25,95,8.27,11,35.45
48,154,7.89,9,32.14
48,88,9.63,9,34.66
28,101,7.48,11,34.75
47,84,8.33,14,42.51
36,122,6.56,1,13.76
38,109,6.94,4,19.47
45,153,6.17,14,38.45
21,111,9.0,11,36.68
28,96,6.0,8,27.19
41,146,6.16,3,18.14
54,105,5.54,0,10.19
44,91,8.67,4,23.14
57,116,5.38,10,30.77
46,121,5.3,12,34.63
34,136,8.13,11,36.34
49,91,6.88,3,17.8
50,125,9.64,5,27.81
23,106,9.39,10,35.89
27,157,7.48,9,31.34
56,86,5.41,6,22.12
31,117,7.75,9,31.44
52,127,9.97,7,31.74
32,121,8.3,2,17.94
35,106,8.97,9,33.72
58,89,7.02,3,18.42
44,121,5.37,0,9.85
21,137,9.7,1,18.6
38,120,6.65,14,40.87
27,88,5.76,9,28.6
22,125,5.78,13,36.2
51,133,5.68,6,24.13
53,138,7.15,14,41.54
50,92,9.3,5,26.32
51,95,5.74,7,24.5
54,124,8.78,1,17.14
27,111,5.36,0,9.46
45,119,5.6,2,14.78
36,123,5.58,12,34.99
42,126,7.58,4,21.56
56,149,9.4,14,44.86
47,139,8.72,2,19.92
37,114,9.32,1,16.7
24,154,9.32,14,42.79
55,139,5.57,2,14.73
42,116,7.76,5,22.7
55,101,8.94,0,14.96
35,92,9.75,14,44.27
41,95,8.42,4,21.94
33,139,9.28,14,43.48
31,121,6.86,10,32.72
47,92,8.53,4,22.81
51,142,6.85,5,21.69
52,111,5.97,7,25.64
50,102,5.33,12,34.04
38,122,9.42,2,20.58
36,111,5.32,1,11.14
55,107,10.0,0,17.28
29,112,7.55,12,36.97
59,105,7.52,4,21.78
57,121,5.37,11,32.36
30,108,5.37,9,27.1
32,81,8.59,8,30.19
28,113,7.21,14,40.62
23,117,5.89,12,33.44
39,91,6.01,9,27.89
31,131,6.16,5,21.01
28,100,9.05,8,31.54
46,119,8.06,9,32.0
43,146,5.36,8,25.37
30,128,8.45,3,20.42
38,105,7.6,14,41.13
32,131,7.9,11,35.43
59,141,6.51,14,40.27
46,148,5.09,11,31.91
31,140,7.54,5,23.19
30,125,7.98,8,29.92
23,151,8.23,10,33.91
27,108,7.21,11,33.56
24,129,7.8,7,26.26
28,81,7.72,8,29.32
58,143,6.85,10,32.3
33,145,9.04,6,27.83
32,122,7.17,14,41.05
55,89,6.19,12,35.04
58,132,5.04,3,16.71
56,107,6.44,12,36.48
22,81,5.52,10,30.17
35,108,7.51,0,13.9
54,131,6.91,10,33.49
59,93,6.26,14,40.02
46,107,5.65,1,11.42
25,80,9.03,11,36.76
45,138,9.92,10,37.51
54,123,9.31,4,24.22
24,159,8.93,5,24.98
54,157,7.66,2,18.48
47,122,9.18,10,36.99
49,96,7.67,11,35.53
25,133,6.61,1,13.49
38,94,6.13,8,27.48
24,127,6.08,1,12.89
21,125,7.28,7,27.03
40,128,8.19,3,19.42
26,115,5.76,9,28.05
40,93,5.06,13,35.2
40,82,5.11,2,12.53
47,85,6.54,5,21.11
46,101,8.6,8,30.76
52,101,5.02,13,35.66
30,115,7.34,2,16.89
38,150,6.49,0,12.37
32,129,9.57,0,16.99
30,155,9.79,14,45.17
44,159,6.99,5,22.13
44,148,9.89,1,19.13
58,114,9.86,5,26.6
45,88,7.88,13,39.18
28,108,6.93,3,18.15
34,106,5.53,6,22.04
51,136,7.77,12,38.49
44,153,9.17,1,17.85
36,138,6.98,5,22.97
40,121,7.53,13,39.08
58,132,6.99,14,40.54
35,117,8.52,14,43.06
34,83,7.75,7,28.13
32,131,7.57,12,37.34
54,123,6.09,14,38.98
28,102,7.97,11,35.83
39,153,7.47,10,33.39
25,149,8.51,3,21.0
47,156,8.16,11,36.82
33,148,6.47,9,30.59
52,139,8.15,11,37.17
51,83,8.82,6,27.52
57,82,8.26,5,25.26
22,102,7.5,14,41.08
27,116,8.3,13,40.39
31,97,7.37,11,34.19
31,84,6.7,6,22.77
43,120,8.11,9,32.56
51,117,5.1,7,24.65
28,126,5.46,13,36.83
52,151,5.92,2,15.14
41,91,9.9,14,43.98
51,109,6.43,12,35.65
21,85,7.5,1,13.63
33,140,7.85,3,19.22
31,151,5.06,1,11.73
49,143,5.38,7,24.69
24,148,5.78,13,36.53
56,90,6.09,4,18.48
35,141,5.36,0,10.84
23,96,8.25,12,37.74
49,156,5.6,2,15.02
41,99,9.48,11,37.62
22,105,7.52,13,38.84
26,138,5.93,14,39.57
51,104,6.16,12,35.04
44,97,8.23,14,42.57
37,108,5.56,1,12.43
25,146,5.22,8,25.34
22,114,9.0,0,14.93
32,94,7.46,12,37.33
25,130,9.25,6,28.48
40,82,9.75,0,16.93
28,100,7.27,5,22.77
21,140,6.52,10,31.4
26,82,6.85,12,35.31
31,132,9.47,4,24.25
23,114,9.99,11,38.29
51,129,6.91,9,29.95
48,87,9.82,11,38.86
25,127,7.53,7,27.16
46,82,5.18,1,11.43
36,133,6.01,13,36.99
51,154,6.94,14,41.49
48,81,6.77,6,24.61
27,112,9.07,5,25.68
58,151,8.94,9,34.56
29,91,5.63,3,15.47
59,98,5.28,13,36.78
55,97,8.55,13,40.82
47,129,7.13,1,15.45
32,101,5.86,10,29.53
45,109,5.43,14,38.8
49,85,6.07,3,16.15
51,80,9.79,7,31.44
54,88,5.44,1,11.71
53,131,7.75,8,29.87
47,159,5.13,13,35.59
22,108,9.52,3,21.27
34,141,7.56,7,27.92
33,108,9.69,6,28.24
44,84,6.62,12,35.08
25,101,7.03,5,22.09
54,128,8.75,12,39.7
43,87,9.71,8,32.33
39,157,5.7,4,18.94
50,147,6.99,0,12.68
36,119,9.85,0,16.31
54,103,6.63,7,24.41
31,155,9.68,9,35.75
34,92,8.1,10,34.46
35,129,7.4,7,26.87
55,124,6.66,8,27.52
27,83,7.55,0,12.52
49,142,8.27,14,42.37
42,144,8.55,14,42.98
43,106,5.38,5,20.05
44,142,8.2,11,36.18
55,90,9.46,9,33.91
30,121,7.13,5,22.97
28,117,6.25,14,40.11
32,149,8.5,0,15.09
49,141,5.57,7,24.44
49,83,9.66,2,20.76
43,113,7.57,7,27.15
46,105,8.31,2,18.73
57,133,6.76,13,38.38
52,106,7.15,11,34.95
58,118,7.88,1,16.25
26,100,9.94,11,38.29
28,133,8.51,12,37.99
37,135,9.67,1,18.53
32,142,9.78,13,42.69
42,121,8.9,3,21.61
34,105,5.21,7,23.75
54,148,6.35,14,40.69
39,99,9.03,5,24.98
26,151,5.07,1,11.94
38,132,7.43,6,25.25
56,148,8.83,0,15.58
57,147,9.65,12,41.42
58,84,7.21,9,30.59
35,95,9.15,9,33.1
58,88,7.28,12,35.24
29,104,5.71,0,11.16
26,136,7.28,10,32.45
22,117,7.21,12,36.9
36,87,7.62,4,20.59
21,144,9.65,11,37.95
50,110,8.09,8,30.12
53,112,5.45,5,20.73
21,134,7.15,8,28.98
59,148,7.28,7,27.71
36,115,9.13,5,25.85
37,103,7.59,0,13.39
58,140,7.16,11,35.53
38,107,5.67,12,34.42
42,139,8.9,0,15.31
42,158,8.86,8,31.65
55,152,6.0,8,28.12
51,118,8.3,2,18.87
47,110,5.42,0,10.46
56,80,7.89,9,32.15
24,92,7.71,13,39.71
25,145,5.62,2,14.67
45,121,8.31,5,24.28
51,116,5.43,7,24.58
34,136,9.07,2,18.66
50,114,5.76,8,26.93
32,116,7.13,11,34.23
47,154,9.25,12,40.54
44,99,5.32,11,32.19
50,145,9.01,3,21.71
38,159,8.74,7,29.28
34,102,6.46,4,19.89
39,134,9.48,14,44.51
42,136,9.57,2,20.02
46,129,8.66,14,43.94
27,117,9.13,10,35.51
48,126,5.73,3,16.76
58,109,7.21,12,36.84
25,147,9.85,6,28.23
56,122,5.48,10,30.22
38,106,7.08,0,11.87
34,143,9.81,9,34.79
43,85,7.93,9,31.16
34,110,5.14,7,23.1
52,155,9.26,4,25.27
25,108,6.61,10,30.96
42,82,5.18,14,37.19
48,99,9.15,11,37.81
32,159,8.73,5,25.54
38,137,7.66,6,25.65
56,136,6.82,8,28.45
51,150,8.79,14,42.91
33,83,7.99,3,19.49
40,121,6.18,5,21.89
56,113,9.4,11,37.56
27,97,7.67,9,30.92
43,144,9.29,4,23.29
54,104,5.41,9,28.56
52,124,6.15,4,19.83
41,93,6.57,9,29.26
26,90,9.23,11,37.28
36,131,9.36,12,40.31
55,87,8.86,3,21.46
40,139,7.91,4,22.22
31,121,7.28,1,14.83
52,95,5.47,7,25.28
34,118,8.28,1,16.89
44,121,9.18,9,33.94
59,97,9.3,12,40.11
51,86,6.21,10,31.38
37,83,7.93,8,30.25
45,153,9.72,12,41.38
29,109,9.27,7,30.46
42,129,5.79,12,35.22
55,124,6.96,2,16.88
57,110,5.49,6,22.09
37,125,9.17,5,26.34
48,133,8.03,1,16.02
21,125,8.5,3,21.36
29,84,5.82,0,9.51
33,89,8.63,2,17.84
52,102,6.13,11,33.35
48,86,9.86,3,22.73
51,137,9.38,12,41.16
28,126,5.08,14,38.02
28,100,8.37,8,30.41
54,110,6.69,0,12.4
43,106,8.42,8,30.63
30,108,5.88,6,22.77
57,89,6.37,5,21.59
45,151,5.23,2,13.68
53,88,6.84,2,15.1
24,90,8.02,12,37.41
27,101,9.34,0,15.4
53,129,6.05,14,38.3
22,119,9.39,11,38.54
52,145,9.02,9,33.62
25,142,8.24,4,22.19
37,98,9.3,1,17.37
32,95,6.63,1,13.46
32,83,9.71,4,24.5
55,128,5.9,0,11.28
41,117,7.89,2,18.55
41,86,7.34,4,20.62
22,134,8.75,6,26.15
41,93,6.74,3,17.51
35,155,9.6,3,21.86
31,113,5.48,14,37.89
30,100,8.07,7,27.42
38,115,5.37,4,18.07
43,142,9.86,4,24.94
51,121,6.01,13,36.35
46,128,8.86,13,41.63
22,150,8.65,9,32.77
59,89,9.88,10,36.8
27,100,9.67,8,31.76
44,159,9.36,11,39.04
59,142,8.22,7,28.29
52,156,7.61,14,42.22
46,129,6.01,13,36.77
43,106,8.17,2,19.14
34,87,8.58,13,41.02
49,109,9.72,1,18.95
45,150,6.41,10,32.58
51,109,6.79,8,28.97
22,97,7.25,4,19.67
22,102,8.46,12,38.4
43,117,9.21,14,43.65
31,109,6.29,4,19.86
49,109,7.7,9,31.04
55,151,6.26,6,24.28
29,155,7.32,6,24.7
52,153,9.67,0,17.9
50,150,9.41,6,28.55
35,118,7.31,6,25.06
34,96,6.83,14,40.23
37,148,7.72,6,25.26
42,131,8.67,2,19.29
50,158,5.58,11,33.66
37,92,6.13,9,29.09
36,86,5.6,0,9.36
28,147,5.09,3,15.35
59,139,8.92,12,40.83
51,125,6.87,6,25.12
32,114,8.82,14,43.48
53,108,7.48,8,28.98
32,113,8.43,7,28.4
45,87,7.49,2,16.76
58,145,7.44,1,15.33
38,83,9.43,8,32.19
39,145,8.19,13,40.19
23,136,5.55,6,21.66
55,83,7.84,12,38.24
25,152,5.7,5,21.49
55,145,7.91,14,42.45
47,99,8.3,1,15.7
57,134,5.97,11,33.43
41,85,5.8,4,17.82
36,108,5.92,11,32.46
48,159,9.12,12,40.26
45,84,5.79,6,22.83
53,116,8.9,2,19.66
37,88,5.1,9,26.9
50,116,9.12,14,44.61
24,118,6.22,0,11.33
22,142,5.94,11,33.57
29,136,8.15,11,36.17
51,119,9.36,3,22.48
45,143,8.58,2,18.57
57,82,7.8,10,34.07
56,122,6.2,6,23.12
25,104,7.04,5,21.83
44,134,9.29,10,35.93
44,115,8.99,4,23.66
49,137,6.11,6,23.02
51,156,9.38,6,29.88
57,98,6.2,5,20.84
39,138,9.91,5,26.02
43,95,8.72,2,18.85
55,81,8.54,7,28.9
26,144,7.92,13,40.52
26,138,9.28,13,42.33
57,127,9.42,9,34.99
50,82,6.27,9,29.61
21,105,8.96,7,29.28
28,93,5.83,7,24.29
48,103,6.97,5,21.88
45,114,9.57,12,39.84
53,85,6.52,6,23.54
58,141,7.16,11,35.25
34,115,7.1,2,17.05
31,108,7.85,6,25.55
22,92,9.17,2,18.91
50,87,7.74,2,18.74
50,94,9.7,3,22.88
24,112,9.37,1,17.31
33,95,8.07,11,35.52
27,131,7.16,9,29.36
58,113,6.62,6,25.15
23,156,8.06,11,36.64
29,113,9.04,4,23.73
34,122,7.53,7,26.94
31,140,9.41,3,22.99
57,158,6.44,13,38.52
34,101,9.3,5,24.69
39,130,8.32,0,14.48
28,83,6.46,11,32.77
27,128,7.07,2,16.12
27,118,5.19,1,10.61
23,156,9.58,14,44.54
23,151,8.84,3,20.59
38,80,8.05,9,32.2
53,120,9.86,8,32.53
57,129,9.61,13,42.36
48,96,9.58,8,31.7
56,87,6.52,0,12.26
36,146,6.13,11,33.37
35,145,8.72,10,35.18
49,81,6.63,8,27.66
38,96,6.36,2,15.76
39,152,6.26,6,24.44
49,112,5.35,5,19.98
26,133,8.62,13,39.99
47,149,5.04,7,24.3
27,85,7.82,6,25.36
47,131,6.33,14,39.2
39,124,8.34,10,33.18
37,80,9.73,14,43.71
31,159,8.46,3,21.88
25,130,6.89,0,11.45
22,90,5.89,0,10.28
32,101,6.7,6,24.4
31,113,7.29,9,30.13
30,80,9.4,11,37.41
48,156,9.89,5,27.42
27,128,9.64,10,36.73
34,128,7.5,5,22.83
33,121,7.36,8,28.18
25,128,6.36,3,17.94
28,92,6.9,1,13.81
21,147,9.59,1,17.63
25,93,9.31,10,35.77
31,115,5.74,14,38.65
30,135,6.77,10,33.02
35,148,7.9,8,29.41
59,125,5.56,6,22.43
49,94,6.76,8,28.24
45,87,7.92,1,16.39
26,135,7.26,8,29.53
31,90,9.32,5,25.98
37,150,7.97,3,19.84
35,102,8.36,10,33.91
36,124,7.64,1,15.57
22,106,6.54,8,26.25
56,110,7.97,7,28.98
39,126,9.99,5,27.37
58,145,6.0,6,24.5
41,140,8.62,11,36.66
31,87,8.56,6,25.9
23,144,8.9,8,32.05
54,104,7.19,12,36.78
38,96,5.05,10,29.66
35,109,9.52,1,17.0
45,103,6.29,1,13.13
35,131,7.0,9,30.45
50,142,9.15,14,44.42
37,140,9.36,1,18.35
38,156,8.44,3,21.12
51,137,7.2,12,37.36
38,158,8.22,2,18.82
55,111,7.16,10,32.64
33,114,6.03,14,38.62
34,95,6.69,0,12.25
56,88,8.02,13,39.99
38,98,5.43,8,25.52
25,119,5.11,9,27.88
34,119,5.02,0,9.2
45,125,5.56,0,10.88
59,82,5.69,1,12.18
32,105,8.38,5,23.45
48,151,7.02,9,30.82
55,149,5.22,5,20.0
21,84,5.94,0,10.04
23,106,7.56,10,32.69
27,123,8.11,2,18.09
29,117,9.93,8,32.54
56,151,7.59,14,42.03
43,150,5.59,3,15.91
44,157,8.24,13,41.69
30,120,8.03,13,40.65
32,137,6.71,4,20.45
39,108,8.29,2,18.53
52,130,9.65,8,32.89
44,149,5.1,5,19.15
42,142,6.03,9,30.34
23,98,5.59,12,33.31
47,106,8.53,10,34.52
39,132,8.31,11,36.92
29,124,5.47,4,19.05
33,90,5.68,8,26.45
22,89,9.26,3,21.31
56,99,7.96,3,19.87
49,98,7.55,12,37.69
31,81,7.63,2,16.75
54,119,5.83,5,20.58
24,97,6.99,7,25.14
24,81,7.91,14,41.47
21,126,7.45,9,31.34
45,128,7.14,8,28.56
46,102,6.43,7,26.04
31,126,6.84,9,30.68
43,158,8.38,8,29.89
22,124,9.86,13,41.62
39,100,9.48,11,38.0
49,126,8.99,11,37.56
24,111,8.57,0,14.47
36,98,7.22,14,40.34
57,97,6.97,11,34.58
47,103,8.29,6,26.31
25,126,5.92,4,18.71
35,109,9.65,4,24.21
43,100,5.59,13,36.11
23,127,5.57,9,29.03
38,145,5.91,2,14.34
46,124,5.35,2,15.33
26,80,5.27,1,10.79
37,101,5.76,14,38.2
58,135,6.64,1,14.27
47,119,7.84,4,22.62
40,117,7.7,14,41.76
26,98,5.37,8,25.91
55,98,8.49,4,23.56
32,145,6.46,7,25.32
23,126,7.06,2,16.42
24,137,6.84,10,33.1
24,136,7.48,9,30.57
24,127,5.16,4,18.04
59,124,5.97,1,13.14
41,107,5.77,4,18.5
22,139,9.01,7,29.65
36,84,7.78,6,24.83
27,97,8.8,11,37.0
39,116,8.53,4,22.99
53,159,6.34,3,18.46
29,104,7.55,14,40.91
57,117,5.73,14,38.43
37,80,8.9,5,24.99
47,119,6.02,12,35.29
53,134,9.92,6,29.99
32,118,9.86,0,17.31
31,155,5.83,2,14.61
33,104,5.04,1,11.86
51,102,5.59,14,38.56
33,122,7.04,0,13.05
58,127,8.9,6,28.18
46,117,9.23,10,36.53
51,103,7.41,11,34.95
42,84,9.36,1,17.68
26,139,9.42,2,20.12
40,96,8.02,9,31.76
41,116,6.71,0,12.64
30,94,8.72,5,24.74
39,145,8.35,6,27.32
55,99,7.34,10,33.44
46,109,8.85,1,17.09
27,95,9.09,3,21.68
57,123,8.25,11,36.14
28,138,5.08,12,33.71
25,83,7.33,4,20.51
56,110,7.18,14,41.27
48,105,9.47,9,34.43
23,120,7.55,14,41.29
59,155,6.87,14,41.47
28,81,6.56,3,17.04
35,87,7.98,10,33.85
47,157,5.36,13,36.58
56,103,9.38,10,35.59
36,119,8.1,8,29.97
46,104,6.21,4,20.17
24,141,6.43,3,16.76
32,137,9.52,8,32.48
37,150,5.16,9,28.37
46,111,6.51,12,35.52
51,125,6.47,11,33.81
35,105,8.73,11,35.99
54,121,6.02,7,26.0
49,86,5.33,9,28.0
29,135,6.95,11,35.09
34,126,8.59,8,30.87
56,129,5.3,4,17.65
24,124,5.86,8,26.81
58,147,8.16,14,43.43
57,123,8.53,13,41.06
44,104,5.01,2,14.3
37,131,9.68,3,22.53
33,97,6.9,7,26.14
40,86,6.81,14,40.53
37,101,9.19,3,21.25
47,83,5.55,3,16.14
53,108,6.16,9,28.53
41,119,9.27,10,36.02
37,131,7.82,10,33.7
42,139,8.08,0,14.31
45,120,6.53,3,18.24
23,155,7.67,1,15.02
47,152,9.2,0,16.18
47,94,9.91,11,39.23
32,156,6.94,5,23.33
35,136,5.8,10,30.56
58,114,6.81,5,23.41
40,98,6.73,3,18.72
42,100,6.77,3,17.7
22,92,6.27,5,20.84
24,100,7.73,2,17.39
33,105,9.85,3,21.98
52,135,5.27,2,13.73
42,110,7.86,0,13.88
45,109,9.78,12,40.91
47,103,7.11,2,16.55
37,109,7.73,0,12.92
26,105,5.54,1,12.23
36,133,7.97,8,29.91
28,155,6.93,10,32.56
53,100,8.64,3,20.48
30,102,7.5,7,27.1
54,107,5.54,10,30.51
39,158,5.79,0,10.84
34,102,9.42,6,26.94
23,138,7.99,13,40.69
43,132,5.35,8,25.79
31,132,6.53,9,30.78
26,113,8.79,14,42.72
54,147,7.9,4,22.87
21,91,9.39,0,15.79
55,81,6.43,8,26.96
45,104,9.36,7,30.83
49,147,7.12,2,17.03
43,123,9.85,9,35.32
38,113,9.24,9,32.65
34,85,9.61,11,37.7
37,118,9.18,0,15.63
22,129,8.72,0,15.22
51,103,8.99,13,41.52
39,84,7.79,5,24.19
52,133,6.96,12,35.93
48,133,7.03,2,16.36
28,89,7.14,0,11.77
59,154,7.52,4,21.41
42,148,8.39,9,32.78
44,85,6.83,2,15.09
58,157,8.41,0,14.66
22,95,6.68,14,38.42
39,139,7.86,8,30.33
22,93,8.3,5,23.4
48,112,6.96,2,16.41
52,148,7.72,13,40.28
39,119,5.08,12,33.39
36,157,7.38,1,14.37
50,119,9.11,4,24.2
42,88,6.49,3,17.27
34,146,6.33,0,12.56
21,153,8.86,3,21.23
22,127,6.6,10,31.69
42,154,6.95,5,22.55
53,144,9.11,5,26.23
35,89,5.32,0,10.06
42,85,9.67,8,32.95
59,151,5.99,2,16.19
31,141,6.08,11,31.96
24,110,8.87,4,22.59
27,85,5.61,11,31.28
41,113,5.7,7,24.78
27,146,5.46,9,27.7
24,141,8.02,11,35.95
32,91,9.21,5,24.85
47,117,5.9,12,35.33
37,86,6.98,6,24.37
40,143,8.4,1,16.81
51,156,6.53,7,26.79
46,83,5.97,10,31.25
51,100,9.53,8,32.33
55,157,8.51,13,41.92
29,115,9.63,9,34.91
25,86,8.91,1,16.94
28,156,6.74,1,14.14
41,114,5.13,13,36.12
36,128,7.34,7,27.33
36,90,6.84,0,11.34
38,103,7.53,7,26.79
48,101,5.06,4,18.23
38,122,7.67,9,31.58
34,130,7.07,10,32.81
57,128,8.4,4,22.93
36,101,6.35,2,16.0
41,158,9.09,0,15.61
21,97,9.65,13,42.32
31,123,5.83,2,15.08
31,111,8.23,14,42.75
22,137,8.17,6,26.13
52,135,6.7,3,18.91
39,153,5.57,3,17.07
25,88,8.34,5,23.77
23,142,7.28,13,39.12
48,83,5.96,0,10.87
46,117,5.29,5,20.78
43,121,9.73,12,40.61
50,86,7.04,14,40.83
28,121,8.74,8,31.24
56,139,5.68,4,18.61
49,99,8.12,3,19.88
33,142,5.13,11,31.3
45,100,7.11,11,34.77
42,84,6.23,14,39.48
53,109,6.68,1,14.44
57,142,8.12,11,37.19
27,138,6.77,7,26.33
43,117,6.24,10,30.71
26,115,8.57,0,14.61
35,117,7.71,13,39.69
35,102,8.14,4,22.46
54,102,6.91,5,22.7
34,137,6.28,3,17.93
49,127,6.25,5,21.93
36,85,9.96,0,16.63
49,125,8.33,9,31.8
43,94,5.5,3,16.22
30,80,8.22,8,30.18
24,153,5.52,4,17.68
32,112,6.5,11,33.04
54,103,9.23,14,44.34
24,149,9.57,10,36.85
40,93,9.3,13,40.97
48,149,7.77,11,36.08
48,117,7.27,14,41.37
26,90,6.23,0,10.59
34,142,8.99,9,33.69
55,111,8.11,11,35.31
21,108,7.65,6,25.51
39,109,6.29,7,24.97
21,108,6.55,7,25.57
33,90,6.23,5,20.68
28,128,8.19,2,17.06
38,157,8.06,9,31.57
55,143,5.86,10,31.26
43,117,6.66,6,24.11
46,139,5.09,9,28.2
58,147,5.89,6,23.32
40,86,7.64,3,18.24
22,153,6.89,0,11.62
46,86,7.94,14,41.38
56,84,7.11,1,14.55
45,147,5.47,1,12.9
50,126,8.33,7,28.65
38,115,9.72,12,40.03
27,94,6.37,14,38.5
47,118,6.04,6,23.32
31,117,9.19,7,29.7
57,115,6.35,11,33.61
28,81,6.89,5,21.43
31,94,6.11,3,16.6
44,134,8.14,10,35.33
50,156,7.25,13,38.99
50,139,6.85,8,27.86
35,104,6.3,6,22.98
55,93,9.77,6,28.84
59,88,5.43,8,25.85
44,128,6.37,3,18.15
28,114,6.73,12,35.05
40,84,9.09,8,31.14
46,157,9.76,2,21.08
44,96,5.04,11,31.51
42,148,9.8,4,24.99
25,156,9.81,6,28.62
35,133,9.56,7,29.93
56,126,9.6,5,26.82
57,128,9.01,0,15.25
49,153,6.5,12,35.54
35,141,9.01,9,33.11
47,102,7.45,7,26.79
28,95,7.7,12,37.1
49,86,5.11,1,12.35
39,122,7.38,10,33.07
51,157,6.35,0,12.19
29,123,6.69,1,13.66
30,88,7.38,9,30.75
57,150,8.44,3,21.09
30,157,5.38,0,9.74
53,159,8.02,8,30.36
45,139,6.5,9,29.8
24,89,9.14,13,41.66
25,84,9.47,1,17.64
43,130,5.5,3,17.03
59,86,9.37,1,17.93
25,101,7.71,7,27.3
28,103,5.82,2,14.43
37,121,5.05,3,14.91
21,101,8.02,13,39.68
32,114,7.66,11,35.02
55,134,8.58,1,17.57
34,82,7.53,12,37.66
38,150,5.11,7,23.66
30,98,7.16,1,14.15
35,121,9.21,9,34.03
53,125,6.91,9,30.85
39,151,6.31,10,31.23
54,99,6.46,14,40.56
45,112,5.53,12,33.71
36,85,6.92,12,35.94
28,94,8.89,3,21.44
55,148,5.3,10,30.3
41,157,9.58,0,17.21
39,152,7.25,0,12.8
31,110,8.29,10,34.08
31,85,6.87,6,23.43
31,80,6.33,9,29.43
42,98,5.47,0,10.24
41,94,7.36,1,14.58
47,113,7.09,2,16.51
38,143,7.86,1,16.49
58,128,7.01,2,17.36
50,154,7.24,5,22.78
53,125,8.94,3,21.76
41,130,5.63,7,23.63
22,152,7.04,0,13.15
33,90,5.7,1,12.88
22,83,9.69,6,27.33
51,120,9.14,13,42.64
30,143,9.23,3,21.27
43,80,5.69,6,22.26
42,88,9.38,8,31.94
49,118,5.72,7,24.13
53,144,7.33,7,27.28
51,96,5.5,10,30.42
34,146,9.65,10,35.63
30,80,9.92,10,37.22
38,103,7.12,8,28.5
31,156,9.75,11,38.12
59,99,5.46,10,29.81
23,143,9.55,12,40.72
22,99,6.72,3,17.85
28,155,8.34,10,34.84
51,119,6.79,11,34.02
28,109,7.99,7,27.66
22,102,6.15,2,14.7
42,102,8.13,0,14.17
25,135,7.55,13,39.8
27,126,6.81,12,36.66
40,96,7.2,1,14.1
48,81,7.5,2,16.84
33,112,7.08,8,28.83
22,94,5.35,7,23.58
52,111,8.94,11,39.21
46,113,8.32,2,18.81
23,139,8.41,1,16.81
33,110,5.26,6,22.06
41,94,8.86,4,22.77
57,99,8.88,6,27.49
43,110,8.97,1,17.04
27,81,8.07,4,22.91
37,92,7.57,9,30.1
48,95,9.36,11,37.9
50,94,7.91,4,22.85
25,104,5.46,10,29.29
44,155,6.74,5,23.43
27,107,8.57,5,24.02
54,91,7.06,3,17.96
53,155,9.0,3,22.92
47,133,7.34,7,27.09
34,137,6.93,5,22.09
39,95,6.75,8,27.21
58,141,6.57,11,35.35
32,153,7.4,10,33.92
23,89,8.0,13,39.09
27,145,9.62,6,28.79
55,131,8.66,12,39.21
45,109,6.06,1,12.62
35,95,7.27,9,30.89
39,89,6.53,8,27.31
39,94,6.21,7,25.0
43,105,8.29,1,16.89
31,140,5.56,8,26.39
41,94,5.13,8,24.96
54,85,7.07,11,34.63
59,80,5.69,11,31.42
27,114,7.55,11,35.03
47,80,7.75,8,29.46
43,117,5.83,12,34.3
58,159,8.48,9,33.84
40,120,5.57,7,24.04
47,91,8.09,1,15.95
28,143,8.23,12,38.18
57,89,9.05,11,38.21
23,106,9.43,7,28.94
22,118,8.35,9,32.08
42,150,8.1,7,28.15
26,149,8.39,1,17.48
59,124,7.64,10,33.86
56,90,8.08,3,19.56
44,103,9.53,1,17.97
32,136,8.47,12,39.29
37,119,6.51,0,11.92
42,116,8.57,12,38.47
39,82,5.45,0,9.49
29,147,7.27,3,19.5
32,147,6.97,12,35.79
52,80,6.67,2,16.18
51,158,8.12,13,40.85
37,124,5.85,1,12.26
43,110,9.71,13,42.72
30,116,6.29,5,20.75
50,148,8.47,10,34.38
39,122,7.19,12,36.65
46,83,6.02,5,20.62
46,150,7.12,8,29.87
31,108,6.81,13,37.36
40,90,8.9,10,34.1
24,112,8.29,10,33.3
32,132,9.17,13,41.7
45,96,5.21,0,9.18
30,91,9.16,13,40.61
42,80,7.06,9,30.08
27,135,6.29,3,17.06
44,102,6.02,6,23.34
22,86,6.73,4,19.8
52,157,6.73,3,18.47
41,120,5.71,2,14.5
27,132,8.0,9,32.92
28,86,5.41,2,14.85
58,157,7.5,4,23.29
41,145,6.96,5,22.79
28,153,9.08,5,25.55
45,132,6.1,5,20.71
48,84,7.8,4,22.0
48,115,5.59,9,28.7
51,123,8.58,12,38.8
56,90,6.62,0,12.13
45,143,9.8,7,30.75
57,100,9.53,4,24.04
58,83,7.39,13,39.3
32,114,8.95,14,43.99
57,114,5.37,2,15.06
57,114,8.91,7,28.58
51,118,7.24,9,31.28
38,112,5.47,7,24.1
46,156,6.39,4,20.07
26,147,6.5,9,29.76
29,123,8.58,10,34.54
31,130,8.93,11,36.1
51,117,7.67,12,37.99
22,121,6.65,1,14.04
49,124,7.04,4,21.03
25,109,8.12,11,35.68
43,114,8.16,2,17.52
56,107,5.91,11,33.14
27,120,7.5,12,36.87
33,124,7.84,9,32.83
30,127,8.75,10,34.74
56,134,7.34,13,40.24
36,87,9.68,5,26.02
35,105,8.33,5,23.56
39,108,8.61,8,30.64
41,134,7.93,3,20.06
55,145,9.23,2,20.18
35,149,6.8,7,26.24
34,127,5.16,9,27.84
49,159,5.57,1,12.89
25,86,7.14,12,36.44
38,154,6.96,8,29.11
21,159,7.24,4,20.72
47,85,7.69,13,38.7
47,116,7.04,3,18.69
45,88,5.23,1,11.94
41,82,9.0,10,34.82
34,132,9.67,11,38.26
40,87,7.9,9,31.76
48,119,7.34,0,13.76
41,96,5.57,11,33.42
43,149,9.62,7,31.01
31,126,6.81,1,14.18
22,90,8.88,10,34.34
40,89,5.97,3,17.72
44,140,9.54,4,25.67
45,81,8.56,14,42.71
57,108,6.57,3,17.61
42,149,8.79,11,36.53
44,130,6.52,6,23.89
35,152,6.07,7,24.86
32,145,9.04,3,22.47
51,147,9.65,12,40.77
51,136,5.26,9,28.65
50,120,5.44,1,12.66
40,143,9.43,1,17.49
28,83,9.74,1,18.02
50,80,8.53,11,36.8
55,154,7.15,2,17.83
41,86,7.59,11,33.94
48,87,6.85,9,31.37
59,158,9.72,1,19.06
37,137,8.41,12,37.83
32,89,9.74,3,22.17
38,145,9.52,1,18.45
48,158,8.43,11,36.98
23,101,6.17,7,24.71
35,131,7.25,5,23.63
36,128,8.37,6,26.0
42,146,7.34,0,14.27
51,83,7.21,7,27.19
51,136,7.12,8,29.44
21,148,5.89,2,14.31
31,155,6.93,2,16.77
26,132,9.94,14,45.72
43,134,6.28,2,15.98
29,103,6.55,5,20.82
36,91,9.82,14,43.57
58,134,7.56,8,29.04
39,126,8.86,4,24.0
33,106,6.23,11,32.53
52,97,7.01,13,38.6
56,130,8.11,10,35.1
29,139,6.25,6,23.52
57,136,6.92,3,17.99
51,146,7.38,9,31.22
51,81,9.21,1,17.79
39,90,8.46,5,24.22
22,92,9.58,14,44.46
52,119,9.83,2,20.81
54,85,7.36,8,29.24
21,91,7.1,11,34.25
41,122,7.8,13,39.63
23,151,9.49,9,34.19
47,152,5.1,13,35.98
27,83,6.16,1,13.56
53,116,9.19,14,44.55
29,115,7.61,12,38.28
50,111,9.17,3,21.8
38,136,8.26,12,37.6
46,91,9.07,3,20.33
40,97,7.09,2,15.74
58,140,5.05,2,14.41
51,110,8.37,13,41.08
28,119,7.49,1,15.38
43,125,9.92,3,24.36
45,118,5.6,1,11.86
21,142,8.1,2,17.92
38,134,6.51,11,34.36
39,119,7.51,2,17.24
26,108,5.37,10,28.99
37,90,9.31,8,32.02
28,118,9.46,13,41.81
29,123,7.46,11,34.88
57,99,5.42,11,31.98
47,106,7.91,4,21.51
56,117,6.43,9,30.3
26,155,5.12,14,38.37
26,90,9.15,11,38.27
24,115,5.65,12,33.82
42,111,9.63,7,30.57
47,141,8.32,12,39.3
57,95,5.72,6,23.43
22,121,6.33,11,32.69
29,110,9.88,10,36.41
31,149,8.24,1,16.46
40,92,7.41,3,18.49
59,115,9.77,5,26.72
34,154,5.15,14,37.38
46,90,6.92,7,26.79
58,127,9.09,13,41.94
50,99,9.78,12,40.38
56,108,8.92,2,19.07
58,98,8.19,6,26.59
55,85,5.64,14,39.27
26,135,7.68,7,27.31
23,97,7.87,2,17.31
21,155,9.14,14,43.87
38,121,8.35,13,40.49
43,139,9.23,1,17.28
52,135,7.9,2,18.13
49,82,5.68,12,34.07
43,159,8.75,7,29.89
56,118,8.18,13,40.79
26,122,6.74,3,17.78
37,107,9.1,14,43.68
38,121,9.42,1,18.07
51,88,8.67,13,40.37
26,97,7.42,3,18.32
54,100,6.55,2,16.05
47,105,6.14,2,14.88
56,102,9.15,13,42.56
45,89,8.25,13,39.96
30,123,8.2,11,35.62
59,92,6.0,2,16.0
59,132,7.78,6,26.37
32,116,9.94,4,25.61
31,135,7.23,11,35.02
23,138,7.76,4,21.14
42,91,9.38,10,35.8
24,82,9.37,9,33.12
28,93,5.33,12,34.08
34,114,9.51,13,42.18
40,109,8.28,10,35.82
44,150,6.71,0,12.58
34,145,8.83,2,20.72
48,97,7.44,4,20.88
36,105,7.74,8,28.93
52,125,8.19,7,28.8
32,91,9.03,14,42.87
36,137,7.36,1,15.78
39,136,6.3,13,37.87
25,111,8.06,0,13.3
32,143,9.86,14,44.91
49,153,5.49,2,15.62
25,145,5.03,2,14.0
37,116,6.94,4,19.62
28,93,7.72,11,35.95
50,89,7.55,14,41.78
30,144,6.58,12,36.21
40,143,9.67,9,35.46
36,120,6.22,13,37.4
36,100,5.61,4,17.84
23,148,6.12,14,39.89
43,88,5.49,14,37.4
42,88,9.23,14,43.2
48,97,7.01,7,27.43
56,148,9.15,5,25.93
24,141,8.19,2,18.41
58,95,7.37,8,29.33
44,83,5.51,11,31.32
39,100,5.19,11,31.34
31,123,7.79,11,34.9
59,157,6.0,2,15.83
38,155,7.22,4,20.83
32,106,9.73,2,20.77
34,113,5.67,3,17.39
38,83,8.53,5,24.21
32,130,6.06,0,11.48
47,81,6.2,13,35.15
26,111,8.19,2,18.22
44,81,5.65,12,34.79
53,137,6.94,9,30.66
36,101,6.9,9,29.09
32,98,7.28,6,24.84
51,99,6.59,9,30.08
57,97,6.37,2,16.01
33,129,8.91,9,33.41
28,93,5.4,2,13.73
58,99,9.25,2,19.42
23,124,9.19,5,25.86
40,126,9.66,13,43.41
24,136,6.2,9,28.56
22,110,9.58,0,15.87
56,131,7.25,2,16.94
43,158,8.42,11,36.82
39,125,9.26,11,38.04
28,86,5.31,4,17.53
36,128,5.17,6,21.55
38,102,6.01,7,25.53
56,120,7.8,5,24.44
44,83,8.89,10,35.35
21,110,8.88,9,33.77
21,126,9.47,7,29.85
56,97,7.78,4,21.5
31,153,7.8,12,38.19
38,86,5.39,0,9.56
36,117,8.83,8,31.93
37,124,7.4,8,29.01
44,107,6.04,2,15.48
54,138,5.63,14,38.45
24,97,9.45,12,39.19
55,88,7.88,14,41.54
35,95,8.09,2,17.92
22,141,6.2,8,27.66
51,119,7.75,14,42.71
29,137,5.8,5,20.51
30,145,7.09,8,28.7
45,148,6.23,11,33.59
25,98,5.83,8,26.2
34,157,9.0,14,43.48
58,106,8.31,6,26.05
22,109,9.0,8,31.05
38,124,9.18,3,21.56
49,157,6.95,2,17.36
40,110,8.78,1,16.77
28,115,8.67,13,40.38
57,118,6.23,2,15.77
46,129,8.45,8,30.44
57,117,9.64,13,43.03
24,90,8.43,2,18.49
53,153,6.64,12,36.27
42,95,8.51,4,21.67
26,130,7.91,2,18.02
53,154,9.03,6,28.01
48,118,6.36,7,25.07
44,102,5.81,1,11.85
24,144,7.16,4,20.88
22,128,8.13,12,37.41
33,140,5.48,0,11.39
31,133,6.32,8,26.93
55,92,5.84,1,12.96
59,151,8.85,1,18.05
30,103,8.52,9,31.71
30,128,8.13,5,24.84
28,116,7.32,12,36.22
25,105,7.24,7,27.67
43,121,7.59,5,22.93
54,82,9.09,14,44.36
52,140,7.98,1,16.08
36,122,8.73,4,23.62
24,152,6.31,10,31.69
48,144,7.39,8,28.6
34,97,8.15,1,16.82
32,146,6.58,6,23.34
41,93,7.6,4,21.15
36,143,9.2,9,33.52
22,111,5.39,14,37.68
43,147,9.04,5,26.27
49,139,8.02,2,18.25
29,100,7.06,7,25.5
27,106,7.81,3,19.01
49,84,8.03,7,27.93
37,146,8.9,13,41.07
29,120,9.01,6,27.69
26,81,8.7,11,35.85
40,122,5.09,1,11.94
30,80,7.79,1,14.77
29,102,7.16,13,39.55
32,142,7.88,4,22.17
53,127,8.03,0,14.85
52,104,8.08,5,23.99
54,146,6.75,5,23.11
39,156,7.23,14,41.18
53,126,5.08,11,31.85
36,135,9.68,3,22.83
43,138,9.94,6,28.5
46,95,7.0,3,18.12
57,126,7.1,0,12.71
29,133,7.3,14,41.86
50,126,6.47,3,18.68
33,131,7.18,0,12.39
36,97,6.79,11,34.24
22,125,5.1,13,35.15
51,105,5.63,13,36.89
39,97,5.39,3,16.34
31,128,6.19,5,21.07
34,144,5.5,12,33.98
45,86,6.15,4,19.07
27,109,5.02,10,29.13
35,104,9.94,6,28.77
50,104,5.55,4,18.69
51,106,9.2,11,38.02
44,114,5.51,3,16.64
45,109,6.56,2,15.7
28,93,9.71,2,20.12
50,114,6.55,14,39.58
56,113,8.27,6,26.43
34,94,6.59,1,13.93
49,86,9.71,4,23.37
47,92,5.05,8,26.05
56,119,6.26,0,11.8
54,139,7.07,9,30.53
41,113,9.12,5,26.0
58,92,7.87,0,14.03
31,83,9.47,6,27.91
53,92,9.42,1,18.2
35,127,9.78,10,36.31
32,92,5.91,11,32.31
44,112,7.11,10,32.72
57,102,7.14,14,41.17
31,146,5.62,0,10.23
39,111,9.73,4,24.22
21,134,6.81,6,24.63
37,82,8.2,5,23.98
36,91,8.02,0,13.76
46,135,6.18,12,36.6
35,147,7.86,8,30.34
28,112,6.28,8,27.97
50,111,6.43,1,14.05
34,96,7.75,5,23.49
53,131,7.28,0,14.36
27,152,7.12,13,38.39
38,84,6.97,0,11.52
32,100,8.77,4,23.3
22,82,6.4,2,14.7
49,146,6.56,9,30.46
41,116,7.9,10,33.95
27,114,9.82,10,36.22
47,112,6.46,13,37.51
32,133,7.08,8,28.67
40,82,5.64,4,17.84
34,127,8.2,5,24.52
30,97,6.26,3,17.07
43,82,7.63,10,33.8
50,84,7.1,8,28.47
51,88,8.88,14,43.6
30,155,9.16,6,28.22
39,95,8.69,10,35.22
39,152,7.25,5,23.57
43,129,7.07,10,32.65
52,136,7.06,0,12.55
40,136,7.51,12,37.5
24,96,8.09,7,27.93
53,144,6.62,7,25.93
21,136,8.66,2,19.12
33,142,9.53,13,42.25
23,146,5.34,14,38.41
32,84,5.11,10,29.29
49,101,8.38,2,19.24
51,80,8.23,8,31.03
56,126,7.29,3,18.84
22,128,9.14,5,25.05
42,83,8.75,11,37.09
42,101,9.83,14,44.97
51,134,9.18,9,34.06
34,111,5.41,9,27.95
49,145,7.08,6,24.57
55,148,6.78,3,18.37
29,150,9.18,14,43.8
52,87,6.18,4,19.97
47,115,5.55,10,30.06
30,91,5.39,11,32.02
45,107,7.81,12,37.72
53,81,6.53,2,16.63
31,157,5.95,5,20.99
57,98,9.55,4,24.64
29,128,5.08,3,15.35
27,116,7.21,13,38.59
27,131,7.43,4,21.58
54,139,7.7,4,20.98
39,121,8.8,3,21.96
40,86,5.03,2,13.04
45,121,6.18,1,12.95
25,136,8.91,7,30.43
49,95,6.7,2,15.98
47,104,7.88,13,40.2
45,117,6.41,0,11.75
57,123,5.42,13,36.65
35,117,6.26,13,37.01
24,124,9.12,1,18.02
34,109,6.7,5,22.99
37,95,7.74,1,14.99
41,83,5.07,7,24.22
36,114,7.61,1,15.57
46,140,8.62,6,26.75
29,84,7.91,14,40.59
22,157,5.11,8,26.19
35,120,5.11,0,9.29
55,120,9.44,0,16.68
44,107,6.07,14,39.42
58,89,8.41,5,25.42
34,131,5.16,1,11.56
57,111,6.52,14,39.9
57,155,6.62,3,19.1
26,124,9.26,3,21.83
38,95,9.02,10,35.41
42,143,9.16,0,16.1
38,114,9.71,0,16.3
22,159,6.86,1,14.78
52,96,6.09,7,25.5
37,121,8.69,7,29.92
21,101,5.42,3,15.11
29,129,9.89,10,37.18
33,100,8.73,5,24.83
56,125,6.43,7,27.08
57,136,8.96,3,21.99
50,84,9.56,13,42.36
51,131,5.76,14,38.59
43,110,8.3,6,26.36
48,112,5.72,13,37.43
30,126,7.84,7,27.51
45,82,5.91,14,38.68
56,132,7.55,0,13.91
46,135,7.49,12,37.5
46,97,6.49,6,23.91
33,107,5.27,14,38.14
37,94,8.94,12,39.67
24,129,7.38,12,37.0
43,112,8.39,2,18.39
55,107,9.37,4,24.22
31,125,6.28,9,30.18
32,151,7.89,10,33.43
29,80,9.1,12,39.42
35,150,9.66,14,44.53
57,134,5.34,14,37.88
25,137,5.75,4,18.06
39,157,5.61,0,10.8
31,100,5.53,7,24.37
29,135,9.61,5,26.84
55,149,8.2,7,29.92
47,96,9.38,0,15.22
33,157,7.15,2,17.31
32,86,9.46,14,42.64
29,158,8.18,2,18.63
48,151,8.99,2,20.61
33,139,7.89,10,34.52
40,127,6.49,8,27.25
33,89,7.82,12,36.25
47,120,8.63,3,20.41
46,98,8.34,10,33.74
49,141,7.33,5,23.07
49,145,5.11,14,38.59
42,87,7.9,14,41.39
29,109,9.63,1,18.07
44,115,9.63,13,42.84
39,129,9.3,10,36.0
58,81,8.1,13,40.58
51,84,7.55,7,27.11
59,125,5.12,4,17.71
35,156,6.75,7,26.43
52,119,9.27,6,28.17
49,136,5.79,2,15.35
54,90,9.04,13,41.61
29,151,6.36,12,35.3
55,117,7.74,9,31.28
26,96,6.46,3,17.37
57,154,6.37,12,35.85
34,105,9.36,12,39.89
29,118,8.46,2,18.6
39,146,6.08,4,20.07
43,104,7.39,6,25.13
48,109,7.56,12,37.39
36,125,8.65,12,38.72
46,120,8.4,13,40.98
58,129,8.37,9,32.91
45,123,6.9,1,14.02
55,89,6.16,12,34.64
25,152,7.51,7,26.88
27,81,8.77,3,20.07
43,100,9.49,0,16.39
45,154,8.67,1,17.49
21,153,6.98,12,36.05
42,104,9.79,8,31.48
24,148,9.33,8,31.53
48,101,9.52,5,26.27
34,148,6.42,10,32.01
53,152,9.91,3,22.9
24,90,6.35,2,15.12
31,123,5.82,12,34.67
59,84,6.06,8,27.05
52,85,8.25,13,40.46
24,95,7.0,8,28.4
21,125,5.8,0,10.54
46,103,8.74,7,28.78
53,93,5.7,2,14.0
37,103,5.36,9,28.38
47,155,9.29,11,38.53
25,102,7.71,7,27.37
27,118,8.19,8,30.05
45,85,9.99,3,23.03
28,100,9.78,13,42.36
54,152,7.08,0,13.7
24,125,7.47,6,24.12
32,120,5.3,6,22.06
51,138,7.44,2,16.81
31,148,6.4,12,36.02
57,121,8.78,9,33.38
56,138,6.81,12,36.48
42,114,5.07,2,13.56
21,120,8.56,0,14.91
24,146,6.03,7,24.88
56,144,6.37,13,37.88
28,98,5.39,11,32.6
45,158,8.9,13,41.06
48,98,6.23,10,31.23
58,104,8.81,5,25.46
56,118,5.12,4,17.92
56,112,8.22,6,26.42
24,159,5.6,12,33.74
33,119,7.11,12,36.87
58,91,6.55,5,21.91
45,109,8.9,0,14.49
23,149,8.97,12,38.4
52,121,9.26,14,43.99
59,93,5.08,6,21.26
21,84,9.25,12,38.42
31,115,6.21,8,27.18
22,138,9.18,7,29.75
25,136,9.18,7,29.38
42,139,6.12,8,27.35
33,157,6.23,10,31.44
43,142,5.81,8,26.93
51,128,5.89,7,25.61
55,144,9.77,13,42.98
58,131,6.92,14,40.78
55,88,5.2,3,15.63
33,95,6.65,3,17.5
27,114,5.24,14,37.29
25,153,9.91,14,45.07
49,95,8.33,9,31.22
28,112,7.56,7,27.94
28,130,5.56,8,26.55
27,140,6.33,12,34.6
39,158,8.85,9,33.95
59,138,9.51,3,23.32
43,151,9.1,7,30.2
56,83,8.34,13,40.85
52,81,7.71,10,33.2
24,150,7.32,5,23.79
50,137,5.79,13,37.42
59,141,5.59,5,21.33
25,104,9.04,13,41.38
23,150,8.95,2,19.01
42,104,5.09,9,27.05
48,145,7.6,12,37.41
42,105,5.76,14,38.77
42,134,8.83,0,15.36
54,82,5.92,10,31.13
49,125,7.56,4,20.77
33,108,8.37,8,30.34
27,137,6.95,14,40.23
30,90,8.36,14,41.83
48,100,9.57,1,18.46
24,122,8.6,0,15.01
52,83,6.61,3,17.5
42,148,6.76,4,20.45
40,149,6.67,10,31.97
40,101,7.4,12,36.63
26,85,5.45,12,34.04
29,157,5.1,2,14.02
48,101,6.55,9,28.75
33,95,9.09,9,33.62
51,115,9.34,7,30.19
59,129,8.74,7,29.36
34,137,5.92,14,39.03
42,150,7.47,8,29.48
57,130,7.54,7,27.58
44,157,5.96,4,19.65
28,126,6.83,9,30.81
35,132,6.47,5,21.48
26,85,6.27,1,13.81
43,104,7.03,3,18.14
45,82,6.59,5,21.52
51,92,9.64,8,32.81
49,132,8.15,12,38.8
43,146,7.91,12,38.82
30,110,7.09,2,15.25
29,146,7.27,10,32.77
33,134,7.25,0,12.76
52,145,5.09,11,33.02
21,84,9.79,11,38.21
21,88,8.58,9,31.38
57,108,7.74,1,16.1
38,114,6.18,12,35.76
56,114,5.02,5,19.67
51,129,6.39,4,19.51
21,109,8.91,11,36.97
56,94,9.86,5,26.58
29,108,8.8,13,41.02
42,104,7.16,5,22.75
48,154,9.24,0,16.78
46,136,9.98,11,39.17
30,130,6.54,1,12.73
23,147,7.05,13,38.64
22,137,7.16,4,20.51
57,91,6.92,11,34.51
51,148,8.22,11,36.68
53,116,9.36,5,26.23
52,104,9.33,8,31.65
32,147,5.52,12,34.2
23,103,5.15,1,11.37
46,115,7.18,8,28.45
34,81,5.72,3,17.11
32,114,5.35,2,13.02
46,87,5.54,3,15.72
36,152,8.17,5,24.25
28,107,6.75,14,38.46
48,139,8.16,11,36.96
27,133,5.23,5,19.84
35,123,9.66,5,27.1
56,89,9.83,1,17.65
28,84,9.67,12,39.51
30,126,6.19,12,34.49
35,110,9.3,5,26.29
38,108,6.94,3,18.39
57,82,8.49,2,18.38
55,105,5.94,14,38.95
22,81,7.11,4,20.36
42,158,9.47,0,16.26
35,156,7.29,4,20.26
57,135,9.65,6,28.5
59,93,6.79,7,26.0
56,155,7.97,14,41.94
25,94,7.21,13,38.46
35,124,5.65,11,33.76
47,126,7.4,11,35.48
36,99,6.8,3,18.3
56,97,5.98,10,31.0
58,158,7.12,4,21.19
38,140,6.42,13,38.26
55,155,6.29,10,32.24
45,84,9.29,0,15.09
42,137,8.83,7,29.81
51,156,8.38,6,27.28
57,139,6.82,1,15.43
54,92,6.16,10,31.33
43,159,8.16,2,18.43
36,119,6.39,0,11.38
26,146,8.75,12,39.14
35,131,7.41,14,40.79
38,81,9.55,9,33.3
58,132,9.49,14,44.07
33,146,7.22,5,22.34
44,90,9.77,2,20.52
33,90,8.3,2,18.14
21,89,8.03,4,21.57
56,107,5.47,3,16.37
38,90,9.91,5,26.69
53,86,5.46,4,18.2
58,108,6.35,12,36.22
26,144,5.85,4,18.73
37,131,5.29,1,12.21
24,94,9.99,1,19.34
34,86,6.59,1,13.4
50,147,5.23,13,37.14
40,134,5.62,3,16.99
28,82,6.18,13,37.29
22,99,5.19,1,11.63
57,82,5.73,2,13.83
24,108,5.16,11,31.09
30,99,5.83,13,35.89
40,89,7.23,6,24.5
55,140,9.88,6,28.6
30,116,8.38,2,19.33
48,130,7.69,10,34.4
35,121,9.95,5,25.71
56,152,8.52,6,27.44
21,154,6.85,1,14.88
42,109,8.96,8,32.38
47,124,7.41,3,18.85
49,103,5.2,5,19.65
35,110,8.18,1,16.49
30,102,8.65,10,34.63
40,132,9.89,14,44.79
42,121,5.49,13,36.37
29,115,6.61,2,15.37
52,113,8.61,13,40.24
37,105,8.23,2,18.52
39,150,7.58,14,41.57
47,104,5.95,2,14.64
57,82,6.05,13,36.97
54,122,9.84,14,44.69
30,85,5.53,3,15.31
50,133,8.65,0,14.2
41,131,5.01,12,33.56
41,92,5.62,5,19.79
54,145,9.27,1,18.02
29,135,6.55,11,34.32
54,126,9.97,13,42.49
32,156,8.66,4,23.21
41,144,6.83,5,22.5
40,145,7.13,13,39.02
26,147,6.21,3,18.66
56,92,9.09,11,36.68
32,109,5.04,4,17.46
51,155,6.19,3,17.92
22,112,9.35,2,19.9
36,117,9.87,5,26.35
21,122,7.2,3,18.95
24,82,9.14,11,36.91
21,122,9.08,12,39.5
55,152,8.86,9,34.49
33,150,9.21,6,27.63
51,83,9.73,14,44.7
40,111,5.26,6,21.75
27,80,6.8,11,33.84
53,92,8.51,14,42.55
48,115,5.97,1,13.08
40,105,7.66,0,13.75
52,156,8.12,0,13.81
29,101,5.84,14,39.35
54,90,8.42,2,18.44
34,104,5.19,2,14.08
24,158,5.14,4,18.25
49,124,8.71,5,25.31
35,115,8.26,2,17.85
37,113,8.82,11,37.2
39,113,5.07,9,28.58
58,111,5.39,11,31.21
29,104,6.53,3,17.96
47,146,5.52,4,18.42
35,138,6.66,2,14.67
57,136,7.8,5,23.28
48,108,7.76,3,19.18
24,100,5.46,4,17.08
41,152,5.36,11,32.28
54,100,5.22,7,23.99
39,150,9.4,8,32.75
57,126,8.81,12,40.07
24,111,9.12,0,15.0
57,101,5.09,4,18.57
52,121,8.59,5,25.52
32,90,8.17,10,34.68
36,137,5.49,5,20.64
34,157,7.91,9,31.78
21,120,5.32,1,11.25
52,104,7.27,1,14.34
41,95,8.42,11,35.97
24,145,5.31,7,23.87
29,149,7.56,8,29.06
42,113,8.45,1,16.5
32,125,5.25,6,22.02
50,127,9.35,7,30.11
50,116,6.77,6,25.91
52,101,6.57,9,29.75
56,159,5.61,9,30.32
27,86,9.93,9,33.93
37,126,7.89,5,23.46
21,156,7.92,14,42.82
34,96,8.05,8,30.22
58,82,7.09,8,28.55
46,91,6.91,13,37.75
47,149,7.74,10,34.56
36,155,5.83,11,33.09
27,154,7.94,12,38.72
52,98,7.49,2,16.74
45,110,5.74,1,12.49
51,81,8.9,1,17.51
36,97,5.38,0,10.0
34,134,6.2,4,18.92
45,83,5.84,13,36.66
50,101,7.29,0,12.98
27,157,8.54,11,36.35
32,157,6.21,0,12.21
23,113,5.76,11,31.17
47,127,7.83,2,17.67
39,149,8.33,3,21.21
57,155,9.75,14,45.68
27,103,8.04,12,37.53
36,124,7.84,5,22.97
52,89,7.36,6,24.48
28,125,6.4,1,12.87
33,115,9.76,0,15.53
31,130,8.55,7,29.54
40,111,7.37,2,17.99
38,111,7.66,13,38.99
57,94,9.79,5,25.8
26,88,7.43,7,26.63
40,137,9.97,0,17.15
52,115,7.86,2,18.45
49,101,9.59,13,42.5
24,92,8.62,1,16.4
27,120,5.54,5,19.52
40,157,8.08,13,40.4
54,105,9.76,12,41.3
56,140,6.67,6,25.38
27,123,6.79,12,36.04
53,109,5.58,13,36.73
35,156,7.56,7,27.49
52,116,6.49,3,18.19
42,137,8.86,3,20.71
49,114,6.03,8,27.6
45,128,8.69,3,22.15
25,138,7.05,12,36.38
34,86,9.69,5,26.26
55,114,7.87,8,29.51
22,118,9.43,5,26.43
45,85,6.29,9,29.01
36,157,9.73,1,18.46
36,144,6.08,9,29.39
31,106,9.73,1,18.02
55,90,9.38,7,29.72
43,88,6.01,7,24.33
25,89,8.28,6,24.86
55,133,6.85,2,16.13
49,122,7.01,5,23.41
25,129,5.2,12,34.05
23,125,9.14,0,15.37
26,142,6.3,2,15.36
43,128,8.84,10,34.71
22,110,7.95,9,31.98
38,142,9.85,9,34.66
50,87,6.0,1,13.22
58,119,6.6,13,38.05
25,139,5.83,8,26.27
31,130,9.16,14,44.5
21,84,6.65,12,35.2
30,110,5.98,9,29.09
46,86,7.96,11,35.93
53,124,6.89,12,36.26
47,126,9.06,14,44.36
32,93,8.82,5,24.28
22,104,5.6,2,13.58
21,126,9.28,5,25.07
21,125,9.91,1,18.45
53,124,8.75,8,31.45
42,110,9.12,1,17.03
32,131,9.59,14,43.94
59,83,8.93,7,29.33
56,125,7.92,2,18.79
41,108,5.34,8,25.44
40,128,7.42,4,21.61
56,144,8.91,0,15.53
46,80,6.28,8,27.38
51,147,8.27,7,29.5
21,138,6.58,13,38.24
58,116,9.31,1,18.3
34,157,6.82,3,18.5
46,131,5.23,1,11.23
27,157,7.91,6,26.57
32,81,5.23,1,10.88
44,100,6.08,5,20.75
39,108,7.51,6,25.4
29,155,8.97,4,22.89
55,117,6.6,12,36.22
24,111,6.45,6,24.12
52,120,5.56,7,25.15
26,101,7.93,3,19.22
48,121,7.66,4,22.31
48,91,5.04,8,25.59
49,136,8.51,10,35.85
25,87,7.3,1,13.65
25,107,6.45,2,15.84
57,136,8.55,3,21.77
48,132,9.06,1,17.94
29,159,7.99,4,22.0
49,155,5.47,3,15.89
34,96,9.53,12,40.21
58,100,5.09,6,22.37
54,130,6.05,9,28.73
57,86,6.32,4,19.91
34,140,6.85,14,40.36
38,133,6.78,14,40.3
53,120,9.49,1,18.69
54,139,8.98,12,40.9
48,123,6.01,12,35.21
56,156,9.77,13,43.44
57,108,6.81,10,32.37
43,122,6.09,11,32.7
37,116,9.73,14,44.15
31,140,7.86,12,37.73
52,138,7.95,1,16.5
57,140,8.28,0,16.13
35,151,8.13,7,28.03
24,99,8.15,13,40.09
59,123,5.01,4,18.49
50,135,8.43,6,27.28
30,127,8.71,6,27.59
43,153,5.13,14,38.17
44,94,8.12,0,14.0
56,155,6.32,11,34.86
25,135,8.14,2,17.66
57,135,6.32,14,40.53
39,125,5.48,5,20.56
57,136,5.89,11,34.18
28,124,9.59,12,39.86
27,159,7.2,13,38.68
33,121,9.58,4,24.37
57,141,7.42,11,35.31
47,87,9.49,10,35.65
38,93,7.84,5,24.27
44,105,6.76,3,18.31
22,120,6.11,12,35.08
36,108,6.86,7,25.45
34,142,5.88,11,32.86
37,92,9.91,4,25.11
26,138,6.74,9,30.5
55,126,7.78,5,24.47
37,100,9.98,2,21.77
58,91,7.59,3,18.66
26,103,6.55,11,33.79
58,100,8.07,14,42.41
41,83,9.09,0,14.83
55,104,8.08,10,34.08
43,87,6.1,13,37.07
32,115,5.96,14,38.35
49,113,8.59,8,31.64
47,129,9.24,6,28.26
26,107,8.5,8,30.54
41,141,5.47,12,33.65
27,153,6.61,5,22.14
36,123,8.43,0,14.3
25,111,8.56,1,16.05
35,87,7.32,8,28.59
41,133,6.49,3,18.08
24,96,5.46,8,26.38
25,91,5.26,9,27.45
27,146,5.57,13,37.06
55,154,6.69,10,32.08
56,157,8.05,4,22.95
35,150,9.24,9,34.34
48,105,6.25,6,23.18
22,112,5.38,3,14.96
25,123,9.83,11,38.83
27,111,8.08,8,30.27
42,117,5.71,8,26.79
51,89,6.25,0,11.24
52,158,7.09,6,24.95
28,158,9.84,8,33.01
31,149,5.59,5,21.11
21,80,7.14,6,23.94
39,149,7.19,4,21.05
58,156,9.96,0,17.84
57,154,5.96,5,20.74
27,104,7.34,10,32.56
59,131,9.93,4,25.62
45,131,8.28,7,28.47
42,91,5.83,12,34.99
47,125,9.68,10,36.47
58,88,7.71,13,39.21
59,124,9.07,12,40.19
35,115,9.03,12,40.58
22,88,7.76,4,20.8
28,119,9.08,13,41.12
26,113,9.42,12,39.44
40,132,9.06,14,43.06
47,124,8.16,13,39.85
43,112,7.94,0,13.84
37,108,7.32,0,11.98
33,117,5.41,1,12.35
24,127,7.39,6,25.73
40,156,8.15,9,33.34
45,138,7.26,2,17.05
42,141,7.09,9,31.1
37,114,6.18,8,26.92
31,126,6.83,10,30.79
45,138,6.02,0,11.57
25,138,5.39,12,33.63
41,81,8.62,11,37.76
46,139,8.5,11,36.72
36,85,7.59,5,23.24
41,104,5.4,7,24.4
52,132,8.08,1,16.79
24,157,6.4,0,11.52
58,83,9.75,0,17.02
28,151,5.24,13,36.22
29,135,5.01,10,29.45
37,81,9.16,14,42.59
33,96,6.16,3,17.12
29,147,8.35,1,17.23
26,127,6.74,9,30.41
47,106,9.12,7,30.22
57,113,9.27,1,17.74
59,120,9.71,7,31.48
44,85,6.93,6,22.89
29,85,5.03,1,11.05
31,107,5.72,8,26.64
55,87,6.54,12,35.79
49,80,9.04,10,34.33
28,159,9.55,1,18.36
37,97,6.05,10,31.18
27,159,6.95,11,35.05
32,126,7.83,13,40.31
35,159,6.39,13,37.66
49,90,6.71,6,24.53
44,85,8.93,9,33.81
57,93,5.84,1,12.43
34,101,7.7,3,19.63
31,110,7.91,9,31.68
55,107,5.71,9,28.65
37,98,8.51,7,28.56
47,80,6.0,11,33.12
23,146,8.49,7,29.34
22,151,7.0,3,18.4
24,92,8.06,8,28.95
38,130,7.91,14,42.62
40,80,9.92,2,20.42
41,108,5.32,6,21.61
34,92,6.39,9,29.63
28,121,7.95,11,35.97
22,108,8.78,3,20.75
46,95,9.47,4,23.78
39,139,5.49,10,30.28
48,113,6.4,4,19.93
49,119,5.57,1,12.36
25,146,5.37,7,23.89
48,134,5.09,3,15.53
46,137,9.02,6,28.23
25,131,5.78,1,12.22
35,143,6.94,5,22.78
29,83,5.06,13,35.01
52,127,9.15,0,15.76
46,151,5.54,10,31.68
57,97,7.22,1,15.0
35,89,6.8,13,37.2
24,93,6.27,10,31.8
56,130,7.31,11,35.96
40,125,5.2,6,21.61
47,145,6.82,13,38.67
41,140,7.69,9,32.18
42,81,8.04,12,37.97
27,114,7.74,0,13.77
51,113,7.27,5,23.11
37,149,7.92,4,21.91
27,147,5.45,8,26.25
39,144,6.55,0,11.51
48,114,9.83,2,20.72
30,127,9.78,1,18.56
47,126,8.15,9,32.63
33,90,7.5,3,19.67
22,141,6.15,5,20.58
42,83,6.8,5,22.66
40,112,8.23,8,30.48
25,113,9.06,4,22.03
26,153,9.14,4,24.39
55,114,5.69,1,12.73
21,132,7.53,14,41.8
55,107,8.57,4,22.72
23,102,8.48,3,20.01
56,128,9.87,5,27.6
27,155,5.64,13,35.71
49,81,7.31,5,22.4
35,156,5.39,7,23.59
31,105,7.85,12,36.96
38,96,8.42,5,25.17
24,122,5.37,7,23.27
44,138,7.67,6,25.39
31,145,9.86,13,41.45
26,153,5.18,0,9.5
38,118,5.89,3,15.23
35,105,7.73,10,33.49
23,101,8.56,12,38.7
37,154,9.12,13,42.18
53,101,6.49,8,27.04
54,137,6.68,6,24.44
50,108,8.94,7,29.71
39,89,7.1,12,36.13
29,104,9.38,11,37.04
51,100,9.6,7,30.89
47,140,9.26,6,27.63
45,118,5.42,7,24.45
27,156,7.7,1,15.66
27,145,9.73,2,21.32
40,85,9.82,0,17.53
56,80,7.63,8,29.08
39,107,7.16,3,18.0
22,90,5.94,10,30.32
54,118,9.99,10,37.26
37,148,8.1,8,30.68
44,97,5.4,4,17.57
29,99,9.39,1,17.28
21,155,8.28,13,40.34
48,137,6.66,10,32.47
35,129,5.93,12,34.32
41,120,8.33,14,42.45
35,97,5.05,13,35.21
43,113,9.32,7,30.3
22,145,8.15,2,18.07
56,157,6.06,4,20.36
29,144,8.48,6,27.07
22,106,6.32,9,28.09
22,109,9.42,9,33.54
38,155,8.31,8,31.36
37,80,9.43,14,43.22
28,120,8.65,5,24.87
54,141,6.97,6,25.13
54,80,9.08,7,29.57
25,84,9.08,13,40.77
49,127,9.85,13,43.05
48,84,8.09,13,39.65
36,150,8.43,2,18.5
34,105,7.41,4,21.31
22,128,6.35,5,21.09
24,149,5.41,2,15.27
51,140,8.77,13,40.85
46,82,7.35,2,16.83
47,118,9.22,5,25.54
54,157,7.16,1,15.78
51,128,9.71,3,22.3
31,93,6.86,1,14.4
28,99,7.18,0,12.69
32,137,8.29,5,23.92
55,123,6.59,4,20.04
54,88,8.14,3,20.39
33,142,5.07,3,16.16
47,141,6.22,7,25.98
28,85,6.17,11,32.56
41,145,5.55,13,37.65
31,122,9.63,12,40.88
42,143,9.92,12,40.67
41,123,5.2,5,19.87
48,84,7.22,13,39.66
23,92,5.83,9,28.33
27,94,9.15,0,15.22
34,113,5.74,13,36.22
35,135,5.92,14,38.38
29,152,8.67,4,23.07
27,109,5.45,4,17.74
32,135,9.75,11,37.87
39,104,8.67,5,24.39
47,147,9.89,12,41.72
38,126,7.24,10,32.29
33,107,6.16,6,22.87
21,116,9.68,6,28.33
58,153,7.54,7,28.26
41,152,9.75,3,23.75
54,115,9.77,11,38.73
33,80,9.0,3,20.97
43,154,6.13,8,28.46
21,104,6.17,9,28.4
43,154,8.23,0,14.73
48,120,7.39,1,15.3
52,134,7.08,6,24.93
28,148,6.02,6,23.57
46,136,6.11,5,20.25
34,82,6.82,5,21.49
44,87,8.16,0,14.35
49,127,5.21,14,37.61
24,138,6.96,5,21.9
38,115,8.74,9,32.82
34,134,7.11,10,33.42
47,158,7.98,13,40.6
23,156,5.5,1,12.2
50,120,9.69,6,28.15
56,153,5.69,12,35.29
43,138,8.25,1,15.92
38,113,5.83,10,29.56
30,109,9.92,10,36.37
32,141,8.16,10,33.11
28,149,7.6,0,13.3
52,134,9.23,5,26.78
37,101,5.85,5,21.31
34,101,7.12,10,32.8
57,92,9.89,5,27.4
29,102,7.53,5,22.73
46,97,8.15,4,21.74
44,153,5.34,14,38.67
43,145,5.36,9,28.75
51,93,5.31,4,18.12
59,111,7.45,9,31.46
22,109,8.59,7,27.77
38,98,6.62,10,30.66
36,148,7.88,9,32.03
49,127,7.89,0,14.7
31,153,5.79,11,32.27
22,84,8.75,0,14.59
34,157,7.73,14,42.1
24,118,5.6,4,18.26
59,122,9.74,2,20.53
54,98,6.23,3,16.54
59,154,7.07,13,38.85
29,118,9.72,8,32.39
27,138,6.66,2,15.54
37,131,5.93,11,32.84
43,129,9.91,4,24.89
31,154,9.98,8,32.96
42,89,8.44,10,34.47
38,94,9.47,3,21.41
48,139,9.99,3,23.62
36,114,5.73,11,31.96
24,114,9.21,0,15.54
56,80,5.23,12,33.47
42,126,8.22,4,22.1
31,142,8.12,5,24.19
41,97,7.44,1,14.84
36,105,7.88,1,15.69
29,139,6.39,7,25.71
55,97,5.04,12,32.64
54,142,5.94,2,15.6
29,120,9.67,3,22.47
33,122,6.36,10,31.43
26,117,8.56,2,18.91
24,106,7.28,10,32.62
48,128,9.91,13,42.48
31,135,9.89,14,45.58
54,128,7.65,3,20.06
55,120,6.72,10,31.74
25,139,7.02,8,28.13
59,135,6.79,2,16.47
31,155,5.29,4,18.32
32,141,5.25,8,26.32
39,141,7.81,6,25.98
33,121,7.88,1,15.94
24,107,5.36,2,13.79
34,116,6.93,7,25.11
22,99,9.6,12,39.35
28,114,7.18,5,21.26
42,133,6.78,0,11.95
33,150,5.36,13,36.08
41,85,9.14,3,20.73
41,98,7.95,2,17.53
48,87,5.84,1,12.78
53,127,7.08,4,21.05
49,145,8.65,13,41.15
57,95,6.33,8,27.04
42,103,7.43,3,19.34
46,104,7.72,0,13.88
31,92,8.57,3,21.02
31,152,7.86,12,37.55
54,109,7.28,0,12.17
39,88,5.86,8,26.66
57,142,6.55,13,37.43
34,119,6.93,0,12.24
49,86,9.57,14,43.63
39,159,8.29,12,38.73
57,111,7.71,14,41.1
41,140,7.55,14,41.22
44,139,8.28,0,14.31
46,130,6.15,13,37.52
32,119,7.14,14,41.19
39,158,7.82,7,28.26
50,90,6.84,7,25.94
35,152,5.26,7,24.66
23,95,7.14,13,38.3
33,104,5.7,14,37.04
29,111,8.92,8,30.77
33,153,7.53,8,29.21
36,89,9.83,2,20.16
34,136,6.83,0,12.13
28,120,6.33,13,37.1
39,144,9.99,4,25.68
52,111,6.62,4,20.91
55,127,7.0,14,40.85
43,133,5.05,0,9.77
41,154,6.06,3,18.08
38,120,8.88,8,30.43
34,140,8.53,2,18.41
36,86,7.0,1,14.0
44,132,9.59,6,28.49
52,132,7.72,9,32.25
31,105,8.14,2,17.65
31,140,9.02,3,21.65
24,114,8.52,8,31.24
46,82,5.75,8,26.73
25,148,7.39,6,26.3
56,143,8.02,4,22.42
53,90,5.25,13,35.77
34,85,6.23,0,11.17
52,81,8.92,2,19.24
27,156,9.78,13,42.67
30,144,9.9,8,32.58
22,119,8.59,4,22.63
30,94,8.51,2,18.06
55,109,8.53,7,29.07
41,85,6.48,1,13.08
28,100,7.06,4,20.46
38,136,5.9,4,18.63
29,134,7.35,0,12.66
50,142,5.2,11,31.51
24,88,9.14,9,33.73
55,131,9.74,2,20.84
34,116,5.69,2,14.53
34,149,7.42,4,20.45
57,153,7.2,6,25.81
40,88,8.73,14,41.62
49,95,7.57,3,20.07
43,111,7.23,8,28.59
41,82,5.7,9,28.24
51,93,6.43,10,31.47
52,100,7.94,9,31.95
27,151,5.2,5,19.68
33,126,6.67,2,16.13
43,100,5.72,2,15.66
28,121,5.38,2,13.77
32,96,7.13,14,41.29
56,119,6.53,5,22.63
36,137,7.86,2,18.09
46,83,6.02,4,19.31
49,121,5.28,7,25.06
49,136,5.18,14,37.16
26,115,7.16,1,14.32
57,131,5.04,8,26.84
53,101,5.28,7,23.9
51,147,6.72,10,32.39
38,89,9.7,4,23.96
58,103,8.58,12,38.94
51,114,8.7,7,28.95
36,157,5.85,10,31.12
57,99,7.85,5,23.19
34,131,6.15,8,27.08
59,93,7.59,11,35.42
24,118,9.07,9,32.37
50,152,7.16,3,19.16
53,113,6.14,4,19.78
56,146,6.54,8,28.19
50,155,7.45,12,37.37
34,91,9.05,2,19.15
43,121,8.17,0,14.82
48,110,9.78,14,44.9
27,150,9.88,8,33.31
30,88,6.57,4,19.17
24,130,8.3,0,14.24
58,116,8.54,10,35.42
33,101,7.8,6,25.44
41,88,9.02,11,36.61
53,159,6.38,4,19.96
48,143,8.81,1,16.78
43,142,6.26,6,23.83
52,152,7.71,12,38.51
25,91,5.57,6,22.13
46,106,8.43,5,24.35
59,126,9.28,14,43.93
46,152,8.71,14,43.61
23,107,9.77,12,40.1
44,114,9.94,3,23.7
54,117,7.3,2,16.65
54,120,5.77,1,12.87
40,146,8.56,13,40.61
50,135,7.1,4,20.66
40,88,6.92,9,30.41
38,82,5.91,10,30.53
58,130,5.2,4,18.02
40,156,8.82,11,38.56
26,128,7.41,2,16.82
45,159,6.99,10,33.2
23,114,6.83,8,27.06
39,95,7.52,14,40.63
30,119,8.71,0,14.48
25,148,7.17,14,41.74
42,87,5.48,6,21.41
29,133,6.29,13,37.64
53,112,5.67,9,28.96
35,130,5.95,7,25.54
44,81,9.37,8,31.52
50,117,5.86,3,17.43
56,135,8.63,1,16.83
59,99,6.51,7,26.02
26,131,9.51,7,30.75
35,88,8.11,7,27.26
58,144,8.37,0,15.12
59,145,7.63,1,16.64
42,98,9.64,8,31.99
23,95,5.79,5,20.56
49,148,6.43,13,38.33
49,99,9.52,4,23.89
51,131,9.94,7,30.93
22,93,8.85,14,41.58
55,156,6.06,13,37.79
29,114,9.54,6,27.96
42,136,5.84,6,23.62
39,113,9.37,13,41.86
57,138,6.92,13,38.68
30,159,5.24,4,17.84
41,107,8.06,10,33.52
37,122,6.85,5,22.91
23,114,5.1,11,32.09
27,94,5.75,2,13.73
57,82,7.28,14,40.58
56,106,8.26,10,34.34
23,83,5.16,2,12.71
33,101,7.6,11,35.26
50,148,5.24,3,16.68
43,102,9.51,7,29.31
27,92,8.54,2,19.21
50,139,5.42,4,18.69
49,106,7.54,5,22.87
28,129,8.68,12,38.39
30,158,6.44,9,29.5
53,91,5.94,4,18.96
40,89,8.38,9,33.51
49,128,8.89,11,38.39
49,114,7.0,12,36.69
41,117,6.2,10,31.33
21,133,9.71,13,41.78
54,99,7.68,9,31.57
52,91,7.45,5,23.32
34,82,8.65,14,42.14
57,81,9.48,11,37.55
55,101,6.53,3,18.1
44,114,9.06,1,17.45
21,88,9.67,5,25.88
26,96,9.81,1,18.74
24,93,8.44,8,29.84
58,111,8.85,14,42.57
21,138,9.21,0,15.81
51,137,8.96,8,32.42
56,115,5.94,9,28.94
29,112,5.01,11,31.36
43,153,7.87,3,19.52
51,143,8.12,9,31.57
49,92,6.13,8,27.52
41,113,5.94,2,14.28
23,84,7.66,0,12.46
46,149,9.47,3,22.71
26,112,5.94,6,22.75
40,84,9.38,1,17.66
33,151,9.31,1,18.55
43,97,6.25,12,34.39
35,97,8.99,11,37.16
51,105,9.79,14,44.76
24,99,5.79,10,30.49
31,83,7.73,10,32.66
22,101,9.03,6,27.12
36,152,6.66,2,16.47
51,88,5.38,12,34.4
59,138,5.61,12,35.96
24,112,6.67,0,11.12
48,86,5.21,10,29.45
36,112,5.23,2,12.69
59,145,9.87,9,34.48
45,151,5.62,2,15.07
33,138,5.82,14,38.94
25,114,7.95,7,28.29
50,111,9.07,0,16.5
21,80,5.8,12,33.18
25,131,5.22,13,35.3
34,114,6.1,3,17.23
31,119,7.52,6,25.52
54,123,9.96,14,44.73
49,118,8.09,3,19.62
38,99,6.11,3,16.89
35,82,5.06,0,8.46
45,132,5.83,8,27.11
50,91,8.28,4,22.45
22,87,6.59,4,18.96
47,143,7.78,14,41.26
35,120,7.93,1,15.74
52,90,5.8,8,27.09
40,105,7.04,13,38.25
34,117,7.77,9,31.2
47,84,9.34,3,21.17
23,111,9.0,3,21.06
23,148,8.37,13,39.84
33,94,8.89,3,21.49
45,140,9.79,1,18.96
38,131,8.81,14,43.25
21,107,6.02,2,14.39
59,98,6.68,4,19.81
25,133,6.84,12,36.32
22,94,7.19,13,38.3
50,92,8.17,1,17.19
37,102,7.1,9,30.55
49,159,7.33,2,18.45
24,141,7.97,3,19.35
29,104,9.05,5,24.99
41,111,7.24,1,15.14
32,100,8.15,3,20.65
32,80,7.33,10,32.19
24,107,9.99,4,24.07
48,91,9.72,9,35.21
29,158,7.7,14,42.5
52,99,9.08,2,18.76
33,130,9.32,9,34.41
54,105,5.14,0,9.92
39,122,9.6,7,30.05
34,129,9.3,8,31.76
25,153,9.09,14,43.3
47,107,7.84,4,21.71
48,105,6.14,11,33.7
46,156,7.51,5,24.38
30,104,9.0,13,42.04
44,110,7.26,9,30.74
37,158,9.94,2,21.54
36,97,6.13,11,33.0
37,119,9.55,9,34.33
21,146,6.61,14,40.31
41,142,9.19,11,38.5
42,90,7.17,9,30.56
25,106,9.16,3,21.07
56,116,7.95,1,16.25
41,91,9.54,5,25.79
29,107,7.39,7,26.8
47,85,9.67,6,28.1
32,149,5.64,3,17.33
38,123,9.04,8,31.81
55,126,6.1,2,15.9
35,115,6.15,6,22.81
50,123,5.33,3,16.39
53,148,8.66,13,41.61
56,102,8.22,12,38.46
50,102,6.68,11,33.48
46,114,9.88,10,37.77
41,148,5.29,2,14.7
57,140,8.85,6,28.08
51,117,6.32,14,39.48
37,131,5.34,7,24.55
37,81,8.18,1,16.31
54,98,6.65,4,19.71
44,142,7.25,1,15.03
53,146,7.36,5,23.22
24,102,5.2,8,25.25
29,105,7.66,0,12.58
22,109,5.2,0,9.06
55,98,5.91,4,18.22
58,118,8.58,4,23.18
35,107,8.62,12,38.89
23,152,5.01,11,31.07
51,140,9.24,10,36.37
43,127,5.04,8,25.02
32,158,9.84,6,28.46
28,92,7.8,5,23.46
41,90,6.84,7,25.89
41,119,8.04,10,34.68
52,130,5.74,10,30.93
37,149,7.39,2,17.38
57,159,8.44,0,15.6
44,109,8.27,9,32.44
28,109,9.54,13,41.97
38,157,6.42,5,21.79
31,133,5.35,9,26.89
30,86,6.86,3,17.72
46,146,5.66,5,20.37
26,89,9.47,11,37.76
37,140,9.91,1,19.49
43,116,8.17,14,41.49
57,94,8.97,1,17.99
48,129,8.48,8,31.01
36,83,7.74,8,28.93
32,121,9.14,7,29.86
41,147,9.47,2,20.41
44,89,7.56,1,14.91
48,101,9.06,13,40.8
57,110,6.95,9,30.58
41,155,6.17,12,35.98
53,152,7.31,11,35.19
22,107,6.24,2,15.05
57,148,6.96,11,34.4
39,159,8.2,4,22.2
48,98,5.86,4,18.35
35,157,8.62,12,38.39
21,126,9.48,2,19.81
48,103,6.91,4,20.7
55,135,9.87,6,29.53
52,90,8.45,4,22.57
48,156,7.88,14,42.22
29,153,6.52,9,29.49
44,133,5.08,7,24.82
24,138,7.07,9,30.2
23,144,9.56,9,34.29
42,111,9.02,4,23.47
59,97,9.91,5,26.6
45,83,9.04,14,42.83
42,159,8.65,12,40.11
54,130,5.43,8,27.21
40,126,9.9,7,31.03
56,133,6.46,10,31.81
57,104,6.22,5,21.79
59,89,5.15,14,37.78
47,86,7.01,3,17.83
52,144,9.47,9,34.9
49,98,8.85,5,26.31
52,86,7.93,10,33.35
44,124,8.73,11,37.55
23,157,5.26,8,26.22
47,117,5.94,2,15.86
29,86,7.34,7,25.65
43,125,8.35,0,14.22
27,146,7.84,14,41.68
37,154,5.77,6,23.57
57,87,9.11,3,21.22
27,82,5.68,2,13.52
50,91,6.26,9,29.22
33,122,9.73,4,23.94
38,86,9.69,6,28.04
51,127,5.83,4,18.8
42,159,6.14,11,33.06
34,124,8.22,8,30.51
38,104,9.19,6,28.17
55,83,7.79,10,33.62
37,83,6.4,7,24.07
39,129,6.42,11,33.89
51,137,5.18,12,33.59
59,144,5.03,3,15.82
56,146,5.64,8,27.17
35,107,9.96,4,24.81
49,154,5.98,4,19.32
36,116,7.75,2,16.85
53,81,5.86,11,31.71
45,152,9.33,6,28.65
36,140,8.31,6,26.7
50,130,8.71,5,26.02
54,110,9.08,3,21.51
22,122,9.06,6,27.02
58,107,5.04,2,13.07
38,118,8.36,2,18.39
25,144,9.11,4,23.88
26,95,5.28,9,27.27
32,146,7.66,9,31.65
32,158,5.86,8,27.7
32,147,6.06,0,11.16
29,115,9.21,2,19.89
42,109,7.3,11,34.69
36,102,5.92,5,20.57
24,142,8.73,1,16.76
23,148,9.46,2,20.94
36,126,8.39,7,29.18
34,90,9.6,13,42.03
58,98,6.43,12,36.04
24,141,7.16,5,23.14
22,151,5.53,4,19.09
30,122,5.37,5,19.44
31,154,7.02,9,30.5
59,88,8.41,13,41.47
46,104,8.77,4,23.15
57,157,5.75,11,33.4
46,110,8.07,9,32.09
24,92,7.62,9,31.1
46,144,9.04,0,16.01
58,109,8.64,10,34.86
48,152,7.5,9,31.42
22,108,6.23,0,11.12
22,97,9.39,5,25.43
36,82,5.84,2,14.64
43,114,6.3,8,27.74
43,145,8.37,2,18.92
33,83,7.64,0,13.28
41,120,5.52,3,16.44
59,158,7.42,13,40.0
45,109,5.59,11,31.69
57,90,5.54,10,30.18
33,112,6.28,9,28.89
35,117,5.86,12,34.75
48,84,9.96,9,35.3
23,138,9.79,10,36.84
43,130,8.62,12,38.95
24,144,9.2,6,28.33
23,147,9.49,12,40.07
59,137,7.65,0,13.93
28,127,9.04,9,33.79
45,137,9.51,2,20.33
32,116,5.25,9,27.55
25,86,9.03,0,15.19
53,139,5.41,8,26.38
45,138,9.72,9,35.51
45,89,8.36,8,30.85
55,112,9.99,14,44.81
35,130,7.01,3,17.99
46,157,9.3,5,26.18
30,115,9.78,12,41.49
44,117,6.47,13,38.06
55,134,9.31,4,23.93
49,109,6.87,6,25.14
58,105,7.09,4,21.83
25,121,9.36,6,27.96
44,126,7.7,14,40.73
39,98,7.02,12,36.34
29,156,5.76,11,32.99
46,159,7.19,5,24.25
45,104,8.65,9,33.16
55,97,8.45,13,40.92
56,88,8.91,9,33.66
34,96,8.78,10,35.63
26,83,6.8,4,19.37
52,134,9.19,12,40.46
46,133,5.19,12,34.18
35,107,5.14,5,19.04
51,119,9.78,14,44.36
57,88,9.38,7,30.21
58,115,7.01,11,34.75
57,87,9.22,9,33.36
39,141,8.25,12,38.67
34,128,5.85,8,27.18
56,149,7.28,13,39.18
57,121,5.32,0,10.01
31,81,6.67,2,14.73
47,110,6.03,14,39.1
22,155,9.11,1,18.08
42,98,8.69,8,30.43
22,144,5.31,13,35.83
40,153,7.69,10,33.28
37,139,8.63,0,15.5
24,141,8.12,6,25.59
34,139,5.27,1,11.51
27,95,5.99,0,10.96
35,86,6.92,10,32.36
50,156,5.64,0,11.89
36,147,5.73,5,22.1
22,153,6.93,10,31.85
39,91,7.45,2,17.57
21,84,5.33,7,21.87
51,126,8.65,12,38.97
24,90,7.72,6,24.52
47,113,9.81,6,28.62
45,158,6.4,12,36.22
42,130,6.3,3,17.07
30,84,6.7,1,13.65
53,127,7.72,11,36.15
50,110,6.53,2,16.69
50,119,6.52,0,11.8
36,86,9.3,2,19.71
29,119,5.49,12,34.07
37,148,7.5,4,21.77
55,93,8.77,14,42.19
35,89,9.78,0,16.94
48,128,9.41,9,33.67
40,96,6.06,5,20.66
53,130,7.3,1,15.38
53,159,7.91,3,21.14
56,141,6.62,12,36.38
33,109,6.59,1,13.35
24,134,5.93,11,33.13
43,113,5.25,2,14.82
28,148,8.89,12,39.24
33,112,7.24,6,24.15
44,84,9.36,11,37.01
50,121,5.96,14,38.42
50,82,6.86,2,16.25
45,142,6.78,9,30.35
53,117,8.03,10,34.66
29,92,7.44,6,24.48
46,87,8.04,6,24.85
44,140,6.77,11,34.28
53,109,9.71,7,30.54
59,129,9.67,13,43.06
45,148,8.89,5,25.5
35,117,9.98,0,16.73
26,138,6.04,13,36.57
40,81,7.16,10,31.47
36,136,8.16,6,26.85
41,86,6.95,3,17.5
35,159,6.14,11,33.01
59,89,5.22,10,30.97
24,108,9.73,7,29.9
44,113,6.15,13,36.81
23,151,7.36,5,23.56
21,124,5.11,0,8.33
50,150,7.69,4,20.68
33,137,9.19,1,17.58
38,157,7.29,5,23.46
31,112,9.56,4,24.92
49,130,6.07,9,29.75
24,143,6.01,3,17.49
45,117,7.99,1,16.4
56,159,9.05,14,44.28
56,91,5.02,14,37.69
48,142,6.27,2,15.8
28,144,6.24,10,32.21
41,139,7.56,3,19.48
55,99,8.09,9,30.82
38,145,7.71,8,29.02
45,97,6.22,14,39.49
25,121,9.35,10,35.08
28,153,8.87,6,27.39
43,85,8.18,2,18.17
23,145,6.86,11,34.58
57,159,6.64,1,14.83
51,148,8.71,0,15.22
49,101,5.62,1,11.0
40,101,5.17,14,37.05
23,144,9.84,14,44.11
43,128,9.75,2,20.84
41,156,9.71,4,24.06
33,91,7.74,13,39.17
28,142,5.48,3,16.72
25,92,7.5,8,28.62
45,141,6.8,13,38.91
59,138,7.9,1,15.9
57,90,9.5,10,36.55
25,80,7.34,4,20.17
28,147,9.09,5,25.71
24,88,7.45,11,33.9
42,82,9.76,8,32.92
34,151,7.36,14,40.81
39,88,8.56,9,32.59
33,148,7.29,7,28.11
55,101,7.01,0,12.35
24,148,8.74,3,20.89
53,102,8.73,1,16.78
42,159,6.09,10,32.08
21,84,7.05,2,16.29
31,118,5.04,12,34.0
36,82,5.09,9,28.02
24,105,5.72,13,35.4
49,87,8.81,8,31.04
59,131,5.38,7,24.39
58,148,9.7,4,24.71
44,85,5.97,6,23.03
29,106,9.43,14,43.48
28,101,9.75,1,18.99
34,135,7.14,13,39.11
35,122,7.61,9,30.83
42,106,6.6,2,15.8
57,124,9.5,9,34.92
35,125,7.55,9,31.97
26,112,9.91,7,29.75
21,107,9.84,14,44.63
40,130,9.76,7,31.18
56,143,6.78,10,32.8
22,114,5.41,4,18.34
26,115,8.35,13,39.28
22,85,9.37,13,41.19
23,137,6.77,4,19.52
27,102,9.81,14,44.27
40,93,9.55,7,30.12
25,152,8.15,13,40.32
45,135,5.58,9,27.84
58,158,9.46,7,31.56
38,104,5.61,11,32.34
21,99,7.61,10,32.71
45,150,5.1,12,33.51
37,97,5.77,11,32.99
35,96,7.82,2,18.46
25,93,5.01,9,28.02
37,105,5.76,2,14.55
41,111,6.1,3,17.61
43,138,5.21,13,36.31
30,150,7.9,10,33.53
37,136,8.82,0,15.66
21,152,5.19,1,12.32
57,91,7.08,5,21.78
27,82,7.71,14,40.45
32,111,7.61,10,32.72
21,94,7.42,11,34.8
40,88,5.48,6,21.2
51,128,6.24,0,11.51
24,123,9.64,1,18.19
46,107,5.92,14,38.49
32,124,8.92,5,25.51
42,92,5.74,0,10.81
21,126,8.71,13,39.77
21,100,8.39,6,25.68
23,129,9.96,13,42.88
32,126,5.77,13,37.31
41,84,6.38,8,27.42
33,86,9.21,12,39.33
33,117,7.79,12,36.9
38,116,6.65,4,20.11
53,111,5.75,1,12.92
26,135,7.79,9,32.14
45,122,7.41,13,39.58
43,146,6.23,11,33.39
44,106,8.14,10,35.06
57,130,8.41,14,43.04
46,127,7.77,2,17.78
24,151,8.33,8,31.02
58,132,6.28,5,21.98
55,127,9.52,6,28.62
31,89,5.26,3,15.25
56,88,5.85,4,18.32
45,125,6.11,6,23.51
40,89,9.77,10,36.06
21,115,6.43,7,24.82
50,89,9.66,6,28.47
24,106,7.38,9,30.5
43,158,8.59,12,39.87
55,98,6.39,2,16.55
42,90,8.52,6,26.08
51,111,9.35,9,34.04
21,99,7.89,1,15.1
24,125,9.56,14,43.9
39,139,6.94,12,36.48
50,158,8.1,4,22.78
21,147,6.39,1,13.41
39,96,5.74,3,15.62
41,144,5.81,7,24.46
42,136,7.22,6,25.23
22,98,9.69,13,41.67
26,84,6.49,1,12.8
41,134,5.47,9,28.5
53,83,7.23,6,25.02
39,131,5.71,1,13.97
47,98,6.05,4,18.79
57,110,9.56,13,43.31
49,82,8.21,4,22.67
48,146,7.6,5,22.89
54,108,6.12,9,30.05
21,132,5.47,1,11.87
45,87,9.71,14,43.6
41,84,7.68,8,29.58
54,143,5.65,3,18.11
46,106,7.31,9,30.52
56,112,8.07,9,32.42
55,137,8.44,8,31.46
43,141,5.46,4,17.89
37,105,8.53,14,42.08
32,93,8.88,13,41.31
40,111,6.84,10,32.39
59,120,8.35,0,15.6
47,93,5.49,7,24.69
57,127,9.97,4,25.43
40,127,5.36,12,34.17
31,117,6.01,13,37.05
48,86,8.79,0,14.49
22,112,9.8,11,37.9
44,103,6.27,6,22.82
36,105,5.49,4,17.26
32,129,5.71,6,22.34
36,121,8.42,14,42.99
56,92,7.55,10,32.5
22,110,9.42,13,41.68
45,102,5.5,6,22.44
49,116,7.51,3,19.39
48,138,8.06,0,14.68
30,137,9.31,4,23.13
43,95,7.77,7,27.4
52,118,5.91,12,34.93
51,151,9.44,1,18.8
39,88,9.33,3,21.84
35,143,9.37,2,20.1
53,101,7.93,4,22.31
37,154,9.82,7,31.19
56,133,7.78,10,34.51
40,101,5.74,2,14.74
29,93,7.0,9,30.2
58,145,9.12,2,19.54
23,158,9.89,7,31.79
22,129,9.15,7,29.11
38,84,6.82,2,15.16
43,96,5.05,14,37.73
39,80,5.89,9,28.26
27,93,5.18,3,15.63
55,134,9.11,3,21.66
40,96,6.53,3,17.63
40,88,8.48,8,30.34
39,91,7.04,0,12.76
36,145,6.36,13,37.52
58,94,7.62,6,25.93
41,113,7.45,9,30.52
49,116,9.12,2,20.44
58,132,8.48,8,31.91
44,120,6.55,11,34.27
57,157,9.03,14,44.25
49,83,7.99,7,28.82
51,87,6.7,10,31.7
59,150,9.05,7,30.85
32,96,6.85,4,20.56
50,101,5.26,11,31.28
24,87,9.39,3,21.79
50,101,7.22,13,39.2
25,119,6.61,2,14.36
36,101,9.57,11,36.8
47,84,6.26,9,28.58
24,88,9.85,14,43.99
28,139,5.14,10,29.95
28,99,8.35,10,34.18
37,113,5.3,13,36.16
23,115,5.45,0,9.85
47,150,9.8,4,24.69
54,117,9.6,7,30.92
41,146,9.22,10,36.09
44,111,8.39,13,40.84
49,125,7.33,11,35.24
59,104,8.39,11,37.3
26,143,7.79,12,38.16
34,112,9.26,8,31.4
34,126,8.72,10,34.86
57,148,8.4,8,30.57
44,108,5.97,8,28.08
33,138,8.29,13,40.25
21,110,7.43,11,34.45
32,105,8.89,9,32.77
44,142,7.27,14,40.75
57,137,7.49,8,30.3
40,128,7.08,5,22.76
26,144,9.92,7,30.75
32,138,7.97,10,33.19
41,141,9.56,14,44.76
23,147,9.36,0,15.54
47,126,8.76,13,41.31
56,101,7.52,3,19.31
37,159,7.69,13,40.51
35,143,9.67,13,42.99
59,125,6.15,0,12.16
24,138,8.92,14,42.54
37,111,6.49,4,20.01
58,116,5.29,6,22.63
31,146,6.97,8,28.64
32,131,7.61,3,19.2
52,122,5.66,9,28.91
47,113,8.74,0,14.75
47,140,8.71,9,33.63
49,150,8.65,4,23.61
29,146,6.6,13,38.53
23,124,7.49,9,30.92
59,120,5.87,8,26.47
49,131,7.19,0,12.94
41,145,9.78,8,33.9
55,91,6.51,2,15.71
30,94,5.24,11,31.46
43,95,6.56,8,28.01
59,82,9.18,1,17.01
45,106,9.53,1,18.46
44,102,5.05,4,17.09
40,143,7.4,1,15.71
35,112,9.74,5,25.72
41,127,5.63,1,12.59
32,134,5.31,1,13.09
38,106,8.79,2,19.2
43,126,8.2,8,30.73
49,110,8.61,4,23.32
56,158,6.36,11,35.17
25,114,7.02,10,32.5
59,115,7.87,12,38.22
46,103,8.81,11,37.4
59,96,6.59,3,18.35
31,124,7.03,12,36.23
31,141,7.68,13,39.35
38,80,5.03,12,33.15
32,99,9.23,8,31.88
36,149,8.12,3,20.04
47,148,5.41,14,38.2
56,143,6.77,0,13.46
37,149,5.9,8,27.59
41,129,5.2,11,32.43
57,132,6.56,5,22.14
51,117,9.37,5,26.0
55,131,5.34,14,38.74
47,140,9.39,14,44.15
43,153,6.09,7,25.21
52,104,9.78,11,38.94
37,108,6.1,12,35.05
31,114,9.28,14,42.9
21,126,9.59,2,20.13
48,136,9.61,14,44.73
38,111,5.62,12,33.81
40,125,8.36,12,38.77
27,115,9.12,14,43.26
57,150,8.68,7,29.79
36,89,7.37,11,34.2
59,125,9.71,14,44.18
43,105,5.9,11,32.12
52,127,9.39,13,42.27
37,127,6.21,0,10.9
39,92,7.25,7,27.43
54,109,7.31,14,41.65
34,149,6.45,7,25.56
23,145,6.42,14,39.66
59,86,6.87,8,28.02
45,135,5.06,7,24.35
31,109,6.21,11,32.54
35,134,9.76,2,20.25
39,112,8.6,6,26.25
35,121,7.22,7,26.41
35,85,5.0,8,24.85
58,87,8.54,1,16.95
35,152,7.46,14,41.8
29,154,8.28,9,32.78
25,149,6.97,11,34.46
39,119,5.0,13,36.29
44,135,7.92,13,40.25
49,159,8.94,14,44.04
25,96,6.08,1,12.87
42,86,8.31,2,19.1
33,119,6.76,0,11.73
49,137,9.17,10,35.97
36,141,7.19,5,23.05
56,153,5.31,8,27.22
37,133,7.65,0,12.94
40,88,8.04,12,37.6
34,130,6.6,2,16.54
26,89,5.39,9,27.3
42,128,8.77,14,44.08
29,109,7.7,11,36.09
52,88,6.05,13,36.85
44,125,5.94,5,20.97
53,105,7.73,12,37.98
33,143,6.55,0,11.71
55,113,8.46,2,18.82
26,106,6.74,2,15.21
50,106,7.35,1,14.71
58,120,5.3,4,19.24
36,97,7.3,7,26.86
21,129,5.05,2,12.97
38,122,6.8,5,22.27
42,120,6.55,3,18.37
46,155,8.78,7,30.0
34,97,8.84,3,21.82
57,140,7.09,1,15.12
34,151,9.88,9,34.58
46,132,6.25,1,14.16
56,159,5.83,11,33.44
43,132,9.07,11,37.76
22,92,7.55,11,34.13
59,105,5.98,1,12.72
27,135,6.66,8,28.77
59,140,5.47,0,11.59
42,129,8.48,8,31.33
48,100,7.48,1,14.86
58,87,7.82,10,33.53
40,149,5.37,6,22.11
38,143,8.5,1,18.11
44,129,6.47,4,20.09
53,81,5.8,10,30.52
46,151,7.12,9,30.57
39,149,9.27,9,34.77
33,85,6.86,3,17.56
30,101,5.55,4,17.56
34,125,9.71,2,20.16
29,140,8.2,5,24.31
31,114,6.51,9,29.69
23,141,7.91,12,36.99
32,148,5.45,3,16.29
55,136,7.82,8,30.02
59,104,9.1,1,17.53
59,152,5.69,4,19.56
52,104,9.17,8,31.83
59,112,7.76,9,31.05
34,87,5.96,8,26.09
21,92,6.06,14,38.58
47,140,9.42,7,29.96
57,87,7.38,4,20.42
21,106,6.41,5,21.74
49,133,6.26,4,20.42
44,82,7.0,12,36.06
37,112,8.89,11,37.05
55,107,5.13,12,34.06
51,131,5.54,1,12.05
52,108,7.22,13,38.83
39,140,9.54,5,26.88
51,152,9.42,11,38.21
59,140,8.91,4,24.34
40,101,9.89,5,27.09
48,151,5.54,12,35.04
23,136,9.42,4,24.99
52,124,5.1,1,12.78
42,109,7.08,0,12.08
35,158,6.13,11,33.36
58,93,6.81,12,36.49
39,159,9.87,2,20.79
51,127,6.65,11,34.64
46,97,8.15,3,20.81
25,111,8.44,8,29.79
40,117,7.75,11,35.33
22,132,5.45,9,27.42
41,94,9.28,5,25.36
56,116,8.94,3,21.46
48,128,8.75,5,25.44
40,112,9.55,1,18.1
57,92,6.74,1,14.19
59,150,7.88,5,23.63
56,143,8.92,9,33.75
31,98,7.22,4,20.93
23,135,9.82,3,22.64
57,116,9.24,13,41.44
40,137,7.65,13,39.47
52,88,5.74,8,26.69
45,83,7.52,5,22.68
41,150,6.03,5,21.64
36,92,7.03,9,30.96
21,142,6.33,1,13.03
43,142,9.06,7,30.21
44,140,6.3,14,39.29
45,115,7.96,2,18.07
27,87,5.26,5,19.55
58,106,8.77,13,40.75
59,105,7.24,8,29.45
55,124,7.08,9,30.38
34,121,7.18,0,12.97
29,93,8.56,12,38.6
23,151,7.16,10,32.29
58,131,8.69,2,18.98
40,148,6.41,7,26.22
53,132,9.8,1,18.04
52,130,7.55,5,23.9
56,156,7.92,1,17.03
46,81,8.48,7,28.62
25,127,7.92,3,19.89
50,157,7.82,4,21.35
37,128,5.01,0,9.22
26,138,7.3,10,32.64
35,146,9.33,14,43.47
21,159,9.62,3,22.17
33,88,6.44,8,27.31
54,81,8.54,9,32.03
50,154,9.29,6,28.25
39,122,7.2,8,28.4
22,93,7.99,4,21.66
32,119,8.2,11,35.36
44,134,9.75,12,41.02
31,138,7.41,0,13.03
22,126,8.89,3,21.79
21,113,5.93,5,21.06
48,115,7.93,4,21.51
24,112,7.28,13,38.4
50,142,6.15,11,33.6
27,97,5.07,10,28.23
42,101,7.96,7,27.36
46,84,9.05,0,15.39
49,111,9.04,0,15.22
45,128,6.95,9,30.52
30,115,5.9,9,28.55
40,152,9.72,12,40.74
34,93,6.91,5,22.18
53,143,6.74,1,14.77
25,111,8.07,3,19.22
26,88,7.2,1,14.46
42,127,6.72,3,18.86
37,131,6.62,8,28.62
35,88,6.96,0,12.75
59,111,8.43,1,17.82
48,89,5.06,2,14.28
22,148,6.01,3,16.3
38,90,6.28,7,24.84
47,137,10.0,8,33.4
41,107,9.42,10,36.12
43,113,7.11,12,36.17
27,132,8.51,1,16.42
39,119,6.18,2,15.6
29,143,9.7,5,27.05
32,89,9.64,1,17.73
50,105,5.81,2,14.64
27,122,9.64,9,34.56
22,150,7.05,6,24.44
37,123,7.46,10,32.24
31,150,8.46,3,20.73
32,136,7.39,12,36.78
23,127,7.86,13,39.44
41,158,7.24,4,22.04
34,141,5.34,14,38.39
35,140,7.75,11,35.43
30,146,5.25,11,31.9
56,124,5.5,4,18.1
30,140,8.44,12,39.18
37,150,7.35,13,39.05
45,81,7.7,3,19.86
47,153,5.84,5,21.88
53,126,8.43,11,37.6
31,146,5.36,2,14.4
33,108,6.27,12,35.48
21,142,9.51,8,32.46
51,104,5.13,6,21.93
53,83,8.73,13,40.49
41,126,5.79,4,17.82
36,148,9.17,5,26.54
59,142,8.04,6,26.71
43,85,5.17,12,32.93
30,97,5.04,5,19.15
53,115,7.88,5,24.13
42,155,8.97,0,15.34
26,136,8.57,0,14.24
56,109,6.48,5,22.05
30,93,8.62,8,30.32
36,118,6.39,9,29.45
33,81,7.48,12,36.51
40,113,6.11,10,30.37
24,137,5.58,8,25.99
40,114,9.8,1,17.89
42,113,8.24,0,14.75
49,87,6.12,6,22.36
36,122,5.62,4,17.93
43,142,6.29,4,19.05
50,141,6.86,9,30.89
50,99,9.33,1,18.5
23,131,8.41,12,38.95
44,125,6.8,8,28.15
57,83,6.63,3,18.0
33,141,6.19,2,15.54
52,89,5.56,10,29.99
57,119,9.31,3,22.01
32,84,7.36,2,16.11
28,97,9.73,14,44.06
44,140,8.9,6,28.02
36,136,8.47,5,24.32
52,142,6.73,8,28.64
54,84,7.35,4,20.45
55,100,6.19,14,38.76
52,98,9.0,12,39.42
37,102,7.33,7,26.24
22,148,8.95,6,27.74
46,112,5.41,8,26.08
37,83,6.57,2,15.11
58,114,5.44,1,12.14
22,138,7.95,4,21.67
28,121,8.62,10,34.89
26,154,8.92,6,25.9
29,128,6.85,12,35.58
21,120,5.68,3,16.07
25,156,9.84,4,24.38
59,157,5.95,7,25.94
29,128,6.61,1,12.68
34,150,6.52,8,27.86
47,159,8.85,6,27.3
29,125,9.18,12,39.4
56,143,6.43,13,37.82
49,129,6.42,11,34.75
40,122,8.45,4,22.8
35,106,9.29,11,37.63
56,113,5.76,0,11.28
23,142,9.92,0,17.61
43,146,8.42,12,39.12
29,106,6.51,9,29.35
50,86,8.83,0,15.85
39,102,5.23,0,9.61
58,145,9.55,0,16.93
23,81,7.38,2,16.16
23,115,6.06,2,15.44
54,137,8.38,14,42.8
22,90,5.47,3,15.71
47,86,7.37,4,21.78
43,145,9.69,2,21.51
52,158,8.19,9,33.11
55,110,5.47,6,22.71
38,125,9.38,8,32.28
47,149,9.15,5,25.4
31,132,8.7,4,22.89
59,147,5.82,7,26.0
39,125,8.09,3,20.28
45,116,8.93,0,16.47
27,155,8.57,7,28.96
51,106,6.67,6,24.52
22,104,9.75,8,31.79
58,91,6.0,9,28.81
25,139,7.19,5,22.43
34,96,7.05,4,20.71
38,129,9.48,1,17.92
56,155,6.04,3,17.37
24,88,8.86,13,40.62
44,108,7.66,3,19.26
33,104,8.04,5,23.76
41,94,5.09,14,37.0
53,88,8.38,0,14.39
40,92,6.12,6,22.16
25,126,7.27,3,18.65
44,123,7.38,6,25.02
55,82,9.81,6,29.35
50,153,7.33,12,37.71
48,97,7.09,0,12.74
27,89,8.8,7,28.6
55,115,7.1,12,36.53
50,136,9.38,2,20.73
54,82,7.65,1,15.02
59,99,9.36,5,26.29
29,97,8.33,7,26.81
32,128,8.26,4,22.42
49,116,7.83,0,13.78
30,99,7.48,4,20.09
47,153,6.82,6,24.54
39,143,9.0,13,41.87
33,101,8.2,11,35.21
57,100,5.48,11,32.87
52,159,8.39,0,15.31
35,114,5.24,12,33.78
41,80,9.88,2,20.88
23,91,6.61,6,23.4
28,92,5.59,11,31.38
26,87,6.16,1,11.96
49,110,9.75,13,42.62
39,84,7.47,12,36.52
37,123,9.89,7,30.54
30,130,6.63,5,22.19
53,104,5.22,4,18.29
33,124,9.59,4,24.95
47,92,9.59,12,40.2
32,114,6.77,9,29.38
22,111,8.3,12,37.83
30,151,6.29,14,39.35
41,101,8.13,8,30.4
43,85,5.32,8,25.41
21,128,6.73,4,20.01
53,90,6.94,3,18.55
46,150,6.56,3,18.65
35,94,7.45,14,40.3
42,147,8.29,7,28.2
45,119,7.5,4,21.71
21,113,7.24,6,24.3
46,109,8.31,4,22.24
41,98,9.23,12,40.17
44,141,7.22,14,40.99
59,141,7.36,4,21.53
36,117,9.35,2,20.19
52,109,5.04,8,26.14
36,111,7.06,3,18.97
33,104,5.11,6,21.88
52,91,6.88,14,40.2
44,88,6.3,7,25.3
33,116,7.78,8,29.56
31,96,7.33,4,20.09
35,114,5.51,6,22.13
30,139,7.66,6,25.23
23,83,8.47,13,39.53
36,120,5.28,3,15.99
37,147,5.16,0,9.82
45,82,9.42,6,27.41
50,88,7.83,0,13.64
55,90,5.54,9,27.26
57,140,8.59,7,29.91
33,100,9.28,5,25.19
44,104,9.84,11,38.87
58,141,9.15,10,36.87
46,103,8.75,5,25.07
29,148,9.39,1,17.75
39,120,7.44,8,29.69
48,136,7.43,3,19.51
27,145,8.38,3,20.96
42,88,9.38,8,31.94
50,87,6.04,2,15.56
57,137,7.16,2,17.43
36,150,8.77,0,15.62
56,117,6.41,12,36.11
25,99,5.28,7,23.68
49,126,7.06,5,23.11
43,158,9.86,8,33.13
26,107,8.23,12,37.73
56,139,8.89,7,29.93
53,101,5.51,5,20.34
36,130,7.64,10,32.14
54,103,9.38,13,42.94
46,152,9.4,9,34.3
57,140,9.9,10,37.22
33,81,9.12,1,16.65
37,155,9.37,11,37.74
52,134,6.03,3,17.51
52,83,5.13,3,14.54
48,137,8.28,4,23.53
49,92,8.45,6,26.62
45,106,9.59,7,30.85
42,109,7.79,13,39.88
47,141,7.12,13,39.88
58,144,9.67,2,21.28
40,90,5.99,12,34.74
44,128,7.34,0,14.08
28,96,5.22,1,11.39
34,94,8.97,12,38.29
59,106,8.12,6,26.75
34,89,6.45,8,26.7
25,159,7.7,3,19.03
41,107,8.44,0,14.63
35,81,8.96,5,25.23
56,114,5.52,10,30.08
53,94,5.96,8,26.6
37,138,7.61,12,37.95
40,154,8.55,3,21.35
21,112,9.4,13,41.1
36,134,7.72,14,41.51
38,159,6.52,7,26.42
30,154,9.29,13,41.34
43,131,9.8,4,24.44
38,98,6.25,1,13.22
29,118,8.01,8,29.41
50,139,6.61,9,31.06
33,89,9.3,2,18.77
51,151,7.04,0,12.83
33,145,9.57,12,40.47
52,135,7.37,12,37.77
37,86,8.66,9,32.66
23,119,6.72,8,27.19
21,98,7.63,13,38.28
25,149,8.45,6,25.59
52,90,5.95,5,21.29
45,131,5.87,0,11.26
25,91,5.43,0,9.65
57,141,6.76,10,32.82
43,152,7.95,5,24.87
32,102,5.54,4,18.32
54,119,5.75,9,29.19
43,149,8.94,3,22.28
36,129,7.18,8,28.97
25,143,5.45,0,10.17
48,98,6.6,5,21.47
26,97,7.31,12,35.5
33,106,6.18,14,38.54
50,152,8.39,9,33.43
46,123,9.03,11,37.45
37,137,8.87,14,43.26
29,141,7.84,14,42.1
36,129,7.28,1,14.03
38,132,9.63,7,30.9
33,140,5.57,12,34.82
49,154,7.55,6,25.81
44,129,6.61,7,26.06
33,133,7.23,6,24.74
45,121,8.2,8,30.74
21,138,7.89,12,37.25
29,87,8.57,3,20.14
24,93,5.09,10,29.64
48,92,7.4,1,14.76
32,150,8.46,7,29.03
44,158,8.97,9,33.95
29,123,5.57,0,10.03
55,122,6.59,1,14.53
58,97,7.93,12,38.21
55,115,6.93,4,20.86
53,110,6.95,10,33.33
55,83,5.81,10,29.19
40,156,6.1,8,27.58
22,118,6.4,12,35.41
46,134,8.59,5,24.49
33,98,7.08,11,33.43
50,147,6.05,14,38.67
52,144,5.31,4,20.25
56,119,7.81,5,22.96
39,155,6.03,7,24.49
42,155,7.95,5,24.23
21,154,7.73,6,26.23
31,109,6.68,5,22.1
46,107,6.17,11,33.17
39,128,7.18,2,17.22
39,120,6.68,13,38.4
32,128,6.67,10,31.88
23,108,9.71,6,27.45
38,80,7.95,12,38.35
25,110,8.3,9,32.34
44,106,5.97,9,28.96
34,114,7.0,2,16.34
58,87,6.29,0,12.11
23,119,9.63,4,24.65
26,137,7.29,2,15.66
32,151,9.57,11,37.45
31,85,7.51,7,27.13
59,94,9.87,13,43.23
46,100,8.45,5,23.93
21,116,7.91,13,39.22
36,149,8.25,2,18.95
29,133,5.5,8,26.0
25,108,8.13,4,22.34
28,137,6.51,5,20.32
41,98,8.87,8,31.28
53,113,7.01,1,14.88
59,137,9.36,1,18.79
40,150,6.82,0,12.79
42,92,6.42,8,27.8
33,83,7.53,8,29.05
59,90,7.29,14,41.08
31,129,5.28,9,27.36
38,100,8.84,7,28.24
50,139,6.95,3,19.35
53,100,7.29,6,24.93
23,122,8.55,2,18.08
21,124,5.24,14,36.98
56,121,6.26,10,31.66
26,105,6.1,3,16.74
57,110,7.63,7,27.76
49,128,9.28,10,35.69
31,147,7.39,12,37.11
33,82,6.54,3,16.86
31,118,5.51,9,28.18
58,127,5.01,9,28.25
45,100,6.41,9,30.49
35,97,7.32,14,39.97
33,114,6.78,8,28.01
53,111,7.3,1,14.24
33,134,7.2,10,31.92
58,90,7.25,10,32.77
44,137,8.35,12,38.33
40,117,6.86,0,12.04
37,125,9.1,9,33.06
44,99,9.0,5,24.98
46,105,6.16,12,36.05
52,90,5.56,5,20.17
49,145,9.52,5,26.87
34,116,5.86,9,28.7
57,85,8.24,1,15.83
42,133,9.33,11,38.61
54,126,5.03,0,10.58
47,126,6.33,9,30.15
48,105,6.44,1,13.3
42,104,8.45,11,36.71
23,115,8.23,7,27.67
42,100,7.77,3,19.19
41,137,9.56,6,28.43
36,122,9.94,0,17.43
29,102,5.34,3,16.25
33,144,9.36,4,24.19
30,138,6.07,6,22.91
41,140,5.77,6,23.97
27,153,8.91,4,22.95
42,151,8.17,13,41.26
38,143,5.3,5,20.69
41,112,6.08,11,32.84
34,155,8.56,2,19.3
30,127,5.05,2,13.6
53,118,6.42,3,17.39
29,91,7.26,4,20.4
38,155,9.56,8,32.88
33,90,9.25,7,29.5
37,127,6.08,13,36.5
43,87,6.53,10,30.6
45,130,7.59,0,13.11
36,87,7.18,7,26.43
44,159,8.85,11,37.63
51,147,9.76,6,28.76
31,150,8.11,12,38.73
43,115,5.56,5,19.21
59,109,7.21,12,37.57
42,91,7.74,14,41.44
53,154,9.78,10,38.12
38,108,6.73,5,21.84
34,82,8.35,11,35.82
48,141,5.06,5,19.55
31,90,7.18,1,14.91
44,152,5.2,10,30.24
56,138,6.19,5,21.77
39,151,7.35,8,29.17
33,151,7.91,7,28.78
53,121,9.38,6,28.46
39,85,5.92,13,36.23
52,134,6.54,3,19.1
35,85,7.79,13,38.66
31,100,6.06,8,27.15
43,123,9.54,6,28.26
25,127,9.37,9,34.26
42,115,9.43,1,18.07
38,124,8.6,2,19.68
27,82,9.98,8,31.91
53,138,9.13,8,32.23
23,91,7.48,0,12.11
48,98,8.69,9,33.55
21,102,5.48,13,35.1
57,84,9.59,13,42.44
42,130,9.92,0,17.08
39,98,9.29,11,37.34
34,91,5.18,2,13.7
23,136,5.83,8,25.78
39,116,5.53,1,12.23
53,113,7.13,8,29.03
41,159,5.19,6,22.47
21,142,9.72,12,39.93
46,83,7.93,6,26.56
30,133,7.84,2,18.29
55,133,7.23,10,33.8
33,85,6.69,6,22.34
26,86,7.42,14,40.46
26,113,7.59,6,25.58
55,147,8.48,11,37.57
36,94,5.83,7,25.09
28,92,7.88,14,41.49
23,152,7.9,12,37.81
25,116,6.83,0,11.59
41,117,9.82,6,28.7
51,157,8.73,3,21.45
34,110,8.55,10,34.73
57,145,9.37,9,34.41
39,139,6.69,12,35.48
57,92,6.06,14,38.7
40,100,7.19,9,30.36
22,123,7.99,14,41.29
27,107,7.79,6,26.04
53,136,6.1,10,31.37
26,80,6.34,10,29.83
27,89,9.63,6,28.2
38,87,5.41,14,36.7
49,156,7.52,2,18.04
39,142,7.37,10,33.7
45,146,6.92,13,38.11
24,146,8.92,13,41.18
33,106,9.61,6,28.56
52,97,9.99,11,39.67
47,114,5.61,9,28.77
54,123,5.21,13,36.49
48,87,6.38,4,18.85
29,125,8.41,12,37.49
28,122,7.02,2,16.28
41,125,7.33,13,37.93
50,119,10.0,1,19.27
49,135,7.46,6,25.39
29,106,9.58,2,19.76
33,99,7.06,2,16.59
38,157,7.2,4,20.8
58,136,8.86,4,23.13
42,91,9.51,9,34.16
51,102,9.06,11,38.51
55,91,7.36,11,35.4
30,123,8.49,12,39.11
29,118,6.32,1,13.45
51,121,5.39,6,22.71
44,127,5.79,14,39.24
28,146,5.12,9,27.8
40,114,7.22,7,26.4
37,116,8.28,1,16.9
48,119,5.17,3,16.18
26,95,5.26,5,19.35
53,127,7.6,0,13.74
48,97,9.7,1,18.86
21,97,5.71,6,21.82
55,93,8.39,8,31.43
44,155,8.27,12,39.24
26,121,6.53,4,19.92
27,81,5.38,3,15.2
29,132,8.05,9,32.18
57,139,7.22,0,12.98
36,114,6.56,2,16.83
54,143,8.9,1,18.61
55,112,7.02,12,36.73
55,120,8.09,12,38.27
40,142,6.28,11,34.23
43,83,5.39,4,18.53
55,100,5.78,12,34.54
43,83,6.84,6,24.01
24,135,8.67,5,25.15
30,158,7.93,7,28.23
31,83,6.88,9,30.31
29,83,7.37,8,29.8
32,82,7.91,9,31.57
37,134,5.85,3,17.58
52,148,6.36,11,33.66
43,111,6.38,4,20.16
35,137,5.52,12,34.76
48,152,6.0,2,16.08
58,146,7.8,4,22.4
25,113,6.13,6,23.02
38,142,7.91,13,39.72
41,89,5.12,9,26.69
35,111,5.87,11,32.02
23,84,8.06,9,31.74
46,108,7.92,7,27.76
35,86,6.38,5,19.86
40,94,8.12,3,20.18
41,81,5.83,7,23.37
46,89,9.09,10,35.2
43,90,6.25,13,36.26
45,132,7.34,7,27.22
24,135,9.74,0,16.03
30,119,7.89,12,37.64
42,137,8.76,14,43.07
23,155,8.73,5,26.06
39,147,6.91,8,29.1
51,156,5.5,2,14.73
29,106,6.7,1,13.98
49,82,5.17,5,19.88
57,118,6.32,1,14.11
27,101,5.18,6,21.0
58,140,7.1,7,27.0
44,117,5.05,14,37.83
28,95,8.8,11,36.21
54,148,9.82,4,24.5
46,96,5.16,10,30.08
48,140,7.89,14,41.38
48,154,6.35,6,23.71
27,123,7.62,4,20.98
23,123,9.72,8,32.07
42,120,8.83,6,28.01
58,134,8.73,0,15.48
38,82,6.47,14,39.3
32,92,8.98,11,37.28
51,156,5.51,11,32.8
59,130,8.54,4,23.75
25,133,7.02,12,36.6
49,97,7.19,10,33.37
56,119,7.45,10,33.68
34,89,8.84,5,24.92
38,120,6.56,10,30.8
27,123,6.62,9,29.19
43,87,7.6,7,27.59
53,115,6.34,6,23.39
36,135,7.23,4,20.9
57,93,8.3,12,38.59
45,108,9.95,7,30.76
29,86,6.31,8,27.75
48,121,6.31,1,12.52
29,109,6.97,0,12.68
32,153,8.3,8,30.74
38,126,9.63,0,16.19
47,113,9.75,11,39.18
46,141,6.69,8,27.8
46,95,7.09,7,26.97
30,153,7.18,1,14.48
37,108,6.74,5,21.68
52,94,6.58,7,26.19
44,130,5.36,12,34.18
28,135,7.73,12,37.88
50,121,8.31,3,20.78
46,99,9.96,10,36.71
44,126,8.1,0,14.37
47,143,8.05,2,18.71
35,81,6.85,7,25.62
48,111,5.29,12,34.28
31,133,8.07,7,27.97
59,121,5.63,5,20.78
22,109,8.72,3,20.83
29,88,8.77,12,38.24
43,98,5.53,13,35.38
53,85,6.39,3,17.68
39,151,9.1,5,25.0
33,137,9.81,13,43.07
34,80,8.65,14,43.37
52,92,7.01,13,38.8
42,85,9.14,1,18.3
40,108,6.46,4,19.19
53,145,9.33,9,33.65
25,153,5.21,4,17.93
40,110,9.96,13,43.38
34,151,5.55,8,26.43
47,120,9.58,13,43.28
46,118,9.26,6,29.43
52,136,6.47,10,30.85
50,107,7.31,5,23.36
47,110,6.07,2,15.84
46,92,7.41,9,31.8
38,150,5.9,12,34.55
43,130,6.46,10,31.32
44,144,5.2,12,33.74
24,124,7.76,12,37.62
23,132,8.62,7,28.64
50,136,6.01,4,20.11
36,105,8.06,10,34.2
27,95,5.24,13,35.61
59,91,5.42,10,30.24
42,95,7.72,13,39.62
51,133,5.3,2,14.34
33,131,7.29,5,22.84
49,150,5.32,2,14.19
48,155,6.75,9,30.81
39,103,9.4,6,28.58
43,137,8.73,13,40.99
28,118,7.07,7,26.04
45,148,6.75,2,16.6
58,80,6.82,7,26.8
58,150,5.66,12,34.29
55,140,6.95,14,41.32
46,127,7.94,7,27.88
23,141,9.24,5,26.45
22,83,8.41,4,21.24
25,159,8.19,9,32.98
40,148,5.34,11,32.8
32,148,5.71,2,15.95
58,131,5.47,10,30.23
36,125,5.95,4,19.17
57,96,8.87,13,41.45
58,109,8.1,4,22.25
56,128,7.21,11,35.29
49,130,5.06,12,34.99
55,112,8.34,7,28.57
57,137,7.7,6,25.18
41,118,5.41,9,28.01
41,150,8.5,14,42.74
48,116,6.35,10,31.07
26,150,7.42,9,30.3
40,94,6.59,10,32.26
56,140,6.61,13,38.45
33,89,5.3,5,19.06
31,99,5.24,3,15.1
44,88,8.89,0,16.5
39,149,5.02,6,22.24
43,99,6.44,11,33.2
51,143,9.76,12,40.8
57,86,8.99,2,20.47
57,143,7.59,9,32.35
23,127,8.71,8,30.16
54,126,9.72,8,32.44
49,143,9.7,11,39.44
23,146,7.23,14,41.21
35,124,6.61,3,18.19
27,96,8.74,9,32.67
23,130,7.05,7,25.98
36,122,5.77,8,27.32
54,145,5.97,8,27.52
40,155,7.72,13,40.58
59,92,7.55,12,37.99
53,155,7.32,13,39.94
34,106,6.85,13,37.99
55,126,6.63,0,12.19
31,119,5.94,0,10.68
40,148,8.41,6,27.6
50,111,7.52,11,35.18
48,124,6.85,8,28.42
35,159,8.89,11,37.91
58,153,8.16,8,31.87
33,116,8.78,10,35.25
55,94,8.22,1,16.45
44,154,8.13,4,22.44
21,88,7.06,1,15.17
44,134,6.41,3,17.76
47,88,6.16,7,24.6
38,143,9.49,3,22.92
46,120,6.0,4,19.36
49,94,8.36,13,40.1
28,115,5.95,5,20.72
46,115,9.69,8,32.93
25,144,5.98,9,29.31
53,107,9.27,3,21.94
25,112,9.68,0,16.44
56,144,6.03,9,30.48
33,133,9.44,6,28.33
37,85,5.55,1,12.35
33,154,8.5,3,20.85
45,127,7.53,10,33.29
22,148,9.81,14,44.49
44,153,7.4,13,39.0
56,107,5.34,11,31.45
45,95,5.63,12,34.7
54,105,6.61,3,18.37
32,129,7.34,14,41.1
39,133,9.79,9,34.2
50,157,7.42,1,16.82
57,92,9.65,3,21.92
21,144,9.57,9,33.91
23,114,5.84,3,16.11
46,158,9.6,5,26.68
35,108,6.28,6,23.67
48,110,9.18,4,23.78
24,91,9.88,9,33.7
39,148,5.36,8,26.62
44,111,8.41,10,34.27
26,89,7.13,2,15.84
36,84,7.28,13,37.8
52,106,7.79,0,14.15
50,118,9.73,12,40.24
55,100,8.16,4,21.67
28,95,9.96,4,25.2
25,108,9.83,0,16.98
57,158,9.28,13,42.81
32,150,8.5,3,20.32
45,93,6.16,1,13.43
53,120,7.86,9,31.72
59,153,6.17,10,31.75
44,120,9.77,2,20.92
31,123,9.79,8,33.63
55,152,6.66,3,19.2
21,95,5.24,2,13.97
28,103,9.14,8,31.13
43,100,6.76,8,28.12
40,138,6.6,4,20.67
52,118,7.9,8,30.11
31,150,5.0,1,10.82
27,86,6.87,14,38.84
50,107,7.08,4,20.27
59,130,9.85,14,45.6
33,114,5.79,0,10.03
23,137,5.75,2,14.87
27,89,8.1,0,14.37
33,117,5.39,11,31.18
57,111,8.11,7,29.57
45,141,7.04,0,13.04
43,129,5.01,7,23.21
53,120,7.2,10,33.6
25,126,8.69,5,24.5
52,81,5.66,5,21.58
50,121,5.92,3,16.77
51,83,6.17,14,38.82
33,80,6.95,8,28.38
25,101,9.75,4,24.42
43,90,5.35,1,11.24
21,90,9.11,6,26.95
30,93,9.0,11,37.27
47,152,7.33,10,33.42
28,138,5.68,0,11.58
23,97,8.06,7,27.14
39,140,8.62,0,15.4
22,103,5.78,11,33.47
51,106,8.49,5,24.79
30,114,9.6,0,15.7
36,147,5.95,9,29.34
57,101,5.63,5,20.05
40,90,8.33,12,37.66
23,150,7.41,9,30.16
55,137,9.27,9,33.12
54,155,7.58,2,18.58
41,83,9.1,12,39.4
56,145,6.98,7,26.94
52,144,5.98,4,19.52
38,97,6.88,0,11.17
54,138,6.8,4,21.12
58,102,6.5,5,22.24
23,83,6.17,6,23.09
23,132,6.93,2,15.87
47,119,9.86,5,26.59
22,119,7.46,13,39.13
23,130,5.69,8,26.85
37,88,6.18,6,23.19
59,102,6.76,0,12.23
58,92,5.94,8,26.56
39,80,8.71,12,38.52
39,155,8.95,12,39.42
25,89,9.01,10,34.5
25,106,9.58,4,23.91
34,98,9.29,0,15.91
47,101,7.9,9,31.35
56,90,7.5,6,25.46
55,154,9.0,4,24.72
41,95,9.83,2,20.55
25,108,5.15,12,32.39
44,109,6.8,13,37.27
59,90,8.34,9,32.47
44,136,6.79,14,40.89
33,144,8.81,11,37.11
58,85,8.96,2,19.7
21,156,8.41,12,38.46
59,114,5.79,4,19.28
30,138,9.66,6,28.4
22,93,6.64,9,29.29
36,122,9.89,5,28.06
57,125,6.76,12,36.87
36,101,5.8,13,36.76
43,139,6.44,13,37.71
46,81,9.07,4,23.43
36,148,6.54,2,15.96
47,94,7.99,12,38.11
50,129,8.48,3,20.77
53,135,6.52,10,31.74
52,142,8.32,9,34.12
29,114,5.77,14,38.52
31,105,8.15,11,35.56
57,106,8.27,6,26.26
26,98,5.16,1,10.93
50,116,6.47,8,27.47
35,115,5.03,1,10.97
50,119,8.96,10,35.62
38,142,7.23,8,29.74
32,118,7.13,14,39.57
24,91,7.28,13,37.94
36,123,7.02,14,40.08
43,159,5.82,3,17.01
31,127,8.31,9,32.07
44,158,9.59,4,24.91
42,112,9.93,5,26.6
59,158,8.98,10,36.41
35,111,6.94,8,28.4
35,101,7.81,13,39.57
30,85,5.06,0,9.19
48,109,6.78,11,33.12
56,96,8.36,13,40.62
37,81,9.47,11,37.0
56,159,5.55,14,38.66
42,134,5.46,4,18.4
43,91,5.77,4,18.56
49,91,5.72,11,32.41
42,130,8.92,3,21.08
31,127,8.56,6,26.78
56,118,9.52,7,31.57
49,149,6.47,5,22.51
52,80,8.4,9,33.11
34,95,6.82,7,25.67
38,125,5.69,5,20.14
58,142,8.93,4,24.38
57,138,8.13,2,19.96
54,126,8.52,11,36.75
43,95,5.81,10,30.26
52,125,8.23,6,27.31
23,159,6.55,7,25.27
42,118,6.26,5,21.33
43,129,8.25,7,29.33
24,128,5.12,2,13.51
33,105,9.52,8,31.07
52,112,5.81,5,20.21
49,99,7.1,0,11.81
30,156,7.72,0,14.1
33,151,9.17,13,41.56
37,120,6.12,4,19.7
58,90,9.61,14,44.24
22,134,6.48,9,29.59
37,126,7.69,2,16.96
46,157,5.85,6,23.3
58,129,8.11,13,40.76
57,102,5.78,13,36.68
25,140,5.42,4,18.6
45,86,7.46,13,38.67
29,94,8.49,7,27.94
48,158,5.93,0,11.38
42,88,5.27,7,24.28
49,116,5.21,12,33.68
55,138,5.01,12,34.15
40,107,6.17,2,15.49
25,85,9.33,7,30.12
59,89,7.26,4,20.42
52,94,9.62,14,44.21
59,83,6.25,9,29.95
30,137,9.92,10,36.44
37,94,9.12,13,41.99
57,116,8.92,3,22.47
35,81,7.98,2,18.05
29,126,5.98,12,34.53
52,107,9.76,1,18.84
43,148,9.05,4,24.17
31,152,9.16,12,40.15
33,150,9.43,7,30.06
38,147,6.29,2,15.97
29,98,9.35,9,34.1
25,87,7.45,7,27.09
42,110,8.27,8,30.37
52,93,9.8,14,43.71
22,108,9.49,8,31.68
41,88,6.25,8,26.38
48,149,8.67,7,29.7
44,139,9.15,5,25.71
44,124,7.21,11,34.81
34,153,5.53,5,20.22
57,133,6.57,5,23.13
47,124,8.67,5,25.62
44,82,7.94,1,15.54
26,155,8.86,4,23.94
46,115,9.48,8,32.68
35,90,6.63,11,34.03
49,152,8.44,4,21.94
56,85,5.48,0,11.47
30,155,8.32,8,31.24
48,120,5.18,2,13.86
29,151,6.26,2,15.94
41,120,7.24,14,40.81
30,156,9.23,4,24.58
24,141,5.74,4,18.71
24,88,8.9,1,15.97
26,89,7.82,12,36.89
46,120,7.29,5,23.84
36,106,8.21,12,37.63
28,132,6.72,8,28.06
48,83,9.97,13,43.5
36,89,5.55,12,34.53
58,128,5.69,2,14.79
21,98,9.42,4,23.32
39,153,6.1,1,12.8
37,129,5.31,5,20.41
48,127,9.46,11,38.3
32,102,5.31,2,13.76
26,88,9.3,11,38.7
27,145,7.65,5,23.54
28,98,7.67,2,17.4
23,151,5.65,4,18.89
41,130,8.15,9,32.12
28,90,6.85,9,29.62
48,82,6.81,4,19.52
50,140,8.49,6,26.75
52,96,9.34,11,38.02
31,152,8.66,3,21.03
40,109,8.41,3,20.1
36,159,9.43,4,24.27
45,87,9.5,8,31.49
29,120,8.68,8,30.56
59,105,9.1,9,34.35
23,84,6.21,3,16.92
36,148,8.41,13,40.71
32,103,7.45,12,36.02
35,157,9.25,11,38.76
24,148,9.8,12,40.65
43,115,6.34,14,39.96
47,96,8.36,4,21.56
59,149,9.27,6,29.05
57,150,8.41,11,36.45
33,125,8.44,6,26.54
57,158,9.09,0,16.01
41,149,8.51,14,42.86
49,111,9.14,2,19.6
49,139,9.96,5,26.86
31,121,7.72,10,33.18
48,119,8.33,0,14.67
30,106,8.08,12,37.86
25,84,6.41,9,29.0
45,140,9.17,0,16.5
53,140,6.93,8,29.09
37,159,9.77,14,45.25
53,131,9.14,10,36.66
45,154,5.78,12,35.18
53,145,5.3,13,37.86
29,86,5.7,14,38.38
47,117,8.89,3,21.28
45,130,8.65,0,15.31
24,80,8.01,7,27.89
29,155,5.91,7,24.39
35,128,7.25,10,31.89
36,151,7.68,2,17.74
36,99,9.85,8,31.07
33,121,6.09,4,18.72
34,95,6.76,9,29.79
42,112,8.21,5,24.47
41,95,6.05,3,16.2
29,95,5.9,12,35.5
24,127,7.21,6,24.68
30,134,7.6,2,16.84
55,107,8.44,6,27.29
29,152,8.8,14,43.0
36,102,9.34,2,20.26
38,109,6.69,8,28.62
30,140,7.52,1,15.07
41,154,9.32,1,18.38
35,105,7.32,9,31.24
35,90,5.69,11,32.24
31,99,7.18,12,36.81
57,123,8.85,6,27.4
40,97,7.35,13,40.11
54,113,6.23,6,23.22
42,83,9.71,14,44.34
38,93,6.52,12,35.06
36,92,7.6,5,22.79
25,120,6.77,2,15.86
21,158,7.08,6,24.17
39,136,8.22,3,19.0
30,101,7.41,7,27.29
41,89,5.51,11,31.11
33,148,7.54,10,34.24
44,147,6.49,11,34.08
43,129,8.15,1,15.73
43,95,5.91,13,36.46
31,90,7.91,4,21.9
22,147,7.25,13,38.77
26,146,9.04,0,15.27
31,99,6.7,10,31.48
35,144,5.5,8,26.08
29,112,5.43,3,15.76
32,89,7.25,14,39.82
56,146,7.59,9,31.97
48,134,6.88,12,36.56
43,111,8.94,13,41.65
47,124,8.33,13,40.54
44,138,7.83,8,29.8
34,110,8.06,0,13.49
55,131,8.82,7,30.1
47,89,8.04,13,40.05
41,85,6.11,9,29.87
33,80,7.03,13,38.06
28,125,5.68,9,28.36
54,153,9.36,6,28.97
43,109,6.09,5,21.16
29,158,8.0,10,34.4
21,157,5.27,4,17.76
56,142,6.59,9,29.76
36,142,9.48,4,23.35
45,153,8.97,14,44.13
38,80,5.47,1,11.69
54,99,7.79,2,17.43
58,108,6.92,0,12.47
23,113,5.68,0,9.35
40,145,9.09,3,22.67
39,145,9.35,10,36.49
33,81,7.52,1,14.85
37,151,5.95,1,13.0
34,133,7.1,2,16.93
50,97,5.16,6,21.37
42,109,8.51,14,42.12
49,87,9.52,2,20.72
22,121,5.08,10,29.06
28,108,8.27,4,21.9
34,130,5.44,14,37.73
54,103,6.16,10,30.64
33,89,7.68,7,27.33
30,95,6.6,2,15.49
28,129,5.03,2,13.4
27,120,9.91,0,16.39
33,133,5.86,10,30.23
46,123,7.64,14,42.12
52,139,7.58,6,25.01
39,148,9.75,3,22.17
35,158,8.85,3,20.84
22,102,7.78,0,14.7
57,150,8.68,2,19.57
39,99,9.23,5,25.41
53,118,6.62,7,25.51
59,82,5.61,4,18.19
53,82,9.06,13,42.25
21,110,5.96,13,37.04
59,86,6.71,6,23.2
48,80,9.41,4,23.6
37,135,8.33,5,25.52
26,106,5.43,13,35.71
40,144,6.22,11,32.91
33,149,5.78,11,32.61
32,118,5.16,13,35.66
50,82,6.08,0,12.02
41,138,8.24,2,18.18
22,81,5.07,5,19.03
38,126,9.81,14,44.17
48,99,6.17,8,27.09
24,106,6.46,3,17.55
26,98,5.17,1,10.63
58,134,5.35,3,16.83
29,142,9.99,13,43.96
40,122,6.67,4,20.19
50,84,8.4,5,24.99
57,99,8.75,8,30.54
58,155,7.47,8,29.72
24,140,7.31,0,11.8
58,141,6.68,4,20.71
33,153,8.51,9,33.12
55,142,7.63,13,39.87
50,101,7.13,0,12.7
24,117,5.76,1,12.76
45,91,8.34,1,16.16
51,153,7.18,2,17.7
32,140,5.52,11,32.34
35,127,6.71,7,26.35
46,96,5.23,7,23.67
30,131,5.62,0,11.27
32,125,9.97,10,36.29
42,135,8.96,9,34.18
41,108,9.94,4,24.67
55,152,9.7,5,27.25
27,130,9.79,14,44.66
38,155,7.39,9,31.37
47,105,8.39,0,15.26
55,154,5.06,13,35.8
22,108,6.9,4,20.28
52,138,8.38,11,37.57
35,87,5.77,2,14.54
44,104,9.48,12,40.8
40,100,5.54,14,37.46
30,83,9.19,1,17.33
44,115,8.08,10,34.35
44,122,9.3,4,23.94
44,105,6.12,8,26.94
54,115,8.19,6,26.77
31,102,6.11,4,18.29
46,120,6.31,10,32.08
21,154,5.57,3,16.62
50,123,9.27,13,41.87
38,129,9.01,13,41.34
46,88,6.41,4,18.84
29,126,5.9,2,14.55
29,120,8.99,2,19.16
21,92,7.32,8,28.61
27,137,6.64,9,29.8
36,145,8.41,5,25.61
58,137,6.92,6,23.39
31,145,8.64,6,27.07
45,112,6.05,6,23.32
49,148,7.84,3,19.6
39,157,9.37,7,30.54
38,106,9.06,2,19.22
49,129,9.72,9,35.61
36,138,5.11,2,13.45
28,157,9.64,11,38.56
54,158,6.2,12,36.0
26,106,9.72,12,39.24
50,138,6.28,3,18.3
54,135,5.94,5,20.99
41,151,8.14,1,16.32
32,113,8.63,13,40.43
26,128,9.81,8,31.69
59,96,6.51,11,33.69
26,149,7.26,3,19.25
24,117,8.02,9,31.88
29,80,9.12,11,38.13
25,117,8.91,0,15.01
30,105,9.72,14,44.13
28,148,7.71,6,25.96
43,147,9.11,14,44.05
24,104,9.02,1,17.1
57,137,6.03,14,39.04
27,124,6.72,3,18.21
26,101,6.0,10,31.57
35,127,5.21,8,26.39
55,92,9.25,2,20.92
52,104,9.51,0,16.12
34,89,7.1,3,17.64
55,97,6.82,7,26.06
31,134,7.35,9,30.44
30,106,8.14,3,20.81
37,135,9.94,5,27.06
33,135,9.36,9,33.08
54,128,5.81,5,20.99
25,105,9.39,0,15.9
30,81,7.42,6,24.43
52,153,9.03,4,23.94
32,139,9.23,10,36.11
33,117,6.89,4,19.52
41,82,5.14,6,21.29
53,153,6.82,8,27.8
52,132,5.15,14,38.38
32,123,7.57,9,31.53
55,102,9.75,10,36.81
56,107,9.43,8,32.51
58,111,6.92,6,24.42
48,155,8.78,2,19.84
33,99,8.65,4,22.93
32,85,7.89,8,29.5
42,82,8.52,12,38.65
22,82,9.52,1,18.19
49,102,6.41,6,23.54
33,152,5.88,11,32.74
55,112,6.61,6,23.96
33,115,8.06,0,13.42
54,143,7.41,12,37.25
39,91,8.36,4,22.46
29,141,7.23,13,38.51
51,105,8.26,11,37.07
53,116,5.44,9,27.33
47,127,7.17,7,26.87
22,153,8.23,13,40.29
35,123,6.46,0,11.7
39,90,6.62,1,13.4
51,148,5.1,13,35.49
36,103,8.93,10,35.23
35,98,7.43,3,19.71
26,149,5.83,14,37.82
34,135,8.15,1,16.06
47,128,5.6,12,35.38
58,136,7.32,13,40.06
39,90,5.67,11,32.05
57,142,8.38,0,14.85
24,96,5.95,14,38.24
46,94,9.77,0,16.89
29,149,8.01,1,15.55
35,141,5.11,13,36.18
57,111,7.1,12,37.08
24,119,5.8,12,34.46
46,90,8.03,9,31.2
38,92,8.83,2,18.82
55,107,6.54,13,37.79
49,107,8.38,10,34.49
44,127,9.36,13,42.07
24,134,9.53,1,17.23
41,95,5.61,14,37.96
59,115,6.78,12,36.23
27,119,6.37,8,27.82
43,99,7.85,13,39.95
41,81,9.08,8,31.39
21,156,8.22,13,40.71
45,81,9.92,4,24.51
51,148,5.2,11,32.69
58,149,6.0,3,17.5
25,129,9.26,13,41.85
51,127,6.96,14,41.36
21,103,8.89,11,36.17
50,88,9.86,6,28.26
38,119,7.95,1,16.18
28,119,8.33,10,34.74
46,81,6.92,7,26.33
35,152,9.5,9,34.9
39,85,8.35,3,19.94
30,98,8.02,11,35.85
44,98,5.14,12,33.39
36,112,7.47,8,29.06
51,140,9.98,12,41.64
36,109,7.25,9,30.81
36,141,9.79,9,35.32
48,92,9.91,9,34.74
40,97,8.23,11,36.54
55,81,6.5,2,14.95
29,82,5.98,14,38.6
30,85,7.73,8,29.34
38,107,5.52,2,14.89
35,156,7.53,11,35.23
50,111,8.29,14,42.4
52,139,7.19,2,16.88
47,110,5.75,6,23.24
47,140,9.03,4,23.71
39,88,7.71,4,20.86
30,146,6.35,12,36.52
26,133,5.08,2,13.88
44,158,7.72,4,22.52
29,147,8.84,6,27.05
47,96,6.82,10,31.65
27,138,8.31,6,27.05
26,110,8.98,1,17.26
53,154,7.35,10,34.01
41,140,6.35,1,14.34
58,119,7.07,2,17.37
37,82,8.81,9,33.21
51,129,6.09,2,14.91
57,80,6.28,5,20.83
31,87,6.8,1,13.27
48,141,8.14,6,26.11
25,143,6.2,6,22.9
32,120,7.48,4,21.09
23,96,8.18,1,15.29
58,151,7.61,13,39.56
22,122,5.03,8,25.7
46,81,7.5,6,24.47
22,126,6.78,5,21.58
32,139,5.23,0,9.74
22,128,9.58,13,41.03
36,94,8.25,0,13.64
50,129,9.57,1,18.36
56,125,6.53,11,33.83
24,155,9.62,5,25.84
31,81,7.21,13,37.88
44,108,6.62,6,24.53
38,108,9.21,11,37.34
47,159,5.22,10,30.38
57,140,8.66,13,42.09
22,145,9.32,6,27.5
35,123,9.36,14,43.71
31,83,5.16,12,33.94
47,118,9.41,11,38.01
43,139,8.58,11,37.85
55,128,9.23,7,29.7
50,84,8.34,2,18.12
44,145,8.75,2,19.48
39,124,8.09,11,35.27
49,139,7.35,1,15.18
33,87,9.64,3,22.09
43,129,5.55,14,38.4
32,115,5.32,10,29.65
49,149,8.33,2,20.06
26,120,8.37,7,27.72
43,89,9.21,5,26.56
51,115,8.24,13,41.11
41,147,5.44,12,34.66
44,93,9.4,5,25.61
28,155,5.5,12,33.31
29,96,7.25,12,36.02
42,100,8.15,10,34.59
24,156,8.16,3,19.6
33,133,7.24,6,24.54
54,92,6.65,3,18.26
23,127,6.51,14,38.97
57,124,9.87,1,18.45
48,88,6.7,0,11.54
46,134,7.91,3,20.18
54,129,7.89,13,40.94
35,99,7.85,9,31.97
28,119,8.11,11,36.14
55,80,6.31,13,38.17
44,156,6.69,11,33.95
57,156,5.35,11,32.96
24,143,7.86,0,14.22
32,114,6.19,7,24.38
39,144,5.86,6,22.81
35,132,9.17,0,15.98
50,140,7.91,6,26.06
57,84,7.79,13,39.51
32,148,5.78,7,25.21
39,139,7.22,12,37.75
54,98,7.78,14,41.08
27,155,7.19,13,39.55
48,136,7.67,4,21.38
48,87,5.07,6,21.33
49,153,6.0,3,17.93
57,97,6.08,11,33.65
40,90,6.89,12,35.34
31,141,9.7,14,45.34
59,109,7.71,4,21.6
43,84,6.28,12,35.6
40,156,8.58,13,41.77
40,135,6.09,2,15.6
31,115,5.79,7,24.21
22,106,6.49,3,17.05
33,111,6.46,10,31.33
33,93,7.11,8,27.44
35,120,8.57,12,38.72
51,145,7.89,8,30.14
43,83,7.46,10,32.75
42,90,9.74,0,15.98
36,127,5.16,13,35.62
49,116,7.02,13,39.23
40,92,8.42,2,18.72
48,152,6.6,14,41.4
47,121,7.38,8,29.05
49,106,5.15,5,19.42
25,145,6.02,6,22.45
58,126,5.41,1,12.74
58,155,9.85,14,45.53
22,91,8.72,2,18.93
40,146,8.27,0,13.87
33,105,5.01,2,12.87
46,158,7.33,1,15.2
55,106,8.54,6,26.92
28,114,8.04,3,19.57
48,92,7.57,1,15.47
35,135,9.15,0,16.76
28,148,6.68,13,37.34
31,122,9.19,0,15.26
49,138,6.94,12,36.28
25,91,7.9,4,20.85
27,108,7.6,2,17.97
38,84,7.05,6,24.95
48,128,6.33,11,33.34
32,143,7.24,13,38.63
32,122,5.61,0,8.92
56,145,6.72,10,32.65
49,85,7.9,10,33.27
31,94,5.31,0,9.26
26,97,8.72,5,24.7
41,128,7.84,6,25.7
30,126,9.83,10,36.3
52,81,5.45,6,22.5
53,84,6.13,5,21.3
37,116,7.69,4,22.14
23,85,7.43,9,30.04
38,121,7.49,11,35.94
30,130,6.71,3,18.79
59,95,9.33,13,41.93
28,155,5.26,7,23.61
54,152,9.36,10,36.67
57,146,8.88,3,21.7
53,109,8.94,1,18.61
30,106,9.55,5,26.05
38,121,7.83,8,29.92
45,143,9.33,6,28.75
56,129,7.03,8,29.24
22,118,8.42,6,25.61
39,86,6.52,14,39.37
30,152,9.03,4,24.02
23,95,5.17,3,15.56
39,135,9.23,11,37.14
46,90,5.59,12,34.4
45,88,5.78,4,18.38
37,80,8.78,5,24.79
30,123,6.18,8,27.37
31,114,7.46,12,37.19
31,130,7.49,8,29.27
32,87,6.88,12,35.71
28,150,9.66,11,37.61
44,116,7.82,5,23.28
34,84,8.59,5,24.04
43,155,9.45,11,38.5
56,100,8.07,0,13.57
37,84,8.47,12,38.03
25,102,7.21,13,38.83
23,136,9.98,10,37.61
29,150,8.88,3,21.18
40,144,9.83,9,34.27
40,104,5.64,11,32.07
39,98,5.11,7,23.72
41,81,7.62,6,24.37
36,91,8.66,3,20.54
53,121,9.16,4,23.93
25,104,9.24,12,38.97
44,127,6.43,13,37.22
35,110,8.8,0,15.71
46,137,5.79,3,17.44
45,140,7.6,14,41.85
48,123,6.18,6,23.28
53,88,6.16,11,34.04
38,100,6.5,3,17.67
38,133,6.54,13,37.56
58,150,6.67,1,14.56
53,92,9.57,1,18.02
47,92,8.43,7,28.53
35,131,5.02,2,13.37
33,107,7.01,14,40.13
54,125,5.83,10,31.49
24,127,8.61,7,29.17
55,119,9.91,6,29.55
39,133,7.49,10,33.27
51,106,9.9,13,42.93
45,158,6.38,12,35.64
32,82,7.91,11,34.62
32,138,7.73,10,32.81
45,97,8.98,6,26.96
53,103,6.31,8,27.38
57,140,6.3,8,27.72
48,136,6.77,12,35.76
29,123,7.92,11,36.48
34,126,5.68,2,14.55
23,151,9.77,5,25.48
25,116,7.3,8,28.74
46,116,7.52,8,29.76
38,152,7.05,0,12.76
58,124,6.94,4,20.78
41,109,7.28,14,40.68
59,94,6.21,1,13.53
36,155,5.74,13,36.48
43,106,7.18,3,19.2
49,126,8.38,1,16.61
30,126,6.78,9,29.53
25,110,5.54,11,32.46
31,156,7.62,2,17.89
49,94,7.62,5,23.61
47,133,5.84,11,33.18
54,148,6.72,14,40.75
34,121,8.95,11,37.98
30,141,5.16,8,25.63
31,104,5.48,8,25.41
31,91,8.5,14,41.61
55,88,7.86,13,39.64
39,116,7.89,12,37.75
44,88,7.29,6,25.08
21,148,5.43,6,21.41
32,134,5.26,8,25.49
34,125,6.62,0,11.67
23,150,5.28,6,22.74
52,120,7.83,8,29.49
36,86,8.4,9,32.06
58,84,8.09,11,36.45
30,131,8.65,7,29.13
37,154,9.76,13,42.8
24,116,9.84,3,22.28
35,139,6.43,7,26.17
53,115,6.46,0,12.24
59,80,8.72,11,37.17
30,80,9.95,12,40.52
27,157,7.06,4,20.9
53,139,5.93,9,29.4
37,120,8.64,6,26.48
32,144,6.93,13,38.61
37,87,5.4,1,10.8
36,120,8.74,7,28.73
34,126,7.04,7,26.57
23,115,7.96,11,35.62
50,83,8.46,1,16.36
55,121,9.1,3,22.45
46,81,8.11,10,33.65
32,126,9.68,8,32.28
51,99,7.42,12,36.36
37,109,7.65,2,17.81
57,109,6.52,13,37.2
28,80,5.66,0,10.36
39,137,8.14,6,26.24
46,146,6.46,14,41.03
24,102,8.57,12,37.56
35,124,8.1,2,18.31
34,101,6.41,11,33.88
50,128,7.79,10,34.69
44,127,9.94,8,33.51
54,142,9.41,12,40.5
39,127,7.08,14,40.64
23,123,8.44,2,17.79
24,130,5.92,10,30.92
31,141,5.05,12,33.88
33,158,9.2,0,16.0
38,120,7.07,11,34.4
39,159,5.91,1,12.72
53,106,6.58,5,22.45
58,136,9.61,1,18.75
23,121,9.46,4,24.29
55,91,8.25,12,37.97
21,139,5.46,13,35.98
55,143,8.59,2,18.61
56,83,9.45,13,42.17
58,118,9.59,4,24.26
59,98,6.93,11,34.0
45,141,5.85,11,33.84
33,124,9.8,7,31.76
24,140,9.05,3,21.77
26,110,7.16,13,37.92
31,128,8.16,0,15.13
21,110,6.99,13,38.24
28,121,7.29,9,31.28
54,127,6.64,1,13.96
29,99,5.28,1,10.65
56,99,9.99,6,29.24
59,95,6.2,7,25.85
57,136,6.45,5,22.23
41,98,6.62,4,19.11
40,92,6.22,3,17.34
58,99,6.63,7,25.69
21,155,7.83,3,19.58
55,128,5.4,7,24.95
48,105,5.36,3,15.91
27,114,7.31,13,38.3
29,120,8.48,6,26.36
21,89,6.09,0,11.31
56,155,7.6,3,19.52
54,103,7.2,1,15.51
54,152,7.26,3,19.71
37,148,8.51,2,19.28
52,110,7.99,8,30.28
22,133,7.35,2,17.45
56,137,6.35,14,39.35
45,139,7.93,4,22.34
46,90,5.69,11,32.45
46,152,7.08,6,24.86
41,119,5.67,5,20.73
38,134,6.59,13,37.89
49,126,8.18,0,14.57
44,140,8.93,13,41.7
48,159,6.18,0,11.88
32,153,8.21,3,20.15
31,113,6.37,11,33.28
47,141,7.08,0,14.21
43,158,9.57,4,24.53
53,124,5.51,3,17.09
36,84,9.92,8,32.77
48,130,8.21,8,30.45
48,137,8.04,5,24.64
58,82,6.07,4,19.13
26,102,5.97,13,36.64
49,89,9.61,8,32.65
54,126,5.8,4,19.26
23,111,5.86,4,18.1
26,127,8.5,9,32.85
58,106,8.52,4,23.09
33,115,6.99,2,16.21
56,133,9.54,3,22.79
35,99,9.6,11,38.59
26,82,9.21,7,28.66
53,148,5.08,9,27.43
32,82,6.51,11,33.09
33,119,6.45,5,21.14
53,139,5.33,10,30.54
48,149,9.47,4,24.01
56,158,9.96,4,25.14
25,149,5.72,10,31.22
45,102,6.43,11,33.77
37,139,5.13,5,19.96
57,109,5.58,10,30.77
39,118,7.5,8,29.23
55,119,6.84,5,22.64
54,127,7.12,5,22.1
26,124,8.33,4,23.0
39,116,5.49,14,38.14
21,101,9.24,4,23.21
27,131,9.33,5,26.22
54,81,5.81,12,35.52
39,93,8.17,5,23.62
53,97,8.45,6,26.69
46,129,5.87,3,16.88
47,94,6.87,12,36.4
58,116,8.46,6,27.3
46,81,8.37,12,38.78
55,153,9.19,11,37.44
40,148,5.66,5,21.43
44,111,6.61,4,20.21
41,145,8.76,11,37.67
46,136,6.24,10,31.25
40,140,7.69,2,17.18
26,84,5.69,2,13.75
23,97,5.79,4,18.22
30,127,6.28,1,12.71
32,119,6.47,0,11.88
53,147,5.21,12,35.29
42,135,9.28,2,19.58
36,83,5.22,7,23.29
37,96,8.81,5,24.18
30,131,6.43,1,13.48
32,142,6.99,10,31.62
39,121,7.89,7,27.65
43,112,6.12,8,26.17
30,97,5.38,11,32.59
30,106,9.79,11,37.44
30,158,9.14,1,17.68
59,140,8.8,1,18.29
50,104,7.67,8,29.92
24,140,8.19,6,26.76
21,89,9.32,3,21.54
39,159,6.94,13,39.26
25,83,5.52,11,31.75
50,110,9.2,12,39.55
46,111,5.31,3,15.49
54,103,9.59,11,39.03
22,138,8.61,14,42.52
44,97,7.23,0,12.94
34,154,8.08,7,28.03
33,151,7.68,10,33.32
49,144,7.01,7,26.85
21,81,5.64,13,36.0
54,100,9.04,8,31.57
24,121,7.94,2,17.23
48,104,8.51,8,31.46
39,132,6.04,9,29.03
21,88,6.01,10,30.68
56,121,9.19,13,42.11
33,107,7.74,2,17.61
25,116,7.26,9,30.63
53,140,5.47,8,26.93
34,138,7.13,1,14.87
36,111,8.52,9,32.85
52,120,5.52,1,11.49
47,154,5.15,8,26.73
55,103,7.77,7,27.78
23,144,6.58,2,15.91
24,159,9.53,7,29.71
27,89,7.96,3,19.85
33,129,6.5,13,38.29
23,142,6.57,7,25.42
37,144,5.65,4,18.75
30,137,7.19,1,13.69
21,155,5.34,9,27.74
48,125,7.2,8,28.51
30,107,5.6,0,10.83
27,159,8.39,7,28.77
59,138,8.26,0,15.99
23,83,9.19,8,31.01
27,120,9.61,7,29.8
29,139,8.27,10,34.13
55,141,5.77,2,14.29
46,90,7.54,14,41.91
25,99,9.71,4,23.67
33,86,6.0,3,16.07
50,141,6.95,7,25.61
59,86,8.74,5,25.33
30,143,8.82,7,29.75
43,137,9.75,9,35.0
31,83,6.24,8,26.59
32,151,9.29,9,34.18
33,93,5.26,13,35.75
36,102,5.73,14,38.36
29,115,9.72,9,33.92
30,103,9.4,1,17.97
49,100,5.3,11,31.99
29,142,5.34,11,31.56
53,126,6.76,11,35.21
44,148,7.0,10,32.62
55,94,7.34,1,14.59
31,110,7.74,6,24.49
59,83,5.65,7,25.18
33,83,9.93,5,27.25
43,123,9.79,0,16.76
45,140,7.04,14,41.14
36,142,7.44,8,29.51
41,105,6.82,2,15.42
30,129,8.25,10,34.68
39,112,8.5,7,28.83
55,83,7.68,13,39.27
48,136,9.62,12,40.12
22,141,6.73,6,24.75
50,113,6.3,6,23.24
25,113,8.28,13,39.73
58,81,5.81,12,33.66
35,122,7.89,11,36.0
56,151,6.62,2,16.74
23,128,5.69,14,38.24
44,100,6.58,10,31.42
32,91,6.01,12,34.66
28,115,8.15,3,20.23
34,80,5.26,13,34.99
38,121,9.09,14,43.05
40,95,7.92,14,41.36
43,128,9.29,6,28.15
25,85,5.8,13,35.91
21,92,7.36,9,29.35
22,124,8.34,8,29.45
36,88,5.73,1,12.16
25,107,5.07,6,21.29
42,143,9.72,14,44.39
21,113,8.9,7,28.12
32,111,8.91,10,34.86
39,144,9.6,5,26.19
42,131,7.89,7,28.4
37,153,8.21,1,16.9
33,145,6.04,13,38.26
59,83,7.35,12,36.36
48,104,5.79,4,18.16
23,159,5.49,7,24.39
25,142,6.28,9,29.17
56,119,7.3,5,23.2
35,148,8.19,9,32.28
37,135,7.52,4,21.16
49,102,9.47,11,38.06
24,82,6.63,3,17.05
52,144,9.23,10,35.68
58,130,7.18,14,40.65
24,104,5.69,0,9.69
33,159,9.33,12,39.67
40,120,7.45,1,15.49
38,84,5.7,8,24.87
57,143,5.94,14,40.76
32,85,5.36,13,35.17
45,155,8.22,2,19.07
50,125,6.82,14,40.83
35,102,9.83,14,43.56
56,117,7.69,2,18.16
28,84,6.23,8,27.65
48,140,7.94,4,23.47
42,81,9.88,10,35.87
58,82,5.12,5,19.83
36,86,5.85,11,32.75
25,155,9.64,9,34.33
54,129,5.12,8,25.79
58,139,9.82,8,33.55
31,144,8.14,7,28.47
22,144,6.16,11,33.75
45,141,5.45,6,20.98
45,133,5.52,6,22.33
21,132,9.19,7,28.96
51,88,9.11,13,41.81
25,80,9.17,14,43.12
24,94,9.8,14,44.47
25,115,6.95,2,15.77
25,89,9.58,13,41.64
36,129,5.81,2,14.83
38,110,9.7,2,20.54
37,148,6.22,0,10.98
55,95,7.04,1,14.5
38,158,7.58,8,29.16
24,121,9.02,13,41.36
51,105,6.95,13,38.88
51,109,6.71,7,25.99
29,81,9.91,8,32.75
51,146,5.37,11,32.95
25,135,5.13,5,19.92
56,103,5.28,3,15.55
36,146,9.57,14,44.6
36,119,6.16,14,39.67
40,142,5.22,11,32.09
50,148,8.64,1,18.18
46,138,8.2,4,22.79
51,140,8.96,3,21.57
35,131,7.62,2,16.91
58,155,5.89,0,12.57
58,115,6.45,12,35.03
40,110,5.31,11,31.14
55,86,8.52,4,23.25
43,99,8.24,3,20.46
59,112,8.4,0,14.57
45,96,9.89,14,45.64
42,85,5.3,6,21.54
28,99,5.33,0,9.4
29,121,8.69,10,34.99
35,142,9.86,9,35.21
40,120,7.71,13,39.85
55,151,9.06,10,36.18
57,86,8.05,9,32.37
23,150,9.66,5,25.56
54,108,6.0,3,15.86
54,146,6.81,5,22.79
56,95,8.06,9,31.71
55,156,5.99,6,23.43
29,129,9.17,8,31.48
50,123,8.99,5,25.7
46,156,8.59,9,34.11
32,110,8.1,7,27.39
44,146,6.1,9,29.21
39,82,9.35,2,19.39
36,145,7.89,3,19.25
46,156,6.06,14,39.47
43,154,8.68,1,17.58
53,86,5.16,14,38.14
50,106,6.09,7,24.13
43,86,6.13,11,31.69
30,87,6.46,14,39.09
56,121,5.17,11,31.7
51,105,9.21,6,28.31
42,140,5.49,9,28.43
58,99,9.15,3,22.01
22,158,5.9,12,34.15
43,158,9.2,0,16.04
55,130,5.15,2,14.54
57,153,8.92,8,32.22
52,81,7.66,10,32.35
32,109,6.08,6,22.69
55,96,7.03,9,31.93
23,146,5.49,3,16.72
54,151,5.69,2,14.4
58,122,6.84,13,38.23
44,128,7.06,9,30.61
58,83,8.88,9,33.14
37,108,8.78,2,19.21
21,151,6.2,9,29.31
28,113,5.92,10,30.59
35,88,5.84,3,16.29
45,137,7.95,11,35.36
28,153,7.9,8,30.24
52,103,5.52,5,20.47
33,135,6.7,12,35.82
35,140,9.37,12,40.2
26,152,9.71,1,17.6
53,158,9.86,10,37.36
27,142,8.47,8,30.18
53,121,5.19,1,12.53
49,96,7.43,3,19.17
58,150,6.22,4,19.35
57,145,9.44,3,23.08
52,127,5.21,1,11.61
23,149,5.56,9,28.89
40,112,6.43,14,40.12
34,117,8.5,1,16.19
48,80,9.68,8,32.58
58,134,6.94,8,28.59
24,134,6.71,6,23.86
35,89,8.91,14,43.56
37,134,9.49,5,27.13
57,103,5.44,10,30.29
44,151,9.93,2,20.01
58,107,7.55,4,21.89
56,130,9.97,1,20.37
28,125,5.06,3,14.4
23,151,9.45,9,33.84
50,108,5.49,0,9.76
42,98,8.89,1,17.02
53,158,5.0,9,28.99
45,84,5.68,1,12.34
50,128,5.8,1,12.39
57,134,8.04,13,40.66
23,125,8.47,10,33.74
24,94,5.45,2,13.15
49,151,7.03,14,40.75
52,118,8.51,5,25.07
43,101,9.55,12,41.17
39,141,5.95,4,18.5
35,148,7.12,10,33.05
36,153,6.14,0,11.81
43,110,5.18,4,18.03
57,116,7.28,13,39.42
21,102,7.1,6,24.34
39,83,9.11,0,15.42
57,122,9.45,13,42.72
55,117,6.77,6,24.13
50,94,8.54,14,43.21
37,90,7.89,1,15.84
59,104,8.85,1,17.56
46,105,5.73,2,14.53
33,118,9.06,6,26.79
42,135,8.01,1,16.45
43,130,8.84,2,20.03
53,112,7.1,12,37.25
47,99,5.04,9,27.24
55,131,9.59,14,44.94
32,113,8.64,11,36.74
29,124,8.45,14,43.25
54,155,7.37,7,28.23
34,83,5.22,12,33.29
57,92,5.69,0,10.48
23,138,7.19,5,22.25
41,146,8.97,13,42.29
27,132,9.45,3,21.92
53,96,7.29,11,35.27
55,150,9.97,2,21.75
31,124,9.9,2,20.83
52,126,6.82,13,38.25
42,157,5.32,14,38.27
39,105,7.46,0,13.34
56,110,9.9,0,16.68
57,110,6.83,4,20.23
31,159,6.76,2,15.98
33,139,6.52,7,25.82
48,80,9.75,2,20.23
35,125,5.94,14,38.42
33,113,7.18,1,14.89
53,133,6.02,6,23.12
28,138,5.56,12,34.31
52,120,7.18,10,32.43
57,130,9.03,13,41.17
24,84,5.04,2,12.53
38,89,7.43,8,27.82
43,117,7.53,4,22.02
49,114,5.38,11,32.89
22,145,9.89,8,32.69
33,98,5.99,12,35.09
36,117,9.53,9,33.21
28,132,6.15,7,25.11
39,129,7.62,11,36.28
52,157,9.0,8,32.47
23,113,9.75,7,30.22
52,83,7.01,10,32.02
41,140,5.35,6,22.58
45,149,5.11,13,37.26
37,88,9.37,12,39.57
45,131,7.39,14,41.84
53,110,5.75,2,13.82
51,147,7.32,0,13.62
56,112,6.11,8,27.07
43,138,8.5,8,32.21
45,114,7.04,4,20.1
50,92,8.64,4,23.2
33,158,8.83,2,20.31
49,140,6.87,8,28.28
36,127,8.32,4,22.88
58,117,8.87,3,22.79
47,144,5.26,6,22.69
46,133,5.97,4,19.75
31,110,9.91,6,29.01
57,128,5.04,7,23.86
23,101,6.56,5,21.77
46,108,8.91,3,22.44
54,144,6.58,9,30.0
53,127,9.1,11,37.72
35,145,5.66,9,28.24
22,104,9.38,13,41.08
48,100,7.36,0,13.05
40,105,5.18,2,14.22
58,80,8.12,0,13.19
36,111,6.39,4,19.23
24,152,8.5,5,24.94
28,125,9.51,14,45.34
40,84,5.42,1,12.43
46,119,6.22,1,13.53
52,96,6.96,6,24.91
33,132,9.8,9,34.88
25,108,7.03,2,15.48
33,155,5.57,6,22.21
31,87,6.49,6,22.21
57,122,5.1,14,38.33
52,94,5.96,1,12.44
38,113,8.05,0,13.68
49,114,5.84,0,10.38
35,112,9.59,13,42.19
40,100,8.57,1,16.73
56,98,8.44,5,24.73
25,80,7.24,2,16.83
57,130,8.9,1,17.53
53,112,5.94,5,21.51
38,105,7.22,7,28.05
39,121,9.97,12,41.31
52,133,6.43,5,22.17
42,124,7.03,9,30.23
21,106,6.1,2,14.61
45,130,5.38,11,33.02
40,107,7.02,0,12.54
55,87,5.73,6,22.76
26,110,7.56,4,20.76
26,84,8.76,13,40.99
57,90,9.24,5,25.17
23,151,5.84,14,38.8
57,105,9.51,8,31.92
51,139,6.8,10,32.85
55,125,7.24,2,16.37
35,91,7.91,12,38.09
37,92,5.75,11,32.12
35,153,9.21,11,37.81
25,87,8.95,12,38.24
42,121,7.36,3,19.04
31,144,6.59,7,25.66
48,88,7.48,11,35.29
34,83,8.27,6,26.49
59,134,8.5,10,35.68
23,150,7.19,14,39.52
31,134,5.13,8,25.91
50,136,8.57,7,29.41
58,136,6.6,1,13.55
25,118,9.39,7,30.16
42,107,7.11,14,41.13
33,105,8.98,11,36.44
41,152,6.84,11,33.87
57,149,6.85,3,19.28
45,101,8.81,11,37.52
41,152,7.7,2,18.08
48,124,6.28,7,26.17
24,94,9.2,9,32.76
49,144,8.15,10,33.85
55,97,8.17,10,34.54
43,90,8.92,7,29.98
27,83,8.15,2,17.14
29,113,6.29,7,24.27
43,127,5.05,13,35.73
23,127,8.94,11,37.63
29,155,9.79,11,38.93
24,119,8.6,1,17.04
45,138,9.13,10,36.22
26,127,9.32,14,43.79
38,120,6.26,1,13.29
27,101,6.78,9,29.32
55,143,8.67,1,17.69
51,155,7.2,11,35.14
58,128,8.18,10,33.83
52,134,6.35,11,34.53
55,94,8.57,10,34.38
48,83,7.97,14,41.59
25,87,9.79,10,36.49
50,139,9.62,7,30.44
42,82,7.81,10,33.56
37,86,6.26,6,23.16
30,158,6.95,8,27.86
27,96,8.69,0,13.48
24,89,7.11,9,29.56
47,159,9.11,3,22.54
27,105,6.19,14,39.16
43,101,8.86,3,20.21
31,94,8.92,1,17.74
28,137,5.92,1,14.03
28,139,5.44,9,28.48
57,155,8.01,11,37.02
25,118,8.87,13,39.93
27,82,9.69,13,42.35
42,139,8.41,6,27.18
56,132,8.42,14,43.28
22,103,7.17,12,36.05
44,134,6.58,9,30.16
22,81,7.11,6,23.85
32,147,8.48,2,19.27
46,102,9.92,9,35.32
58,138,8.43,3,21.12
26,136,7.9,2,17.91
43,151,7.06,12,37.13
22,121,6.94,12,36.06
46,91,7.16,3,18.25
34,152,7.47,1,15.61
38,154,7.16,14,41.32
58,80,9.37,2,20.0
52,133,5.09,5,20.15
34,122,7.81,7,27.43
50,141,9.22,10,36.18
33,94,7.18,7,26.36
51,86,9.35,2,19.35
57,107,7.99,13,39.92
58,85,6.39,10,32.41
42,99,6.08,11,33.46
48,121,5.22,10,30.03
39,117,8.52,4,22.73
36,141,8.25,0,14.0
25,155,8.91,6,26.9
22,82,9.78,10,34.41
30,107,6.64,10,31.03
39,91,6.21,1,13.52
40,159,6.39,14,38.99
49,123,7.78,0,13.6
45,94,7.33,10,32.77
37,134,5.45,14,38.4
33,127,6.1,10,30.71
36,85,7.78,6,24.95
55,143,9.87,12,40.56
56,114,8.82,11,37.18
59,90,9.91,11,38.29
23,102,8.61,4,22.31
29,136,9.94,2,20.88
49,149,6.25,11,33.96
25,116,9.58,12,40.68
23,142,8.34,9,33.01
30,159,7.99,7,28.61
51,108,8.51,1,16.53
31,121,7.85,0,13.18
37,107,6.8,1,13.65
28,95,9.07,0,16.43
22,146,6.86,7,26.27
24,97,7.15,11,34.64
36,127,8.94,5,25.64
41,96,9.87,2,20.42
25,153,6.57,11,34.42
55,104,9.9,8,32.47
34,127,9.44,12,39.7
35,129,5.99,8,26.55
26,98,5.8,3,16.69
36,153,9.09,5,26.48
43,154,5.33,6,22.3
51,120,9.92,10,36.57
32,84,6.03,9,27.6
39,85,5.12,9,26.84
32,82,8.32,14,41.46
33,124,7.85,8,29.57
22,154,9.56,5,26.79
40,140,5.69,5,20.63
51,127,5.93,2,14.55
29,103,8.65,11,35.96
41,127,6.95,1,14.7
28,105,8.14,5,23.98
59,128,5.17,10,30.65
57,134,9.04,2,19.86
49,83,6.32,1,13.1
39,128,7.66,4,22.06
55,153,8.47,5,26.29
58,123,5.83,12,35.62
46,108,5.39,3,16.12
31,105,5.0,10,28.37
56,140,5.29,10,30.66
55,119,9.55,14,44.72
24,98,7.6,10,32.31
23,93,5.32,8,25.16
32,114,9.98,5,27.22
52,98,5.45,6,21.68
46,158,9.59,11,39.02
33,82,6.1,11,31.84
58,129,8.51,6,26.97
49,91,6.17,10,31.33
39,133,9.96,2,21.67
55,144,5.9,0,10.45
47,89,6.75,8,27.42
51,106,5.68,5,20.03
23,155,7.47,4,20.74
55,147,7.15,5,22.84
44,100,9.07,14,43.4
27,99,9.27,14,43.15
55,96,9.29,9,33.94
41,125,5.18,10,29.46
21,113,5.9,5,21.29
26,157,8.2,0,14.94
59,89,8.01,1,16.08
54,99,9.03,11,37.23
38,143,8.87,8,31.19
45,141,6.08,10,31.3
35,158,6.72,12,36.58
52,118,7.83,4,21.66
38,141,9.31,5,26.14
51,158,7.63,14,42.31
49,91,8.45,1,17.18
35,103,6.93,13,38.15
43,132,5.49,2,14.99
58,112,7.21,12,36.97
31,148,5.8,10,30.06
35,152,6.79,7,26.13
43,157,6.52,2,16.06
23,125,6.23,11,33.5
39,86,8.43,4,22.08
21,122,6.0,10,30.41
44,86,8.39,9,32.11
31,140,5.19,5,20.6
50,111,8.37,0,14.86
31,138,5.21,1,11.88
59,158,5.89,11,33.19
21,109,7.52,5,22.7
32,83,9.94,13,41.32
24,113,8.19,13,40.26
45,88,5.02,4,16.88
28,139,8.88,12,38.23
35,155,6.7,0,12.05
50,103,9.96,4,25.85
52,134,8.03,1,16.7
55,108,9.63,5,26.72
41,133,5.24,11,31.9
51,130,6.85,6,23.78
56,101,6.44,4,19.93
47,99,6.87,8,27.89
28,116,6.52,8,27.59
43,130,6.39,2,16.83
43,152,7.41,0,13.28
53,129,8.9,13,40.71
33,159,8.23,11,36.5
59,145,6.85,5,22.53
55,141,7.95,1,15.99
36,123,9.53,10,36.66
32,102,6.34,4,19.33
51,90,7.5,13,39.55
25,133,9.56,12,39.27
45,134,8.66,9,33.21
41,140,5.87,14,39.56
23,131,8.97,2,18.85
30,101,9.01,11,36.38
43,82,8.73,3,19.75
37,155,7.98,11,35.4
55,144,5.59,1,13.04
45,137,7.35,7,26.84
22,122,5.43,9,28.0
47,140,7.59,13,39.75
29,132,7.03,13,38.33
24,112,5.03,11,31.26
46,104,8.89,12,39.3
52,129,8.25,9,33.58
49,126,6.2,5,22.19
42,137,8.21,12,38.01
33,145,7.72,10,34.07
43,158,7.54,3,19.67
51,92,6.88,14,40.76
56,121,5.22,3,16.02
51,94,9.93,6,28.75
35,85,7.55,9,30.35
34,121,5.27,7,23.82
55,114,5.25,5,20.27
44,85,8.85,9,32.62
50,157,6.72,1,14.06
50,97,7.14,13,38.72
47,122,8.08,3,20.51
34,99,5.01,10,29.74
31,158,7.58,12,37.21
46,132,8.46,12,39.07
41,127,6.96,13,39.26
29,106,5.81,9,28.73
21,155,9.26,3,22.19
26,80,6.99,14,40.62
21,93,9.98,3,22.16
42,111,7.68,5,23.45
33,146,5.63,10,29.76
58,89,5.4,11,32.16
51,105,6.04,0,10.4
35,153,9.47,11,38.42
22,144,7.46,8,28.62
51,129,9.14,0,15.88
46,128,8.35,4,22.36
22,111,9.29,9,33.65
31,144,7.59,6,25.89
53,105,9.1,0,15.21
38,148,9.72,3,22.55
41,105,5.72,13,37.26
51,144,9.98,10,37.22
46,91,8.7,13,41.32
50,115,7.87,6,25.75
59,103,9.96,14,44.5
41,121,5.83,11,31.99
36,134,8.24,5,24.35
27,134,5.94,5,21.37
42,87,7.54,12,36.81
27,155,5.2,4,17.52
22,140,6.72,6,23.29
57,106,9.37,2,20.88
34,155,8.79,4,22.5
28,142,6.98,14,40.73
49,111,5.86,7,25.0
27,139,5.31,0,10.06
58,114,9.77,9,35.23
42,95,7.16,0,11.96
37,115,8.6,13,40.67
36,135,9.54,10,36.02
53,109,8.68,1,17.46
59,111,7.34,14,41.34
55,158,6.85,9,30.61
58,100,9.37,3,22.84
52,135,6.59,6,24.3
23,119,6.64,10,32.25
23,133,8.78,12,38.93
28,109,7.93,10,33.89
51,99,7.14,13,38.34
29,153,7.25,10,32.03
25,80,7.92,13,39.3
48,153,7.19,11,35.16
35,97,6.58,7,25.21
47,136,9.53,10,36.72
51,138,7.53,6,26.38
38,92,5.99,0,10.49
58,111,5.82,14,38.32
24,149,6.44,8,27.78
41,112,9.93,10,36.18
43,144,9.62,3,22.73
42,82,5.46,10,29.55
21,84,5.42,5,19.51
45,91,6.91,14,40.43
48,112,7.57,2,17.61
57,106,6.52,8,27.9
31,92,8.28,3,19.28
42,154,7.14,1,15.14
45,154,7.69,13,40.04
41,115,6.4,13,37.3
56,137,5.35,14,38.53
40,143,8.46,14,42.8
36,129,8.63,1,16.4
48,130,7.37,5,23.55
49,83,9.31,13,41.1
46,123,6.53,11,33.98
22,97,8.62,3,20.42
30,97,7.9,1,15.23
33,85,7.15,10,32.28
35,138,6.06,8,27.33
29,142,8.3,8,31.03
47,122,5.8,1,13.23
28,148,8.63,12,38.51
26,154,6.07,6,23.6
56,148,5.09,5,20.92
44,88,6.52,14,39.49
23,102,9.32,12,40.6
46,90,5.14,2,13.3
56,140,5.31,9,28.47
41,158,7.67,9,31.98
33,96,5.02,4,17.45
31,129,8.19,13,40.66
28,132,8.12,10,35.03
34,93,6.11,4,19.3
53,118,7.18,4,20.84
22,134,8.83,12,39.16
21,88,6.01,8,26.49
31,142,8.02,9,32.72
26,106,7.2,10,33.1
52,114,6.97,2,16.43
35,159,6.65,1,14.23
32,139,7.72,8,28.95
57,109,6.26,1,13.94
49,118,8.18,10,34.09
42,131,5.57,2,14.05
34,137,9.29,13,41.45
39,144,8.82,8,31.18
25,155,7.08,7,26.68
55,108,5.89,6,23.05
45,137,6.98,1,14.47
58,121,8.37,6,26.87
29,107,6.83,0,11.69
27,89,5.41,4,18.06
38,90,5.55,1,12.64
22,153,8.48,11,37.0
30,139,9.28,0,16.62
22,109,9.15,6,27.7
28,128,8.72,11,36.6
27,150,8.8,13,41.21
55,148,9.9,6,29.66
43,139,5.78,0,11.93
28,107,7.73,10,33.34
41,99,6.31,11,33.42
53,138,6.15,10,31.27
21,91,7.05,6,23.06
32,84,6.68,2,15.06
31,109,8.27,2,17.71
50,112,7.07,2,17.01
24,89,6.43,1,13.13
54,118,5.42,1,12.19
43,155,6.45,12,36.34
52,145,7.42,2,17.58
23,139,8.04,14,42.27
48,120,8.2,12,37.92
24,148,6.05,4,18.73
32,116,7.04,11,34.04
44,157,7.02,0,13.96
53,87,5.07,6,20.7
23,136,9.42,2,19.98
24,146,8.37,1,16.11
50,107,8.31,3,20.71
26,93,7.89,13,39.4
50,90,7.3,6,25.29
28,108,6.12,13,36.19
38,133,6.96,13,38.45
36,155,5.88,6,22.22
26,88,9.08,5,25.25
44,115,6.05,9,29.13
48,98,6.39,12,36.16
52,86,5.06,0,9.32
45,96,6.87,12,36.53
48,127,8.55,14,43.38
41,130,5.89,4,18.83
28,155,7.56,0,12.98
56,150,9.69,10,36.84
29,157,7.19,4,20.65
41,137,8.97,10,34.35
21,154,8.99,14,43.38
24,154,8.26,3,20.77
30,86,6.83,2,15.62
46,141,8.8,11,37.42
23,146,9.7,13,41.75
29,94,6.36,14,38.82
52,146,7.51,0,14.38
23,132,8.0,14,41.28
24,120,7.97,4,20.85
26,96,7.08,4,20.68
29,136,7.72,6,25.37
46,123,5.28,4,18.08
22,150,5.32,11,32.93
22,154,9.66,7,30.68
41,143,7.76,14,42.2
42,99,5.98,0,10.14
23,80,6.32,13,37.36
55,110,8.52,14,42.39
58,96,8.46,12,37.69
53,120,8.29,14,42.93
35,155,6.25,0,11.69
31,107,9.17,7,29.7
30,128,5.32,4,17.43
56,134,7.11,6,24.77
34,87,8.82,5,24.35
22,111,6.19,9,29.64
57,130,6.2,0,11.25
49,148,5.01,11,31.6
55,117,7.47,5,23.44
40,156,9.59,5,26.16
41,98,7.56,12,36.93
54,85,9.67,0,15.39
53,124,6.08,13,37.18
39,149,6.97,9,29.33
28,95,9.96,13,42.34
51,133,9.0,4,23.21
31,111,7.88,5,22.93
28,108,5.44,8,25.52
45,131,5.65,1,12.28
40,148,7.2,10,33.67
58,108,9.07,11,37.35
27,82,8.71,3,20.57
33,130,9.27,4,22.99
59,147,7.03,4,21.01
30,123,7.89,0,13.44
28,104,6.54,12,35.58
40,101,7.69,12,37.38
37,121,8.08,4,21.86
31,154,7.58,9,31.47
36,87,5.99,6,23.13
57,123,6.7,8,28.0
52,132,8.15,11,36.5
46,146,7.87,5,24.14
57,106,7.24,12,37.75
29,90,5.31,3,15.81
55,106,7.27,6,24.74
23,86,7.83,2,16.5
51,154,6.09,11,33.61
27,136,5.07,11,30.87
22,118,7.56,2,17.31
45,130,6.9,6,25.32
32,159,8.45,1,16.92
50,100,5.63,2,14.55
50,136,7.71,4,22.38
49,130,9.5,7,30.47
31,96,9.63,13,42.46
43,110,9.4,14,43.57
37,93,9.01,5,25.99
33,81,9.69,7,30.47
53,105,9.84,10,37.38
21,101,6.42,13,37.63
33,107,7.44,4,20.97
58,85,8.55,6,26.95
23,98,7.54,8,27.9
36,135,9.54,6,28.57
27,100,9.87,12,40.44
23,121,7.48,11,34.88
34,99,6.65,13,38.2
36,158,7.04,10,32.22
24,123,8.39,1,16.31
51,110,8.63,0,14.86
33,88,6.89,7,26.23
47,129,9.23,0,16.5
21,111,5.63,0,10.71
45,153,5.12,0,10.32
57,119,9.9,3,23.07
31,131,9.6,13,42.81
29,148,6.53,2,15.84
27,156,9.78,1,18.42
34,106,6.56,9,29.3
50,81,7.36,14,40.63
44,80,7.64,9,32.4
23,87,8.19,2,18.42
59,89,7.63,5,23.03
47,148,9.56,2,21.38
21,145,7.8,14,41.84
58,120,5.15,13,35.57
46,127,5.88,1,12.48
26,127,9.79,12,40.73
32,112,5.22,4,16.63
58,148,8.78,4,24.88
55,130,9.88,0,17.23
30,143,5.15,1,12.59
29,102,9.3,13,40.97
43,131,8.52,8,31.39
50,154,5.16,9,28.85
42,122,7.99,3,20.23
29,153,9.58,11,39.34
39,89,7.23,4,20.49
28,152,8.72,13,41.49
24,156,6.63,11,33.77
25,80,6.97,8,28.05
39,95,8.44,7,28.65
38,98,5.15,4,18.07
49,155,8.66,11,37.66
39,84,6.31,1,13.51
26,134,9.24,13,41.19
25,141,7.8,5,24.02
25,84,6.44,3,17.3
28,86,8.41,13,40.06
47,157,9.57,13,41.76
57,112,7.59,12,38.37
58,85,9.31,3,21.82
57,85,9.68,11,37.89
38,130,6.88,7,26.2
46,91,9.15,7,29.21
36,154,8.89,9,33.53
42,83,7.78,9,30.95
43,156,5.28,13,36.77
23,80,9.02,3,20.6
23,131,5.26,8,25.76
32,132,9.84,3,22.13
43,93,7.28,0,13.87
31,100,5.13,13,35.14
49,110,6.15,5,21.39
26,120,6.15,14,38.65
36,136,9.32,7,30.46
54,86,5.37,7,24.68
57,140,5.86,14,39.67
31,94,6.84,7,26.5
31,88,5.89,13,36.62
45,139,5.96,3,17.6
39,135,6.07,12,35.37
52,94,5.71,3,16.72
28,86,8.09,14,42.05
32,103,5.35,14,38.16
55,136,6.78,5,22.06
26,143,8.36,6,27.06
41,104,6.55,8,28.07
46,151,6.72,1,14.19
21,113,8.84,6,26.6
37,133,8.93,0,16.12
55,113,8.7,3,21.96
47,107,6.66,5,21.79
22,80,7.65,1,15.24
56,116,9.37,7,30.34
21,109,7.13,3,18.52
30,104,6.36,10,31.73
51,139,5.14,11,32.35
57,81,7.85,10,34.37
25,107,6.08,13,37.35
33,127,8.65,8,31.2
44,107,5.42,8,25.9
47,103,7.07,3,19.37
21,151,6.67,9,29.0
40,97,6.4,14,39.26
28,99,9.94,8,32.49
23,147,5.49,2,13.72
52,87,5.01,7,23.55
45,135,5.07,1,12.18
45,140,5.52,6,22.78
34,118,9.24,3,21.47
47,97,5.82,7,24.68
52,138,7.87,2,17.5
47,97,8.18,11,36.18
24,121,8.83,14,43.6
59,132,5.65,1,13.3
31,112,5.64,12,34.36
23,100,6.55,9,29.59
45,150,5.52,13,36.75
44,139,6.39,9,30.17
29,93,7.97,8,29.62
28,112,7.14,0,12.69
59,83,6.48,9,29.13
51,122,6.68,7,26.01
37,81,6.17,3,16.66
51,119,7.24,10,32.62
24,129,7.3,5,23.13
24,142,9.48,2,20.2
57,128,8.34,13,40.38
28,143,8.15,10,34.29
26,129,6.31,5,20.78
29,89,6.71,6,23.35
28,102,9.36,8,31.71
52,116,7.83,6,26.48
35,151,5.9,11,33.8
38,89,8.63,10,34.87
43,104,5.32,8,25.43
25,112,9.47,0,15.6
47,96,7.73,5,24.43
53,103,9.9,12,39.96
22,128,6.38,0,10.5
58,109,5.55,4,19.01
48,144,7.45,5,23.36
44,107,7.74,12,38.19
41,92,8.77,7,28.48
51,136,8.0,13,40.32
31,139,7.01,3,18.93
48,89,5.93,14,38.44
24,144,9.44,0,15.59
36,86,6.56,10,30.64
32,139,6.07,2,14.78
42,142,6.32,11,34.29
55,105,7.73,8,29.87
36,150,5.07,10,30.48
44,117,8.88,11,37.57
55,133,8.96,5,26.01
48,124,9.38,0,15.78
49,137,9.09,12,39.44
41,120,5.44,14,38.46
45,124,7.65,7,26.94
59,113,5.84,4,19.56
51,155,5.52,11,32.98
35,155,5.02,9,28.35
55,137,5.15,4,18.06
58,158,6.76,5,22.37
42,89,5.09,5,19.91
25,96,7.14,1,14.19
33,153,5.66,0,10.61
52,140,9.12,1,18.87
23,90,6.91,0,13.34
35,96,8.2,10,32.96
47,154,7.36,8,29.3
47,94,7.29,0,12.61
50,83,7.37,8,28.22
26,132,6.4,12,35.7
45,126,5.62,14,38.2
48,125,9.42,3,22.13
42,108,8.77,14,42.67
24,110,6.25,2,14.81
35,152,5.08,11,30.87
46,127,7.64,8,28.82
38,135,5.45,5,19.19
29,144,8.56,6,26.92
24,82,6.53,12,35.87
25,83,7.94,1,15.52
26,98,7.2,2,16.45
32,120,5.45,12,33.91
51,101,9.89,14,44.99
29,151,5.01,11,31.75
27,104,9.66,4,23.82
49,83,8.49,2,17.92
34,132,7.74,2,18.33
40,130,9.14,8,31.11
52,157,5.14,11,31.7
42,84,5.69,0,10.22
56,129,8.0,0,14.65
38,129,7.66,12,37.75
45,138,7.75,5,24.37
51,100,9.27,1,18.0
55,158,8.33,6,27.72
46,102,6.77,0,11.55
24,82,8.04,4,22.14
40,129,8.48,12,38.13
54,133,5.97,14,38.7
32,95,5.13,7,23.21
36,85,7.52,12,37.11
25,120,8.38,8,30.71
55,133,9.34,2,19.6
47,89,7.91,1,15.77
21,108,7.94,11,35.07
54,138,7.53,14,41.49
52,125,9.62,6,29.78
59,157,9.3,2,21.01
53,91,7.54,2,17.0
51,108,8.38,1,16.77
33,157,8.26,10,33.62
22,151,6.24,6,22.79
50,128,6.19,8,27.37
30,119,10.0,11,38.75
43,122,9.11,12,39.68
53,86,8.73,13,41.24
59,91,9.62,1,18.44
49,159,8.65,1,17.66
50,92,9.02,12,39.28
54,140,6.44,1,13.98
59,126,7.54,3,19.98
37,98,7.14,0,12.15
42,82,6.63,13,38.03
25,151,8.71,5,25.13
31,119,7.29,14,40.77
42,91,9.58,8,33.24
52,110,7.0,14,40.09
44,114,7.19,0,13.54
31,145,9.45,2,20.11
31,106,5.15,3,15.37
37,82,7.59,2,17.07
52,127,6.25,0,11.7
39,100,7.15,9,30.29
47,131,8.34,9,32.52
52,86,8.1,11,36.7
45,130,6.7,1,14.05
48,124,6.59,10,32.12
47,125,6.83,14,39.3
34,112,8.7,3,21.06
59,115,7.23,14,41.42
22,96,5.73,1,11.45
37,85,9.59,1,18.82
21,100,6.71,11,33.51
52,117,7.28,8,29.53
39,113,7.54,14,40.69
34,128,8.58,1,17.16
51,140,6.43,1,13.76
38,137,8.85,0,15.16
34,155,5.01,4,17.4
34,91,8.71,1,16.8
44,97,5.84,0,11.13
25,141,5.93,1,13.23
36,85,7.71,2,16.95
25,156,6.54,0,11.31
33,127,5.69,10,29.9
36,90,5.91,6,22.63
35,112,9.54,3,21.64
51,100,8.54,3,20.72
25,103,5.77,2,14.65
41,134,9.03,11,37.22
50,128,9.78,3,23.75
43,88,5.51,9,28.34
58,117,8.55,2,18.97
49,84,6.35,5,21.52
33,120,7.68,12,37.72
52,113,6.15,11,33.92
47,153,5.71,2,14.2
54,142,7.76,11,36.27
53,96,9.16,10,35.42
24,132,9.83,7,31.23
38,115,9.05,2,19.36
26,115,6.3,13,37.52
48,92,8.19,1,17.1
47,99,5.68,8,25.7
46,130,7.06,14,40.92
40,95,5.74,1,13.06
33,85,8.86,0,15.13
48,154,5.75,6,23.88
54,89,8.71,7,28.98
43,110,5.51,6,22.66
30,97,7.72,10,34.1
50,120,6.03,1,13.42
42,126,5.75,1,13.82
25,103,7.19,13,38.24
29,159,9.82,3,22.92
24,119,5.44,1,11.71
21,124,7.22,2,16.91
54,153,5.46,7,24.54
46,80,6.22,1,13.43
38,106,6.36,11,32.9
36,101,7.53,14,41.43
43,107,8.91,11,37.53
56,127,6.67,10,32.87
46,114,8.9,3,20.38
22,82,5.08,10,28.56
25,117,5.28,6,22.28
49,123,5.85,12,34.3
24,84,7.24,9,30.29
55,153,6.84,1,15.08
42,86,8.62,2,18.54
28,121,9.96,4,24.78
41,136,8.99,4,23.12
28,108,9.09,6,27.34
25,142,9.94,2,20.68
41,115,7.31,3,19.32
47,119,9.83,7,31.41
58,100,7.92,1,15.83
25,132,8.38,12,38.65
41,95,5.15,12,33.54
28,125,7.34,1,14.26
42,88,9.87,13,42.35
38,82,9.66,6,27.66
24,102,6.93,1,14.1
24,92,7.86,2,16.71
57,117,9.24,0,16.21
35,113,6.57,2,16.03
58,105,6.09,2,14.87
47,111,5.74,2,15.31
41,99,5.63,0,11.07
24,125,9.46,8,31.37
31,134,7.9,6,25.6
39,88,7.68,4,20.86
39,130,5.86,1,12.93
47,136,6.99,11,34.44
48,159,9.95,11,39.95
25,124,7.41,8,28.57
45,117,5.27,12,34.42
23,147,6.99,9,30.15
46,91,5.27,7,24.35
30,89,8.26,1,16.28
44,159,7.1,9,30.85
49,144,5.76,7,25.37
27,91,9.24,13,40.82
43,131,7.95,1,16.51
47,130,7.43,7,27.23
29,143,8.96,14,43.41
23,136,7.87,2,17.3
33,98,5.33,10,30.13
26,109,6.29,1,13.58
58,103,7.87,4,21.57
41,105,5.53,9,27.43
39,115,6.25,13,36.97
45,135,8.03,8,30.38
59,159,9.63,12,40.63
24,137,8.66,2,18.25
42,111,7.54,1,14.72
25,81,6.06,10,29.77
21,152,5.96,6,23.13
37,128,8.88,5,25.29
29,125,9.63,1,18.87
29,134,5.6,11,31.74
44,91,8.38,13,40.04
30,156,8.64,12,39.66
40,142,7.55,3,19.55
37,114,6.66,13,38.18
33,153,8.54,0,14.74
49,101,7.29,14,40.92
56,89,7.29,5,21.83
43,129,5.51,0,11.09
47,114,8.15,8,30.68
38,95,5.46,10,28.91
38,115,6.4,6,23.42
29,140,5.9,11,33.14
23,154,9.73,0,16.82
27,96,5.4,7,23.73
35,80,7.31,13,38.79
50,91,8.06,3,19.91
29,82,7.33,10,32.17
47,152,8.31,9,33.13
56,98,5.16,0,9.56
38,154,9.64,1,19.03
51,101,6.77,2,16.24
37,80,7.16,10,32.51
26,132,7.69,9,31.8
59,123,8.22,12,39.48
45,89,5.63,14,38.27
58,154,6.84,9,30.74
58,87,7.98,6,25.83
51,96,7.64,9,31.84
49,149,5.26,14,38.29
29,86,8.75,11,36.94
21,142,6.93,3,18.27
36,116,5.1,4,18.19
58,147,8.98,3,22.25
43,143,5.03,13,35.49
28,86,6.01,9,29.08
32,95,8.62,4,22.2
30,93,7.97,5,23.09
36,115,7.79,3,19.81
44,152,7.53,7,27.27
59,90,9.79,0,16.89
28,80,5.3,9,27.35
31,88,7.31,12,36.62
46,104,9.84,0,17.8
27,94,6.31,11,33.23
35,137,5.16,9,27.71
35,103,7.38,4,22.24
23,151,8.85,1,17.7
36,150,6.01,0,11.09
35,125,6.24,12,36.11
45,97,5.81,13,35.65
53,146,6.8,13,38.68
34,142,9.42,13,42.04
44,103,6.02,4,18.99
31,110,6.31,8,27.3
23,117,9.42,13,41.6
29,122,9.64,7,30.72
26,87,5.27,5,19.88
51,151,7.7,5,23.45
36,84,6.48,12,34.61
31,159,5.84,7,25.8
37,106,7.59,1,14.99
23,142,8.89,13,40.4
39,144,5.86,4,18.93
44,142,6.61,12,36.41
28,84,7.84,11,35.47
56,146,9.46,4,25.04
22,131,9.45,0,15.9
43,83,8.3,6,25.45
50,156,8.68,5,25.58
45,130,5.55,9,28.85
27,122,8.39,8,30.91
48,134,6.68,6,24.51
37,120,8.57,4,23.44
52,110,5.64,2,14.06
21,114,7.92,2,17.47
47,159,6.8,10,32.6
56,136,7.14,7,28.11
27,103,5.54,1,12.32
23,132,8.45,10,36.06
50,109,8.73,4,23.32
21,156,5.67,6,22.89
54,86,7.52,3,19.38
58,88,8.94,9,32.88
56,100,6.12,0,11.15
53,109,5.46,14,38.41
36,101,9.56,9,33.42
58,126,8.82,7,29.65
31,141,6.52,0,11.16
28,110,8.67,8,32.24
21,83,5.14,8,25.54
34,89,9.04,10,35.4
50,109,6.94,4,20.98
41,86,6.32,13,37.87
41,94,6.05,12,35.57
54,98,7.06,1,14.79
58,153,8.26,2,19.0
46,118,8.97,1,17.75
34,82,5.1,10,29.21
55,131,9.7,5,26.32
38,92,9.19,4,22.56
40,123,9.8,12,41.24
29,96,6.29,12,35.45
53,154,5.8,12,35.27
24,96,9.37,4,22.99
24,131,5.09,14,37.14
36,128,7.08,0,12.93
46,150,7.15,7,27.0
26,98,6.13,10,30.09
57,113,6.16,11,33.67
42,109,8.34,10,34.13
59,108,6.6,6,24.57
27,127,5.52,13,36.24
50,87,6.69,14,40.43
30,147,7.5,14,41.02
35,131,5.21,6,22.5
26,154,9.95,5,26.43
44,137,8.54,7,28.92
22,140,5.57,13,35.69
35,119,5.22,0,9.08
41,96,9.96,9,34.27
38,94,8.13,13,39.39
25,90,8.0,6,26.46
45,149,6.11,14,39.4
56,127,9.37,14,44.57
30,92,5.35,9,27.34
43,105,8.83,10,35.24
44,87,5.67,6,22.36
30,105,9.01,5,24.68
26,93,6.07,10,30.56
33,120,9.87,11,37.91
41,85,6.02,8,26.47
52,95,8.0,11,36.17
35,113,9.34,11,38.3
22,119,7.17,10,32.0
35,91,7.36,14,41.32
37,80,9.73,4,24.69
40,108,5.36,13,35.6
26,128,7.56,11,34.65
35,95,7.0,14,39.84
37,88,7.48,4,20.02
46,138,6.47,13,37.4
42,118,5.36,8,25.43
29,117,6.25,9,29.29
32,85,5.11,13,35.45
42,153,5.62,12,35.84
43,138,6.22,14,40.05
57,82,6.48,4,19.68
34,98,6.88,11,33.77
44,106,9.5,5,26.86
28,104,7.83,2,16.74
46,145,9.47,14,44.59
52,102,5.32,5,19.42
48,142,6.66,3,18.66
52,137,6.93,14,41.47
42,129,5.3,7,23.3
29,87,9.61,0,16.82
23,130,6.44,10,30.94
45,121,8.91,2,19.11
59,142,7.34,2,17.69
32,110,7.25,2,16.06
49,138,9.24,12,41.24
23,130,6.67,8,26.97
43,136,5.2,12,33.62
43,84,7.58,6,24.65
38,154,6.19,9,30.05
31,131,6.72,4,19.64
56,144,6.79,6,25.16
46,91,9.45,9,34.09
28,102,9.34,0,15.56
48,131,9.67,14,44.07
38,142,7.88,11,35.69
33,155,7.97,14,41.81
56,82,7.46,10,32.49
32,103,8.67,0,14.38
42,158,9.61,2,21.28
22,121,5.13,13,35.28
48,100,6.37,14,39.81
33,104,5.26,10,29.37
53,91,6.7,3,17.82
23,127,9.24,0,16.03
54,153,7.41,12,37.68
43,149,9.45,12,39.68
52,136,9.3,12,40.29
40,108,5.71,14,38.18
48,108,6.42,8,27.75
28,125,7.78,5,24.02
23,88,6.83,7,25.93
50,111,8.1,7,27.9
45,92,7.98,12,37.45
50,132,5.16,0,10.01
49,154,6.99,5,23.46
50,133,7.25,4,20.33
54,108,9.45,14,44.15
45,130,8.56,9,33.09
37,155,6.16,7,26.12
44,128,7.93,5,24.48
58,120,7.08,4,21.43
48,91,9.5,14,43.0
53,114,5.18,2,14.56
56,83,9.98,7,31.31
27,124,5.67,5,20.61
43,128,8.16,13,40.57
46,153,6.49,10,32.4
34,97,7.55,11,35.17
48,125,6.52,11,34.19
44,137,7.18,4,20.88
27,94,6.16,6,23.25
56,137,5.41,9,28.63
59,102,8.11,14,42.13
35,102,9.38,3,21.83
23,105,7.81,0,12.98
22,113,7.32,10,32.71
27,120,5.14,2,13.67
36,156,7.46,0,13.11
41,136,8.68,4,23.46
29,104,5.79,0,9.23
32,133,8.82,11,37.64
49,123,7.42,14,41.63
44,92,8.81,5,24.82
53,133,5.74,12,34.46
34,106,6.01,10,30.66
38,87,7.23,7,26.19
25,122,7.38,3,19.02
35,149,9.97,1,20.23
27,156,9.93,9,35.22
45,134,7.28,5,23.19
34,143,6.2,14,39.96
56,84,8.46,10,34.71
55,138,5.97,7,25.26
44,106,6.38,2,14.91
35,98,7.69,0,12.64
31,144,9.73,11,38.5
44,147,5.14,14,37.5
31,145,8.37,6,26.93
37,105,9.33,0,15.83
26,112,8.67,1,16.31
41,117,7.41,6,25.75
28,86,9.29,13,41.53
35,84,8.91,8,31.27
52,88,8.67,10,35.2
30,92,5.53,2,13.55
48,119,8.52,5,24.86
35,127,5.78,3,17.54
32,125,9.49,6,27.33
38,143,8.24,11,36.95
57,143,9.39,0,16.24
44,108,5.86,8,26.85
57,97,7.89,4,22.27
49,109,5.07,4,17.63
30,153,5.46,6,22.55
34,98,6.74,14,38.59
36,127,6.41,9,29.63
57,88,9.0,6,27.85
31,80,7.72,7,26.4
46,157,9.52,11,38.56
39,118,9.76,10,36.91
38,134,9.36,13,42.19
50,131,6.42,2,16.52
52,150,8.06,14,42.25
43,143,8.81,11,37.63
32,103,7.66,1,15.01
33,106,6.67,14,40.21
41,145,5.91,7,24.92
41,145,9.82,13,42.91
49,141,6.03,3,17.7
49,95,9.06,9,32.88
47,91,5.67,0,10.94
49,119,9.94,1,18.17
35,89,6.69,1,13.1
32,143,8.89,5,25.28
39,134,5.76,6,21.75
32,158,8.58,8,30.53
43,83,8.45,2,18.78
25,102,6.9,10,31.49
46,128,5.2,12,33.51
30,83,7.06,13,38.03
42,80,7.8,12,37.57
59,144,5.28,10,30.24
43,118,6.35,4,19.78
31,82,9.9,8,32.77
48,136,9.6,6,28.34
51,138,9.09,5,26.58
28,158,5.75,7,25.23
59,97,7.03,5,23.37
48,100,6.04,6,22.88
36,135,6.08,12,35.56
51,131,9.4,14,45.18
36,87,7.06,0,12.03
25,104,9.24,4,24.22
55,111,6.83,7,26.52
45,149,5.27,7,24.24
33,119,5.67,14,37.71
49,108,5.22,5,20.23
47,148,6.39,4,20.93
37,114,7.59,14,40.57
57,155,6.1,7,26.09
58,112,7.89,2,18.55
49,125,6.47,8,27.62
54,151,7.43,10,33.68
50,110,6.57,9,30.2
51,154,7.99,13,39.76
42,147,8.18,5,24.59
45,119,9.3,11,37.41
24,148,9.13,11,38.17
55,121,7.75,10,34.28
29,123,6.99,3,18.02
46,96,6.06,14,39.05
47,99,8.09,9,30.69
47,155,7.73,3,20.38
38,132,5.19,8,26.16
50,123,5.19,8,25.79
51,96,5.75,4,19.48
23,106,8.59,12,38.61
49,102,9.3,13,42.09
27,137,5.13,13,36.28
38,148,9.09,1,18.4
36,135,7.33,4,20.9
52,124,7.01,9,31.04
58,108,7.72,13,40.47
45,93,9.68,1,18.84
52,87,7.84,8,29.86
39,125,5.52,1,12.18
23,106,7.36,0,12.7
55,149,9.89,4,25.16
49,86,5.82,11,32.54
31,105,7.31,1,14.44
26,121,8.49,5,24.27
39,109,6.82,10,32.02
57,85,8.85,3,21.93
47,146,6.06,10,31.17
25,133,5.47,9,28.45
46,114,6.65,4,19.98
55,114,9.34,9,35.15
39,84,8.57,7,29.31
37,85,9.92,10,36.34
55,102,6.65,6,23.45
33,138,7.51,6,24.89
34,130,7.12,3,19.7
50,141,7.44,8,29.7
37,111,5.71,8,27.48
57,80,5.99,11,33.83
35,128,7.5,1,16.05
38,107,9.84,4,24.36
34,150,9.72,12,41.38
34,116,5.47,3,16.39
53,108,7.91,11,36.72
58,98,8.1,6,25.88
31,98,8.18,2,17.91
31,130,8.21,1,16.71
46,94,5.31,10,30.68
23,103,7.54,9,29.98
45,140,5.01,8,26.93
37,132,9.59,13,42.35
42,151,5.08,2,13.26
49,138,8.89,10,35.02
46,86,6.2,14,37.27
54,155,7.93,13,39.98
46,147,7.26,4,21.08
29,113,7.72,1,15.94
31,86,8.01,11,36.08
27,133,9.92,2,21.07
50,146,8.91,3,22.27
22,91,9.01,14,43.41
50,137,9.48,6,29.21
24,131,9.55,12,40.58
34,135,9.27,0,15.44
33,82,8.75,7,28.7
45,92,5.0,8,25.89
33,142,8.01,13,39.02
33,84,5.33,2,13.67
57,104,5.06,6,21.64
26,151,5.1,5,19.17
46,131,9.67,2,20.83
34,159,6.43,12,35.88
28,84,7.85,2,16.75
44,138,5.95,2,15.29
42,104,8.79,8,30.77
59,159,9.04,9,34.57
41,93,6.77,8,28.48
46,156,5.06,14,38.14
30,131,8.18,9,32.86
33,104,9.37,12,40.2
34,151,5.64,9,28.62
29,135,8.51,13,41.03
27,116,6.33,9,28.61
59,149,7.18,14,41.73
51,85,6.67,14,40.19
36,104,9.53,5,26.8
28,99,6.5,1,13.72
35,102,9.8,3,22.27
45,136,5.58,9,28.44
58,132,9.62,6,29.01
35,138,8.3,13,39.88
45,140,6.33,5,22.19
27,134,5.13,5,19.6
46,159,5.75,7,24.8
28,99,9.65,14,44.3
38,82,7.49,9,30.56
41,144,7.89,5,23.75
36,116,9.15,6,26.86
23,114,8.12,6,25.29
21,95,6.0,6,22.79
33,83,7.87,0,13.6
52,82,8.28,9,32.05
32,96,6.19,10,31.2
51,123,9.66,7,30.79
22,142,5.88,6,23.14
28,121,8.56,13,40.7
45,96,9.53,0,15.8
25,103,6.65,9,29.56
22,116,9.26,12,39.01
58,81,7.95,11,36.97
59,93,6.52,13,38.15
23,89,8.66,4,22.35
58,94,7.07,11,34.65
42,116,6.01,6,21.76
53,137,9.58,6,28.61
52,125,7.52,1,15.27
37,132,8.97,7,29.32
38,135,9.73,0,16.58
23,92,8.67,2,18.49
26,114,7.35,2,16.64
33,115,9.29,14,43.93
51,153,7.94,11,37.58
37,113,5.5,14,37.98
41,103,8.06,7,27.75
36,132,5.03,14,36.61
37,106,9.88,12,40.01
52,152,7.6,12,38.04
21,152,5.46,2,13.89
58,153,6.5,0,12.31
28,91,8.29,8,29.58
21,94,6.44,1,11.8
22,82,7.1,0,12.44
57,107,6.49,7,26.05
44,88,8.14,11,36.03
47,118,6.42,5,21.63
40,109,9.07,5,25.25
41,136,8.62,10,35.49
57,102,6.63,13,37.31
55,109,8.12,13,39.78
58,143,7.43,8,29.99
35,95,5.27,2,14.24
50,115,7.07,12,36.89
24,109,5.66,2,14.02
59,125,5.59,13,37.25
35,159,5.8,12,34.02
43,99,7.14,14,40.13
35,157,9.59,9,34.8
46,135,8.86,2,19.06
32,116,9.27,7,29.98
38,141,8.68,10,34.94
26,144,9.85,6,29.09
38,108,8.7,5,24.53
44,122,8.95,7,29.69
58,153,9.07,12,39.69
48,115,8.44,6,26.84
35,96,6.02,0,11.66
39,133,9.86,8,32.49
25,96,7.4,12,36.45
24,111,9.15,9,32.83
37,95,8.99,5,25.06
30,130,7.14,12,35.84
32,138,9.2,2,19.1
25,102,6.24,14,38.9
27,95,6.77,11,33.14
43,111,6.15,9,29.25
22,145,5.29,2,14.2
50,149,6.17,5,21.6
57,153,8.24,13,40.82
25,141,8.81,2,18.79
40,109,6.76,5,22.69
46,115,8.69,1,17.6
59,85,5.04,10,29.3
26,124,8.8,13,40.85
49,112,9.2,10,35.42
30,84,9.96,5,26.64
36,135,9.47,11,37.89
54,107,8.46,11,37.31
51,86,6.73,5,21.22
56,138,6.42,2,16.0
25,98,5.58,5,20.02
53,141,6.43,14,40.98
39,122,6.53,12,36.38
52,129,8.57,12,39.73
43,132,8.63,3,21.14
23,117,7.61,3,19.26
21,96,8.86,13,39.86
56,106,6.71,3,18.4
48,116,7.35,3,19.18
59,86,5.24,11,32.35
25,117,7.68,1,13.52
33,108,6.94,12,36.34
31,130,5.33,14,37.11
42,94,5.46,8,26.83
43,95,8.29,5,24.72
32,90,8.72,0,14.27
41,112,5.49,13,36.07
39,99,8.87,0,14.6
25,108,9.32,7,29.51
44,95,7.83,1,14.94
50,96,7.44,12,36.89
28,136,7.3,14,40.75
22,157,6.48,8,27.61
54,116,9.49,8,32.58
43,156,9.34,14,44.94
23,97,7.56,8,29.27
44,150,6.21,12,36.19
38,128,9.55,13,42.15
57,90,8.66,5,25.39
51,136,9.11,9,33.64
34,98,9.14,10,35.63
21,149,5.94,5,20.76
34,132,5.27,12,34.98
25,89,7.53,3,18.1
51,80,7.33,11,34.95
51,80,6.61,9,29.92
50,126,8.62,9,33.73
56,106,8.03,5,23.71
21,104,6.93,4,20.29
23,89,7.44,2,16.71
40,115,7.7,14,42.47
41,125,9.7,12,40.79
50,87,7.59,9,32.08
50,141,8.27,6,26.81
25,108,9.55,5,25.61
30,132,8.58,3,20.79
44,83,7.72,11,35.39
59,128,7.01,14,40.97
26,148,5.56,13,36.13
30,121,8.93,7,29.22
30,154,8.94,13,41.04
45,144,9.86,4,24.95
34,156,7.56,6,24.47
59,113,8.51,8,31.39
33,93,9.89,11,38.78
31,132,8.06,14,42.08
59,155,9.12,4,24.83
31,154,7.05,0,12.73
36,80,5.93,13,36.42
53,87,9.21,6,27.73
52,97,7.15,12,36.75
30,84,8.72,0,14.59
35,146,7.63,11,35.12
36,101,7.29,4,20.32
47,85,5.26,8,25.72
52,106,8.85,12,39.87
26,116,6.61,2,15.91
56,114,6.95,6,24.53
28,115,6.75,14,41.08
45,140,8.47,9,33.34
27,80,8.57,0,14.34
37,127,9.08,13,42.49
50,146,8.38,5,24.44
22,156,9.54,3,22.11
37,118,6.21,0,10.96
24,159,7.48,12,37.29
46,82,9.84,9,34.5
34,105,6.25,4,19.3
28,148,8.63,0,15.23
25,134,6.57,13,37.95
25,82,7.28,13,38.11
25,135,7.69,11,35.59
47,107,9.0,9,33.3
25,122,8.1,10,33.24
23,109,5.01,5,19.55
58,97,6.68,6,23.97
50,84,6.73,10,32.15
21,140,7.45,10,32.02
28,80,9.54,14,43.5
33,143,9.57,6,28.62
40,93,7.3,14,40.24
26,120,8.63,1,16.68
28,152,6.77,3,18.64
50,147,6.44,7,26.73
35,132,7.31,8,29.22
30,110,9.23,0,14.78
53,138,7.61,11,35.44
29,145,7.36,3,18.5
53,116,5.79,6,23.42
29,129,8.71,5,25.34
34,145,6.81,10,32.57
52,93,8.78,2,18.86
57,94,9.85,5,26.49
26,104,5.45,14,37.25
25,153,9.31,7,30.21
24,87,5.84,9,28.54
36,137,9.34,8,32.26
30,135,8.64,3,21.11
51,93,7.11,13,38.0
51,121,7.28,7,27.14
34,92,6.46,0,12.1
33,98,8.5,1,15.66
24,113,9.48,4,23.84
46,125,7.91,7,28.21
44,134,6.47,7,25.39
29,143,8.59,1,17.84
55,136,6.27,13,38.89
35,151,6.33,3,17.51
44,143,8.19,6,25.92
51,84,5.47,6,21.76
39,122,6.98,4,20.44
22,96,6.84,6,23.63
22,125,5.26,0,10.93
56,112,9.59,11,38.14
57,148,9.69,0,17.36
54,94,6.99,12,36.91
59,121,6.85,5,23.6
39,94,5.61,7,24.09
58,144,7.81,12,38.79
43,142,6.74,14,41.06
36,135,9.21,12,39.33
26,122,8.67,12,38.2
46,149,5.62,11,32.67
42,113,6.07,11,32.48
44,145,5.59,11,33.21
41,148,5.68,13,36.79
50,99,5.33,5,20.16
31,93,6.83,0,12.64
29,155,8.03,10,33.85
32,147,9.82,3,22.84
46,120,7.12,11,34.29
58,138,9.76,4,25.19
23,129,5.48,10,29.51
53,153,5.82,8,27.55
35,118,7.01,11,34.28
25,109,6.97,4,20.62
44,116,5.09,0,9.71
31,126,5.3,3,16.36
53,124,6.63,11,33.93
43,136,6.57,8,27.82
30,83,6.43,7,24.98
48,85,7.62,7,27.1
59,94,5.99,8,26.93
37,124,7.53,11,35.37
46,139,5.25,2,13.97
45,107,7.49,12,37.02
56,156,8.74,5,26.08
32,111,9.61,13,41.28
23,127,9.48,8,31.82
49,98,8.24,2,17.87
44,110,9.91,6,28.54
39,158,6.83,11,34.49
33,139,8.47,4,22.8
36,123,9.95,4,24.54
47,102,8.47,2,19.12
26,106,6.3,9,29.65
30,80,9.06,9,33.31
58,101,6.75,8,26.91
28,87,6.41,12,34.95
38,148,9.14,13,41.85
52,103,7.01,13,38.45
37,112,8.23,3,20.94
22,91,9.34,10,34.9
40,83,5.76,0,10.15
30,143,8.07,13,40.22
29,158,5.9,10,31.83
59,139,8.02,12,37.86
45,88,7.45,8,29.42
45,121,9.37,9,34.42
44,132,9.5,9,33.91
26,156,8.85,3,21.06
50,153,8.14,14,42.77
30,139,6.41,12,35.8
59,93,7.44,12,37.19
51,130,5.77,3,16.33
38,144,5.04,3,15.91
53,106,7.84,5,24.67
39,101,6.31,8,27.05
43,101,6.4,1,13.05
25,143,5.89,4,18.44
46,103,5.39,14,37.65
49,109,6.24,3,17.52
44,119,6.17,0,11.73
26,102,7.06,12,36.98
59,89,5.38,10,29.64
24,112,7.32,4,20.24
46,151,5.28,2,15.03
35,84,5.98,7,24.9
33,106,9.22,1,17.67
42,141,5.32,0,10.46
33,104,5.52,14,37.81
59,145,7.92,1,16.87
37,99,6.31,9,29.15
56,122,8.87,6,27.27
59,146,7.14,13,39.45
45,137,7.86,6,26.72
54,120,5.55,12,34.85
41,143,8.49,4,24.17
45,125,9.73,9,34.72
45,139,9.8,8,32.91
42,94,8.25,5,23.45
43,106,5.41,5,20.65
45,137,9.29,12,40.49
34,103,9.97,2,20.84
34,114,5.67,1,11.67
46,102,9.15,12,40.12
50,87,5.78,8,26.77
46,95,7.24,4,20.28
58,149,9.62,12,41.63
42,140,9.66,7,30.72
59,137,7.76,11,35.14
59,108,9.68,0,16.37
54,142,5.19,12,33.55
45,105,8.43,11,36.41
56,88,7.14,9,30.66
33,98,7.77,5,23.17
49,150,5.97,12,34.8
29,104,6.01,14,38.13
35,103,8.65,0,13.65
51,118,8.84,10,36.05
47,126,8.2,1,16.38
51,140,6.73,14,40.73
30,108,8.53,3,20.78
57,99,7.59,0,13.87
27,84,8.51,12,38.02
52,115,6.08,13,37.76
31,141,7.46,3,18.44
48,129,5.63,8,26.04
24,99,9.81,1,17.77
51,90,9.97,14,45.2
49,99,7.15,7,26.37
53,85,6.98,10,32.22
24,124,7.14,9,31.01
46,105,5.93,10,31.41
51,102,6.04,2,15.23
51,84,9.87,12,41.48
47,104,6.7,14,40.27
45,83,9.35,0,15.75
56,89,5.04,12,34.16
51,113,7.98,8,30.2
57,137,6.14,4,20.03
43,87,7.85,7,26.51
55,131,8.35,6,26.95
24,107,9.07,0,14.65
48,88,6.23,4,18.81
33,113,8.19,8,30.04
21,138,5.02,13,35.91
32,96,10.0,0,16.91
46,112,7.09,12,36.14
43,135,5.99,9,29.22
42,140,8.22,5,24.56
48,116,7.67,6,25.64
37,92,5.02,4,17.73
26,108,7.01,13,38.53
34,119,9.14,8,32.19
37,134,6.3,0,11.46
58,93,9.8,1,18.02
25,87,9.32,1,17.37
33,111,6.85,8,28.1
29,90,7.01,0,12.94
46,148,7.26,13,39.27
33,129,8.19,8,31.1
39,116,6.64,10,32.48
37,124,5.01,7,23.79
36,148,7.18,9,31.05
50,145,7.47,4,21.23
52,105,8.55,14,42.6
34,109,5.09,9,26.68
35,156,8.16,6,26.92
32,117,5.38,10,28.43
57,106,7.63,6,25.49
31,130,6.01,1,13.32
25,94,9.4,8,31.33
31,141,7.13,4,20.56
54,109,5.62,5,21.0
39,111,5.14,0,8.98
46,129,9.26,3,22.03
46,86,9.69,14,44.4
37,118,8.63,4,22.51
51,140,8.32,4,21.82
39,95,6.24,11,33.57
40,154,8.63,7,28.56
43,116,5.77,14,38.65
45,132,9.08,14,43.86
48,157,7.19,1,14.71
57,102,9.37,3,22.31
32,138,6.72,9,30.09
21,107,5.06,0,9.52
22,148,9.06,11,37.42
30,130,9.41,7,29.54
54,147,5.09,2,13.61
52,152,6.28,4,19.42
45,90,6.59,13,38.51
30,114,7.99,3,18.91
21,90,6.18,1,12.14
52,150,9.63,1,19.26
57,96,9.82,3,22.35
32,134,7.93,4,21.49
38,105,9.93,14,44.29
50,126,5.85,2,15.38
33,105,5.58,3,14.86
23,136,7.03,5,22.1
41,153,8.98,14,43.99
34,158,7.95,10,34.17
30,127,8.15,4,21.67
22,105,9.79,14,44.88
57,120,7.99,14,42.21
31,107,7.17,0,12.2
21,98,8.92,7,28.83
46,80,8.82,1,16.88
33,113,9.73,0,16.97
48,120,8.07,13,39.7
56,144,5.07,10,30.02
41,153,6.67,4,19.79
30,83,7.11,3,18.42
32,93,8.63,13,40.14
47,142,7.97,2,17.83
23,100,8.18,8,28.81
48,143,6.32,7,25.65
22,105,9.15,12,40.05
48,148,6.6,4,19.87
51,158,8.58,9,33.37
41,103,6.31,9,29.8
27,89,8.16,14,41.4
51,111,7.54,10,32.65
34,152,5.64,9,28.95
59,110,6.52,7,27.23
59,94,7.71,4,21.09
29,129,7.2,2,17.07
43,82,7.02,8,27.8
32,114,8.62,9,32.95
49,133,8.58,12,38.82
58,156,9.97,7,31.75
59,150,5.61,9,28.98
42,105,6.24,11,34.33
24,114,6.44,14,38.81
27,107,6.55,14,39.04
28,95,6.66,11,33.94
55,127,7.83,4,22.44
29,148,5.24,13,35.57
33,155,7.33,6,25.7
59,101,8.54,10,34.97
40,91,8.63,4,22.91
41,137,7.76,10,33.26
39,118,9.61,11,38.93
22,115,5.96,0,10.74
50,85,9.93,2,20.16
43,127,5.84,12,35.43
33,87,6.72,10,32.11
53,149,5.26,12,34.57
52,134,9.81,6,29.88
48,140,7.9,14,42.31
44,89,8.38,9,33.39
48,127,9.8,12,41.18
50,145,8.78,1,17.11
49,103,9.9,9,34.98
54,107,7.67,8,29.44
42,113,8.6,3,21.36
45,136,5.78,2,14.74
34,146,5.21,3,15.68
30,105,7.23,4,19.8
30,142,5.45,5,19.11
28,101,7.51,3,19.2
34,115,6.77,6,23.44
58,157,5.93,3,17.82
52,116,9.92,11,38.78
52,82,9.7,5,26.56
23,153,6.39,10,32.69
40,143,7.14,4,22.08
33,102,8.34,8,30.12
43,150,7.64,1,15.55
39,137,9.56,12,40.5
36,91,9.94,8,31.98
56,131,5.31,8,26.57
55,90,7.25,8,28.98
27,88,6.89,10,31.52
57,84,5.26,8,26.53
28,149,9.56,0,16.59
45,150,5.78,12,35.78
43,97,5.19,7,22.46
30,158,5.48,8,26.43
50,144,7.19,5,23.7
53,158,7.05,7,27.11
31,133,9.52,6,29.03
55,88,5.1,9,26.72
47,150,9.62,12,40.62
23,139,7.02,11,34.83
28,88,6.1,9,28.75
33,123,9.89,0,16.26
23,90,9.57,0,15.19
40,82,8.15,12,38.07
55,156,5.45,11,33.02
33,84,8.86,8,30.66
40,111,5.39,3,16.24
44,101,6.3,6,22.42
29,133,8.02,10,34.07
50,132,5.17,7,23.03
45,141,6.49,1,14.67
36,129,6.79,7,26.32
28,105,5.26,5,19.65
48,146,7.83,1,16.21
32,133,8.38,9,32.09
44,120,5.47,14,37.78
49,87,6.88,12,36.8
35,103,6.59,9,29.29
38,92,7.46,5,22.69
27,154,9.66,8,32.32
33,139,7.45,14,41.26
39,93,5.01,3,15.02
25,125,5.18,10,29.42
46,84,6.71,6,24.16
22,92,5.52,6,21.16
53,103,6.49,5,21.89
57,95,8.2,8,31.09
45,108,6.29,2,15.77
45,98,5.57,5,19.6
59,139,8.51,14,43.21
50,141,9.59,7,30.99
24,127,9.55,8,31.6
39,111,8.26,6,26.86
47,125,5.93,7,25.02
59,150,9.37,6,29.48
44,148,8.81,4,23.79
57,135,9.19,2,19.95
45,112,5.74,7,24.49
49,102,7.42,5,23.17
51,157,7.67,14,41.7
55,140,8.88,3,22.32
48,83,6.63,12,35.14
58,144,6.73,7,26.26
24,81,9.43,9,33.21
48,137,8.7,4,23.76
51,152,8.2,11,37.52
43,107,5.6,10,31.07
34,112,5.34,6,22.2
48,102,8.23,4,22.06
34,110,7.56,1,14.26
21,127,9.92,11,38.99
52,125,9.26,9,34.8
38,124,7.85,13,39.5
25,111,5.6,3,16.79
35,130,5.49,7,24.18
36,126,7.31,8,28.72
56,140,5.75,8,27.14
56,129,8.43,6,26.66
50,114,5.24,10,29.3
58,94,9.97,0,16.48
43,158,9.73,14,45.16
31,116,8.02,14,41.37
45,135,5.99,6,23.94
22,138,6.41,13,37.53
55,104,6.47,9,29.64
44,99,5.93,13,36.11
33,127,5.55,5,19.76
57,99,8.32,0,14.71
50,94,8.74,3,21.35
31,141,6.22,14,38.27
43,93,8.79,4,22.16
48,100,5.82,12,34.77
49,129,6.16,5,21.41
35,148,8.92,8,31.81
23,94,9.89,3,22.04
29,142,8.89,5,25.51
28,122,5.99,9,28.98
53,106,6.49,3,18.03
54,140,8.2,2,19.23
29,133,9.77,9,34.76
37,138,9.97,6,28.23
21,118,7.94,14,42.0
25,114,7.18,5,23.95
50,88,6.21,1,12.94
31,139,5.38,1,11.68
48,141,6.54,6,23.93
58,147,7.8,7,28.04
37,95,8.19,9,31.82
43,95,6.65,1,13.94
38,111,9.8,14,45.14
57,117,5.47,11,31.78
47,118,8.55,14,42.89
45,141,6.88,12,36.66
25,142,8.9,10,34.82
39,95,9.17,5,25.78
47,133,8.63,5,25.06
33,94,7.85,13,40.35
27,97,5.39,11,32.01
46,83,5.7,3,15.66
34,116,7.98,10,33.05
47,119,9.82,9,35.8
28,142,7.65,10,33.64
51,147,9.5,7,31.23
55,96,9.63,0,17.33
47,127,5.6,9,28.24
24,98,7.28,0,12.61
24,118,8.76,12,38.97
38,144,7.04,9,30.38
43,132,6.47,10,31.51
52,97,9.57,8,32.64
32,118,7.99,11,35.15
40,139,8.14,8,30.13
32,156,8.49,11,37.13
28,114,9.86,7,30.52
42,152,8.08,13,40.98
47,113,5.08,0,9.73
37,94,9.83,6,28.66
52,152,6.14,2,15.44
53,98,9.81,5,26.78
51,154,6.98,13,39.29
26,142,9.3,14,43.8
59,105,7.01,3,17.91
29,128,8.15,6,26.63
52,83,7.01,12,37.13
56,145,8.69,5,24.93
36,96,9.03,13,41.83
32,80,9.24,9,33.9
23,156,6.11,8,27.27
47,153,9.15,12,39.77
47,88,7.02,2,15.62
29,89,8.03,2,17.89
37,128,5.31,0,9.38
25,127,8.0,0,13.59
46,127,9.12,7,30.83
41,94,6.41,14,38.93
21,124,7.31,0,12.7
21,81,9.11,11,37.21
55,137,6.5,0,12.64
29,117,9.6,14,44.17
43,82,5.77,7,24.3
58,138,7.38,10,32.34
24,142,8.17,6,25.06
39,122,7.36,11,34.64
57,83,7.06,3,19.0
25,122,8.18,4,22.19
48,140,9.44,0,16.57
43,128,8.31,6,26.97
58,143,8.12,8,31.04
43,99,8.73,6,27.61
38,124,7.02,5,23.04
49,96,5.09,13,35.31
48,145,9.69,14,45.16
29,101,6.53,13,37.92
59,129,8.84,14,43.86
30,149,7.95,1,16.33
22,104,8.47,14,41.86
33,81,9.09,14,42.46
58,122,7.46,8,29.16
47,96,5.17,3,16.26
40,152,9.82,14,44.91
30,99,9.01,12,38.86
36,116,8.21,11,36.2
35,131,9.44,1,18.07
33,158,9.62,11,37.77
58,105,9.39,8,32.61
40,104,5.71,8,26.44
44,143,8.64,14,43.62
27,110,6.59,5,21.53
43,109,5.21,7,23.8
44,89,6.39,4,19.36
49,117,8.27,3,21.28
25,107,9.56,9,33.83
55,103,8.45,0,14.83
21,108,7.91,3,20.18
56,96,6.67,2,15.9
38,149,6.11,12,35.53
26,143,7.76,0,13.14
43,110,7.42,12,36.46
30,136,8.43,10,34.32
27,99,7.69,4,20.6
28,125,7.08,9,31.02
33,81,9.24,3,21.61
50,129,8.98,14,43.08
38,139,9.07,11,37.04
34,120,5.46,1,12.13
31,155,5.75,13,37.37
58,149,6.0,9,29.24
33,96,9.55,5,26.28
53,157,6.81,2,17.87
33,89,8.28,4,22.58
45,146,5.21,6,23.05
44,121,8.67,11,37.56
49,158,8.82,5,25.2
56,95,8.73,6,27.38
26,117,5.22,5,19.39
38,93,5.49,2,13.99
48,115,8.71,6,27.12
25,92,8.13,10,34.55
38,138,6.82,9,30.44
57,106,7.77,0,13.66
27,87,5.02,9,27.31
29,132,7.16,2,16.76
55,154,5.84,14,39.5
32,84,9.83,11,37.97
59,84,6.58,0,11.86
44,127,8.99,0,16.12
29,103,5.64,12,33.52
32,152,5.9,13,37.53
56,154,8.49,2,19.08
57,157,8.86,9,34.02
29,121,9.49,4,24.19
59,88,8.47,7,28.65
42,143,8.54,3,21.02
37,148,6.16,11,33.04
53,90,9.73,10,36.73
44,88,8.56,0,15.17
35,156,5.89,4,18.35
49,140,8.24,7,29.1
52,151,9.05,11,37.95
53,134,7.32,5,23.48
49,147,6.69,9,30.32
35,104,9.3,13,41.69
47,150,9.27,6,27.79
54,135,8.93,2,20.77
24,106,6.02,9,27.84
38,102,7.8,0,13.48
41,119,7.2,1,14.21
28,137,8.49,4,22.88
26,115,9.48,5,25.03
40,153,6.23,2,15.86
22,111,6.55,11,33.1
42,102,6.18,4,18.97
41,119,8.78,14,43.33
26,127,7.48,10,33.31
52,103,7.38,11,35.55
26,118,7.48,7,26.39
33,119,6.54,6,24.06
21,108,6.14,1,12.82
42,124,9.02,3,22.22
44,113,8.15,5,23.78
50,94,8.6,0,14.62
42,149,6.5,11,33.69
32,150,5.86,14,39.21
46,81,6.35,11,33.65
24,80,9.46,10,35.88
39,133,6.68,7,26.25
36,81,5.32,10,29.5
32,115,7.45,12,37.57
53,147,6.65,6,23.97
41,107,7.4,13,38.38
56,99,8.45,4,23.21
29,116,9.78,13,41.59
59,138,8.89,5,26.79
28,123,7.47,5,23.04
40,91,8.87,10,36.06
30,111,6.2,4,18.64
52,117,9.14,2,19.66
48,110,7.76,3,19.95
30,97,9.06,0,14.43
28,108,7.87,1,15.16
53,130,6.66,14,39.99
33,108,5.55,12,33.69
55,142,7.33,14,41.83
49,99,8.69,0,14.5
25,110,6.48,11,33.53
23,110,6.48,6,23.98
57,137,8.84,13,41.91
26,86,5.93,3,16.25
36,91,7.03,12,35.7
55,140,8.09,9,31.79
38,122,6.85,13,38.53
31,128,9.82,0,16.85
43,119,9.6,10,37.04
31,149,9.74,12,41.01
49,111,9.91,12,41.07
47,142,9.87,14,45.47
29,94,6.58,9,29.33
55,91,7.64,3,18.67
29,105,8.92,0,14.86
38,109,8.6,12,38.79
41,109,6.31,0,10.84
56,156,6.82,4,21.38
21,141,9.69,12,40.33
47,122,9.67,8,31.74
58,101,8.63,7,28.55
49,96,5.03,13,36.29
39,102,7.58,0,13.48
44,104,6.05,10,30.59
21,149,8.87,5,25.59
56,116,5.41,14,38.53
43,136,9.04,2,20.52
33,149,6.53,8,29.21
50,101,6.86,7,25.86
57,154,8.47,6,27.38
31,83,6.15,8,27.62
27,137,9.21,11,38.14
55,123,9.65,5,26.3
31,153,9.94,14,45.9
41,96,8.46,3,20.86
23,97,7.8,0,13.91
50,132,9.46,11,37.9
44,98,6.42,4,18.92
58,140,7.66,10,33.98
23,136,6.09,1,13.23
57,158,6.63,14,40.1
53,123,8.51,7,29.57
42,98,5.49,5,21.2
51,104,7.43,13,38.9
32,116,9.21,13,41.29
34,97,7.48,12,37.76
32,137,6.2,13,37.04
47,91,6.78,1,13.34
33,111,7.9,10,34.36
44,105,8.11,14,42.47
58,105,5.04,4,18.52
29,126,5.9,8,26.71
28,121,8.46,7,28.52
57,130,5.42,2,14.44
35,120,9.25,7,29.6
27,157,6.53,12,35.65
44,144,8.94,0,15.27
36,140,9.21,10,35.57
44,154,9.69,10,36.76
27,114,8.54,8,30.62
48,101,9.31,12,40.62
22,148,6.36,0,10.63
54,119,5.08,0,10.08
58,133,8.4,13,40.23
23,116,6.28,5,21.3
21,123,8.75,0,13.86
51,108,6.88,11,33.54
43,91,8.84,1,17.29
40,100,8.81,4,23.12
36,119,7.21,9,30.01
52,109,9.3,3,22.63
37,143,7.35,10,33.06
38,120,9.79,5,26.9
24,158,5.2,11,32.36
55,126,7.71,3,20.8
56,83,5.09,0,9.58
43,107,6.58,1,13.28
35,127,7.31,8,29.5
33,136,5.85,4,19.48
34,95,9.07,9,33.66
34,91,7.1,12,36.44
57,134,5.72,14,39.64
25,115,6.46,2,15.19
42,94,5.67,1,12.3
48,98,7.72,9,31.94
24,97,7.34,3,18.67
58,154,6.06,4,20.31
49,107,9.86,1,18.03
57,135,8.3,11,36.84
55,102,6.6,0,12.45
40,158,6.84,9,30.59
55,90,9.71,6,28.94
55,122,7.89,7,27.94
40,124,5.56,14,39.07
22,118,9.03,3,20.99
38,158,9.39,0,16.03
50,103,8.25,2,18.28
49,124,5.24,14,38.51
59,115,6.48,3,17.93
42,83,8.66,12,37.53
49,144,6.26,0,11.46
30,135,7.19,7,26.74
40,90,6.41,8,27.38
36,104,5.51,11,32.45
26,129,7.27,3,18.49
37,131,8.14,12,37.94
26,85,6.45,0,11.03
42,125,6.13,2,15.1
38,149,5.62,1,12.53
52,94,8.41,4,22.24
48,140,6.14,0,11.97
30,112,7.16,14,41.27
42,91,5.84,12,33.53
48,110,8.08,3,19.99
35,113,8.12,9,32.56
49,111,9.28,9,34.12
27,102,9.93,14,44.34
54,148,9.51,5,27.69
52,119,9.11,12,39.57
22,145,9.42,10,36.37
46,110,5.27,2,14.2
31,91,8.81,4,22.14
45,121,6.85,9,30.26
39,99,5.94,13,36.73
40,93,7.16,3,19.09
53,154,5.58,3,17.87
37,139,6.34,11,33.5
50,81,7.06,7,26.68
38,110,7.94,13,40.15
52,134,9.67,3,23.11
24,114,5.37,0,9.3
52,106,8.1,0,14.28
39,84,5.38,5,20.09
23,154,7.97,1,15.64
58,130,8.02,8,29.93
48,95,6.95,3,17.64
58,119,5.26,0,10.36
26,147,9.11,1,16.76
37,155,6.69,9,29.93
25,157,5.3,6,21.24
39,123,5.27,9,27.4
55,120,5.44,0,10.24
42,95,9.33,2,19.06
44,121,7.37,12,36.95
30,99,9.36,9,33.08
22,141,8.74,10,34.94
48,107,5.07,13,35.25
57,139,6.52,12,36.83
37,120,7.61,12,37.57
26,80,5.15,0,8.52
25,95,9.79,1,18.51
59,83,9.55,10,35.68
27,133,6.18,12,35.49
52,108,6.83,1,15.3
24,151,8.63,13,41.15
41,145,5.09,8,25.35
52,103,6.12,2,15.15
38,120,7.56,6,25.11
53,142,6.81,14,40.34
34,135,5.55,13,36.26
26,93,7.77,13,39.05
31,132,9.11,8,31.94
40,123,6.16,3,17.57
49,122,6.11,5,21.76
55,80,5.35,0,9.23
36,90,7.77,6,24.69
27,99,7.02,10,32.62
56,158,8.16,3,20.82
51,100,5.17,7,23.89
26,152,8.2,3,20.44
49,99,9.66,12,40.17
47,96,9.11,14,43.52
22,142,6.73,13,37.68
42,158,5.55,5,19.92
29,84,7.69,2,16.69
31,125,6.42,0,11.86
36,131,5.05,10,29.41
33,159,7.04,9,31.07
38,115,7.7,8,29.46
45,128,8.88,2,19.99
53,117,9.9,11,39.66
30,106,9.33,13,41.75
50,148,7.71,8,30.39
21,129,9.03,1,17.08
53,122,9.15,3,21.23
35,149,9.83,12,40.0
49,88,6.23,0,11.2
22,144,6.26,1,12.61
31,109,6.09,1,13.64
54,94,9.51,1,17.84
39,111,8.42,10,34.62
22,83,5.7,9,27.7
40,139,9.81,1,18.18
51,134,8.03,0,14.05
24,113,5.01,3,15.13
49,140,7.18,14,41.18
50,117,8.86,6,27.27
33,130,6.55,8,27.96
35,137,8.36,6,26.05
40,104,8.59,12,38.54
54,90,9.14,2,20.53
48,87,7.9,3,19.16
40,113,5.96,4,19.49
45,106,9.21,11,37.36
47,101,5.92,7,24.3
50,141,7.29,1,15.4
40,151,5.45,10,30.89
21,118,5.8,0,9.93
55,152,5.96,14,38.55
44,101,8.6,5,25.43
45,152,6.1,4,19.2
32,110,7.56,0,12.46
31,113,8.39,9,32.46
50,147,7.75,1,15.81
33,157,8.3,11,36.79
45,138,9.5,13,42.08
45,87,9.83,10,36.18
37,132,8.42,7,28.16
32,133,5.93,11,32.38
31,149,9.9,10,36.86
30,97,5.35,9,28.49
37,87,9.64,0,16.15
36,86,7.26,8,28.29
40,86,9.21,8,31.4
25,89,6.7,12,34.68
52,115,7.81,3,20.72
47,141,5.71,7,25.51
24,130,9.53,14,44.57
27,110,6.5,7,25.65
34,89,6.31,1,13.67
59,114,7.23,5,23.39
44,108,6.83,13,38.45
38,128,5.69,14,38.32
58,110,5.12,8,26.17
59,147,6.61,1,15.38
21,96,8.6,3,21.11
37,116,5.95,4,18.37
46,107,5.86,5,20.1
42,117,7.66,1,15.58
59,89,8.36,7,28.34
38,151,9.93,1,19.17
58,107,5.42,7,24.21
48,148,7.32,13,39.14
41,86,9.84,13,43.18
58,81,8.22,10,34.13
53,136,8.25,3,20.83
50,89,9.49,12,39.36
28,93,6.7,12,36.76
50,153,7.74,6,25.34
59,111,7.34,4,21.22
29,132,6.71,6,24.41
53,82,9.41,1,17.57
49,127,7.09,4,20.83
51,87,5.71,12,35.22
23,88,5.78,3,15.95
58,154,5.57,6,23.42
31,95,8.73,10,34.02
25,110,9.81,11,38.57
51,84,6.21,5,22.38
40,158,5.25,3,16.93
24,118,5.63,11,32.77
28,95,8.69,12,39.11
55,143,8.99,8,32.03
33,155,6.74,1,13.66
25,126,5.04,3,14.79
39,138,9.34,0,16.12
38,99,5.45,8,26.21
53,100,5.77,8,26.45
24,132,6.23,0,11.67
38,158,8.18,9,32.65
44,133,6.75,5,22.43
49,128,5.23,12,34.39
51,95,8.8,4,22.6
48,95,7.77,2,17.11
29,102,9.15,0,15.12
46,147,5.33,8,26.34
22,116,9.76,13,42.15
26,103,5.51,4,17.87
49,140,7.79,4,22.24
46,87,7.6,3,19.1
48,148,9.46,3,23.7
27,108,7.81,12,36.86
54,89,6.39,6,23.63
30,135,5.86,13,37.64
42,152,6.3,8,27.4
47,101,6.35,6,22.87
59,89,6.06,10,31.73
42,99,6.17,12,35.68
39,130,9.29,0,15.48
56,89,9.35,9,34.19
29,120,7.65,9,31.85
39,159,9.57,4,24.57
22,119,7.52,0,13.27
48,155,8.0,12,39.04
59,84,9.97,12,41.48
42,122,6.87,5,22.35
26,146,8.14,1,15.07
27,103,8.42,7,27.19
26,110,7.98,7,27.77
53,138,6.58,11,34.57
34,146,9.61,10,37.24
21,142,9.48,6,28.01
45,80,9.76,3,21.96
26,154,6.9,0,13.04
48,148,9.44,13,42.98
38,150,8.16,0,14.42
47,112,9.98,12,40.18
22,156,7.05,3,18.77
41,142,5.03,0,10.53
43,121,7.52,1,16.24
22,110,7.69,13,39.05
36,131,7.32,2,17.47
24,129,7.03,10,32.24
54,92,6.1,14,39.59
25,144,8.65,6,27.33
54,117,7.66,6,24.85
42,118,5.52,11,32.27
40,121,5.5,5,19.56
59,118,8.89,9,33.98
33,121,7.93,14,41.78
54,152,7.53,10,34.07
26,149,6.11,0,11.53
49,152,6.57,0,12.57
53,121,9.08,11,38.14
21,108,6.4,1,13.77
27,147,5.88,4,18.78
42,104,8.3,10,34.61
52,95,8.85,1,16.69
34,136,5.87,10,30.68
44,113,6.26,5,22.25
39,154,5.16,6,21.56
47,88,5.15,7,23.94
43,114,5.27,14,38.52
41,106,5.29,12,33.92
49,118,8.89,10,35.67
21,124,7.94,10,32.93
51,139,6.35,0,12.44
47,122,5.57,6,22.22
56,140,9.76,12,41.42
47,148,6.86,5,22.94
35,95,5.07,2,12.47
45,81,5.08,3,15.31
35,153,6.06,5,20.94
39,98,9.03,0,15.35
31,143,8.96,11,38.09
53,99,5.12,14,38.0
43,137,6.0,1,13.33
32,139,8.69,11,37.38
22,138,5.37,0,9.45
41,130,7.08,4,21.13
34,114,9.8,3,22.47
54,89,7.89,14,40.62
35,115,7.15,5,23.31
41,132,9.8,7,30.77
43,133,7.53,8,29.16
41,95,8.01,14,42.86
34,129,7.56,9,31.49
41,105,8.75,11,36.38
32,110,6.66,10,31.35
25,140,5.76,11,32.6
22,121,7.36,12,37.39
42,80,8.66,0,14.54
26,121,7.33,3,18.93
22,128,6.01,10,31.23
49,98,5.75,5,20.33
56,159,9.86,6,29.47
27,136,9.61,4,24.46
36,87,6.55,2,15.08
53,141,9.82,1,18.85
53,159,8.1,10,35.22
34,155,6.54,5,22.62
32,88,6.52,0,11.26
26,86,9.5,4,23.58
32,119,6.85,9,30.02
51,140,5.39,8,26.36
32,102,8.7,8,30.36
30,120,5.74,0,9.38
47,151,8.46,14,42.28
27,102,8.46,9,32.73
56,90,7.85,6,26.59
53,80,7.87,4,21.19
47,128,6.75,1,14.36
28,123,7.05,14,40.37
25,148,5.61,3,16.26
28,93,7.77,0,13.02
41,86,9.08,8,31.6
44,139,5.15,0,10.8
27,103,8.54,0,14.58
39,83,5.67,11,32.41
51,106,8.99,12,39.57
56,141,5.0,13,36.5
47,86,5.38,12,34.29
49,133,9.11,0,15.75
43,152,6.35,7,26.16
40,144,9.47,11,38.16
26,146,8.91,5,25.28
32,99,8.21,9,31.34
32,137,6.5,8,29.0
23,127,9.2,5,26.89
59,105,5.97,0,11.55
55,113,9.46,7,30.69
39,111,8.78,7,29.06
24,119,6.74,11,33.29
51,84,5.87,2,14.34
58,89,7.21,3,19.11
53,152,5.66,4,19.56
26,125,7.43,12,36.69
28,111,6.13,0,11.33
48,140,5.02,13,35.49
35,121,7.66,7,27.53
51,105,6.5,3,18.17
28,102,8.06,5,24.71
26,88,6.56,5,21.65
49,148,8.42,9,32.76
54,134,8.33,11,36.89
27,87,5.13,1,10.57
30,135,8.44,4,23.1
33,134,5.91,13,36.83
42,122,9.1,3,21.51
41,154,5.6,2,14.46
21,135,6.24,1,12.69
22,115,7.87,11,35.06
49,97,7.1,3,19.4
31,110,9.96,3,22.65
57,87,8.6,7,29.84
27,98,6.1,9,28.4
55,101,8.67,6,27.74
50,145,6.78,12,36.19
36,90,5.11,0,9.93
35,146,6.41,13,38.27
40,112,9.71,5,26.47
48,153,5.64,7,24.23
57,132,7.86,9,32.6
23,124,9.89,11,38.61
49,146,7.6,3,19.42
57,118,6.65,12,36.92
29,116,7.99,4,21.89
47,129,6.28,11,33.74
52,107,8.88,12,39.44
59,93,9.31,5,25.66
51,131,6.76,12,36.54
46,109,8.86,14,43.25
23,109,9.18,2,19.89
31,106,7.04,2,15.83
49,145,9.75,9,35.39
47,156,8.45,10,34.73
30,118,7.28,14,40.64
55,121,8.05,2,18.51
43,107,7.48,1,15.12
26,142,5.82,12,35.12
31,134,7.31,6,24.82
47,97,7.79,0,13.9
51,113,5.8,5,20.81
50,136,9.46,5,26.22
23,124,7.98,14,42.3
33,117,7.32,9,31.51
41,102,8.92,11,37.32
31,110,8.83,10,34.53
23,88,6.93,10,31.65
58,114,7.23,13,39.1
51,104,7.35,9,31.4
44,118,5.74,5,21.45
32,109,8.62,5,25.55
47,84,5.89,4,18.42
41,107,5.36,12,34.23
45,86,8.36,7,28.79
50,121,5.41,10,30.42
50,121,9.33,4,24.37
30,136,6.66,0,12.61
23,143,6.16,0,10.83
33,142,7.14,13,39.01
47,97,7.41,9,31.46
38,124,5.71,5,19.96
44,99,9.46,0,15.26
34,81,5.89,10,30.53
59,143,7.55,14,42.81
24,109,8.01,1,15.78
36,101,8.25,13,39.98
30,113,7.55,3,18.97
57,114,6.3,4,19.7
47,148,5.35,6,23.2
21,136,9.72,11,38.59
25,94,9.0,14,43.71
33,118,6.38,9,30.14
23,158,5.51,14,38.84
37,107,9.89,14,43.8
39,91,9.39,6,28.2
57,146,8.05,1,16.64
25,89,7.59,11,34.38
44,86,6.44,8,27.22
53,122,6.76,6,24.29
41,99,9.33,6,28.27
23,126,7.89,12,37.04
24,107,9.48,13,41.12
52,155,9.33,0,16.24
44,97,7.11,6,24.87
55,136,5.72,9,28.47
38,130,9.72,6,27.66
23,116,9.02,8,30.92
59,155,6.83,10,32.71
46,87,9.43,7,30.11
44,149,6.82,9,30.94
21,123,8.24,10,34.15
54,144,6.57,8,28.9
32,129,9.54,11,38.46
37,98,5.19,4,17.57
41,128,8.4,6,26.04
41,146,5.96,3,16.9
23,125,5.48,9,27.22
48,149,7.91,9,31.74
45,109,8.66,5,25.16
26,116,9.96,1,18.23
50,149,5.62,0,11.49
52,126,6.15,13,38.63
42,158,9.9,4,24.63
58,109,6.14,13,38.2
34,152,8.11,8,30.5
54,113,8.34,3,20.78
46,140,9.05,4,23.24
33,114,6.82,13,37.07
50,145,5.65,1,12.82
39,92,5.24,10,30.15
59,139,5.44,7,24.63
23,88,7.8,8,28.48
51,100,6.82,13,38.23
32,120,9.13,2,20.07
35,144,7.03,3,18.86
58,128,7.6,2,17.8
34,148,9.75,11,39.09
55,91,7.66,6,25.46
36,100,8.98,3,21.95
44,140,8.81,5,25.6
37,118,6.28,11,32.98
38,151,7.69,0,14.29
37,101,5.74,13,35.14
36,136,6.16,1,13.5
41,158,9.82,11,38.88
44,116,5.84,6,22.41
54,120,9.81,8,32.62
56,156,8.51,10,35.04
47,86,9.33,0,15.52
59,112,6.07,11,32.99
37,82,6.93,1,13.83
45,118,9.18,7,29.86
58,115,8.93,6,27.13
41,119,8.58,2,18.37
24,102,6.49,7,25.09
45,145,7.36,14,41.64
50,125,7.35,7,26.6
53,85,9.73,12,39.94
59,150,8.24,8,31.18
46,135,6.71,4,20.19
45,100,7.56,10,32.82
36,159,9.44,0,16.06
44,146,8.61,8,30.86
25,105,8.05,8,29.1
59,104,7.7,2,18.32
33,158,7.53,12,37.18
50,143,7.27,13,39.04
27,132,9.45,1,18.47
37,129,5.19,10,29.4
47,108,6.52,7,26.57
55,98,8.55,4,22.81
25,137,9.38,8,32.58
25,93,9.84,11,38.14
44,94,9.76,5,26.98
27,142,6.88,4,21.03
27,80,9.38,4,23.6
34,155,7.74,13,39.6
35,143,6.86,7,26.06
25,90,9.53,11,37.92
57,126,8.04,0,14.51
24,88,8.85,4,22.26
50,133,6.26,3,18.28
40,106,6.98,14,40.25
46,80,5.24,4,16.82
29,89,5.64,1,11.88
50,92,8.25,4,22.17
42,108,6.11,9,29.35
50,84,7.08,13,37.07
40,154,7.06,5,22.09
48,132,8.84,11,38.3
27,118,7.84,4,21.46
24,131,8.39,6,26.28
48,125,5.61,1,12.88
55,118,8.03,8,29.8
53,121,8.09,12,38.26
27,127,7.67,9,31.3
29,110,5.51,13,35.37
54,150,8.86,4,23.59
59,154,7.72,3,19.4
54,104,7.71,5,24.3
33,83,9.25,4,22.88
49,107,6.22,8,27.0
55,159,7.53,4,22.57
30,81,8.7,8,30.53
50,105,9.56,2,20.33
46,151,9.25,14,44.11
55,122,8.87,5,25.7
48,117,9.37,7,29.53
49,100,6.34,2,16.38
26,129,7.23,10,32.05
23,96,9.9,0,16.16
49,109,5.08,9,26.96
22,122,9.95,1,19.42
42,117,5.52,4,17.66
47,138,9.55,12,40.2
42,138,7.81,14,42.32
30,123,6.48,5,21.38
39,155,9.75,2,20.05
44,110,8.02,3,20.05
47,116,9.44,1,18.59
56,126,6.91,14,40.68
37,150,8.27,10,34.22
30,150,6.76,3,18.08
37,114,9.96,12,41.17
30,105,7.76,6,26.21
30,135,8.53,9,32.57
58,122,6.53,0,12.12
37,98,8.85,8,31.47
46,101,7.16,2,16.98
46,136,9.51,5,27.02
54,144,7.73,9,31.81
24,113,6.91,10,31.69
47,129,9.12,13,41.49
41,111,8.01,6,25.41
56,132,8.93,5,25.71
58,130,8.51,9,33.24
51,99,7.37,4,20.19
27,137,8.29,9,32.36
54,124,8.79,10,35.05
38,129,8.49,7,28.93
44,87,6.61,14,39.92
33,100,6.97,8,27.93
33,97,9.76,2,20.54
45,94,6.55,10,31.21
25,89,9.06,12,39.01
59,142,5.93,9,28.94
49,99,6.96,6,24.76
53,141,6.69,3,18.27
44,131,8.08,13,40.06
30,109,9.64,5,25.71
45,82,8.61,6,27.55
30,80,5.75,0,9.48
59,89,8.61,5,24.84
36,128,5.1,11,31.52
48,144,8.32,4,22.39
32,112,9.39,9,33.13
52,114,6.82,12,36.11
49,116,8.59,1,17.3
47,130,8.16,13,40.92
46,133,5.46,13,36.58
23,142,6.55,9,28.86
46,125,8.41,9,32.66
59,125,5.14,14,39.12
21,129,7.74,10,33.24
55,86,7.73,7,27.02
47,140,8.91,7,29.34
24,91,9.89,6,27.96
39,153,5.25,2,14.54
42,117,5.46,6,21.9
26,118,6.54,5,22.13
29,100,7.87,6,25.18
31,102,5.1,9,27.39
42,123,6.46,6,23.25
29,123,5.6,12,34.68
49,100,8.14,10,34.3
30,140,8.57,5,26.01
54,159,5.11,0,10.31
51,103,9.68,1,18.18
42,110,8.68,13,41.03
24,84,6.65,10,30.98
22,144,8.61,3,21.45
25,116,7.28,1,13.03
35,111,8.39,4,22.52
39,145,7.11,5,23.06
58,113,7.21,7,26.67
35,108,5.94,12,35.22
28,84,9.34,5,25.75
40,109,9.57,12,40.38
32,124,7.0,12,35.43
24,97,6.94,5,21.33
58,157,5.79,8,28.39
59,116,6.62,10,32.27
56,90,9.01,2,20.24
35,83,7.08,7,25.43
21,125,8.93,10,34.57
51,82,9.27,0,15.5
29,132,6.71,10,32.13
43,103,9.94,0,17.3
46,87,7.97,14,41.49
59,159,6.68,1,15.7
38,85,5.58,7,24.27
53,152,6.6,11,34.29
59,97,5.74,4,18.75
34,155,8.83,2,19.44
21,85,6.31,11,32.74
33,118,6.72,10,31.6
35,80,6.59,9,29.19
57,94,8.01,6,25.93
25,93,6.77,14,39.38
34,156,5.72,1,12.92
34,125,8.13,9,32.3
25,120,7.54,13,39.16
31,85,8.79,1,16.84
52,99,6.28,0,11.36
25,147,9.31,0,15.84
56,119,6.91,6,23.95
35,98,8.12,9,31.52
27,153,9.96,9,35.1
25,148,8.45,10,34.43
50,81,7.58,9,30.77
35,123,6.35,14,40.87
50,132,6.99,2,17.16
34,85,5.44,7,24.01
44,122,6.26,4,18.96
44,98,6.7,1,13.76
55,97,9.2,13,41.36
25,109,5.46,5,19.6
32,150,7.05,6,24.78
40,96,7.56,2,17.28
25,132,9.79,6,28.69
56,147,6.87,5,22.84
41,143,9.9,6,28.92
59,82,7.49,1,14.96
23,104,8.56,0,14.35
49,109,5.46,7,24.35
45,115,8.44,7,29.01
47,157,5.49,8,26.57
56,120,7.67,7,27.76
42,102,6.68,6,23.25
58,129,6.61,2,16.1
55,95,5.42,2,14.76
21,155,8.45,14,41.51
23,151,7.77,0,13.59
44,109,6.96,5,22.36
28,139,9.88,10,36.48
59,140,5.15,4,17.4
38,85,8.23,10,33.87
23,118,7.37,2,17.07
38,84,9.27,13,41.8
36,82,8.89,5,24.81
52,153,5.78,1,13.89
21,109,6.85,12,35.96
46,159,8.53,8,30.35
32,90,7.07,6,24.35
58,82,8.43,8,31.25
41,94,9.33,8,31.76
33,123,8.62,7,28.56
32,133,7.7,3,19.74
33,80,8.97,1,16.59
38,92,9.39,11,37.18
39,142,7.02,0,12.34
39,135,9.28,8,31.95
26,118,9.02,13,41.42
27,118,7.05,14,40.85
27,146,5.29,9,28.16
48,109,9.5,2,18.69
48,120,6.16,6,23.28
39,90,9.38,12,38.59
36,149,8.52,6,26.93
37,155,9.95,8,33.2
42,159,6.04,7,25.48
39,101,6.45,13,38.45
49,117,5.46,4,18.44
39,91,9.95,10,36.12
55,115,8.1,10,34.36
45,129,6.34,6,23.5
40,96,7.42,1,14.39
57,111,9.86,6,29.59
39,124,6.74,2,16.67
33,116,9.04,4,23.37
32,146,5.65,9,29.48
35,104,8.64,6,26.51
24,128,6.91,3,18.38
35,122,5.97,0,11.04
37,98,9.4,3,22.3
47,159,7.75,14,42.85
31,105,6.88,6,23.79
43,94,7.02,6,24.46
35,132,5.36,10,31.03
51,99,7.46,1,14.66
46,84,8.63,11,37.32
27,143,9.12,3,21.54
33,127,9.16,1,17.6
33,119,9.22,5,25.08
40,103,9.24,9,33.19
54,149,7.34,6,25.49
30,91,7.17,1,13.77
57,83,5.55,2,14.54
47,122,6.46,14,40.08
54,156,6.13,7,25.96
56,131,8.05,11,36.25
36,100,6.62,9,29.11
41,148,7.66,13,39.98
36,92,6.89,13,37.87
37,81,9.45,11,37.7
35,85,7.12,3,18.55
33,102,9.19,5,25.55
53,153,5.21,9,28.23
25,115,5.16,6,22.49
47,89,8.65,14,42.45
21,106,8.55,6,25.65
50,86,5.12,11,31.51
43,129,7.44,9,31.17
35,100,5.25,0,9.73
56,125,5.83,11,32.58
39,80,9.81,13,41.45
50,134,6.7,12,36.97
36,132,7.35,12,37.39
38,100,8.41,9,32.66
46,111,9.6,8,31.93
37,93,5.74,12,34.16
31,118,6.13,12,34.98
49,121,7.8,1,16.72
29,104,8.3,2,17.76
37,108,7.18,7,26.96
47,111,8.27,11,35.93
57,90,5.06,3,15.7
42,107,5.99,5,21.61
28,148,9.19,8,32.35
23,104,8.78,11,36.69
58,131,8.18,8,30.06
55,120,7.74,5,23.68
52,130,6.0,11,32.91
28,86,6.36,3,16.78
47,112,9.82,2,21.24
52,121,5.01,4,17.51
56,136,7.21,3,20.08
54,90,5.05,4,16.9
45,149,6.71,9,30.78
51,146,6.63,13,37.97
33,109,5.58,8,26.13
35,102,5.35,14,37.35
33,130,9.26,2,20.95
53,84,6.62,2,15.92
51,129,7.8,0,13.33
45,123,8.78,13,40.78
43,94,7.69,12,36.85
58,81,7.19,3,19.05
23,103,7.45,10,32.4
36,133,9.18,14,44.0
22,89,7.65,11,35.28
43,114,5.92,3,16.2
54,120,5.93,11,33.96
50,126,7.51,8,28.96
30,109,6.01,5,21.33
21,117,8.96,13,40.98
42,105,9.37,7,30.9
53,99,5.81,5,20.54
45,115,7.19,13,38.61
42,143,8.75,12,39.71
36,122,5.42,9,27.57
50,119,7.97,2,17.51
38,97,7.75,1,15.72
44,101,8.89,0,15.71
25,156,9.76,11,39.26
57,158,7.43,13,40.21
43,95,6.41,3,17.1
47,82,5.24,3,15.71
32,148,9.1,6,27.28
30,106,5.89,9,29.33
54,119,9.27,6,28.43
53,83,8.08,7,28.39
36,122,5.85,3,16.95
49,131,7.39,7,27.21
38,131,8.18,6,27.19
47,145,8.04,0,14.5
27,141,5.1,2,14.23
56,142,7.94,14,42.31
47,130,9.55,2,21.87
30,143,8.16,10,34.51
30,135,7.84,3,19.5
31,90,8.78,14,42.2
50,114,7.62,6,26.07
23,90,8.71,0,14.38
49,112,5.87,14,38.3
34,145,9.6,6,28.35
33,80,7.17,7,26.06
39,112,6.91,8,27.84
45,156,8.72,7,30.18
30,106,7.93,6,25.25
35,144,6.21,3,17.19
48,124,6.36,4,19.67
58,123,8.19,10,34.9
27,119,6.95,14,40.17
34,124,7.06,9,31.61
50,81,8.38,2,18.4
32,120,8.09,11,36.81
48,131,5.84,0,11.36
34,96,9.41,1,17.7
21,129,6.64,1,13.96
24,120,8.35,7,28.34
38,84,9.62,5,26.37
56,131,7.2,6,24.9
52,127,7.46,8,29.3
48,92,8.38,2,18.17
48,134,6.64,3,18.83
58,113,6.77,7,27.26
52,134,7.96,7,28.13
28,123,6.57,14,39.1
45,120,6.57,5,21.43
40,81,9.01,14,43.7
53,155,5.17,8,26.11
50,135,5.13,3,16.06
57,92,6.47,9,30.03
36,127,8.45,2,19.15
45,119,6.53,14,39.03
58,139,8.15,11,36.69
30,116,6.43,9,29.56
25,100,5.15,5,18.39
28,97,8.64,11,36.0
53,156,7.72,14,42.69
57,134,8.22,6,26.26
21,159,5.89,0,11.51
51,142,8.09,3,20.8
27,139,9.05,12,40.14
43,125,5.7,0,10.71
44,95,6.42,9,29.63
34,123,8.96,13,40.89
43,91,8.22,13,39.7
29,143,5.94,5,20.79
28,107,6.36,9,29.38
28,134,9.53,3,22.35
23,107,6.89,7,25.38
52,117,5.46,11,32.44
24,134,8.32,9,31.91
58,93,7.01,9,30.23
22,110,8.66,10,33.54
29,142,5.56,1,13.13
21,125,6.54,6,23.7
31,155,6.96,3,19.22
49,154,7.87,3,19.56
46,83,5.93,9,28.39
47,99,6.61,5,21.42
58,151,8.83,1,17.77
49,103,5.94,13,37.27
53,117,6.9,12,36.5
48,152,6.96,5,22.74
51,103,6.04,10,31.5
39,148,9.36,2,20.31
46,127,7.57,10,33.2
49,124,6.93,13,39.06
31,156,8.89,0,15.67
52,100,5.18,0,9.02
41,152,9.99,6,29.76
58,145,9.8,5,27.9
54,132,5.44,13,36.27
42,144,9.44,13,42.46
47,87,6.55,8,26.47
28,113,5.52,5,19.08
51,89,7.85,1,15.57
21,80,9.34,9,33.63
59,114,5.8,5,20.65
54,134,9.85,12,40.93
44,105,6.46,13,37.92
48,147,7.85,12,38.75
24,84,8.33,2,18.3
38,158,6.75,2,16.89
49,146,9.39,0,15.99
43,98,9.96,0,16.39
57,122,7.04,9,30.74
47,118,5.73,9,28.19
36,106,9.42,1,17.89
47,101,7.63,11,35.18
29,128,8.7,0,14.66
25,137,6.79,0,12.02
28,138,5.57,2,13.72
38,158,9.3,8,33.04
55,119,7.42,5,23.49
26,94,5.55,0,10.22
43,111,5.94,11,32.95
46,137,8.71,12,38.84
59,135,9.38,0,17.21
44,131,6.39,3,18.07
30,156,6.4,5,21.7
35,159,5.51,3,16.42
58,107,7.09,11,34.9
40,103,9.46,2,19.6
49,116,5.82,6,23.04
26,141,8.9,13,41.39
29,84,6.09,14,37.91
25,123,6.01,13,36.67
59,129,5.07,5,19.72
39,80,8.35,9,31.9
25,143,6.93,0,12.28
40,156,9.87,14,45.27
31,151,5.26,11,31.59
47,80,5.33,5,19.4
49,94,6.42,7,26.22
27,153,7.69,10,32.97
23,80,8.74,8,29.87
25,157,6.52,11,33.59
33,131,6.67,6,23.33
36,120,8.6,6,26.62
32,142,6.85,13,38.33
59,125,8.26,13,40.59
47,100,6.57,8,26.76
53,144,9.96,3,23.86
35,131,9.58,8,32.12
41,110,7.93,7,27.51
37,150,9.8,8,31.97
57,115,7.81,13,40.23
35,103,9.26,6,27.87
40,117,9.76,13,42.61
39,147,9.88,9,35.29
21,81,9.86,5,25.82
24,145,9.37,0,16.68
23,136,6.97,7,26.76
28,142,9.96,12,40.74
25,150,8.9,8,31.25
29,120,9.26,9,32.68
21,86,9.0,14,42.48
50,136,7.86,13,40.17
27,124,7.71,1,15.3
42,87,7.07,7,25.43
40,82,5.63,14,38.44
49,111,8.15,12,40.3
47,147,6.61,9,29.21
45,89,5.96,13,37.31
55,97,6.31,0,12.2
47,132,6.94,7,26.74
31,155,5.04,1,11.88
37,90,6.75,5,22.06
51,111,8.19,2,19.04
38,85,6.0,14,39.12
39,117,6.06,3,16.91
58,134,5.79,3,16.77
49,107,6.19,13,37.71
35,105,5.13,4,18.13
27,151,9.89,12,41.49
57,153,5.34,0,9.85
57,101,8.64,2,19.71
27,85,6.35,5,21.07
42,115,7.49,8,29.51
32,90,6.66,7,24.79
28,113,9.85,5,26.54
38,82,6.79,2,15.85
48,129,7.24,0,13.04
38,115,9.94,5,27.06
51,134,5.5,11,32.52
37,109,6.48,3,16.57
43,141,6.93,14,40.33
31,132,7.25,13,39.08
35,129,9.79,6,28.14
50,111,6.91,1,14.24
51,88,6.41,7,26.1
26,95,6.57,13,37.31
32,117,5.63,7,24.56
43,98,5.7,2,15.01
59,115,6.21,5,21.09
56,90,5.86,9,28.39
55,158,6.69,14,40.39
23,142,5.7,8,26.46
48,122,7.83,14,41.42
35,153,9.75,0,17.61
33,112,7.49,2,16.3
39,128,7.23,10,33.32
38,130,5.93,6,23.62
51,129,6.11,3,16.42
57,103,8.11,8,29.63
41,100,5.59,4,18.03
59,105,5.88,2,15.23
25,98,7.93,14,41.07
37,146,8.68,14,42.87
39,156,9.71,11,38.87
24,145,5.88,4,18.37
46,120,8.59,0,13.91
44,143,6.22,11,33.34
59,112,5.8,3,16.38
58,111,9.1,8,31.99
39,104,6.49,13,37.19
50,139,6.66,12,35.84
46,82,6.98,4,20.12
31,130,5.23,2,13.27
59,86,9.39,5,25.2
23,140,9.86,13,42.64
42,104,6.03,10,30.34
37,155,5.38,9,28.62
31,87,7.45,4,20.89
59,104,8.29,5,24.26
47,142,7.47,14,42.19
49,111,8.26,1,16.8
32,111,9.76,5,25.93
33,132,6.66,13,38.69
31,104,9.44,7,28.17
51,105,7.72,5,24.23
31,87,8.57,9,32.64
56,148,9.16,4,24.01
22,81,6.33,14,38.39
43,98,6.78,6,23.85
56,146,5.2,5,20.26
34,155,8.9,2,18.77
57,149,5.35,9,28.8
47,87,7.1,3,19.02
32,138,9.09,11,38.28
49,84,5.52,12,33.85
26,156,9.97,8,33.13
43,110,7.82,11,36.29
30,92,5.62,4,17.92
54,80,5.07,0,10.25
32,125,6.68,7,25.42
52,83,6.1,4,18.82
46,99,7.32,0,12.14
27,111,7.33,2,16.96
52,157,5.78,10,30.81
53,82,8.29,5,24.74
38,131,7.06,11,35.01
55,90,8.16,12,39.1
40,88,9.32,6,27.87
51,136,5.85,0,11.21
25,141,7.17,3,17.94
52,135,9.21,5,26.43
39,130,8.61,3,21.69
21,81,6.53,7,25.79
27,156,8.78,14,43.12
42,157,6.91,4,20.82
54,94,9.86,12,41.35
30,148,6.27,5,21.56
46,118,5.89,2,15.33
52,113,9.39,3,23.04
47,122,7.48,5,23.64
32,145,8.72,1,16.29
43,124,9.75,5,27.34
34,106,5.99,6,22.4
54,146,5.5,7,24.29
37,141,6.08,3,16.87
26,143,5.57,12,34.29
47,81,9.81,12,40.3
28,107,8.57,7,28.05
53,120,8.28,9,32.15
55,131,9.76,5,26.79
37,93,9.89,3,22.51
46,140,9.57,2,21.66
27,157,8.3,3,21.27
44,129,7.48,2,17.14
45,92,5.22,6,22.48
55,147,9.38,14,44.61
46,98,5.5,4,19.28
25,115,5.43,11,31.92
58,149,8.28,13,41.26
55,91,9.16,1,17.9
50,152,8.43,5,24.84
45,92,6.82,14,40.91
44,103,9.15,7,29.44
50,125,5.03,10,29.6
40,94,5.82,10,30.87
23,125,7.51,11,34.24
52,114,9.39,12,40.27
28,97,5.52,4,17.61
43,158,7.51,5,22.96
36,101,6.03,11,32.63
55,104,6.08,5,21.33
45,103,9.21,1,17.97
35,85,5.84,2,13.64
28,115,5.34,0,8.99
54,89,5.43,6,22.62
45,91,6.75,9,30.87
39,148,7.71,8,29.3
33,99,5.06,5,18.77
32,116,9.97,4,24.42
35,97,9.69,9,33.69
43,120,7.33,0,12.85
22,91,5.73,1,11.54
43,148,5.81,14,39.25
25,152,6.95,6,24.35
54,143,9.56,4,24.97
30,109,7.06,5,23.05
47,96,6.94,12,36.84
24,114,9.59,2,19.85
24,159,9.97,8,33.33
28,119,6.92,10,33.27
26,98,9.81,12,39.34
45,139,5.65,1,12.65
47,126,6.0,14,39.03
40,81,7.17,3,18.5
47,149,6.91,1,14.48
27,121,6.15,0,11.32
43,139,7.38,13,40.28
40,90,8.67,7,27.91
54,152,5.78,9,29.23
49,106,6.82,5,22.08
25,93,5.15,1,11.16
47,138,9.78,13,42.4
32,87,8.8,14,42.57
37,154,6.63,14,40.59
57,145,5.87,12,35.43
54,84,7.65,0,13.99
50,109,6.12,3,17.77
56,154,7.71,12,38.03
26,159,7.04,12,36.78
52,104,7.78,9,31.07
52,104,7.69,5,23.47
29,154,5.03,1,12.44
42,141,8.5,4,22.72
30,144,7.94,2,17.99
49,80,8.03,8,29.32
31,126,6.36,3,16.85
48,152,9.77,4,25.71
22,106,6.87,11,33.75
41,117,6.22,10,31.33
51,98,5.16,2,13.32
37,119,7.98,9,31.8
47,91,9.17,11,37.56
50,145,5.96,12,34.85
28,151,8.41,10,35.16
57,112,5.02,11,31.66
25,92,7.97,4,21.09
46,122,5.35,4,17.69
26,100,9.48,4,23.64
36,113,6.43,6,23.24
21,109,7.45,3,18.77
29,99,6.96,4,20.72
41,115,7.89,3,20.09
27,86,6.57,4,19.29
35,148,9.63,3,22.44
44,88,6.63,2,16.07
25,124,7.62,13,38.66
58,97,7.01,3,18.4
49,126,6.15,10,31.39
31,80,9.95,12,39.98
24,157,8.37,5,24.53
30,151,7.56,2,16.59
54,132,8.24,12,38.87
24,116,7.55,10,34.58
30,99,8.78,1,16.94
53,150,6.08,8,27.76
38,137,9.94,12,40.46
32,120,6.48,3,17.11
43,117,7.0,8,28.13
45,123,9.85,2,20.37
57,94,6.28,13,37.77
24,114,5.85,4,18.12
33,106,8.13,0,13.69
38,100,9.82,3,23.66
49,119,9.96,10,36.83
50,123,6.19,0,11.89
58,123,6.51,14,40.41
48,84,8.94,0,15.77
27,128,5.77,5,20.53
44,148,6.63,10,32.6
30,100,7.77,14,40.7
57,87,6.21,12,35.19
47,145,5.13,8,26.21
41,116,5.1,3,16.74
56,93,9.86,7,30.73
49,113,7.43,10,33.33
27,139,9.86,9,34.67
33,140,6.9,10,33.43
43,125,9.1,9,34.14
45,100,5.7,6,22.58
33,97,5.28,4,17.22
57,140,6.76,6,24.87
50,148,5.2,10,30.56
46,113,7.43,8,29.04
32,133,8.19,8,29.72
21,108,5.59,14,37.33
38,120,7.11,0,12.14
41,149,9.56,10,36.9
44,137,7.83,0,14.81
37,109,7.48,1,15.71
29,112,8.22,3,20.49
48,142,9.43,8,32.94
35,113,9.02,7,29.52
33,128,6.27,12,35.46
48,91,5.17,11,31.4
37,101,6.48,13,37.52
29,103,9.5,9,34.13
41,135,7.2,14,40.95
50,104,8.75,0,14.03
31,145,8.87,11,36.98
50,80,8.09,6,26.06
56,153,5.94,8,27.47
45,113,7.59,4,21.83
27,84,7.36,10,32.01
40,96,8.2,14,42.22
55,80,9.19,0,16.3
30,157,5.16,9,27.9
55,100,6.63,0,11.95
21,85,8.76,1,16.92
34,154,9.11,0,15.25
25,118,5.9,13,36.35
58,138,6.78,6,23.94
54,99,7.5,10,33.28
44,143,7.91,4,22.69
24,103,6.98,12,35.94
47,120,8.56,10,34.41
25,146,7.27,5,23.39
33,117,6.66,10,31.99
41,117,7.12,2,16.31
57,107,5.85,3,17.42
52,89,5.72,11,32.71
58,103,8.11,7,29.17
51,141,7.05,5,22.95
52,131,9.71,2,21.31
35,150,6.7,5,21.29
50,103,8.21,7,27.77
27,129,8.5,8,30.41
58,117,8.94,0,15.9
51,148,6.83,9,30.65
46,97,7.43,4,20.82
56,151,8.91,5,25.96
46,128,9.34,1,18.55
22,96,6.42,4,18.87
29,155,6.21,8,27.38
25,132,6.7,5,22.08
47,85,7.95,13,40.74
32,145,9.16,5,25.62
55,84,8.22,0,14.94
49,81,6.01,3,16.43
36,141,5.26,2,14.3
39,84,7.78,2,16.78
47,110,8.81,9,33.69
38,142,7.53,11,35.72
33,153,6.83,2,16.99
50,155,5.99,11,33.0
46,97,7.87,3,19.62
26,156,8.06,4,21.84
23,136,9.17,7,29.33
43,151,8.7,9,32.76
32,141,7.58,14,41.12
35,83,9.05,14,43.41
21,141,5.57,13,36.11
28,125,6.19,5,21.94
51,150,8.77,6,27.74
31,100,7.11,2,16.74
37,139,7.87,8,29.61
47,124,9.32,6,27.38
51,158,9.64,8,33.22
47,101,9.64,8,32.79
34,144,6.78,12,36.33
43,85,8.09,14,41.91
25,144,8.11,8,30.73
50,106,6.43,13,37.67
54,89,7.29,3,18.51
39,134,7.08,7,27.6
51,157,8.41,9,34.18
36,113,7.99,4,22.61
47,120,9.54,13,42.93
46,111,6.25,14,39.33
59,146,8.0,0,14.96
49,130,8.5,13,41.06
59,159,5.3,5,20.5
49,118,8.18,10,33.69
51,84,7.97,5,24.01
22,137,6.6,4,20.19
26,96,9.92,10,36.39
29,102,7.04,6,24.85
35,125,5.87,10,31.13
40,86,7.77,11,34.66
22,141,6.8,3,18.64
23,86,6.16,9,28.35
50,94,6.68,12,35.38
28,109,8.67,0,14.32
41,99,6.5,4,20.45
59,146,7.88,1,17.34
33,133,5.0,5,19.31
57,129,5.57,10,31.28
52,150,8.73,3,21.86
34,128,6.03,1,12.84
21,129,8.97,1,17.32
47,82,6.38,1,12.43
44,143,6.04,12,35.1
42,125,8.44,12,38.71
34,101,5.49,13,36.09
28,131,6.81,11,34.73
47,116,5.38,0,11.31
23,139,6.01,4,18.49
53,146,5.78,3,17.42
41,127,9.04,4,23.91
52,109,7.89,5,22.56
52,122,9.1,13,42.2
44,89,9.97,4,24.4
31,150,7.77,13,38.87
57,159,9.8,1,19.45
41,81,5.48,7,24.32
38,151,5.58,8,26.25
31,158,7.5,6,26.3
47,146,5.63,6,22.54
58,125,9.57,2,21.77
21,120,7.52,12,36.85
49,83,9.39,10,36.66
41,87,6.1,2,14.79
49,89,8.27,1,16.23
29,84,6.35,13,36.71
27,153,7.8,3,19.63
58,159,9.34,8,32.5
51,138,6.43,3,17.92
47,137,7.35,0,14.0
52,102,7.57,4,21.74
25,140,8.09,1,15.22
53,96,9.0,12,39.43
35,107,5.61,13,36.91
25,97,7.68,12,37.45
40,131,5.71,7,24.27
58,137,5.9,10,31.15
57,120,7.46,9,31.84
37,154,5.42,3,16.06
24,158,5.44,8,25.63
41,80,5.9,4,18.47
54,152,7.36,8,29.97
25,96,5.92,0,10.49
24,158,6.89,14,40.31
42,83,9.34,1,17.47
34,125,9.64,6,28.86
24,149,7.77,0,13.16
28,85,9.94,8,32.71
23,102,8.53,2,18.68
49,80,5.68,13,36.08
46,152,8.7,10,35.64
50,140,8.32,6,27.16
32,101,9.33,12,39.59
35,144,7.51,3,18.97
22,136,7.94,0,13.06
21,115,6.97,3,17.5
48,104,5.09,10,30.05
55,95,8.01,7,27.39
54,105,9.75,8,32.92
24,84,5.83,13,35.86
38,101,5.86,11,32.04
32,93,7.05,0,11.44
41,152,9.22,7,30.09
30,157,7.94,13,40.72
41,159,7.55,5,23.77
45,149,9.32,9,35.76
37,96,6.0,6,23.61
26,80,9.77,1,17.49
34,97,9.81,1,17.78
57,154,9.07,5,26.73
38,90,6.47,10,30.92
50,91,6.88,7,25.84
29,113,7.02,4,20.54
34,159,5.85,11,33.87
37,153,5.23,0,10.54
54,87,5.33,9,28.0
42,121,8.08,0,14.75
52,93,9.84,3,23.57
32,130,5.42,9,27.99
36,88,8.2,9,31.44
42,117,5.6,10,30.07
58,108,7.88,3,20.01
59,108,7.22,8,28.89
22,107,5.17,0,9.43
28,155,6.79,9,29.77
21,85,8.93,7,28.81
25,81,5.98,13,36.06
56,132,7.59,13,39.84
37,110,6.28,14,39.96
50,116,9.63,14,45.63
35,135,9.64,0,16.54
40,119,8.63,5,25.66
56,91,8.45,6,26.83
22,134,7.76,3,18.7
24,136,8.92,2,19.32
44,124,9.92,12,40.37
22,104,9.81,9,34.84
22,121,9.04,2,19.05
21,97,5.68,10,28.85
33,109,9.31,11,36.99
26,97,7.96,13,39.13
42,86,7.67,9,30.19
37,158,7.72,10,34.05
42,109,6.27,7,25.9
26,84,6.03,5,20.17
23,148,7.24,5,22.86
26,112,8.17,7,28.83
37,85,8.26,14,41.66
55,127,7.62,6,25.49
57,83,9.11,11,37.38
55,92,9.61,2,20.8
43,105,6.08,3,16.59
28,128,8.69,0,14.84
27,99,6.16,9,29.56
30,111,9.23,10,34.95
46,144,7.54,1,16.01
30,132,6.86,6,24.76
39,144,8.82,3,21.87
43,82,5.37,5,20.24
51,100,7.85,4,21.44
53,122,7.73,1,16.34
22,104,9.34,1,17.07
48,146,6.59,11,34.27
52,114,6.52,4,19.3
53,102,5.47,6,22.34
29,92,7.72,11,35.1
49,102,5.12,9,28.41
35,142,9.69,5,26.13
38,94,6.18,5,20.83
38,158,7.22,0,12.73
27,105,5.77,2,13.97
34,146,6.68,13,37.39
49,140,9.56,4,24.12
39,107,9.9,11,39.03
25,113,6.43,5,20.57
25,95,9.08,5,24.04
35,122,5.81,6,23.02
46,90,5.69,14,37.93
44,103,5.69,3,17.07
39,104,9.71,2,20.33
40,156,8.5,9,33.12
29,98,7.89,10,32.65
48,113,5.95,9,28.71
36,145,7.65,6,25.44
31,151,9.97,7,31.54
54,84,9.13,1,17.75
45,154,9.93,5,27.42
41,145,5.06,0,9.56
25,133,7.78,8,29.47
31,103,6.46,11,33.93
29,155,6.66,6,24.36
31,159,5.28,10,30.11
57,130,8.37,7,28.71
21,103,9.27,3,21.8
46,129,6.22,13,37.63
30,133,7.61,7,27.56
39,96,5.26,10,29.76
36,114,6.4,11,33.88
57,109,6.11,12,34.6
24,126,9.88,7,30.59
34,121,7.5,7,26.7
50,101,6.08,4,18.84
27,110,5.66,8,25.69
32,130,8.88,12,39.46
44,116,5.23,3,16.61
59,92,5.69,2,15.3
42,110,5.26,7,24.21
50,93,6.83,6,24.99
59,118,9.72,9,34.94
40,117,6.18,6,22.77
46,154,6.88,11,34.69
25,97,8.67,9,32.7
26,118,6.02,5,21.29
54,146,6.43,1,14.83
25,120,6.93,5,21.22
30,125,9.77,10,35.48
48,128,7.72,9,31.69
23,106,7.19,3,18.78
33,102,7.01,4,19.97
22,114,6.95,9,29.76
55,92,9.55,4,24.06
48,105,8.89,7,29.13
57,157,5.94,4,19.82
43,114,6.59,7,24.9
43,120,9.24,8,32.41
55,85,8.75,10,35.44
59,151,5.52,7,24.23
52,131,7.04,13,39.05
22,132,7.45,11,35.12
36,158,9.29,10,35.73
36,87,9.26,1,17.22
23,126,5.76,11,32.12
48,159,7.93,3,19.45
49,143,9.72,7,30.65
40,113,5.38,10,30.46
56,108,6.79,14,39.9
53,114,6.69,4,20.27
42,127,5.86,9,29.11
28,153,9.89,10,36.46
44,144,8.54,1,17.65
57,148,8.42,11,37.06
40,146,5.24,6,21.92
32,93,6.92,10,32.0
40,125,8.11,5,25.97
40,106,7.43,10,33.45
24,125,8.62,0,14.68
50,108,9.14,8,31.49
51,80,8.81,9,33.62
42,82,9.72,2,21.02
35,105,7.77,2,17.73
58,100,9.27,12,40.12
57,103,9.92,8,33.57
48,124,7.55,12,37.95
31,108,5.07,7,23.14
34,97,6.63,0,11.95
31,82,7.69,13,38.67
29,130,8.4,11,36.64
44,97,7.96,13,38.97
30,116,8.24,10,34.59
58,142,8.61,3,21.02
57,98,7.48,1,15.75
52,102,9.14,6,27.52
40,134,8.33,8,30.19
34,103,8.88,9,32.44
58,105,8.31,13,40.69
24,133,5.54,13,36.5
44,112,5.78,3,15.97
52,136,5.85,1,12.88
30,88,5.24,11,31.63
36,143,6.09,13,37.06
59,154,7.8,4,23.6
52,138,5.3,2,13.77
38,95,6.42,14,39.48
45,84,8.12,6,26.38
27,123,6.0,6,22.27
38,125,5.99,4,19.75
38,89,9.14,3,21.93
23,156,7.75,13,39.37
21,137,6.57,13,38.06
53,149,7.74,11,35.95
27,143,7.14,9,29.97
30,159,9.75,9,35.18
28,149,6.01,8,27.13
52,139,8.32,14,42.86
43,104,9.57,2,20.27
37,90,8.61,6,26.64
34,142,6.94,10,32.08
37,105,8.73,12,38.45
45,120,6.16,9,29.33
41,132,8.58,2,19.24
26,154,8.93,4,23.72
40,103,6.88,14,40.46
40,152,7.78,1,16.61
46,151,7.82,3,19.58
52,86,7.78,1,15.92
28,152,6.0,12,35.41
49,143,8.16,13,40.68
37,151,7.03,13,39.12
38,125,5.67,5,20.24
38,157,5.28,11,31.98
31,130,9.12,4,24.14
32,150,8.8,8,31.57
35,85,9.66,5,26.34
46,109,7.39,11,34.87
23,95,8.07,6,25.36
23,136,5.32,14,37.53
58,144,6.51,2,16.24
55,140,8.76,8,32.09
29,96,6.38,2,14.72
24,142,5.56,12,33.99
40,86,5.31,13,35.67
35,114,7.27,9,31.28
49,148,9.37,1,18.65
25,109,6.85,9,29.03
59,123,8.33,3,21.99
27,159,7.15,2,17.34
28,85,8.93,11,36.99
52,159,9.02,9,33.77
56,135,9.73,13,43.47
53,87,6.69,5,22.38
57,99,7.36,10,33.4
52,152,8.23,6,26.37
56,109,7.5,14,40.72
54,141,5.42,1,12.86
45,156,8.23,4,23.12
52,105,5.55,2,14.88
22,145,9.2,2,19.52
29,140,5.41,12,33.1
58,140,8.91,14,43.65
49,124,5.76,10,30.92
58,125,8.7,13,40.14
38,103,5.12,12,33.92
42,156,5.56,14,39.32
55,95,5.1,10,28.76
35,95,5.91,9,28.06
27,145,5.0,3,15.15
33,80,5.43,8,25.31
56,153,5.13,9,28.67
36,104,7.17,0,12.24
41,93,5.79,13,36.17
48,86,6.44,5,21.33
30,100,6.31,14,40.31
39,128,9.15,0,16.98
37,83,5.82,10,30.93
21,91,7.49,2,16.5
33,101,5.35,9,27.18
56,113,7.05,4,20.33
40,105,9.02,11,37.62
26,107,7.58,3,18.45
43,98,6.29,0,10.73
44,110,7.04,0,12.48
25,93,7.78,13,39.13
52,102,9.52,7,30.62
37,87,9.19,5,25.9
31,117,9.81,10,36.95
47,89,5.89,9,28.08
24,109,5.99,12,34.18
43,86,5.5,9,28.75
43,81,7.54,12,37.09
54,101,5.9,0,11.62
41,84,8.44,9,32.2
42,146,9.78,7,30.76
21,152,7.84,14,40.44
52,148,8.59,8,32.09
48,135,6.0,9,29.42
38,99,9.08,1,17.41
27,149,9.28,4,23.16
58,147,9.42,9,35.07
26,136,9.33,7,29.94
34,100,6.56,0,11.49
50,96,7.64,7,27.23
34,158,6.55,4,18.72
29,106,9.39,0,15.54
51,118,9.54,7,29.97
22,146,8.37,11,36.83
38,149,6.1,11,33.31
25,148,5.56,2,13.96
46,92,9.52,9,34.54
43,129,6.78,7,25.78
32,89,8.25,7,28.4
34,135,9.08,5,26.11
33,123,8.34,0,14.06
55,107,9.94,14,45.22
35,116,7.87,11,35.02
55,115,7.8,12,38.56
39,135,8.08,13,40.81
35,156,7.67,9,31.76
28,136,8.89,12,39.13
43,115,9.69,13,42.92
33,80,9.53,7,28.78
43,122,7.47,2,17.17
51,88,9.64,7,30.25
50,146,5.72,9,28.74
22,111,7.78,7,27.82
31,149,7.54,12,37.4
45,137,6.06,13,37.15
49,131,9.92,10,35.89
42,149,9.79,3,23.21
39,107,5.01,4,17.2
29,144,7.69,2,17.48
58,119,5.76,5,21.22
49,159,6.7,10,32.0
30,99,6.66,11,33.47
42,158,6.72,2,16.34
44,89,7.88,6,25.76
28,155,7.57,0,13.03
26,141,7.32,13,38.67
27,116,7.61,5,23.74
40,139,7.99,7,27.72
37,156,6.26,12,36.24
56,146,9.08,4,24.75
28,131,7.76,2,19.22
33,114,6.32,8,27.63
44,141,5.86,12,35.2
51,91,8.83,4,23.74
43,108,7.63,4,21.19
37,109,5.92,3,16.87
44,101,9.19,12,39.27
30,132,8.5,2,19.7
51,101,6.64,4,19.47
40,139,6.39,10,32.07
36,128,6.1,4,19.29
34,128,5.36,9,27.49
23,86,9.72,5,25.43
50,125,9.79,14,44.38
38,90,7.02,1,13.81
26,95,5.47,12,33.68
40,133,6.7,1,14.35
55,136,6.8,1,14.78
39,115,6.3,10,31.51
46,130,5.5,13,36.97
55,101,5.51,1,12.46
32,116,9.69,2,20.71
28,82,8.97,2,19.13
57,114,6.17,2,15.83
30,117,8.57,13,40.97
41,134,5.28,0,10.18
49,120,6.27,3,16.94
51,117,8.45,2,19.31
27,113,8.12,11,36.65
54,90,8.12,12,37.62
54,158,6.87,0,13.41
50,93,6.61,14,39.86
24,100,6.97,8,28.13
50,107,6.43,2,16.29
45,139,5.42,0,10.88
34,113,6.01,14,38.49
44,144,5.23,10,29.76
51,83,5.86,10,30.34
59,135,6.42,10,31.94
48,149,6.74,6,24.6
45,159,9.7,9,34.91
39,89,9.03,5,24.99
24,114,7.56,4,20.64
54,89,8.29,13,40.47
52,155,5.86,9,28.92
45,142,7.71,6,26.25
42,104,9.01,13,41.46
48,153,5.79,13,36.34
38,111,8.9,13,41.44
27,135,7.23,6,25.07
31,105,6.0,6,23.28
31,147,5.25,12,33.57
29,152,9.78,0,16.28
55,106,5.87,6,23.27
57,152,9.04,13,42.03
43,90,7.69,1,15.49
53,132,9.6,12,41.18
21,111,9.11,12,39.16
40,138,6.21,1,13.57
25,109,9.95,14,44.01
49,88,6.96,9,30.49
46,90,9.07,2,19.64
58,96,9.93,5,26.78
23,90,6.53,3,17.24
41,136,8.73,3,21.46
33,129,5.86,13,37.04
51,152,7.98,2,18.01
37,132,7.07,13,38.19
55,159,6.63,8,28.13
43,145,5.47,9,28.26
23,122,5.82,4,16.92
22,118,9.72,14,44.64
23,121,8.09,0,14.14
40,155,5.76,11,32.37
29,113,7.4,14,40.64
24,104,8.67,13,40.82
45,157,9.02,5,26.34
21,88,8.67,12,38.26
59,91,5.8,11,33.56
32,89,9.63,6,28.42
44,113,7.49,9,31.59
29,155,8.48,9,33.51
40,105,6.41,4,19.18
25,114,8.18,3,19.38
40,156,7.64,11,35.54
41,135,5.99,12,34.69
22,156,9.49,5,26.31
41,135,8.19,4,22.15
44,127,6.67,7,26.27
29,102,8.04,12,37.88
59,144,9.34,9,34.34
50,87,7.77,14,41.58
38,92,7.09,11,33.94
30,128,8.23,1,16.46
41,89,6.7,7,24.96
42,82,7.76,2,17.47
37,107,7.14,8,28.37
25,106,6.12,2,14.38
26,90,5.87,0,9.69
30,91,7.43,11,34.25
22,86,6.11,9,29.51
27,121,8.02,1,15.59
24,89,9.57,5,25.68
57,140,7.29,13,39.47
39,143,9.38,2,20.45
48,107,9.67,0,16.46
40,105,8.0,11,35.94
50,131,7.92,12,38.76
58,153,8.52,6,27.82
22,83,5.7,10,31.13
23,101,8.05,14,41.65
59,89,7.79,5,23.35
45,83,6.14,9,29.06
22,86,8.52,3,19.59
59,142,9.01,14,44.61
35,146,6.13,5,21.33
23,109,5.15,8,25.48
25,155,7.61,9,30.8
56,100,5.87,4,18.45
58,127,5.16,4,17.43
57,96,7.09,2,17.19
47,146,7.8,10,33.77
25,158,8.76,2,19.14
37,88,6.82,2,16.6
58,119,6.07,12,35.27
32,138,6.64,6,24.36
51,148,7.5,3,19.61
53,120,8.36,13,41.29
49,147,8.18,7,28.53
58,127,7.64,11,36.45
23,140,6.28,7,25.88
58,84,7.81,12,37.04
50,86,8.44,0,14.84
42,154,9.47,2,21.23
58,85,5.01,10,29.34
52,108,7.92,9,31.63
30,130,8.11,13,39.34
52,107,6.07,4,19.34
24,136,7.8,1,15.43
49,142,8.72,9,33.42
28,117,9.16,10,35.4
40,128,8.29,1,16.77
27,91,9.88,5,26.57
21,124,9.17,7,30.59
45,124,6.97,3,18.95
46,84,9.35,3,22.48
29,144,6.06,11,33.12
43,114,8.53,14,43.03
22,114,5.84,11,32.27
46,110,9.86,7,30.54
34,115,8.2,11,36.38
51,119,8.73,3,21.4
46,119,8.09,9,31.4
39,140,7.19,14,41.52
58,91,6.74,5,21.42
25,92,6.4,11,32.95
26,109,8.95,2,18.9
55,119,6.15,0,11.2
36,96,9.28,6,27.19
51,152,8.78,7,29.73
38,101,7.04,11,34.35
34,135,8.21,4,22.28
45,141,9.05,14,43.21
35,136,5.08,13,35.42
46,94,6.35,7,25.19
56,133,9.85,1,18.91
31,95,7.03,3,18.58
57,103,8.48,8,30.18
57,159,5.91,0,11.38
27,159,6.85,11,33.73
38,104,9.01,10,34.79
40,125,7.34,2,17.01
22,134,9.5,11,38.45
46,80,5.08,4,18.05
43,129,7.74,7,27.49
52,129,9.02,9,32.85
33,112,7.03,3,18.76
33,150,6.37,2,16.35
37,107,6.25,10,30.57
45,111,6.84,12,36.5
42,87,8.71,5,24.86
47,123,5.89,10,30.53
37,107,7.94,7,26.53
46,146,5.11,1,11.65
58,86,5.5,4,17.82
34,85,6.06,14,37.86
34,124,7.68,8,29.45
32,93,8.84,4,22.03
25,124,5.66,5,20.43
57,138,7.89,2,19.62
24,119,8.6,8,30.81
49,125,9.24,5,27.15
45,138,6.2,10,32.28
24,116,5.69,11,31.74
36,147,8.09,2,18.57
22,144,6.83,4,20.56
43,107,8.11,6,25.5
24,120,6.23,7,24.44
40,94,6.17,1,13.53
37,118,8.82,13,40.0
26,157,6.41,2,16.01
38,145,9.77,4,25.02
40,156,8.69,5,26.16
59,107,9.73,6,29.57
54,110,8.21,3,20.39
44,91,8.91,5,24.43
38,92,6.93,3,18.3
50,82,9.96,7,30.6
21,142,6.34,9,28.72
43,108,5.43,1,12.0
49,143,9.36,1,18.41
52,155,7.78,10,33.68
22,145,7.05,3,18.09
56,129,6.59,12,36.73
37,159,9.79,14,45.14
22,152,9.59,1,17.34
24,96,9.34,8,32.43
54,135,8.2,4,22.48
21,86,6.16,8,26.77
43,115,9.31,5,26.74
26,119,9.54,7,29.89
36,80,6.64,6,23.88
22,121,8.17,11,35.29
32,115,5.0,9,26.05
47,118,8.93,0,15.85
39,80,8.58,12,38.68
48,142,6.0,3,17.29
55,153,6.22,11,33.46
24,154,7.39,11,34.77
27,135,8.29,6,25.42
57,110,8.66,12,38.57
45,80,5.11,11,30.81
37,120,5.19,11,31.22
34,90,7.91,8,29.28
57,85,6.09,11,34.18
22,130,7.18,1,14.38
44,143,5.1,0,9.09
35,157,7.45,1,15.24
53,99,5.06,13,35.31
32,83,9.95,11,38.7
39,118,5.76,8,27.15
25,126,9.04,1,17.78
21,101,6.8,12,35.8
29,121,6.28,12,35.08
59,156,5.67,8,27.4
54,158,9.36,6,28.6
49,114,6.61,9,29.89
22,104,8.7,5,25.03
39,82,5.56,14,37.94
48,130,9.91,0,17.35
55,91,7.89,8,29.27
42,93,8.97,11,38.2
24,119,5.03,8,25.2
28,111,8.37,11,36.37
21,129,9.5,13,41.6
56,147,7.62,11,35.76
27,108,9.2,14,44.29
45,110,7.59,10,32.69
49,103,9.87,0,16.81
21,90,5.68,5,19.88
38,109,9.64,4,23.78
24,98,7.94,2,17.64
40,115,9.46,7,29.73
28,85,5.63,14,38.8
47,81,9.57,4,24.3
59,98,7.46,10,33.34
55,125,7.29,11,34.12
45,119,7.85,12,37.0
34,97,9.38,6,28.4
51,115,9.17,9,33.73
25,125,5.62,10,30.06
37,135,5.06,11,31.53
30,131,7.56,3,19.15
36,133,9.95,8,33.8
24,135,7.54,13,38.8
25,99,5.72,11,31.23
40,80,7.17,9,31.54
26,102,6.84,0,11.96
31,117,9.78,12,40.32
37,99,9.75,11,39.27
23,83,5.36,7,24.04
36,148,6.17,10,30.62
56,85,7.29,13,39.36
46,142,7.85,12,38.4
44,80,5.95,8,26.11
54,142,7.93,6,25.15
40,158,6.02,10,31.33
37,159,7.11,13,38.73
40,133,7.62,12,37.73
36,148,9.88,5,26.62
24,122,5.34,5,19.54
38,84,9.63,14,44.99
56,149,5.68,5,20.97
55,145,5.48,0,11.48
50,89,6.47,11,32.9
38,115,7.82,8,30.39
41,114,7.08,2,16.52
52,124,7.61,2,16.79
25,102,8.89,0,15.35
43,141,9.15,2,19.9
50,126,9.81,2,20.83
47,95,9.63,9,33.54
35,116,5.96,2,14.52
34,121,8.58,7,29.33
41,114,8.75,14,42.85
54,119,7.39,11,34.68
46,95,9.43,0,15.73
45,148,8.79,6,27.96
51,90,7.01,11,34.48
26,130,7.11,9,30.96
24,154,6.87,14,41.1
44,159,7.53,14,41.35
51,129,8.66,0,15.3
39,146,6.59,8,27.85
31,146,6.14,5,21.02
49,144,5.17,12,33.72
25,91,8.99,1,17.07
38,86,6.81,3,17.37
23,122,8.77,14,42.55
31,125,5.56,10,29.34
41,101,7.66,7,27.86
50,155,6.99,11,34.83
39,85,7.37,8,28.86
45,117,9.63,3,23.18
55,118,5.33,12,34.87
32,139,7.1,14,40.48
46,141,9.14,12,39.78
25,106,8.09,8,29.64
39,128,9.91,10,36.49
47,94,8.72,5,25.42
58,112,5.48,6,22.43
49,125,6.89,2,16.18
32,150,6.65,1,14.44
39,92,7.45,2,17.06
29,132,8.11,0,13.36
38,118,6.26,8,27.56
49,129,8.14,12,39.54
23,149,6.32,11,33.5
43,139,5.62,12,35.04
50,88,7.56,4,21.94
44,83,7.44,9,31.37
57,100,7.03,3,17.89
57,91,7.66,11,34.58
24,156,7.5,0,13.67
48,129,7.92,3,20.69
36,92,9.84,11,37.75
33,131,8.53,10,35.24
28,159,9.33,11,37.76
45,100,7.49,10,32.97
22,134,8.46,4,22.18
50,89,5.32,3,16.76
23,157,9.07,11,37.01
43,108,9.73,0,16.19
49,90,9.87,9,34.95
50,109,5.93,0,10.57
31,119,9.82,7,31.37
41,128,7.71,1,15.69
47,82,9.27,8,32.14
44,80,8.75,14,42.93
51,111,9.53,4,24.55
50,118,8.07,5,24.82
21,81,6.63,4,19.49
21,153,8.8,11,37.81
28,110,6.44,10,31.17
54,97,6.33,0,11.71
36,86,5.86,6,21.44
47,84,5.39,12,33.28
24,108,9.02,9,32.66
39,147,6.51,1,13.6
49,125,6.99,9,30.89
23,135,8.87,11,36.53
31,82,5.18,12,33.26
28,92,6.65,10,31.47
59,146,9.61,10,37.06
53,151,6.02,6,23.68
28,129,5.42,12,34.04
45,83,9.85,13,43.48
44,121,8.37,12,38.7
46,155,9.09,5,26.04
46,103,5.81,11,31.89
37,98,5.06,0,8.62
47,119,7.8,1,16.5
49,113,8.3,6,27.0
59,86,6.12,11,33.69
29,154,5.09,4,18.46
34,117,9.85,4,24.86
25,98,6.83,11,34.63
50,124,8.59,2,18.6
48,99,7.36,14,40.17
57,81,6.28,8,27.31
28,116,9.77,11,38.54
35,110,7.75,4,21.63
48,121,6.7,11,34.79
56,85,8.68,12,39.0
53,88,8.11,0,14.5
26,153,8.52,10,34.77
32,132,9.15,12,39.26
27,90,5.81,1,12.33
48,155,5.31,4,18.81
27,95,7.31,13,38.46
21,92,5.11,1,10.99
44,117,6.05,7,24.86
39,92,5.83,8,25.99
52,94,8.83,4,23.57
50,97,8.92,7,28.92
21,95,5.67,4,17.39
52,120,6.56,3,18.17
40,129,8.55,7,28.44
41,148,6.01,2,15.3
39,145,6.74,7,27.06
50,120,6.84,2,16.47
48,106,5.36,1,11.36
52,138,5.99,12,35.4
50,144,6.08,1,12.73
43,93,8.65,1,15.51
47,114,6.44,2,15.16
57,102,8.71,1,17.95
46,101,7.58,11,34.93
23,106,5.4,13,36.5
51,129,6.09,13,37.9
22,104,5.22,5,20.15
30,133,9.83,7,29.51
58,128,9.13,12,40.56
39,82,6.34,8,26.98
51,104,6.76,11,34.63
49,147,8.55,5,25.13
45,136,7.28,14,41.19
52,94,8.0,9,31.92
37,146,5.13,9,27.95
43,90,9.62,5,26.86
38,82,6.29,13,37.22
31,97,8.28,14,41.93
40,132,9.75,3,22.22
33,88,8.3,1,15.75
44,158,8.77,12,39.08
40,151,9.83,5,26.66
48,119,8.37,0,15.16
55,135,7.53,9,31.96
41,93,7.66,6,26.13
26,140,5.21,12,33.56
27,92,5.41,2,13.59
49,126,7.8,7,27.98
43,153,7.68,8,29.88
25,84,7.54,14,39.97
42,84,5.7,2,14.02
29,91,9.64,9,34.37
52,114,9.54,6,28.7
30,105,6.49,2,15.53
48,80,7.01,2,17.0
31,89,6.93,13,38.69
27,117,6.12,13,37.3
50,103,6.65,14,41.14
58,126,9.97,12,41.77
54,81,7.85,13,39.41
48,81,9.49,3,21.76
52,109,8.66,4,23.36
36,104,9.39,12,39.56
59,141,6.83,6,25.34
21,80,8.21,10,32.34
54,142,6.86,7,26.48
43,138,9.09,7,30.19
40,133,8.83,1,17.36
38,148,8.9,11,36.88
38,134,5.98,7,25.17
41,121,9.29,10,36.42
28,132,9.99,8,32.03
54,144,9.15,6,28.9
31,88,7.42,9,30.26
30,150,6.53,7,25.77
28,130,5.65,14,37.7
28,95,7.06,11,34.13
39,132,6.35,10,33.49
21,149,7.16,0,12.49
23,141,5.26,2,13.79
52,116,6.47,1,13.49
36,140,9.81,6,28.25
50,136,5.6,13,36.83
48,124,5.37,7,23.98
48,155,8.45,14,43.31
36,96,9.14,1,17.01
53,81,5.48,1,12.15
45,116,9.78,5,25.58
38,133,5.18,5,18.81
46,121,9.38,12,40.73
26,108,9.15,5,25.14
58,144,8.34,5,24.72
23,157,8.17,14,41.97
26,119,8.92,14,43.15
34,90,5.39,7,23.43
38,137,6.89,1,13.88
36,99,5.46,3,16.15
44,145,5.77,2,14.82
33,110,9.14,14,42.58
21,84,8.51,1,15.96
58,129,6.83,14,40.24
34,88,7.03,10,31.78
37,120,8.39,4,22.09
33,89,8.19,6,26.34
33,132,7.44,4,21.11
29,128,8.75,3,20.84
26,105,6.05,9,28.67
26,146,6.51,5,21.48
50,115,5.32,11,31.6
57,102,7.87,5,23.89
34,118,8.8,10,34.41
24,138,7.63,2,17.51
54,102,6.84,14,40.57
22,102,6.0,5,19.82
37,122,7.8,14,41.07
34,104,5.69,13,35.99
37,139,7.71,12,38.46
50,112,5.93,7,24.99
49,112,5.48,13,36.55
27,144,9.82,4,23.52
29,126,5.3,4,17.33
43,112,9.41,10,36.21
56,117,9.79,13,43.63
34,103,8.47,5,25.1
40,152,9.83,3,23.26
37,128,8.79,11,37.98
52,109,5.9,2,15.96
45,137,7.79,1,15.9
50,138,8.59,7,29.64
47,95,7.97,11,35.18
47,95,7.1,3,19.31
51,112,6.65,9,30.56
46,118,9.55,12,40.78
34,125,9.24,10,35.79
41,117,9.28,2,20.44
48,102,6.92,4,20.86
35,105,7.15,8,28.01
50,128,9.88,3,23.2
45,103,9.35,3,22.16
31,121,8.33,3,20.17
31,106,6.55,3,18.13
48,81,6.82,14,40.98
25,87,8.54,6,26.78
48,158,5.21,2,13.89
28,120,9.61,8,32.2
46,92,6.58,1,13.45
26,101,6.58,10,31.2
52,126,5.01,2,13.6
52,126,8.3,2,19.3
32,144,7.6,12,37.01
26,148,7.41,9,30.76
33,108,7.12,5,22.51
59,158,6.48,4,21.42
54,109,7.12,0,13.58
43,125,5.02,4,17.9
37,85,6.5,11,32.91
21,85,9.63,9,33.93
27,131,9.11,13,42.03
33,84,8.15,7,28.4
34,120,9.14,10,36.28
37,99,7.71,1,16.02
50,99,5.48,1,12.66
54,118,7.31,5,23.48
47,109,9.62,9,34.8
45,127,5.32,14,38.92
55,139,8.68,12,39.86
29,102,8.5,0,13.99
26,139,6.62,9,30.25
46,129,9.33,7,29.64
58,92,8.31,1,16.56
59,153,6.09,10,31.29
47,117,8.2,2,18.98
51,118,9.14,6,28.15
23,147,9.39,7,30.48
44,98,9.75,9,34.79
35,131,5.24,3,15.7
26,120,5.79,4,18.69
31,106,5.85,11,32.55
50,102,6.2,10,31.43
55,98,8.42,1,16.92
58,159,7.08,10,33.32
49,114,5.6,9,28.38
43,84,9.87,4,24.24
23,84,5.51,8,25.79
46,85,9.4,6,27.62
34,120,6.69,11,34.18
39,120,5.62,11,32.76
41,133,5.26,11,33.1
41,123,7.37,4,21.49
29,127,7.07,10,31.69
33,116,7.44,8,29.23
57,135,8.34,6,27.59
58,112,6.36,4,19.61
44,114,5.01,2,13.98
58,85,7.69,4,21.79
31,125,5.26,13,36.44
49,153,9.09,3,22.45
58,115,9.04,2,19.9
37,123,5.6,12,34.47
46,86,9.76,3,22.51
46,86,7.01,12,36.29
32,108,7.8,13,38.86
38,159,8.75,14,43.7
29,144,5.95,7,25.5
23,139,5.05,4,17.85
30,114,8.69,14,42.76
22,136,8.95,1,17.11
28,108,8.3,8,29.77
38,117,8.11,9,31.61
59,156,9.51,2,21.33
51,91,9.42,4,24.19
34,159,5.48,11,32.32
59,137,6.01,3,17.81
53,157,8.22,5,25.29
49,159,5.4,5,21.59
53,85,7.74,6,24.78
55,115,5.7,3,16.34
22,131,9.73,1,19.75
55,106,6.95,10,32.55
52,104,6.16,0,11.45
56,119,8.78,14,43.69
43,115,6.03,4,18.69
25,139,9.28,10,35.48
36,108,9.13,2,19.12
44,82,6.27,6,22.29
48,92,6.66,8,28.39
45,147,5.17,7,24.96
27,90,6.5,9,28.85
58,127,5.82,5,21.91
27,158,5.18,2,14.14
42,139,9.75,9,35.63
42,81,9.71,10,36.43
47,158,8.12,1,17.2
53,149,7.32,12,37.78
52,92,7.35,11,34.67
59,114,8.16,8,30.73
52,130,6.23,2,15.94
21,135,8.44,9,33.2
30,119,5.13,13,35.75
24,156,8.26,13,39.95
49,138,7.59,2,17.57
27,91,8.48,10,34.61
58,95,8.06,9,32.0
26,132,6.28,1,13.21
31,120,7.69,13,39.42
29,99,8.3,13,39.17
50,119,5.08,14,37.98
42,140,9.84,6,29.71
59,156,6.88,5,21.93
29,113,6.36,4,19.15
58,98,8.56,4,22.33
53,124,8.94,13,41.8
46,108,7.09,6,24.73
36,98,8.03,12,37.91
29,135,6.32,7,25.72
43,106,8.51,8,30.41
35,81,7.49,14,40.04
39,119,5.7,1,12.39
36,144,9.11,12,39.42
45,157,9.5,5,26.73
55,87,6.73,5,21.99
33,106,6.86,3,17.66
27,109,8.86,9,32.99
54,104,9.28,2,20.59
34,128,7.62,2,17.99
43,135,9.32,0,16.16
43,144,5.09,3,16.36
37,110,5.82,3,15.66
33,139,9.32,10,35.7
47,113,8.36,2,17.06
22,96,8.2,3,19.08
57,152,8.28,2,19.29
50,108,5.55,12,34.17
24,151,9.32,10,35.24
50,85,5.49,14,38.3
23,85,6.02,14,38.07
34,82,8.69,0,15.17
31,110,6.2,14,37.86
43,155,9.02,13,42.3
52,131,8.63,2,20.59
23,87,8.71,4,23.64
21,105,7.12,0,12.52
29,94,7.8,4,21.81
29,156,7.24,5,22.89
32,135,8.7,9,32.81
21,141,5.61,5,20.17
36,92,7.27,8,28.14
50,125,8.96,13,40.58
28,133,6.1,10,30.91
30,88,7.19,10,32.04
53,82,6.46,14,39.01
58,102,7.24,11,34.67
42,91,5.25,4,17.81
36,120,7.38,8,29.94
39,123,7.03,6,24.67
31,137,9.69,7,30.51
31,90,6.27,8,26.91
34,98,6.3,6,23.24
59,138,5.75,3,17.03
46,152,6.25,6,23.82
40,116,9.72,1,18.08
40,89,8.14,3,19.99
25,152,5.08,4,18.12
21,112,5.17,4,16.94
31,156,5.13,0,8.82
30,99,6.27,6,23.0
48,123,5.29,13,35.89
54,154,5.34,1,12.62
33,92,7.19,7,25.98
45,142,5.04,13,35.97
43,93,5.08,0,8.97
56,152,8.1,6,27.77
32,133,8.49,2,18.46
22,121,9.82,4,22.94
40,117,7.42,1,15.24
36,151,7.84,3,19.71
34,115,7.96,9,31.68
22,88,8.74,2,17.97
36,159,7.08,6,25.2
24,84,9.93,3,21.94
33,94,7.49,13,39.33
58,103,5.64,5,21.41
21,143,8.74,8,30.82
29,127,7.6,10,32.26
41,122,8.25,14,42.63
38,118,7.57,7,26.39
52,104,8.25,14,42.21
54,159,7.26,8,30.02
40,159,6.95,8,28.86
22,84,5.94,12,33.52
24,139,6.66,5,21.51
58,86,5.19,3,15.53
27,97,7.48,4,20.34
42,85,7.15,2,16.64
40,91,5.58,10,30.12
55,112,7.81,6,25.26
24,100,9.46,11,36.6
40,137,7.56,10,33.77
55,157,5.24,14,38.47
53,121,7.08,7,26.69
41,125,9.56,11,38.03
34,82,9.76,8,32.11
51,136,9.23,6,28.13
42,132,7.16,4,20.43
50,141,6.9,2,16.35
49,92,6.43,3,17.21
56,130,5.72,14,38.43
49,98,9.5,0,16.26
27,138,8.39,3,20.61
52,141,9.11,6,28.27
33,116,5.5,9,27.41
33,156,5.86,2,14.05
34,94,5.17,9,27.53
26,149,7.23,5,23.34
36,91,7.17,8,27.25
41,129,9.17,7,30.28
36,126,5.15,9,27.68
25,95,7.58,14,41.8
44,95,8.7,8,31.06
21,146,8.19,3,19.11
30,113,9.82,14,45.09
55,125,9.4,2,20.11
51,143,5.86,6,23.39
35,128,6.96,10,32.46
31,100,8.73,5,24.91
29,132,7.11,11,35.34
22,141,7.11,9,30.56
50,133,6.06,4,20.18
36,82,5.83,12,34.02
21,132,8.29,3,20.29
26,91,9.94,9,35.05
31,159,9.64,12,40.8
53,117,9.33,10,36.9
37,157,9.9,12,40.86
54,97,5.91,7,24.8
45,114,7.16,0,13.33
42,149,5.7,10,31.48
46,150,7.38,1,15.96
47,155,5.43,1,13.07
58,96,8.39,8,30.81
29,100,7.23,9,29.86
57,149,9.36,0,16.36
25,126,6.16,1,12.55
38,116,6.97,12,36.9
42,133,5.01,10,29.18
32,94,7.33,7,25.33
42,90,5.42,2,13.99
26,88,9.66,2,19.94
56,147,9.76,13,43.54
47,82,7.77,0,13.88
35,92,7.19,1,14.41
37,85,7.38,14,40.46
23,80,6.73,12,35.33
30,84,7.18,12,36.36
45,145,7.51,0,13.39
41,120,9.81,1,18.48
29,129,7.0,0,12.93
44,86,8.76,5,25.05
52,100,8.66,6,26.71
23,132,9.8,2,20.22
53,99,5.25,7,24.0
32,144,5.43,2,13.42
49,111,7.88,6,26.06
41,153,7.38,4,21.39
59,85,8.09,7,28.13
54,120,7.67,5,23.53
53,112,8.83,4,23.21
52,153,9.45,8,32.82
40,104,7.67,1,14.68
23,103,5.45,0,9.64
24,91,5.55,6,21.65
37,116,6.12,13,37.21
37,129,9.3,1,17.55
39,88,7.9,4,21.63
24,146,6.88,0,12.44
49,83,6.81,0,12.34
37,133,5.31,12,34.07
42,85,6.39,14,39.08
22,145,6.8,10,32.23
32,116,5.43,10,30.23
31,124,7.08,0,12.28
49,93,6.94,11,33.27
40,122,9.76,0,16.89
25,145,7.37,1,15.46
45,86,8.3,1,15.86
54,134,9.4,7,30.99
32,116,9.42,0,16.15
48,155,8.09,14,41.86
54,95,7.6,8,30.05
26,96,6.6,11,33.73
39,150,7.26,4,21.05
32,80,5.37,7,23.96
45,81,5.82,11,32.67
33,112,6.87,3,17.72
37,92,5.12,4,17.66
32,144,8.58,1,16.53
23,130,7.94,12,37.62
44,112,9.28,4,24.03
28,82,5.84,11,32.75
56,139,9.66,4,25.24
46,123,9.51,11,38.11
28,84,7.69,0,12.08
52,126,6.83,13,38.44
52,122,9.33,0,17.54
21,126,9.71,5,26.99
23,85,5.81,3,15.6
21,139,7.89,8,30.54
35,115,7.52,7,27.79
40,116,7.68,1,15.15
23,156,5.35,11,33.4
35,155,6.91,12,36.45
57,85,5.75,3,17.18
41,109,9.36,14,43.08
59,89,7.27,0,12.37
43,107,9.19,13,42.1
55,85,6.09,10,31.1
38,152,9.32,11,38.67
37,103,5.7,13,37.05
51,131,5.77,11,32.51
46,147,9.94,11,39.34
42,124,5.14,9,28.14
56,106,5.16,13,36.52
55,147,5.53,10,30.24
31,92,5.95,6,21.71
47,154,5.34,12,34.58
54,154,9.75,11,40.0
38,98,6.51,12,35.6
47,112,9.83,7,30.32
24,157,9.38,10,35.79
37,92,8.83,14,42.74
26,86,5.14,7,22.18
31,112,8.64,14,42.69
25,111,6.89,12,35.56
38,124,9.38,13,42.06
45,135,7.76,10,34.76
30,151,6.16,4,19.95
36,125,8.03,13,40.34
30,98,7.65,13,38.83
30,113,8.46,1,16.84
56,142,6.27,11,33.27
41,149,9.95,4,24.78
34,133,8.35,9,32.37
28,134,6.93,1,14.81
21,129,7.95,1,15.25
36,144,7.04,8,28.8
46,124,9.33,2,19.53
26,109,9.7,9,34.54
59,158,9.54,14,45.35
22,152,7.14,13,39.33
29,140,6.09,0,11.07
25,138,8.03,4,22.39
25,81,7.81,12,36.22
28,109,5.32,9,27.12
25,125,9.25,7,29.36
25,147,5.19,0,9.25
37,98,5.18,2,13.49
29,84,8.67,4,23.08
54,152,9.72,4,25.1
53,136,8.49,11,36.94
42,142,8.91,2,20.32
41,131,9.59,4,23.85
35,138,6.63,9,29.92
21,139,8.08,10,33.55
27,159,6.79,4,20.36
43,99,8.94,10,35.02
26,112,8.98,14,42.38
40,91,7.43,1,14.74
46,100,8.84,1,16.98
32,135,6.95,14,40.25
33,102,8.4,3,19.58
33,99,6.56,10,31.62
22,128,5.63,7,24.4
52,126,9.13,12,39.98
51,149,5.17,2,14.07
31,124,7.4,8,28.53
57,155,9.78,5,27.1
24,114,5.01,4,17.82
54,151,9.68,12,40.87
36,106,5.45,3,15.99
51,159,7.87,5,24.47
45,126,7.2,8,28.49
59,111,5.99,1,13.01
28,108,8.55,8,30.59
28,150,6.47,12,35.43
54,159,8.73,0,15.34
35,132,6.97,4,19.57
25,135,5.21,12,33.99
39,122,7.15,1,14.37
30,83,8.26,10,33.32
29,143,5.61,3,16.39
49,102,9.12,3,21.84
57,139,8.01,11,36.26
39,109,9.52,0,16.98
33,122,9.6,6,28.93
36,127,9.83,7,30.63
50,159,7.16,12,37.47
25,86,6.67,3,16.51
53,110,9.25,10,36.31
39,98,8.33,4,22.35
39,131,6.8,10,31.27
37,147,9.47,2,20.2
44,85,6.29,4,18.37
48,139,9.55,8,33.07
57,91,9.01,1,16.89
42,117,7.06,9,29.76
59,92,6.79,10,31.75
36,107,9.41,10,35.79
55,84,7.43,5,22.98
47,125,8.84,6,27.0
32,125,8.23,10,34.19
48,106,5.89,1,12.45
21,105,9.51,10,35.79
59,141,8.09,6,27.03
38,147,6.63,4,20.17
43,151,6.81,0,12.44
42,91,6.18,5,20.98
24,156,7.94,4,21.46
31,131,5.94,6,23.22
38,116,6.8,6,24.05
27,104,9.7,0,16.78
41,118,5.22,8,26.75
55,146,8.61,2,18.69
57,98,5.67,9,28.9
50,150,6.81,0,12.51
37,156,7.87,5,24.17
53,103,9.92,2,20.89
36,130,6.6,12,35.27
35,124,5.96,4,19.15
33,87,8.13,12,37.36
59,151,7.38,0,14.46
23,124,6.3,11,32.98
44,81,8.66,11,36.74
43,109,8.88,7,29.5
21,146,8.66,14,43.07
52,124,9.17,9,34.3
53,105,8.4,1,17.0
50,96,8.42,10,34.46
22,117,7.22,8,28.21
38,146,7.9,1,16.38
50,136,8.41,14,42.98
38,112,7.6,0,12.88
25,158,8.44,1,16.72
25,151,9.42,5,25.42
28,143,7.14,12,36.58
29,102,7.21,10,32.28
52,91,8.89,12,39.24
34,87,6.58,10,31.4
33,152,5.39,11,32.59
38,151,6.91,7,27.26
24,117,7.57,14,40.73
42,112,6.39,7,25.22
40,127,8.37,9,32.64
35,124,7.69,10,32.96
27,154,6.5,3,18.7
33,102,5.86,1,12.46
54,122,8.66,5,24.83
50,104,5.01,8,25.19
25,94,6.83,5,21.28
21,89,6.57,6,23.59
51,99,5.61,11,32.51
40,95,9.81,2,21.44
39,136,6.64,6,22.38
49,125,9.25,7,30.68
58,80,7.3,9,29.69
30,104,7.91,3,19.0
49,135,7.97,4,22.19
51,125,7.8,10,33.55
31,138,9.7,4,24.15
43,141,7.91,7,28.47
50,157,9.96,4,26.1
45,140,6.74,4,20.81
36,87,8.1,2,17.87
43,120,9.73,10,36.69
53,94,8.37,11,35.65
57,123,6.26,13,37.47
48,80,9.19,2,19.03
47,144,7.62,8,30.36
26,113,8.64,9,33.17
58,83,5.13,2,13.18
57,81,6.99,0,11.61
26,118,8.2,8,30.94
45,133,8.38,13,41.93
33,89,7.69,0,12.51
53,121,5.2,4,17.37
53,124,9.0,11,37.52
45,105,8.15,1,16.42
34,106,5.48,10,30.34
58,118,9.32,12,39.76
29,104,8.12,1,16.62
38,108,9.24,3,21.33
35,101,9.17,5,25.44
24,139,8.46,2,18.39
54,131,6.43,9,29.77
58,100,8.86,3,22.36
37,87,6.64,6,22.45
27,145,6.71,6,24.08
52,155,8.34,2,19.77
43,97,9.53,0,15.13
40,94,7.23,1,14.44
22,82,7.81,8,29.27
41,138,6.13,11,33.92
32,134,8.35,7,28.57
47,111,6.54,3,17.2
30,90,9.44,13,41.91
28,132,5.01,5,18.99
41,108,7.39,5,23.11
42,146,9.16,2,19.07
33,83,6.47,13,37.08
32,88,7.43,6,24.64
37,136,5.53,1,12.18
29,117,5.58,7,24.28
32,86,8.19,5,23.97
29,144,9.04,1,18.46
50,114,5.3,4,17.69
26,126,6.07,14,39.34
45,113,7.15,12,36.74
48,142,9.79,10,37.37
30,88,5.48,1,11.94
48,151,8.82,1,17.67
49,98,8.06,2,18.38
56,105,7.1,14,40.36
31,125,6.47,6,23.86
41,135,6.87,9,29.74
58,89,7.11,14,40.94
46,122,9.38,7,30.54
38,109,9.93,13,41.84
24,119,9.78,4,23.73
35,134,5.73,1,12.24
43,137,5.15,7,24.45
26,110,6.06,0,11.22
27,151,6.52,1,13.63
35,126,7.3,11,35.05
29,156,7.56,11,34.93
50,116,6.85,11,34.32
48,136,9.62,6,29.19
50,158,8.62,8,32.01
28,136,8.47,6,27.36
55,82,7.89,6,25.35
55,108,7.79,9,31.78
46,124,7.16,6,24.39
50,152,7.2,10,33.38
55,81,9.7,6,28.29
58,94,7.94,12,38.09
31,97,7.07,5,22.03
40,108,7.45,1,16.34
51,119,9.65,10,36.9
54,82,6.73,9,29.63
32,137,9.99,6,28.82
48,150,6.94,11,34.98
23,117,8.96,3,20.63
25,108,5.34,9,27.41
33,110,7.05,3,17.61
32,144,5.73,6,22.41
21,122,6.46,7,24.88
39,106,7.03,14,39.41
49,106,7.8,2,17.64
59,148,5.7,9,28.81
45,82,7.22,9,29.5
36,108,9.66,1,18.72
37,92,7.54,14,41.41
48,139,5.34,13,35.98
59,146,5.98,4,19.93
25,149,9.01,4,23.01
21,126,6.53,10,31.13
23,147,9.25,9,33.64
44,112,6.5,5,22.41
49,85,7.8,2,17.53
35,143,7.93,13,40.4
24,157,8.27,13,39.62
21,150,8.71,13,40.71
35,149,9.98,12,41.54
44,130,5.03,0,9.66
51,146,8.88,2,19.7
40,101,8.99,4,23.09
30,151,6.07,1,13.65
31,103,6.38,5,21.23
38,156,8.0,4,21.66
54,156,6.05,0,11.36
48,144,8.01,9,33.54
58,132,5.91,12,35.3
36,120,7.77,2,16.55
44,111,8.95,0,15.55
59,148,9.87,10,37.83
32,150,7.21,1,15.6
27,124,6.8,13,37.84
56,111,9.0,7,30.77
37,107,6.33,11,33.56
24,93,7.25,9,31.38
57,92,5.94,6,22.92
53,129,8.91,13,42.3
39,119,7.09,4,21.61
46,80,8.02,8,29.66
31,126,5.81,10,30.03
51,109,9.69,7,29.9
21,113,9.95,5,26.31
56,125,6.95,14,40.3
49,80,9.21,5,25.24
45,113,5.73,12,34.42
38,138,8.78,0,15.26
23,86,9.09,2,18.82
38,144,7.74,11,35.06
27,121,7.86,1,14.75
48,98,8.92,8,32.32
37,92,6.24,0,11.56
45,102,5.89,6,22.76
38,145,8.71,4,24.14
23,82,7.46,1,14.41
45,115,9.43,10,35.7
27,128,9.96,1,19.45
30,151,9.27,5,26.54
39,151,5.94,6,23.92
35,136,7.22,1,14.48
41,143,8.25,8,30.29
41,90,6.47,5,21.37
57,120,9.19,11,37.75
48,85,7.23,10,32.37
52,124,5.55,11,32.62
47,136,6.19,7,25.18
43,112,7.98,3,19.85
30,140,8.42,12,38.53
26,97,8.49,5,24.02
44,86,5.82,1,13.67
38,108,8.82,2,19.29
30,148,5.48,6,22.55
35,95,9.78,4,24.36
54,148,8.85,2,19.69
28,153,8.51,10,34.11
55,108,6.09,11,32.58
47,108,5.71,8,26.59
45,95,5.73,11,32.81
23,83,6.16,9,27.9
41,144,9.18,14,43.9
59,151,8.3,10,35.67
52,80,9.84,9,34.73
41,82,5.46,10,29.85
29,143,8.53,1,16.63
21,145,9.26,1,17.89
24,136,7.4,3,18.71
24,154,5.29,5,19.66
46,97,8.24,2,18.71
54,118,8.11,10,34.66
47,86,9.72,6,29.71
35,134,9.12,1,18.1
52,96,7.72,8,29.81
27,147,5.57,9,27.75
34,115,5.28,1,10.99
43,80,9.51,0,16.93
21,114,7.37,14,40.69
52,155,8.21,0,14.69
46,96,8.58,11,35.7
29,159,7.78,1,17.24
36,107,9.31,2,19.8
51,111,5.3,13,36.32
22,134,8.82,12,39.11
52,114,8.81,8,31.62
30,98,6.16,14,38.95
45,159,5.6,5,20.21
38,83,8.19,7,28.3
54,100,6.66,11,34.49
49,123,5.08,13,36.47
44,141,7.2,14,40.86
23,80,8.19,1,15.71
35,130,9.59,1,18.62
23,155,7.16,11,36.23
51,96,5.72,11,34.19
30,116,7.15,1,14.65
58,115,8.82,1,17.04
42,108,5.48,5,19.84
34,148,5.93,10,30.94
29,82,6.37,8,27.56
38,94,7.28,10,33.3
28,146,9.58,10,36.89
58,156,8.82,12,40.34
35,148,8.12,5,24.89
35,100,9.04,9,32.54
26,102,9.41,7,29.04
32,126,7.31,14,40.26
39,113,8.71,3,21.07
25,120,9.62,10,36.31
47,126,7.66,7,26.92
30,110,8.82,9,32.98
34,114,9.91,4,24.96
54,86,7.36,10,32.85
35,124,8.36,8,31.39
49,136,7.23,12,38.25
46,101,8.58,11,36.39
47,149,6.94,6,24.69
23,100,5.64,8,26.27
23,128,9.44,11,37.91
55,126,8.56,14,42.62
55,106,9.97,8,33.8
26,89,8.63,11,36.42
34,123,9.23,0,15.8
46,130,9.78,3,22.39
23,97,5.3,1,10.83
53,147,9.28,13,42.62
33,117,5.55,5,21.2
49,115,9.39,0,15.57
29,139,8.87,8,31.05
52,147,7.33,3,18.99
42,153,9.07,0,15.5
42,153,7.01,1,15.76
54,124,8.64,8,31.39
30,153,5.99,3,17.45
45,154,5.36,12,34.16
32,88,8.33,5,24.62
23,92,7.07,0,11.72
39,136,6.1,11,32.37
53,136,5.81,13,36.9
46,116,9.37,8,32.81
33,126,6.74,12,35.43
27,90,9.13,7,29.48
54,107,5.87,6,23.07
42,85,7.3,8,29.29
40,112,7.19,0,13.02
43,93,6.15,9,29.57
34,126,5.98,0,11.71
50,108,7.48,0,13.01
43,94,7.27,4,21.16
39,135,8.92,10,35.5
59,148,7.37,8,29.62
56,110,6.66,10,33.16
26,98,7.4,11,35.76
43,97,9.59,5,26.23
30,137,5.75,1,12.47
55,149,9.58,9,36.1
41,152,8.49,3,21.04
52,109,8.33,2,18.12
50,114,7.16,11,35.31
53,96,6.8,1,13.79
26,95,8.73,13,39.74
25,147,8.05,14,41.0
35,112,8.26,9,31.58
45,115,8.1,3,19.47
33,90,5.3,5,19.06
26,139,7.58,3,19.65
57,83,6.81,4,20.33
22,142,9.01,7,29.0
37,84,7.94,3,19.81
44,143,7.18,5,23.08
32,156,9.96,9,34.9
34,83,8.37,13,40.23
27,114,9.41,4,23.91
46,105,9.61,13,42.15
52,105,8.71,5,24.08
49,98,7.1,0,12.18
59,116,7.46,10,34.07
29,90,5.79,4,17.15
34,145,8.08,1,16.37
37,110,7.56,3,19.42
45,97,6.07,13,36.77
50,154,5.21,11,31.76
49,123,9.35,14,45.18
49,95,5.15,12,34.13
38,137,6.9,6,24.15
51,81,7.8,3,18.71
39,138,7.65,14,42.02
37,127,7.67,11,35.34
26,115,6.13,8,27.3
32,87,6.66,7,25.75
58,115,5.03,12,33.63
23,104,9.62,9,34.04
55,119,8.03,4,23.02
53,83,9.09,1,17.28
49,122,8.61,13,40.26
23,153,7.82,13,39.44
25,106,7.57,13,38.78
34,117,7.23,1,14.16
56,117,7.76,6,26.25
48,143,6.01,1,13.59
52,96,6.98,1,14.89
38,92,7.75,2,17.46
33,158,8.67,0,15.06
22,103,8.93,0,15.47
45,86,9.31,4,23.9
40,143,6.75,6,24.92
27,142,7.95,13,39.59
31,101,7.69,8,29.58
25,132,7.01,10,32.45
49,153,6.68,0,12.73
38,91,5.05,2,13.55
28,151,5.89,0,10.1
47,101,5.69,1,12.36
22,118,6.5,0,11.19
55,126,6.8,10,32.6
46,143,6.4,10,31.92
43,123,8.96,1,17.79
25,95,5.99,7,24.23
36,138,6.32,1,13.59
31,113,7.51,5,23.2
39,125,6.42,5,21.87
36,159,9.48,12,40.33
52,157,8.06,3,20.62
32,149,6.69,13,38.59
22,134,7.26,11,34.57
42,153,7.11,6,24.34
46,103,9.45,5,26.1
53,106,7.92,14,42.14
44,152,6.86,11,35.17
25,95,7.48,0,12.81
41,81,6.81,6,24.11
38,110,8.84,0,14.82
59,142,5.09,9,27.83
25,126,7.49,10,33.16
28,98,6.24,7,25.88
41,135,6.16,7,26.09
25,90,5.93,7,24.86
33,87,7.5,10,33.05
39,153,5.53,12,34.54
49,85,7.6,11,35.85
22,110,8.02,5,24.17
57,129,9.49,12,40.57
46,108,8.83,7,28.86
49,100,8.25,0,14.3
25,120,9.03,1,17.37
52,148,6.76,4,20.28
58,148,7.66,0,13.71
22,158,5.43,5,20.1
25,135,7.61,10,32.93
53,107,6.94,3,18.56
55,113,9.56,0,17.47
39,135,6.51,9,30.51
35,156,8.43,2,19.77
55,134,8.44,13,40.2
28,123,8.57,2,19.57
21,111,8.4,11,35.93
58,108,9.41,4,24.6
42,82,7.98,6,26.79
37,148,9.28,9,34.21
36,90,8.37,9,31.41
21,127,9.41,12,38.93
23,132,8.64,2,18.74
26,135,7.29,0,12.23
23,132,6.35,14,39.17
50,105,9.55,5,26.44
31,88,5.66,12,34.22
47,154,9.35,4,24.41
42,144,8.26,1,17.39
26,135,8.05,7,27.91
58,107,7.68,10,33.8
51,102,6.46,5,21.62
26,110,8.04,3,19.78
40,145,7.38,8,29.52
31,140,7.0,1,14.68
22,95,8.21,12,37.46
51,138,5.41,11,32.99
58,127,8.02,12,37.33
46,96,9.99,2,20.61
47,114,5.21,0,10.56
51,138,7.37,6,26.05
44,120,7.27,1,14.93
33,116,5.37,6,21.35
45,109,7.47,8,28.86
57,95,5.75,12,34.44
45,126,9.11,7,29.25
49,107,9.5,10,36.66
51,100,9.12,0,15.7
59,120,9.64,9,35.58
22,124,8.24,5,23.38
32,152,9.22,3,21.49
25,143,7.5,4,21.55
47,92,8.95,3,22.22
54,122,9.73,9,34.31
34,137,6.9,1,14.46
27,99,9.17,9,32.92
57,142,7.37,1,14.83
56,80,8.06,13,39.62
30,102,9.41,7,29.46
49,112,9.4,4,24.22
36,136,8.71,13,40.38
58,133,6.56,4,20.5
41,145,5.43,8,26.68
58,110,9.93,12,40.99
53,133,7.84,8,31.33
49,95,5.55,8,26.92
37,116,9.8,2,21.71
33,86,7.29,5,22.18
26,80,9.81,8,32.34
22,97,6.83,8,27.71
28,121,9.55,9,33.93
52,118,9.27,1,18.17
56,105,7.36,7,26.76
29,154,6.56,1,13.75
43,144,8.7,12,39.03
27,136,9.25,6,28.1
51,148,5.21,13,35.86
41,156,6.12,13,37.65
21,96,7.15,8,27.79
22,86,6.04,14,38.62
31,150,6.36,13,37.7
57,91,7.57,13,39.19
38,117,6.91,7,26.73
44,127,9.67,13,42.03
39,134,9.21,2,19.71
25,133,6.04,5,20.46
49,151,9.74,9,34.09
59,94,6.08,10,30.86
22,109,7.98,10,33.19
37,134,6.53,5,21.94
31,152,6.42,1,13.78
57,100,7.7,12,38.17
33,139,9.73,6,28.91
49,157,7.09,7,27.23
52,87,6.41,14,40.03
28,126,6.25,10,30.56
30,115,6.55,12,35.94
45,152,7.22,5,23.26
31,105,9.37,6,28.36
48,149,6.57,3,18.66
53,113,6.36,12,34.79
59,139,7.87,11,35.76
46,102,7.96,8,29.61
28,120,7.23,14,40.22
58,148,5.95,1,12.9
46,134,5.96,4,18.76
52,152,7.6,1,15.21
48,124,6.42,4,20.08
27,140,5.77,8,26.77
55,112,5.13,0,9.72
22,131,5.67,3,17.27
42,98,9.16,9,32.81
42,154,5.78,10,31.55
23,87,5.01,5,18.97
28,149,6.96,3,17.68
24,85,9.64,3,22.05
35,151,7.61,0,13.83
59,136,5.05,0,10.48
32,139,8.55,2,18.68
49,98,7.0,11,34.05
29,131,8.84,9,32.88
40,120,7.98,3,20.29
54,117,5.7,6,22.26
46,148,7.36,6,25.47
41,95,7.78,0,14.18
43,118,7.5,8,29.53
38,153,8.94,12,39.95
44,130,9.25,1,18.63
49,84,8.33,11,36.55
58,141,5.19,11,32.39
58,120,6.76,10,32.22
33,146,6.84,9,30.09
52,138,6.11,0,12.05
39,98,7.14,13,38.5
37,159,5.94,1,12.79
22,141,8.78,9,33.22
38,132,9.17,13,42.68
59,145,9.67,7,30.33
47,87,5.07,10,29.4
34,125,7.69,10,33.36
35,91,6.05,4,19.39
28,144,7.65,13,39.45
29,102,5.35,0,9.68
41,118,8.83,10,35.35
55,139,6.47,0,12.58
34,106,7.83,2,17.9
47,136,8.98,12,39.42
28,123,7.17,11,33.91
55,149,9.96,12,40.79
38,107,9.03,13,41.22
34,102,7.12,1,15.04
28,113,8.52,5,23.86
28,104,8.35,10,35.16
57,90,5.22,1,12.05
22,127,6.85,9,29.08
37,144,7.63,4,21.3
33,89,7.08,11,34.42
34,152,5.91,12,35.47
29,105,8.31,6,25.08
47,89,9.94,2,21.54
40,97,6.7,3,18.1
58,139,9.8,9,35.4
32,152,8.78,9,34.66
42,124,6.64,8,27.76
57,105,7.1,6,24.58
59,88,8.14,13,41.3
51,115,8.74,13,40.99
33,94,8.73,8,30.69
21,103,8.21,9,30.84
58,119,5.56,1,13.54
29,81,9.27,6,26.89
59,83,6.34,14,39.71
30,99,5.88,11,32.88
49,118,6.06,0,11.1
50,124,5.2,13,36.57
22,105,8.68,12,37.79
38,139,5.26,1,12.2
48,148,5.21,13,36.26
52,147,5.01,4,19.0
44,149,5.02,3,16.12
58,110,8.4,10,34.51
34,148,7.48,1,15.9
45,86,8.36,6,26.33
45,148,6.16,11,33.89
52,83,8.6,9,32.82
47,152,6.56,5,22.09
52,116,7.49,11,35.62
51,81,9.31,7,29.65
44,128,5.32,2,15.01
55,96,9.28,13,41.04
50,96,6.66,13,38.04
53,119,6.23,1,13.06
53,130,9.24,7,30.06
47,156,8.48,9,32.82
53,107,6.48,6,23.81
53,125,8.48,5,24.5
24,157,9.52,10,36.28
50,153,9.35,3,22.4
35,128,9.03,1,17.44
49,96,9.98,3,23.38
48,106,5.84,2,14.59
52,141,8.75,2,19.78
56,90,6.47,11,34.67
50,123,9.66,11,38.15
58,115,5.4,11,32.65
32,95,8.34,2,17.6
23,139,6.01,2,15.09
35,131,9.95,11,38.4
30,101,7.6,11,35.19
42,157,7.67,11,36.86
43,156,7.64,9,32.07
31,150,8.79,10,35.18
36,117,9.86,9,34.84
36,144,9.8,6,27.95
34,130,6.17,13,37.54
26,102,7.79,2,17.01
37,94,7.73,12,37.81
51,158,5.62,1,13.09
30,110,8.49,11,35.7
40,107,8.8,10,34.94
29,146,9.35,4,23.25
35,121,8.68,11,37.27
59,104,5.59,10,30.22
22,112,9.59,0,16.33
24,102,6.05,6,21.96
44,132,8.05,8,30.43
38,95,8.22,12,38.14
31,116,5.76,7,24.89
57,84,6.72,1,13.64
46,90,6.5,5,21.83
28,91,8.55,12,37.94
42,100,8.12,5,24.48
25,97,7.11,5,22.78
22,93,5.83,7,23.82
25,112,8.7,11,36.33
55,100,9.69,9,33.96
52,105,7.89,6,24.88
39,104,9.56,14,44.56
59,114,9.06,4,24.47
24,142,9.75,12,40.44
43,99,6.7,0,11.45
39,142,8.16,11,36.2
46,145,6.14,9,29.66
46,91,8.69,0,15.26
27,111,9.92,8,31.98
52,127,6.61,10,32.25
53,138,5.33,3,16.42
46,99,9.87,0,16.3
44,116,5.16,10,30.18
43,119,6.82,3,18.73
58,140,7.8,11,36.17
46,135,8.91,13,41.67
51,93,6.08,14,38.56
26,115,5.27,5,19.82
51,155,8.48,1,18.26
32,113,5.49,11,32.54
37,85,6.22,4,18.77
46,125,6.34,11,32.87
23,156,9.19,0,15.96
35,101,7.9,7,27.5
58,102,7.26,12,36.86
44,143,5.13,8,26.26
50,123,7.54,0,13.56
56,90,8.56,0,14.47
47,147,9.88,5,27.5
42,140,7.41,6,25.24
22,155,7.78,5,23.25
27,135,6.61,2,15.38
36,130,9.08,5,25.31
44,142,7.7,9,31.71
50,109,6.88,2,15.55
21,89,5.58,5,19.77
47,102,9.46,0,16.98
29,80,9.01,3,20.15
27,127,6.04,3,16.01
25,83,9.38,7,29.78
50,107,7.79,14,41.98
47,123,8.85,0,15.02
30,146,8.26,13,39.56
45,81,5.35,11,32.61
38,137,6.24,10,31.76
27,85,7.11,6,23.84
51,121,5.56,3,16.3
52,96,6.86,14,40.0
31,116,5.18,1,11.79
30,123,9.42,0,15.29
42,102,5.22,4,17.56
51,119,7.74,1,16.31
34,123,8.45,11,36.28
23,110,6.46,8,27.38
44,155,5.01,4,18.04
34,92,7.77,9,32.66
36,99,7.33,11,34.61
48,126,5.93,3,17.86
55,89,5.46,13,36.39
22,144,8.99,5,25.47
54,131,5.98,0,11.14
38,142,7.12,11,35.07
27,108,8.94,8,31.57
58,133,9.58,6,29.4
27,129,6.99,4,20.32
24,144,7.33,2,17.1
36,123,8.55,7,29.66
26,87,5.77,8,25.84
40,88,9.2,6,27.65
51,102,6.36,6,24.22
39,113,7.08,1,14.89
42,95,9.69,14,44.5
41,141,9.85,10,36.79
38,144,7.17,7,27.13
52,157,6.34,2,16.17
54,131,5.69,6,23.48
47,102,5.78,6,22.8
58,117,7.55,9,31.74
50,119,8.43,2,19.15
53,87,6.81,10,32.48
47,111,6.2,6,23.64
43,119,5.02,9,27.65
39,145,6.45,9,29.33
51,127,8.15,0,13.89
24,92,8.71,8,30.14
39,106,9.07,0,16.57
58,125,7.61,10,33.22
42,150,9.61,14,45.32
29,82,8.95,6,26.89
51,140,8.93,0,16.49
30,151,5.09,6,22.18
30,144,5.24,2,14.31
50,96,8.83,10,35.49
30,105,6.52,2,14.3
56,108,6.41,1,14.47
38,151,6.48,12,35.83
39,117,8.76,12,40.05
43,130,8.39,5,25.11
24,122,5.25,3,14.56
32,151,8.96,2,19.29
44,87,7.19,10,31.69
33,104,8.7,6,26.1
24,134,9.73,0,16.66
47,124,8.18,13,41.12
58,146,8.41,5,25.63
59,136,6.7,7,26.08
28,128,8.11,5,24.65
46,133,8.58,14,43.56
54,126,6.3,14,40.92
29,143,6.66,10,32.19
30,103,5.45,8,25.23
21,141,8.83,8,31.27
28,112,8.14,7,27.87
30,119,6.92,12,37.6
45,108,7.67,2,17.5
51,87,8.39,14,42.11
59,154,5.92,14,39.85
23,95,8.39,0,13.34
59,112,8.14,6,26.79
58,143,8.24,2,18.73
55,90,6.63,0,12.12
28,108,5.75,1,11.43
21,128,6.96,5,22.35
25,145,5.47,11,32.48
47,84,5.82,14,38.75
46,132,7.77,4,21.66
46,123,9.63,5,26.38
31,86,6.11,7,24.37
54,149,7.68,1,16.35
22,148,5.79,5,21.36
41,158,7.68,5,23.85
46,106,8.77,14,43.8
32,133,9.06,12,39.28
29,152,8.5,13,41.45
43,102,6.01,5,21.27
25,137,7.25,5,22.19
29,96,9.09,13,41.48
30,125,8.68,12,38.82
30,126,9.01,12,39.9
34,138,5.48,4,18.64
56,124,8.64,5,25.29
30,141,7.22,4,20.55
57,133,6.78,1,14.56
58,154,5.81,13,37.51
42,92,6.19,4,19.34
43,91,8.0,13,40.01
36,81,8.51,0,14.14
31,121,7.72,14,40.81
55,133,9.83,13,43.39
40,90,5.93,1,12.9
57,157,7.87,7,28.57
25,101,8.71,4,21.45
56,128,6.2,13,37.58
33,116,5.22,3,14.87
37,115,6.19,10,31.38
46,128,5.03,1,11.01
40,137,7.29,6,25.19
59,82,5.22,0,9.9
53,145,8.76,0,16.15
50,112,9.5,7,30.35
36,97,6.6,11,33.74
27,127,7.94,10,33.82
50,154,9.13,10,36.24
22,150,6.31,12,35.93
32,116,8.54,10,35.17
21,129,9.47,1,17.69
23,115,8.43,10,33.91
28,106,8.4,4,22.49
46,101,5.53,5,20.24
31,110,5.79,7,24.34
41,119,7.93,8,29.18
25,133,5.95,5,21.31
46,143,7.34,2,16.66
41,149,9.35,14,44.2
29,132,9.75,4,24.17
37,133,7.06,6,24.01
57,133,5.75,4,20.38
22,150,9.57,7,30.12
48,85,7.34,3,18.81
47,143,6.45,7,26.89
21,133,9.97,10,36.9
31,144,9.5,0,16.25
59,125,7.16,14,41.04
38,121,5.25,4,17.73
47,154,7.92,2,18.98
30,135,8.58,13,41.21
56,119,5.03,7,23.55
41,94,6.66,13,37.41
48,109,5.47,9,28.91
21,102,9.4,14,43.35
34,91,5.21,6,22.18
40,109,9.75,1,17.65
29,95,5.18,14,37.96
47,109,5.17,8,25.86
24,147,7.17,9,30.8
57,112,6.77,12,36.8
38,136,5.24,11,31.75
51,107,8.96,6,27.93
59,158,5.33,12,35.29
30,105,5.3,14,37.14
29,93,7.43,1,14.87
48,136,6.75,11,34.54
48,94,5.71,2,13.91
33,145,5.61,12,34.21
38,95,9.85,8,32.42
32,116,8.22,8,30.07
28,90,6.05,11,32.08
43,90,6.61,9,30.04
25,112,8.31,14,42.88
27,81,5.44,3,15.81
35,112,6.79,1,14.32
23,142,5.14,5,20.56
38,82,8.03,8,29.71
58,112,9.27,9,34.17
46,105,9.51,6,29.44
58,113,8.22,1,17.28
53,157,9.04,1,18.46
41,131,8.81,11,37.24
37,145,5.1,10,30.19
22,151,5.85,12,34.18
45,106,5.33,7,23.89
39,151,6.4,4,19.76
58,150,5.42,4,18.72
45,154,7.55,12,38.18
59,128,5.96,1,12.7
24,126,5.85,4,19.11
23,100,9.92,1,18.11
54,100,9.57,10,36.49
30,150,6.0,2,15.28
47,140,6.03,3,17.28
46,93,8.67,4,22.68
47,99,8.28,2,18.16
21,84,6.51,4,19.73
40,110,9.33,2,19.87
45,141,5.61,2,14.92
30,91,8.88,0,14.67
21,135,9.53,5,26.09
36,135,5.75,8,26.24
31,91,7.79,10,32.77
24,145,5.29,7,23.61
55,105,9.05,9,34.17
33,147,8.64,4,22.73
41,109,7.35,8,28.45
35,99,6.46,2,15.93
30,145,5.9,0,10.23
58,114,8.62,0,14.38
31,158,8.47,10,34.33
52,130,7.6,12,37.35
53,93,5.71,2,14.18
40,134,5.26,13,36.4
56,115,5.17,14,38.15
50,132,9.41,12,40.39
30,133,5.62,13,36.51
35,142,7.43,13,39.43
49,137,9.13,3,22.27
21,106,7.3,1,14.97
41,81,5.06,11,31.86
35,157,9.04,6,27.89
23,102,5.47,4,18.03
53,114,7.54,7,26.5
58,141,9.1,4,24.51
39,151,7.85,5,24.9
24,138,6.0,6,22.64
32,155,5.63,0,10.54
45,143,9.93,9,34.87
54,120,6.24,8,27.58
37,112,5.07,12,32.14
26,88,6.86,10,31.78
32,158,8.67,9,33.15
35,153,7.08,7,27.76
37,128,5.79,13,36.14
21,81,5.97,9,28.7
34,82,8.59,6,26.63
22,102,9.67,11,37.48
24,153,6.34,3,17.32
22,98,9.64,11,38.54
46,97,5.64,0,9.15
53,114,5.46,1,12.33
59,133,5.85,12,35.5
26,139,6.96,0,12.56
50,88,7.68,5,23.75
42,131,6.15,3,17.11
47,129,5.41,8,26.4
39,91,8.68,1,16.25
30,96,6.47,1,12.99
26,128,7.73,5,23.69
46,127,8.82,11,37.92
23,106,5.53,0,9.27
23,93,7.56,13,38.81
26,134,9.17,9,34.11
30,92,6.8,2,15.19
58,82,7.66,12,37.66
33,143,9.7,6,28.39
58,151,8.72,7,29.64
32,102,6.96,5,22.43
47,159,5.72,0,10.61
28,152,6.36,14,39.14
25,118,7.77,5,23.37
56,137,5.83,9,30.4
58,97,6.78,11,34.08
50,133,8.27,14,43.48
57,110,9.66,10,37.02
49,143,6.12,12,36.61
42,121,6.27,13,37.07
34,116,8.43,0,15.4
30,149,5.6,10,30.25
31,157,5.83,13,37.28
55,121,5.87,12,35.48
43,108,8.25,8,32.14
28,149,7.33,7,27.28
41,82,5.61,6,21.99
57,97,6.37,7,25.23
48,108,7.3,12,36.54
51,131,6.55,8,27.9
48,121,7.08,7,26.65
47,131,9.58,5,26.5
41,115,9.83,10,36.82
29,87,9.96,12,40.66
49,159,5.13,0,10.03
35,81,8.57,9,32.55
53,130,9.68,6,29.38
57,94,9.52,7,30.66
56,96,5.12,9,27.87
48,92,9.04,10,35.13
30,133,7.29,3,18.46
43,104,9.25,2,20.14
48,153,8.58,5,25.36
54,154,7.2,7,26.74
25,112,6.48,4,18.64
38,157,5.0,7,24.22
26,101,7.7,11,35.58
43,123,7.0,9,30.85
48,83,6.7,9,29.63
33,105,7.34,10,32.99
45,80,7.38,13,38.47
27,89,7.88,10,33.42
22,81,8.29,9,32.49
36,108,5.82,10,29.53
22,104,6.11,13,36.3
56,139,7.28,0,12.86
22,92,6.33,10,32.02
58,119,8.97,11,38.09
30,113,7.41,9,30.27
34,114,7.68,12,37.33
47,158,7.8,9,32.06
35,118,8.63,3,20.42
41,121,8.53,7,28.37
32,104,8.44,2,17.25
53,93,5.41,4,17.63
42,80,8.76,1,16.03
58,118,8.95,0,16.61
38,109,8.21,0,13.88
22,84,9.26,14,42.77
49,150,6.53,1,14.53
27,141,5.39,5,19.85
51,156,6.53,6,23.48
38,110,8.6,2,18.41
29,86,8.87,8,30.63
28,108,8.1,5,24.42
53,130,5.84,14,39.28
25,156,8.67,14,43.19
34,158,5.06,0,9.29
33,130,5.29,5,20.06
31,150,5.47,14,38.12
40,148,6.24,12,35.67
43,93,7.22,14,40.06
47,102,7.7,0,13.75
35,159,7.57,6,25.89
50,122,8.63,13,40.43
36,135,5.65,2,14.15
38,100,8.02,9,31.32
43,109,7.36,8,29.41
56,155,8.39,0,15.77
58,119,9.87,10,36.23
28,101,6.86,3,17.81
59,81,6.23,5,21.13
49,102,9.29,6,27.66
32,141,6.46,8,28.03
38,109,9.3,10,36.25
39,106,5.28,3,16.13
56,154,5.32,13,37.11
53,116,8.13,5,25.03
25,149,6.42,5,21.57
59,95,6.96,4,21.03
48,99,5.09,13,35.94
46,153,7.6,8,30.21
41,125,5.07,4,17.08
43,153,9.28,2,20.39
41,104,8.38,14,42.44
31,138,7.19,9,31.26
59,111,8.2,4,22.5
36,96,7.36,8,28.46
53,159,5.81,14,39.51
47,89,7.68,11,35.22
21,96,9.59,8,32.2
36,81,8.17,12,37.45
25,145,9.1,8,32.1
38,108,6.25,14,38.59
54,83,7.07,14,40.76
45,109,6.38,1,13.57
54,140,8.77,13,42.01
35,137,8.19,11,36.06
24,155,7.86,4,21.81
24,113,5.04,8,25.28
45,157,9.29,13,42.91
33,103,9.56,4,24.6
45,104,8.51,11,36.39
23,104,9.42,1,16.93
55,109,9.19,9,33.66
29,134,9.1,2,19.17
34,103,8.68,7,27.99
42,118,5.32,9,27.73
29,156,5.64,3,16.42
44,81,9.21,12,39.67
43,113,6.99,1,15.79
57,95,8.78,9,33.09
35,127,5.99,1,13.78
56,103,8.25,8,29.94
34,129,6.21,10,31.77
40,81,7.18,9,30.62
59,118,6.44,1,13.72
56,138,7.24,10,33.35
47,102,9.91,9,35.0
37,91,8.33,4,21.95
46,156,9.31,11,38.22
24,148,7.41,14,40.99
23,94,5.08,8,25.12
39,139,8.57,6,26.64
59,143,9.84,7,31.27
27,81,6.43,1,13.04
56,149,8.29,4,23.09
39,143,7.18,9,31.19
32,115,7.7,9,31.38
40,92,5.34,4,17.3
58,81,8.77,12,38.73
32,84,9.29,7,29.78
49,119,5.35,4,18.27
50,159,7.74,13,40.42
40,143,8.81,9,33.61
24,118,9.91,3,22.4
22,114,6.63,12,35.79
50,136,6.7,5,22.02
43,120,9.38,4,23.98
26,124,8.51,13,40.45
38,113,9.78,12,40.84
42,98,7.41,3,18.91
57,121,8.1,7,28.1
24,96,5.39,5,18.9
31,114,9.84,14,44.54
55,155,6.83,0,13.03
31,114,7.82,8,29.08
54,85,7.91,0,14.04
29,131,7.27,12,37.7
51,153,8.95,3,22.08
52,122,7.91,0,14.22
55,102,6.15,13,37.15
31,122,6.72,9,30.89
37,132,9.77,10,36.54
56,151,9.2,6,28.33
22,152,9.83,10,36.9
44,146,6.25,2,15.34
35,145,7.21,1,14.95
48,113,5.36,3,16.64
23,114,7.31,9,30.89
49,106,6.18,14,38.7
33,106,7.08,11,34.27
42,143,6.53,7,25.7
51,118,5.23,3,16.79
27,139,6.34,10,31.72
46,152,7.62,1,15.29
51,102,5.43,4,18.73
58,157,8.13,11,37.28
58,90,8.46,13,39.96
24,83,6.92,12,35.78
55,130,9.55,4,24.8
53,117,5.42,13,36.72
23,130,8.13,5,23.79
39,127,8.68,5,24.36
29,159,8.93,10,35.13
39,115,7.26,10,33.36
39,104,6.34,3,17.41
46,84,9.81,5,26.34
33,153,9.64,1,18.14
42,148,9.93,1,18.74
28,102,8.62,14,41.84
44,93,8.91,4,22.99
46,131,9.65,5,27.1
23,127,7.22,6,23.44
27,136,5.81,1,12.33
22,112,7.8,13,38.56
53,117,7.39,10,32.94
32,144,8.9,3,21.86
32,85,8.7,6,27.09
30,100,6.38,11,33.6
47,106,5.51,4,18.24
38,148,7.87,2,17.73
24,85,8.39,12,38.19
43,119,7.54,8,28.99
41,104,8.34,8,29.98
56,148,8.76,0,16.44
50,141,7.22,7,26.75
41,158,7.51,2,18.26
43,125,8.17,13,39.93
41,127,8.08,12,38.36
28,117,7.43,5,22.7
59,140,6.27,5,21.84
33,96,8.41,11,35.86
42,127,6.94,5,22.85
27,112,7.29,8,29.06
44,97,7.63,0,13.89
25,115,7.34,1,14.23
46,133,8.31,4,23.29
30,82,7.57,6,25.19
31,99,6.49,14,38.32
58,110,9.79,8,33.04
31,100,9.93,5,26.99
50,113,5.36,12,34.29
24,136,8.37,6,26.08
22,116,9.43,7,28.95
33,80,9.76,1,17.61
59,136,9.06,1,18.36
37,134,9.46,6,27.6
43,110,6.78,0,11.87
30,102,9.15,12,39.51
33,154,8.06,3,19.96
59,127,7.13,13,38.61
49,99,9.04,7,29.0
36,86,6.1,9,29.2
23,81,9.74,14,43.67
56,119,7.31,11,34.9
24,103,9.24,8,30.45
56,153,6.23,7,26.76
36,88,9.47,3,21.45
26,122,7.72,10,33.57
48,130,6.36,8,28.31
56,157,8.01,4,22.53
43,129,5.37,0,9.72
32,155,6.8,0,11.72
51,101,7.65,0,13.7
32,89,7.63,8,29.46
52,146,8.07,6,26.45
45,83,5.22,12,33.58
49,109,8.83,4,23.12
39,101,5.47,11,31.76
42,152,9.7,4,25.59
44,120,7.74,6,25.86
53,95,9.9,8,32.66
56,135,5.91,11,33.17
36,148,8.88,11,37.28
22,93,7.91,7,26.87
28,131,9.18,13,41.69
33,93,5.26,3,14.69
50,126,6.83,13,37.9
21,95,8.3,3,19.46
32,122,6.44,7,25.67
27,147,9.54,3,21.87
34,116,8.86,12,39.82
55,93,6.86,7,26.0
48,120,5.75,1,12.67
32,152,8.35,0,15.03
44,103,8.6,13,40.5
21,154,6.37,6,24.16
37,98,5.44,3,15.81
58,91,5.67,1,12.73
48,126,9.39,3,22.19
53,91,6.89,8,28.3
44,82,9.0,3,20.9
26,109,7.0,13,37.89
41,137,8.82,0,15.24
24,125,9.2,6,27.62
53,130,6.64,0,11.7
30,94,9.98,4,24.71
56,122,5.88,0,11.49
33,101,7.81,14,41.96
56,88,8.33,8,30.39
29,118,5.77,11,32.49
51,147,5.17,12,33.92
24,136,5.59,8,26.95
40,147,5.73,2,14.54
28,86,8.19,0,13.77
47,81,9.85,14,45.44
56,133,7.48,6,26.06
29,116,8.97,3,20.32
44,153,5.53,2,14.63
57,107,6.76,4,20.46
50,138,5.79,10,30.5
46,125,8.43,11,37.93
24,142,9.79,1,17.67
21,114,6.64,1,13.98
40,137,6.54,3,17.96
48,92,7.19,13,38.26
44,150,5.52,10,31.0
48,85,8.8,11,36.79
48,124,9.57,6,29.69
25,84,5.45,4,17.77
52,117,6.8,6,24.66
50,123,9.36,12,40.27
41,104,5.77,4,17.76
36,94,8.44,0,13.29
28,151,5.97,0,11.29
32,156,8.64,13,41.62
52,118,8.27,6,26.12
45,127,9.77,11,38.67
23,131,7.78,9,31.69
46,139,7.28,7,26.57
56,102,7.59,13,40.08
37,148,8.0,7,28.45
47,131,9.82,11,38.98
42,101,5.29,6,22.73
58,104,7.93,3,20.29
55,134,7.54,12,37.98
27,143,9.84,9,34.51
23,144,8.92,12,39.09
26,83,9.37,9,33.08
33,131,5.38,13,35.61
35,111,9.28,4,24.25
46,132,8.78,14,42.9
53,105,7.5,1,15.51
35,158,6.59,4,19.73
59,114,6.77,1,14.56
34,93,8.25,14,42.01
39,113,5.49,9,27.71
48,139,6.21,11,33.91
44,104,8.31,10,33.93
53,133,6.48,12,36.14
32,106,8.95,0,13.94
30,100,8.68,4,22.96
27,127,7.52,6,25.42
21,114,8.95,4,23.78
35,131,5.8,6,23.04
21,149,9.07,2,18.81
40,105,6.01,14,38.13
22,94,8.44,5,24.53
23,84,8.48,0,14.82
56,112,8.05,2,17.34
36,104,7.72,8,29.21
49,131,9.41,14,44.42
56,123,8.34,2,18.64
59,99,6.77,0,12.37
23,135,8.93,1,17.55
57,145,6.07,14,40.65
32,87,6.72,14,39.86
40,143,8.9,1,17.45
43,108,9.85,14,44.85
42,127,9.55,13,41.87
52,98,6.53,12,35.79
27,88,9.24,4,23.41
42,151,7.72,7,27.81
22,94,7.2,11,33.64
34,147,7.56,4,21.29
36,142,8.51,7,28.71
44,117,7.36,6,24.61
27,126,5.31,5,19.12
24,92,5.23,7,22.61
57,125,7.38,5,23.78
25,115,7.21,13,38.08
22,89,9.02,14,42.46
25,134,6.11,0,11.81
23,102,7.92,2,16.99
28,102,8.12,13,40.44
46,147,5.89,5,21.92
30,123,5.9,10,30.55
54,84,8.64,9,33.1
56,83,6.14,1,12.57
32,109,6.23,4,18.53
40,131,6.25,1,13.85
49,92,8.41,0,15.24
34,97,8.31,14,42.4
25,111,9.78,5,26.09
47,112,7.35,13,38.89
24,137,6.07,9,28.95
49,141,7.13,10,33.59
23,150,7.61,1,15.11
53,93,5.98,2,14.82
50,93,8.84,11,37.5
56,89,5.48,8,26.76
29,138,5.13,3,15.54
21,118,5.83,5,20.12
43,125,5.17,5,19.61
23,97,5.58,3,16.22
52,98,5.4,14,38.23
44,116,8.46,3,20.36
26,82,8.63,10,35.2
33,134,6.63,9,30.24
35,86,5.99,13,36.64
50,150,8.84,14,43.76
32,131,5.79,3,16.37
55,133,6.95,5,22.1
48,117,7.85,11,36.37
24,142,7.76,6,25.26
27,143,7.14,0,12.43
36,85,7.77,7,27.14
42,153,8.33,2,18.62
45,131,6.22,9,30.14
23,123,6.96,3,17.55
42,115,8.44,5,24.46
51,116,5.63,11,31.92
57,143,6.72,1,14.25
42,127,5.16,14,37.63
47,106,6.05,8,27.66
22,144,7.05,3,18.31
42,80,6.34,11,33.3
37,127,8.93,1,16.92
40,116,7.05,14,40.46
44,128,6.6,12,36.01
51,134,9.72,13,41.81
28,118,8.18,4,21.78
25,115,8.55,4,23.16
22,145,9.34,6,27.6
24,145,6.53,4,20.35
55,147,7.76,8,30.77
54,81,7.06,5,21.81
23,144,6.43,4,19.29
40,97,5.05,2,12.52
29,120,5.69,12,34.29
26,118,9.06,3,22.26
25,105,5.69,14,38.8
58,154,9.53,5,27.0
55,82,6.36,1,13.4
51,128,7.32,3,20.31
33,107,9.33,13,41.25
46,95,6.73,13,38.28
42,101,6.15,12,34.24
52,159,5.16,7,23.55
35,156,9.76,3,22.41
31,128,7.02,4,20.16
36,107,9.45,9,34.01
26,95,7.18,4,20.54
31,143,9.41,2,19.68
30,139,5.52,6,22.54
36,145,7.2,5,24.13
32,105,7.21,0,12.19
27,121,9.87,4,24.6
59,82,7.47,0,13.51
47,100,5.52,1,12.83
44,111,9.54,14,43.28
35,149,9.75,8,32.78
26,148,7.04,10,33.61
39,103,8.98,2,18.05
28,144,5.35,7,23.86
56,102,7.03,9,31.06
33,159,7.56,3,19.26
53,87,9.36,9,34.66
52,124,5.5,11,32.26
48,90,7.03,1,14.9
30,136,7.56,5,23.75
53,91,8.33,7,28.3
21,151,5.52,12,34.6
41,89,6.41,9,28.95
25,142,5.22,3,16.47
21,114,5.74,14,38.85
41,117,7.48,2,18.28
45,100,6.17,8,28.03
40,130,7.4,8,29.62
29,97,8.95,8,30.63
36,97,6.89,13,38.8
48,105,8.62,14,43.4
56,99,8.83,3,21.02
59,104,7.69,4,21.67
44,159,6.37,6,24.02
36,124,8.99,10,34.86
34,137,6.89,3,18.04
54,97,7.95,4,22.52
44,127,7.46,13,39.66
31,93,8.13,14,42.97
56,86,9.26,6,27.38
21,117,6.77,1,13.74
32,143,9.58,13,42.33
41,108,5.54,3,16.53
29,134,6.3,12,35.25
59,124,9.6,5,26.27
23,98,5.32,7,23.12
36,81,7.31,7,27.14
24,145,6.3,2,15.1
46,115,8.94,0,15.61
33,135,5.44,9,28.14
40,100,5.63,1,11.9
39,142,5.79,8,27.16
47,81,6.58,2,16.08
22,153,9.29,5,26.37
30,94,9.38,14,43.65
45,141,6.01,0,11.83
39,91,7.6,6,24.46
35,82,8.33,14,41.81
59,83,7.06,4,20.52
44,88,9.75,6,28.4
36,125,7.74,5,24.46
37,121,7.18,11,34.3
36,153,8.12,10,34.12
38,110,9.11,4,23.29
24,116,6.3,8,27.54
22,90,9.61,10,35.95
51,140,6.59,2,17.21
22,106,8.17,8,29.67
22,125,8.59,4,22.82
35,149,9.51,3,22.8
49,122,8.13,7,27.84
54,124,9.7,5,26.83
52,97,8.56,1,16.74
41,129,8.96,1,17.89
50,85,8.89,3,22.26
44,92,8.01,3,19.52
34,91,9.46,1,18.06
48,86,6.68,5,21.71
34,93,6.06,7,24.27
54,152,5.84,1,13.12
34,126,7.64,14,41.57
45,86,9.62,9,34.46
32,118,7.88,7,27.99
40,135,9.38,3,22.16
27,98,5.72,7,23.65
35,106,8.61,13,40.14
29,140,9.92,12,40.49
24,145,7.73,0,12.62
51,131,8.98,12,39.5
43,135,7.63,0,13.58
26,93,9.34,9,32.52
48,112,7.95,3,19.66
32,91,5.99,1,12.46
42,145,6.16,7,26.07
44,103,6.78,4,20.03
54,124,9.85,5,28.1
39,155,8.13,8,31.1
44,134,7.42,6,25.24
40,150,6.84,14,40.0
54,132,9.4,10,35.85
47,145,6.51,0,12.0
49,98,7.36,14,40.59
21,130,5.68,0,10.64
56,145,6.9,3,19.64
59,124,9.39,0,15.65
27,119,5.36,13,36.54
40,85,5.2,4,18.83
40,130,7.17,10,32.97
45,120,8.34,10,34.16
41,126,5.18,14,38.0
29,96,7.37,0,12.64
47,102,5.2,5,20.19
48,119,8.33,13,40.47
45,152,8.54,9,33.49
56,116,9.5,14,44.51
54,137,9.72,4,24.4
22,100,8.94,13,40.92
29,106,7.59,12,36.84
39,90,6.06,1,12.6
35,118,8.44,11,36.01
41,142,9.89,11,39.96
36,107,9.34,11,37.96
22,126,7.95,7,27.79
46,126,9.57,5,26.32
49,83,6.86,7,25.47
53,140,7.87,9,31.58
54,97,7.48,3,19.09
47,129,7.58,11,35.89
27,115,9.87,8,32.94
35,80,6.2,1,12.32
37,114,5.22,3,14.56
29,84,5.04,4,17.3
33,85,6.03,13,36.22
52,139,7.84,11,36.45
22,84,8.91,8,30.93
52,111,6.23,14,39.74
40,118,5.91,1,12.78
39,119,6.98,7,27.55
47,121,8.53,3,20.17
56,153,6.09,7,25.04
50,87,8.19,13,39.11
31,108,7.4,7,26.65
36,139,5.59,8,26.51
46,157,7.14,11,34.38
50,102,6.42,2,16.11
22,83,7.8,11,35.73
54,113,8.43,14,43.1
42,117,9.75,5,26.8
51,140,8.3,3,19.35
41,106,5.5,2,13.99
56,110,7.98,5,24.13
43,82,8.78,1,17.42
46,156,7.28,7,27.05
38,106,8.0,13,40.37
35,122,7.05,3,18.94
54,139,5.72,9,29.42
42,125,6.19,7,25.49
48,116,7.57,7,26.28
27,146,8.61,7,29.08
44,85,7.7,0,14.08
55,138,7.78,4,22.55
33,82,7.09,9,30.71
33,156,6.07,5,20.68
51,90,6.76,11,33.59
39,106,5.89,13,36.46
49,81,8.37,8,30.85
42,143,8.29,8,30.92
41,123,8.56,4,23.25
36,155,5.55,2,14.64
50,134,6.84,8,28.64
25,119,8.6,11,35.77
26,155,9.09,5,25.09
41,102,9.95,6,29.01
31,143,9.72,13,41.63
44,136,5.63,12,34.63
48,89,8.93,3,21.1
35,114,8.31,2,19.0
59,85,5.12,3,15.93
39,133,9.52,10,36.9
37,158,7.48,6,25.7
23,146,8.86,6,27.74
23,135,7.76,14,41.8
59,139,6.64,13,38.05
48,93,7.44,12,37.03
51,125,9.15,11,37.66
28,95,6.04,14,38.9
37,106,7.76,14,41.67
55,116,8.13,6,26.15
56,140,7.93,6,26.66
47,99,6.97,7,25.88
53,104,5.82,13,36.86
31,129,6.31,13,37.42
41,137,7.29,9,31.1
26,157,6.03,11,32.32
41,116,8.65,9,33.56
48,84,6.39,9,28.52
37,133,5.99,11,33.1
38,116,6.78,6,24.11
31,153,6.13,13,36.49
45,89,8.53,9,33.13
50,88,8.99,6,27.06
45,157,7.1,0,13.39
27,112,8.31,8,30.31
57,103,5.99,7,24.9
47,149,6.68,11,33.9
46,136,5.77,6,22.21
33,105,6.06,6,22.6
44,118,7.37,0,13.93
32,123,8.24,14,42.43
34,143,5.72,14,39.27
29,127,7.65,1,15.36
51,146,7.31,5,23.16
24,127,5.06,5,19.37
39,119,9.37,12,39.99
21,125,7.89,7,26.62
49,82,6.3,6,23.38
26,155,7.99,11,35.51
21,93,9.65,2,19.16
45,83,5.1,0,9.41
47,91,9.76,6,28.7
42,102,8.28,0,14.3
37,82,7.69,9,31.13
49,82,6.98,8,28.29
23,121,5.66,11,31.99
37,159,5.09,4,17.78
22,156,7.17,8,28.83
52,98,7.76,3,19.94
42,107,9.95,12,40.68
59,117,7.63,6,24.86
53,88,8.53,8,30.76
42,135,8.16,14,42.31
24,96,9.4,5,25.56
58,86,7.44,5,23.02
33,151,5.88,14,38.71
43,155,6.18,14,40.34
33,133,6.79,10,31.74
40,107,5.95,11,33.75
53,145,8.96,1,17.58
54,107,6.85,7,26.26
58,104,6.9,1,14.89
49,158,7.5,4,22.54
52,128,6.44,11,34.37
31,127,5.63,4,19.07
38,126,8.67,3,21.39
41,141,7.96,0,13.86
32,112,5.95,8,27.24
59,121,5.31,3,15.35
40,106,7.69,14,41.75
27,87,8.33,5,24.24
47,141,6.17,12,36.09
27,117,6.96,3,17.83
22,83,9.4,8,31.03
53,133,7.53,1,15.05
41,127,9.29,8,31.98
49,148,7.73,10,33.8
52,95,8.05,12,37.61
32,140,7.91,12,37.04
33,97,5.68,5,20.06
59,124,5.25,12,34.14
23,97,8.59,7,28.49
59,87,8.03,2,17.57
28,108,6.74,4,19.04
22,100,7.94,10,33.28
26,133,7.73,7,28.05
35,126,8.68,9,34.0
32,145,7.9,8,29.73
52,147,8.3,8,30.71
26,127,7.74,8,28.45
47,155,5.79,2,15.38
33,159,9.28,0,15.83
43,102,7.01,14,40.08
30,96,6.03,1,12.48
34,140,9.83,11,39.33
23,131,8.26,9,32.27
32,121,9.6,8,32.57
45,130,6.23,12,36.39
21,80,8.25,3,19.23
52,100,7.16,3,19.14
44,136,5.21,11,31.85
29,115,7.37,12,36.27
21,81,6.72,11,33.36
59,102,5.44,10,30.97
30,139,8.75,12,39.44
50,138,7.75,10,33.59
25,145,5.17,4,17.15
24,122,6.22,6,23.13
28,138,9.84,6,28.64
36,153,8.6,5,24.52
21,152,9.62,6,28.75
35,115,7.79,8,29.22
44,139,9.14,6,27.72
35,83,7.55,13,39.45
26,100,7.43,3,18.69
22,83,5.99,12,34.72
25,83,8.94,2,18.93
59,112,7.56,9,32.33
54,93,5.92,11,32.1
59,88,7.21,14,41.39
52,143,7.36,5,23.94
49,141,5.18,2,14.19
49,86,8.68,1,16.78
44,84,5.1,12,33.37
51,92,7.78,5,22.64
44,81,8.23,3,20.83
35,91,5.22,6,21.32
32,86,6.62,14,39.66
40,113,8.85,1,17.98
24,100,5.72,2,13.83
33,139,7.47,9,31.21
30,89,5.57,12,33.95
43,117,9.8,12,41.17
27,137,6.16,12,35.03
32,135,7.2,13,37.92
35,123,7.11,4,19.86
27,159,8.0,7,28.07
28,143,6.64,4,19.25
27,99,7.4,8,27.67
24,129,9.61,7,30.47
27,133,5.29,13,36.28
50,125,5.07,1,11.89
38,119,9.99,7,31.17
50,103,7.34,10,32.8
27,137,6.66,3,18.25
43,110,6.08,6,22.38
57,129,8.4,6,27.82
27,89,8.13,1,15.24
58,93,6.31,0,11.18
49,98,6.22,14,38.74
54,109,9.16,1,17.51
59,136,8.7,11,37.16
38,95,8.82,3,20.35
45,101,7.28,13,38.71
47,133,6.55,9,29.95
47,149,7.49,6,25.41
32,122,7.97,2,18.16
43,98,8.61,2,19.39
37,84,7.3,5,22.3
27,150,8.48,14,43.4
44,99,7.6,5,22.39
27,94,5.81,3,16.24
49,117,5.38,11,32.57
48,80,7.8,9,31.58
43,84,7.32,4,20.84
30,133,6.9,3,18.04
36,140,7.85,1,16.19
54,157,8.5,0,15.67
45,96,6.16,0,10.88
22,155,7.73,10,33.95
25,106,6.1,2,15.13
34,149,8.2,3,19.98
51,104,7.78,9,31.85
26,124,8.5,6,26.49
48,81,9.18,0,15.55
29,101,6.63,1,13.72
26,133,9.46,0,16.1
37,96,5.38,6,21.54
55,140,8.18,11,36.31
32,145,6.53,1,13.39
38,105,8.74,14,44.02
54,135,5.04,14,38.38
21,112,9.15,2,19.57
35,80,9.16,14,42.92
38,119,7.42,5,23.17
42,122,9.65,9,35.2
38,123,7.08,10,32.9
21,141,9.52,0,15.62
40,115,5.0,1,11.18
56,135,7.04,10,32.8
58,118,5.29,9,27.95
45,92,5.95,11,32.88
36,118,7.19,2,16.33
40,91,8.41,7,28.87
58,100,6.55,6,24.56
53,97,6.16,4,19.26
27,92,9.25,8,30.98
43,98,5.27,9,27.83
31,114,9.23,9,33.01
53,125,5.13,8,25.74
25,136,5.05,7,23.3
28,113,9.68,14,44.21
37,141,6.7,6,23.89
38,135,5.82,13,36.9
47,80,5.93,6,22.88
51,136,8.23,2,18.69
24,107,9.13,8,31.33
22,83,7.25,13,38.1
25,150,6.13,9,29.6
37,154,6.56,12,36.99
59,155,6.0,1,13.21
52,119,5.95,11,33.22
49,132,7.79,10,33.76
36,118,7.63,13,39.27
21,114,8.37,12,37.95
32,89,5.88,8,25.97
39,130,5.2,6,21.94
29,143,7.84,2,18.36
27,158,9.4,1,17.86
50,138,8.56,14,42.84
35,105,6.1,6,22.18
24,82,7.12,4,19.53
26,156,6.08,0,11.8
58,96,5.85,7,25.82
55,144,9.38,14,45.28
22,157,5.76,0,10.84
25,80,8.48,13,40.08
28,136,6.76,9,30.49
50,90,6.29,5,21.26
39,146,9.66,8,32.79
50,156,9.42,6,27.75
51,134,6.13,11,34.63
36,120,7.06,11,34.68
58,138,8.53,14,43.97
42,109,9.06,6,27.12
53,104,7.19,12,36.93
42,150,9.57,10,36.62
28,143,7.09,7,25.85
57,104,5.53,3,16.59
32,145,9.91,13,43.24
25,113,9.65,6,28.67
45,134,8.87,2,19.82
49,137,9.46,6,28.7
33,133,8.24,12,38.06
46,80,7.01,6,23.91
42,97,6.87,0,12.57
49,95,6.53,11,34.32
32,135,8.42,11,37.01
48,153,6.48,1,13.79
29,110,6.71,4,19.93
30,127,7.5,10,32.46
46,156,7.23,2,17.99
56,113,5.24,3,15.48
31,113,7.15,6,24.09
26,139,7.45,1,15.83
24,155,7.79,9,31.99
47,116,9.35,3,21.74
44,119,6.74,1,14.21
25,96,8.5,5,25.27
23,120,9.58,5,25.94
27,135,9.66,2,20.28
44,133,9.69,8,32.19
42,158,9.2,7,30.16
32,92,7.78,6,25.22
55,125,8.53,4,23.62
37,151,5.34,0,10.35
23,96,5.93,6,22.49
31,90,9.95,11,38.77
26,119,5.13,8,25.77
56,125,5.15,12,34.03
37,144,6.19,13,37.36
42,111,7.82,2,17.93
21,131,5.99,12,35.15
23,89,5.51,1,12.13
36,138,5.73,5,20.47
55,94,7.31,6,24.71
34,82,7.65,11,35.8
27,88,6.26,12,35.13
46,87,9.77,9,34.12
51,153,9.05,5,26.73
44,87,7.35,1,13.42
39,95,5.83,1,12.5
57,90,9.46,7,29.89
21,102,5.77,12,33.67
45,135,8.42,6,27.49
30,135,8.13,8,30.39
38,101,9.41,4,23.59
21,97,6.59,1,14.47
49,118,6.24,8,27.32
33,82,7.12,3,18.29
24,87,9.41,9,33.06
32,84,5.68,7,25.35
39,84,9.74,2,19.89
46,98,8.31,4,21.9
58,140,5.37,9,28.63
36,125,8.02,6,26.9
45,97,7.65,6,24.66
30,140,8.15,11,35.74
57,139,7.47,6,26.07
48,81,8.99,12,38.56
48,129,9.19,9,34.7
45,142,7.79,7,27.92
45,150,5.47,14,38.61
32,128,7.51,11,34.85
28,159,5.47,8,26.07
56,150,5.11,9,27.99
59,97,7.15,14,41.27
44,95,9.85,9,35.17
43,125,5.85,5,21.64
57,104,9.02,7,29.76
31,87,5.05,8,24.89
37,143,5.46,0,10.08
48,93,9.19,7,28.9
23,101,6.9,6,22.94
22,157,9.84,8,32.7
49,114,5.31,0,10.1
54,130,6.67,13,38.22
34,155,7.91,6,26.17
53,122,8.43,4,24.1
38,154,7.53,6,25.61
49,82,9.21,13,42.03
22,152,8.31,5,24.54
31,134,9.69,13,42.18
51,98,8.91,0,15.08
33,121,9.83,0,16.41
46,140,8.68,6,28.34
54,102,6.2,2,15.27
30,159,7.59,5,24.36
32,83,6.73,14,39.39
42,144,7.32,11,35.29
51,83,7.43,14,40.88
39,138,9.75,6,28.64
44,159,8.7,3,21.45
45,109,8.82,4,23.15
55,112,9.52,5,26.87
28,159,5.04,12,32.82
25,112,8.7,14,43.88
42,99,8.72,7,29.33
48,127,7.44,7,26.53
32,106,6.52,14,39.3
53,111,5.26,14,38.2
36,106,9.84,2,20.02
46,104,7.46,13,38.09
32,145,5.58,0,10.52
43,91,8.34,0,14.65
46,125,8.91,6,27.45
33,127,9.6,10,37.02
43,154,7.43,0,13.78
51,116,9.05,1,17.09
56,83,9.28,3,21.15
47,140,6.07,9,29.13
56,150,7.1,6,25.99
43,126,8.02,14,41.81
58,126,7.69,2,16.8
23,96,9.97,12,40.11
50,111,6.86,14,40.45
52,89,9.34,2,20.02
35,129,5.97,3,18.54
58,154,9.54,10,36.96
31,138,5.07,1,11.3
22,97,8.65,8,30.03
46,145,7.33,1,16.14
54,114,5.04,11,31.76
21,85,9.47,12,39.51
31,82,8.33,2,17.18
25,150,8.63,11,36.84
46,114,8.06,2,17.96
26,156,9.59,3,22.66
55,145,9.08,6,26.99
25,145,6.48,2,15.94
29,130,6.7,9,30.66
48,151,5.64,8,26.71
39,152,5.24,1,11.59
25,113,8.9,9,33.48
43,118,6.65,2,15.31
36,128,7.7,4,22.07
27,126,8.53,3,21.34
34,115,8.58,1,16.77
42,101,9.33,12,40.01
29,156,9.06,9,33.78
43,123,8.46,9,32.57
24,146,6.02,9,29.33
46,140,9.17,13,42.08
26,88,5.55,13,35.68
51,127,6.16,12,35.49
37,97,6.67,6,23.57
29,108,7.83,9,30.89
47,127,9.72,5,26.88
26,91,7.87,12,37.24
26,118,8.27,9,31.9
24,102,7.94,1,15.06
23,98,5.43,0,9.95
44,103,6.51,8,27.84
38,123,9.63,5,25.77
52,128,6.18,10,31.22
41,153,7.07,9,32.01
49,83,7.91,6,25.08
52,141,8.77,8,31.19
45,97,7.83,12,37.37
32,139,7.22,4,21.48
29,143,8.49,8,31.48
27,99,8.05,8,28.94
34,131,7.55,10,32.54
40,115,7.95,10,33.61
40,141,7.03,8,28.76
30,127,7.56,7,28.11
31,136,7.24,1,14.25
59,136,9.99,2,22.14
39,120,5.28,14,38.15
39,132,8.29,4,22.85
26,141,6.21,6,23.49
28,108,6.86,13,38.31
21,118,5.95,14,39.05
43,89,8.76,9,32.84
57,140,6.44,3,17.69
30,135,8.27,8,30.94
22,88,7.84,14,40.61
56,129,7.14,1,15.0
22,154,6.7,10,31.97
35,91,8.5,6,26.57
40,81,7.69,3,19.42
41,152,5.24,1,11.81
50,96,8.7,10,35.87
44,114,8.78,11,37.92
22,125,7.09,14,40.44
58,146,5.1,7,24.25
42,149,5.95,11,32.85
49,114,7.87,12,37.91
34,158,8.78,14,43.43
25,151,5.43,11,31.26
44,113,8.36,3,20.97
46,90,7.51,1,16.21
22,82,6.17,1,12.3
54,89,7.43,5,23.12
43,91,5.32,3,16.34
55,130,8.3,0,14.38
35,138,5.63,2,13.55
23,81,5.12,8,24.89
32,81,5.13,7,23.6
58,84,8.56,4,22.52
37,101,6.22,8,26.81
58,112,7.65,3,19.1
47,148,5.23,14,37.29
39,107,5.22,4,18.12
41,137,9.24,0,17.16
44,93,8.54,3,21.28
44,129,5.55,6,22.69
39,153,7.74,3,19.63
51,120,5.76,14,39.46
40,94,8.9,9,33.35
35,153,8.34,1,16.19
55,147,9.73,4,24.42
55,122,7.82,10,33.44
53,134,6.96,11,34.71
38,128,8.48,11,37.01
37,97,7.97,11,35.97
28,104,7.05,13,37.83
40,91,7.1,12,36.36
31,134,5.75,5,21.02
50,126,7.39,7,27.48
47,146,5.77,7,24.69
59,150,5.86,8,26.99
34,143,5.78,5,19.84
35,139,7.4,13,38.69
32,122,7.44,8,29.07
40,116,5.32,11,32.1
37,111,8.25,2,19.13
46,131,5.81,10,31.34
34,132,7.31,6,25.26
45,135,8.04,5,24.5
46,151,5.27,1,11.6
45,81,7.78,0,12.47
45,127,9.58,6,29.29
47,95,5.68,6,21.94
32,115,9.59,11,38.9
40,89,9.09,10,34.84
36,158,7.68,8,30.4
45,97,5.63,6,22.52
47,81,8.62,1,17.43
38,119,8.24,3,19.32
30,121,8.33,4,22.78
50,104,5.65,7,23.59
21,80,7.45,5,22.57
24,95,8.27,5,23.65
43,121,7.33,5,23.57
27,116,7.95,11,35.52
50,116,7.82,5,23.51
46,150,7.13,3,19.09
21,85,5.76,8,25.57
49,157,9.06,8,32.0
45,101,8.21,5,24.01
46,153,8.21,8,30.18
37,125,5.27,10,30.33
51,119,8.77,1,17.12
28,133,6.08,8,27.15
25,125,8.42,14,42.77
21,115,8.41,9,31.82
35,120,5.45,7,24.4
56,146,7.66,8,29.93
27,102,8.55,2,18.21
47,122,8.9,9,33.86
55,140,7.06,10,33.13
47,96,5.12,12,33.62
40,144,8.51,12,39.43
38,82,6.57,2,15.37
22,157,6.19,14,39.61
50,154,8.98,9,33.72
58,109,6.89,7,26.81
50,100,7.46,13,39.19
27,95,6.92,4,20.16
59,141,9.54,6,28.02
33,139,7.12,11,34.97
53,88,6.86,4,20.47
50,145,6.07,7,25.83
50,105,7.22,9,31.25
43,146,7.48,9,31.27
44,94,8.32,9,32.02
40,91,8.65,7,28.25
48,98,6.18,0,10.63
39,93,9.72,5,26.88
33,94,8.16,3,19.85
36,90,5.51,0,10.62
35,142,8.82,7,29.1
31,122,8.5,13,40.15
32,146,8.46,4,22.28
42,122,8.91,13,42.49
45,80,8.2,12,37.05
23,83,5.08,0,9.12
44,104,8.3,1,16.13
45,153,9.0,12,38.64
29,132,7.74,10,33.04
48,114,5.92,13,36.56
50,104,8.36,12,38.41
27,82,5.24,11,31.22
31,130,7.3,12,36.21
30,129,7.39,6,24.75
23,92,9.91,9,33.76
39,114,5.9,10,30.86
22,134,7.7,8,29.56
37,97,8.47,5,24.31
49,130,5.07,9,28.4
22,109,9.52,3,21.52
36,119,8.49,2,18.17
30,109,8.12,12,38.36
24,137,8.21,0,13.96
46,144,5.58,14,38.03
44,151,9.79,3,22.89
32,91,7.21,2,16.28
41,87,7.86,14,41.01
36,154,6.27,2,15.82
56,157,5.56,1,13.69
55,97,8.94,9,32.77
29,144,7.94,13,40.18
26,89,6.95,1,14.8
21,116,5.79,2,14.42
34,108,7.03,12,36.04
44,125,5.01,6,21.94
30,123,9.87,10,36.1
38,115,8.16,2,17.87
29,97,6.44,0,11.72
47,158,9.32,4,25.04
39,111,5.47,7,23.85
56,99,6.11,7,25.64
23,113,6.61,4,20.39
58,152,9.52,7,31.23
29,120,6.27,3,16.27
30,114,7.09,2,16.26
29,136,8.08,1,16.13
37,106,8.87,12,38.46
58,97,8.32,5,24.61
40,100,8.41,7,28.41
27,97,8.71,7,28.61
24,106,7.94,5,23.18
30,107,7.54,10,32.4
41,94,9.15,6,27.52
34,124,8.57,11,36.41
45,126,7.39,1,15.69
37,115,9.24,4,24.22
48,98,5.88,3,16.85
34,124,9.42,10,36.53
33,136,5.85,1,13.25
54,155,6.24,7,26.45
23,108,6.32,6,23.15
24,95,5.32,4,16.82
35,101,6.49,14,39.79
40,151,6.38,9,30.25
28,134,7.95,14,41.5
25,91,7.99,12,37.35
22,95,7.74,4,22.04
48,134,8.15,6,27.06
42,126,5.2,8,26.36
29,152,8.49,4,23.03
48,106,9.74,4,23.78
21,90,8.16,0,13.8
56,94,6.39,12,35.12
22,132,6.55,0,11.48
58,112,8.83,3,21.97
46,150,5.56,13,37.58
51,101,6.86,13,37.11
39,144,5.95,4,19.69
51,137,6.0,1,12.81
29,106,5.02,4,16.21
23,154,9.44,0,15.6
58,91,6.59,11,34.19
26,139,6.94,14,40.28
27,151,5.13,3,15.59
45,156,5.48,2,14.87
45,112,6.11,7,24.7
21,145,5.86,13,36.73
42,88,9.2,3,21.51
40,156,9.76,7,31.61
33,105,9.68,1,18.62
41,124,6.07,0,10.98
43,134,5.63,0,10.99
53,131,8.3,3,21.3
29,88,6.4,3,16.91
49,158,5.28,6,23.34
52,86,7.81,1,16.48
31,136,6.33,11,33.17
56,136,6.59,1,14.3
49,116,7.97,1,16.58
51,152,8.49,0,15.6
34,157,5.55,2,14.95
45,109,5.25,13,36.17
46,130,9.12,4,24.22
42,126,6.34,1,13.51
29,133,7.63,2,17.66
53,102,8.93,6,27.78
43,158,5.28,6,22.21
55,137,8.87,14,43.04
40,135,7.79,6,25.79
53,110,5.53,11,31.94
55,147,8.38,10,34.83
50,141,5.36,0,10.42
50,139,6.56,14,39.89
42,116,7.68,10,33.66
21,113,8.37,12,37.34
35,80,6.31,6,23.77
45,120,5.9,3,15.76
40,123,8.7,6,26.4
27,114,7.04,12,36.06
36,106,6.02,3,15.82
43,100,7.97,11,35.12
41,151,6.97,5,23.66
21,102,8.1,4,21.64
40,120,8.91,2,18.72
39,159,5.1,14,37.76
26,129,6.78,0,12.09
58,153,6.76,4,19.88
52,101,9.5,0,15.13
21,119,9.99,13,42.87
50,81,8.26,3,20.0
36,121,7.04,2,16.43
47,109,7.2,2,16.73
38,123,8.32,10,34.66
33,89,7.97,3,19.37
48,142,9.3,8,32.32
30,103,8.57,2,18.25
34,85,5.67,10,30.29
49,124,9.19,6,27.88
31,97,6.46,11,33.35
47,95,8.81,6,27.81
37,119,5.28,10,30.51
23,95,6.57,6,22.82
51,158,8.62,2,19.38
41,149,9.88,14,45.5
53,92,7.01,3,19.21
21,147,6.22,10,30.74
26,129,9.36,9,34.62
24,108,9.21,8,31.81
42,137,7.72,14,41.34
33,86,6.33,2,15.18
50,84,6.54,5,21.8
46,119,7.44,8,28.88
59,83,9.91,14,45.19
59,86,5.56,9,28.24
27,159,6.82,2,15.9
34,116,9.3,9,34.38
46,154,9.81,8,32.65
38,138,5.25,11,31.73
44,129,7.95,13,41.01
45,148,8.02,8,30.07
52,108,7.52,4,22.33
26,134,5.22,11,32.13
36,146,6.59,14,39.75
23,109,7.2,2,16.7
41,99,7.44,14,41.65
52,146,9.83,12,42.06
22,140,6.52,1,13.96
40,123,5.3,1,12.1
31,135,5.6,13,36.37
38,158,6.76,4,20.47
31,139,8.89,10,36.28
55,120,8.04,2,17.81
56,157,8.91,12,40.58
58,119,9.59,6,28.18
32,129,5.6,0,10.92
51,89,7.64,5,23.39
56,96,8.12,4,22.22
50,94,7.08,11,34.73
24,132,7.26,3,19.39
22,152,5.42,12,34.61
33,130,5.29,8,26.1
46,145,5.21,13,35.92
49,105,8.28,11,36.12
56,117,5.5,10,30.68
48,109,6.84,14,39.92
28,134,9.59,14,44.17
25,88,5.84,7,23.37
52,95,7.36,11,35.14
50,103,8.65,2,19.01
34,99,6.24,11,32.68
30,141,5.11,12,33.2
30,131,8.89,11,37.13
26,157,8.64,11,36.94
36,131,9.9,5,27.31
46,122,8.03,8,30.32
41,89,6.55,4,19.33
56,145,5.65,8,27.43
50,150,5.49,1,12.1
25,144,8.19,4,22.26
30,94,6.75,14,39.7
51,154,9.16,11,38.82
31,129,5.62,1,12.8
58,120,9.82,5,27.11
27,139,5.3,2,13.85
32,112,8.91,12,39.33
28,131,8.89,12,38.85
48,117,8.07,5,23.81
36,143,9.96,11,39.19
23,89,5.02,6,21.71
57,129,7.33,4,21.37
52,142,5.53,5,21.11
41,138,7.57,3,19.47
38,91,5.98,11,32.18
31,137,7.23,5,23.03
28,88,5.19,12,32.93
32,128,7.27,12,36.4
22,140,8.33,6,26.51
42,157,9.39,10,36.7
29,130,9.64,13,42.98
34,124,6.77,11,34.49
35,146,9.04,8,32.0
31,159,9.4,2,20.72
33,97,9.85,2,19.43
48,140,7.2,0,12.99
45,129,9.1,12,39.96
57,93,6.3,12,36.02
26,89,8.84,11,35.93
57,153,9.0,4,23.37
53,85,9.27,8,31.01
45,82,9.07,10,35.07
43,81,8.93,5,25.23
28,155,8.41,2,17.98
37,80,5.55,9,27.69
51,131,6.86,6,24.84
46,92,6.23,13,37.13
31,111,7.17,14,39.76
50,104,9.58,12,40.64
31,117,8.07,8,30.27
23,84,5.42,12,32.96
41,97,6.49,12,35.31
55,89,9.26,6,27.37
48,132,6.88,11,35.69
42,113,5.04,1,11.5
38,109,8.88,12,38.86
43,111,5.7,9,28.65
46,90,5.61,0,9.67
55,109,8.08,0,14.44
49,80,7.84,2,17.59
31,85,6.81,8,28.15
21,157,6.04,10,30.29
36,135,5.52,12,34.38
45,146,5.61,0,10.89
58,137,8.68,0,15.33
38,158,9.5,8,33.4
36,98,7.81,11,34.91
39,140,8.23,7,28.55
36,141,9.87,8,32.47
25,150,5.08,6,21.17
47,114,5.78,14,39.63
26,122,7.35,1,14.54
54,84,5.44,2,14.24
36,125,6.31,14,38.87
43,114,6.94,4,20.29
52,115,8.53,3,21.3
43,83,5.66,8,25.66
40,140,8.01,2,18.03
39,81,5.26,5,19.75
49,114,7.24,11,36.0
28,125,5.49,7,23.65
49,83,7.49,14,41.33
38,139,7.08,13,39.09
25,127,6.9,4,20.38
32,83,9.06,6,26.82
30,149,7.58,5,23.02
57,130,6.36,5,22.6
37,96,9.06,13,40.61
52,83,7.6,8,28.91
24,136,9.88,11,39.23
51,155,7.48,2,17.22
46,86,9.13,0,15.35
32,127,5.01,5,20.21
38,156,6.26,12,35.47
28,112,5.15,3,15.03
52,156,7.74,2,17.5
40,147,7.37,10,33.11
33,135,8.79,3,21.48
43,104,5.56,10,29.98
23,114,9.15,4,23.34
55,152,5.36,3,16.4
59,118,9.22,9,34.64
41,102,7.76,12,37.97
27,90,5.46,2,13.52
46,158,5.15,12,34.97
43,101,8.99,14,43.43
52,126,6.59,1,14.27
22,91,9.73,0,15.12
59,114,9.94,11,39.1
22,113,9.01,3,21.07
59,80,8.81,6,27.35
35,111,8.58,1,16.34
36,83,5.99,9,28.1
46,103,5.77,5,21.31
28,150,7.02,5,22.96
36,155,9.73,7,31.68
41,101,5.17,8,25.11
59,114,9.1,2,20.2
31,108,7.06,10,32.23
44,96,5.16,9,27.08
56,107,5.89,2,14.88
38,126,9.91,12,40.21
43,120,9.08,5,25.38
33,96,9.14,13,41.63
59,83,7.74,6,26.23
21,120,5.2,11,31.08
27,85,9.09,6,27.75
41,158,7.37,12,36.5
36,123,8.57,10,35.0
34,103,8.73,2,18.65
22,133,5.2,7,23.37
51,151,6.13,10,30.74
59,110,9.16,2,19.73
29,88,7.46,8,28.35
34,132,5.16,12,33.06
30,81,9.8,1,17.97
44,99,8.09,11,36.01
53,83,7.0,6,24.46
54,123,9.5,12,40.24
40,141,5.66,1,12.67
48,92,9.87,11,39.11
24,99,6.3,10,31.43
54,131,7.8,1,16.49
24,85,9.09,4,23.37
26,94,6.33,3,17.02
42,151,6.46,8,28.66
24,143,7.96,1,16.04
25,115,5.37,6,21.59
31,115,8.79,1,16.14
55,82,6.54,14,39.05
39,159,9.78,10,36.29
31,119,6.44,3,17.75
31,117,9.71,5,25.92
47,124,5.57,13,36.14
22,141,7.0,9,30.15
28,159,8.25,8,30.04
54,145,6.31,11,34.02
40,103,8.73,6,26.13
43,85,9.96,4,24.94
35,81,9.71,12,40.32
33,105,9.89,14,44.44
51,123,5.27,14,37.85
34,80,8.02,7,27.64
21,81,9.29,8,31.7
47,90,9.37,3,20.91
53,109,7.44,2,17.6
55,113,5.06,0,9.71
35,140,8.84,5,25.1
25,113,9.69,7,29.99
57,150,5.02,14,37.55
24,81,5.22,13,34.23
40,143,8.87,0,15.84
59,82,8.89,5,25.63
42,145,6.05,3,17.39
44,109,8.59,7,29.32
31,114,9.42,9,34.41
26,101,6.29,8,27.29
47,141,7.23,12,37.61
30,133,7.43,7,27.59
59,139,7.07,2,17.37
30,117,6.63,13,37.59
46,109,9.95,4,24.88
57,81,7.85,4,21.66
53,99,8.58,0,14.39
28,123,5.53,10,30.36
48,159,7.55,14,41.78
56,147,9.48,12,41.31
45,156,8.57,9,32.89
56,157,6.4,2,17.19
33,88,9.21,3,20.97
27,93,5.26,0,8.75
21,90,9.93,6,28.39
29,89,8.79,12,39.15
48,150,9.75,1,19.1
56,136,9.28,13,42.45
50,85,8.86,2,18.91
29,96,7.21,7,25.94
50,92,9.04,13,41.42
55,138,5.38,13,36.25
47,126,6.14,5,21.8
49,83,9.44,0,16.52
25,105,8.5,0,13.82
21,111,5.93,9,27.65
25,135,7.08,14,41.05
49,146,8.57,1,16.92
37,90,8.98,9,32.52
57,137,9.2,11,38.68
44,131,5.74,5,21.11
47,108,5.03,7,24.03
29,81,5.67,0,8.99
58,147,7.46,11,35.75
33,128,9.61,4,24.13
46,100,5.97,3,17.28
31,96,8.86,4,22.9
44,156,8.39,11,36.21
53,82,9.82,13,43.02
26,121,6.45,11,33.09
55,127,8.43,1,17.22
36,110,5.15,0,9.16
33,80,6.2,2,14.32
31,148,8.13,7,28.19
43,80,9.85,9,34.25
22,159,7.0,14,41.05
50,154,8.32,5,23.46
39,115,5.37,2,14.09
35,159,5.06,11,31.95
53,138,5.75,14,39.5
25,140,7.91,5,24.31
42,155,9.05,5,25.63
47,83,6.81,9,30.16
55,128,8.5,0,15.09
39,120,7.38,6,24.48
59,139,9.09,7,29.82
27,151,5.52,13,36.43
59,151,7.92,10,34.89
54,100,9.66,2,20.16
54,119,5.44,3,15.85
47,151,6.32,6,24.11
25,158,6.37,14,39.28
24,157,8.26,9,31.91
27,153,8.91,6,27.09
23,119,8.2,5,24.61
41,106,7.24,13,39.32
54,121,6.25,3,18.15
29,115,9.64,2,20.98
40,90,5.91,10,30.71
32,156,8.85,14,43.56
59,114,5.78,1,12.44
48,116,7.11,3,18.67
53,91,6.51,7,26.01
30,129,6.44,0,11.38
31,104,6.53,12,35.1
27,142,9.13,1,17.98
38,89,6.16,13,36.75
39,137,6.13,1,13.42
34,82,6.66,4,19.73
37,148,8.25,1,15.56
43,134,7.77,8,30.19
39,91,7.12,0,11.9
23,157,9.7,8,32.68
54,124,5.86,6,22.94
45,120,5.6,13,35.96
51,121,5.88,9,29.27
59,112,8.03,8,29.71
34,149,8.94,6,27.78
57,85,8.73,8,31.1
40,81,9.55,4,22.93
52,105,8.66,4,23.15
53,127,10.0,13,43.53
51,136,7.75,10,33.49
27,148,9.97,9,34.49
25,125,7.69,11,35.28
24,127,5.4,0,10.65
31,120,9.02,4,22.69
39,95,9.43,6,28.7
58,131,7.24,7,27.15
40,91,5.74,0,10.75
47,94,9.68,1,18.43
49,100,9.51,7,30.24
38,104,6.31,2,14.71
57,151,5.85,14,40.13
45,109,5.47,0,9.35
40,112,6.11,8,26.65
26,145,9.12,10,35.84
56,112,7.91,8,31.09
35,107,7.42,7,26.99
38,120,9.5,14,44.81
58,80,6.71,1,14.13
45,142,7.33,3,19.26
40,114,9.77,3,23.28
42,127,6.38,11,33.24
32,118,8.46,13,39.58
53,99,5.84,3,17.01
49,156,7.77,5,24.84
22,117,9.26,10,35.77
46,102,6.49,14,39.64
52,91,5.88,11,32.22
23,85,9.37,14,43.58
50,86,5.9,12,34.85
39,130,9.54,13,43.21
30,93,8.62,4,22.5
45,95,5.86,3,15.32
39,102,9.48,6,27.59
41,97,6.23,6,24.35
26,86,6.28,7,24.48
34,147,8.79,2,19.01
28,104,8.08,2,16.84
22,112,9.14,11,37.28
38,130,6.97,4,20.52
42,102,8.63,3,20.55
50,129,7.76,9,31.78
56,100,7.59,1,15.71
48,142,8.15,10,34.57
55,100,9.56,3,21.56
22,106,8.15,3,19.78
56,105,7.73,11,35.65
38,98,9.92,9,34.77
29,137,9.14,9,34.28
48,86,5.06,1,11.64
28,94,6.19,8,27.45
28,145,7.18,12,37.63
25,145,7.21,3,18.9
33,126,9.77,14,44.71
27,125,6.5,10,31.76
41,154,9.85,10,36.7
49,123,5.16,8,25.61
57,88,9.52,1,18.17
34,150,8.19,9,31.55
57,90,7.05,5,21.62
24,135,9.95,3,22.43
42,83,9.99,5,26.24
31,116,7.1,8,28.75
54,113,5.97,9,28.13
36,159,7.28,1,15.19
29,126,9.16,6,27.74
36,109,8.52,14,42.82
59,125,5.29,10,30.79
36,159,6.11,10,31.24
51,149,7.33,9,31.58
51,112,9.79,4,24.7
33,129,8.08,2,17.62
25,94,5.25,12,32.92
59,99,6.92,14,39.79
38,155,9.53,8,32.66
40,119,7.53,7,27.17
22,111,5.49,2,13.4
50,91,7.99,10,34.3
30,94,8.39,1,16.37
31,138,8.76,13,41.57
49,139,6.68,14,40.42
36,151,8.5,11,36.59
48,83,6.6,13,37.33
37,106,7.6,0,13.5
58,137,5.1,9,27.54
35,132,8.37,11,36.36
51,157,6.89,11,35.07
27,118,8.53,6,26.1
50,94,9.82,10,36.56
56,98,5.41,1,11.68
46,93,9.3,4,23.54
31,150,6.16,3,18.25
26,85,6.21,12,33.99
49,113,6.13,13,37.71
48,104,5.69,5,20.59
35,120,5.98,0,9.03
49,129,8.71,3,20.64
26,158,8.84,9,33.03
32,121,9.81,4,24.13
36,146,5.52,7,24.3
58,145,5.75,4,19.22
29,101,9.43,4,24.72
42,107,7.82,10,33.35
53,80,7.73,5,22.88
46,123,8.86,14,42.58
27,102,7.76,14,40.91
52,84,5.31,2,12.96
44,154,9.5,9,34.33
59,94,5.67,8,25.82
58,148,7.4,3,18.95
57,83,6.82,10,32.44
39,123,6.85,7,26.32
25,153,6.42,3,17.43
50,152,9.79,13,43.27
45,112,5.42,0,9.88
50,139,9.01,1,18.1
45,149,6.96,14,40.49
29,125,5.26,7,24.11
47,106,7.87,1,15.8
44,107,6.86,5,22.65
58,125,6.1,0,11.11
35,113,6.85,9,29.49
58,108,9.89,7,30.5
46,134,8.83,9,33.64
50,136,9.1,11,37.84
31,101,7.63,2,17.07
49,94,6.48,2,16.45
35,106,7.74,3,18.18
29,153,7.73,0,14.2
49,139,5.74,3,16.95
35,154,8.31,5,25.19
37,151,8.91,7,28.73
36,100,7.74,6,25.02
42,151,6.98,8,29.05
31,116,8.19,5,23.75
58,103,7.69,6,25.92
45,127,5.42,7,24.85
50,102,6.87,10,32.84
22,92,9.63,6,26.89
21,138,5.31,4,17.23
58,84,6.42,11,33.08
57,94,9.28,14,44.25
29,103,5.01,3,15.73
25,154,9.71,14,44.09
44,135,8.44,0,14.55
47,87,6.9,4,20.77
50,121,5.14,14,38.33
35,86,5.23,1,11.45
29,103,6.48,6,24.47
57,106,8.3,9,32.73
50,82,5.34,1,11.63
35,127,9.41,5,25.15
40,101,9.29,10,34.17
45,119,6.43,6,24.52
29,127,5.97,6,21.93
42,128,7.15,6,24.66
33,108,6.41,7,24.85
57,153,9.75,5,26.11
48,96,7.91,11,36.32
34,86,8.68,1,16.62
50,122,7.65,3,19.13
59,114,9.18,9,33.83
25,119,5.49,5,19.55
32,146,8.61,1,16.52
55,156,8.84,14,44.57
21,85,6.8,11,33.28
21,81,5.43,9,26.57
40,118,8.27,7,28.36
54,112,6.52,0,12.27
54,102,7.92,6,25.46
44,112,9.41,0,16.63
48,157,9.16,3,22.67
31,109,7.88,0,13.2
28,88,5.54,7,22.93
55,150,7.24,12,37.85
36,141,8.63,11,37.65
36,151,7.84,2,17.51
26,150,6.65,9,29.72
40,104,6.54,1,13.88
31,126,8.39,11,37.06
28,130,8.16,13,40.95
40,107,7.96,9,31.36
52,153,9.76,11,39.54
53,115,9.47,0,16.61
26,158,6.57,9,30.33
48,140,6.24,0,10.94
28,146,9.61,9,34.58
34,155,6.04,12,34.33
23,112,9.89,10,37.03
22,141,6.08,6,23.08
42,105,5.54,13,36.19
53,143,6.95,3,18.77
41,134,9.5,7,31.14
26,85,8.66,14,41.72
27,146,7.99,11,35.99
26,93,8.51,7,28.93
28,128,7.6,3,19.09
44,129,6.59,8,29.1
47,154,7.49,14,42.5
48,96,6.9,1,14.84
25,134,8.84,9,33.13
39,139,5.83,0,11.82
29,125,7.25,11,35.6
45,142,5.53,7,24.14
33,127,5.22,1,12.21
57,141,6.16,1,13.8
22,95,5.81,10,30.25
34,144,8.91,1,17.21
51,127,5.8,14,39.59
26,133,8.36,4,23.36
45,141,7.51,4,21.33
59,85,6.81,10,31.91
51,158,5.31,14,38.77
58,112,7.08,3,19.07
36,150,7.84,5,23.66
47,151,5.59,11,33.25
50,121,9.55,8,32.85
24,109,5.55,13,36.2
59,86,9.15,4,24.53
36,119,8.92,5,25.6
56,140,9.42,14,44.59
27,93,5.53,11,31.72
41,140,7.3,0,12.3
22,143,6.57,4,19.34
28,134,8.43,5,25.19
47,146,5.94,0,11.91
22,123,5.45,6,22.07
26,137,6.09,3,17.08
24,113,9.96,5,26.0
41,136,6.28,13,36.87
21,108,6.43,12,35.21
58,116,8.61,10,35.42
32,147,6.56,13,37.44
47,141,7.64,4,21.76
34,80,8.75,13,41.24
35,151,6.67,11,34.41
44,131,6.8,11,34.44
38,136,6.12,3,16.94
37,136,8.75,10,36.16
29,145,9.96,4,25.79
38,140,5.31,2,14.13
38,131,7.04,8,27.81
25,128,6.72,0,12.33
29,102,6.77,8,28.17
55,148,7.62,14,41.53
21,100,8.29,4,20.9
29,137,7.46,6,24.88
52,88,8.81,9,32.87
40,150,5.32,6,22.75
33,158,9.0,14,44.05
31,137,9.41,3,22.65
46,127,7.99,12,38.07
31,159,6.6,9,30.13
45,140,7.37,1,15.29
45,116,7.98,0,14.3
40,84,8.98,13,41.1
31,112,8.92,12,39.76
30,144,6.74,9,30.77
23,86,7.17,6,23.58
59,121,8.83,1,17.89
47,139,7.14,1,15.0
55,83,8.18,5,23.79
51,83,9.93,4,24.32
41,156,9.2,4,23.98
42,97,6.09,11,33.59
39,129,7.06,1,14.54
34,154,7.73,6,26.78
57,92,7.99,11,36.49
43,110,6.49,13,37.86
46,121,9.6,7,30.35
32,149,9.55,0,15.94
21,90,5.82,3,16.67
54,100,9.65,13,42.42
39,105,7.23,8,28.22
43,94,7.19,9,30.15
27,103,5.91,13,36.35
27,139,5.42,5,19.75
21,151,6.24,11,32.75
38,114,9.4,0,15.62
28,107,7.03,5,22.18
45,108,9.6,4,23.77
49,131,8.0,7,28.11
43,141,5.04,5,19.4
49,135,6.65,2,16.24
21,81,5.64,12,33.59
35,144,8.73,5,24.82
35,142,8.39,1,17.1
48,139,6.14,3,17.02
56,145,6.04,0,11.61
52,93,9.51,1,18.89
33,107,5.59,5,20.6
41,123,5.17,13,34.56
59,139,6.83,3,18.4
58,100,7.82,9,31.75
29,113,9.6,14,44.24
40,133,9.56,13,41.54
40,118,5.7,7,25.54
28,83,8.93,13,40.55
34,107,9.67,10,36.75
40,118,9.17,11,37.9
55,144,7.07,9,30.62
41,124,6.04,7,24.36
42,151,9.58,10,36.42
26,140,7.66,9,32.52
47,139,6.27,4,18.94
24,95,6.62,13,37.01
24,130,7.81,7,27.04
48,124,7.03,12,37.29
47,110,5.2,11,31.86
37,86,7.87,3,20.22
59,130,7.03,12,37.73
58,84,7.37,6,26.25
49,145,8.76,5,26.39
27,120,5.13,12,32.87
28,147,5.33,4,18.85
53,89,5.01,14,37.17
52,144,7.12,4,21.21
55,82,6.4,4,19.87
38,122,7.05,2,17.07
36,124,7.89,6,25.93
38,105,5.04,2,14.19
58,121,5.79,10,30.55
45,151,5.64,10,30.91
54,109,8.11,14,41.89
24,151,7.96,4,21.78
25,103,5.39,8,25.08
34,152,9.01,5,25.63
21,123,5.8,8,25.46
42,92,5.87,14,38.98
41,116,7.01,13,38.73
33,98,6.66,12,35.37
56,84,9.83,6,28.68
49,115,9.54,9,34.68
58,134,5.25,3,16.43
29,131,6.96,5,21.86
53,113,8.92,4,23.56
42,87,8.15,5,23.96
37,83,8.86,6,26.85
43,151,7.04,13,38.38
56,152,6.94,14,41.26
26,120,8.84,5,24.67
59,120,6.46,1,14.06
49,110,5.29,6,21.21
47,139,9.45,14,44.75
25,130,9.73,13,42.04
29,119,8.06,6,26.15
44,150,8.68,1,18.13
39,104,8.45,13,40.81
53,156,7.68,0,13.17
50,148,8.0,5,24.28
24,140,7.7,2,17.66
52,97,5.57,11,31.71
21,150,6.59,4,20.17
54,117,5.09,1,11.65
41,143,5.39,11,32.04
51,133,7.54,13,39.08
34,158,5.89,11,33.17
46,128,6.79,3,18.52
42,124,9.19,4,23.77
54,141,5.43,0,11.38
53,131,9.16,6,27.87
33,110,9.47,0,16.74
52,135,6.59,5,22.96
28,152,7.28,14,40.62
42,98,7.06,1,13.92
40,149,5.72,12,35.77
41,133,5.47,9,28.3
54,107,7.25,14,41.37
50,138,7.83,13,39.9
26,141,7.44,4,21.1
55,129,8.4,13,41.18
47,117,7.38,11,35.41
40,89,9.32,11,37.74
58,114,8.03,8,31.02
34,125,6.13,6,23.76
30,103,9.38,8,31.73
35,152,9.3,14,44.11
23,158,6.85,4,21.38
35,111,5.95,6,22.66
51,106,8.89,7,29.51
31,105,5.3,11,32.36
59,123,7.14,7,27.42
39,96,7.3,9,30.47
35,95,8.15,7,27.74
58,105,6.36,6,23.87
40,135,6.77,2,16.75
42,116,9.77,9,34.49
27,157,9.36,3,22.24
34,95,6.91,6,24.06
24,81,9.83,10,36.14
29,109,5.31,13,34.97
59,152,6.52,0,11.75
45,134,8.55,4,23.0
55,142,8.0,14,41.66
57,143,7.63,7,28.02
47,144,8.85,0,15.94
48,106,9.89,10,37.29
44,88,8.49,13,39.92
53,118,7.16,2,17.1
53,114,8.42,8,30.81
36,112,7.64,13,39.46
43,92,8.16,1,15.87
31,157,8.36,2,18.41
39,132,9.97,12,41.39
54,80,7.48,10,32.62
43,129,8.82,5,25.84
30,150,9.75,11,39.3
57,126,6.1,9,28.8
21,131,6.92,6,24.12
22,113,7.78,3,18.84
42,86,6.97,4,19.79
37,125,8.65,10,35.31
44,158,5.83,1,13.49
41,103,9.73,1,19.1
49,118,6.88,12,36.33
34,141,9.57,8,32.05
28,146,9.79,3,22.92
50,153,5.98,0,11.84
42,155,7.82,14,41.96
43,120,8.81,1,16.9
33,108,5.17,2,13.43
48,151,7.01,14,41.18
50,153,7.07,7,26.74
25,96,8.33,8,29.79
30,88,7.61,8,28.94
59,94,8.66,7,28.43
29,83,6.8,10,31.31
34,100,7.04,8,28.11
58,150,7.04,3,19.9
30,127,6.64,9,29.57
53,87,5.39,5,18.88
31,125,7.29,1,14.54
26,86,9.32,9,33.9
37,149,7.13,5,22.46
56,88,5.72,12,34.72
26,157,6.54,3,18.91
30,127,8.79,10,35.48
25,131,6.27,0,10.99
39,108,5.3,10,29.08
27,82,5.27,13,34.4
44,110,8.03,0,14.53
39,142,9.49,4,24.25
31,103,6.3,10,31.05
23,127,9.94,8,32.61
50,114,6.1,8,26.42
58,104,6.73,14,41.36
26,135,7.34,4,19.95
55,100,5.54,9,26.7
42,94,6.47,11,33.75
31,152,8.01,1,16.25
28,82,5.06,0,8.55
47,89,7.42,12,36.89
49,129,8.3,4,22.76
28,158,6.49,11,33.93
43,159,9.36,2,21.46
49,92,6.39,0,11.48
36,123,9.56,0,16.0
55,80,9.17,13,41.9
28,126,6.17,2,15.16
28,134,5.31,8,26.46
53,112,5.16,7,24.81
25,151,8.88,9,32.84
57,95,7.81,9,32.08
37,127,5.89,0,10.73
42,114,5.82,10,31.32
34,130,6.89,2,16.54
58,139,5.43,6,22.51
52,157,8.46,1,17.52
34,123,9.75,3,21.85
40,127,7.07,8,29.68
42,80,9.35,6,27.42
50,114,6.64,7,25.47
53,89,6.23,2,14.72
25,91,6.67,3,17.55
38,114,6.04,8,26.99
27,118,6.18,9,28.83
49,155,8.45,12,39.23
29,124,9.32,7,30.34
27,107,6.91,3,18.46
27,103,7.96,6,25.84
26,99,5.8,11,31.71
47,90,8.78,1,15.87
24,107,5.44,5,19.84
21,99,5.89,11,32.33
26,148,7.09,5,22.95
51,142,5.59,14,39.28
21,137,9.48,1,18.27
25,119,7.46,5,23.15
39,86,6.43,7,25.61
25,116,5.69,3,16.64
25,108,5.85,13,36.69
51,155,8.65,4,23.61
27,115,9.41,7,29.49
35,114,8.22,2,17.88
33,101,6.78,12,36.75
32,97,6.3,9,29.35
39,136,7.44,8,29.75
33,113,6.51,3,17.34
47,152,7.48,5,22.61
58,153,5.06,1,12.67
53,88,9.41,14,43.87
26,130,7.94,13,40.07
33,107,7.45,7,26.82
33,104,7.4,10,32.86
33,131,8.82,2,19.69
40,105,7.73,10,33.24
56,98,8.21,14,42.34
57,147,8.99,11,37.37
29,128,9.28,2,20.2
37,105,7.76,4,20.5
55,124,7.92,14,41.75
38,146,8.42,0,14.67
45,86,7.36,3,17.35
35,89,9.52,0,15.18
43,147,7.72,12,38.51
21,86,9.62,6,27.69
58,101,9.02,14,43.43
38,132,6.82,8,27.55
21,108,8.32,3,20.15
59,90,8.58,12,39.53
30,142,7.34,12,36.54
51,159,8.53,5,24.75
58,140,6.2,2,14.78
27,135,6.45,12,36.22
58,136,8.22,10,35.24
28,85,7.41,11,35.58
54,116,6.92,3,18.86
29,92,5.33,4,17.36
45,126,9.92,2,21.16
47,151,6.14,6,23.87
27,154,8.11,4,21.71
52,143,8.96,9,33.39
29,123,7.54,3,18.63
37,127,7.9,2,17.86
55,97,7.66,11,34.95
36,124,8.18,0,14.91
22,111,7.08,6,24.93
51,103,6.78,6,23.83
36,129,9.93,14,44.95
53,138,6.87,14,41.23
41,82,7.23,1,14.71
37,146,5.81,4,18.96
55,93,9.14,8,32.07
27,152,8.87,6,27.8
49,95,8.66,8,31.17
31,148,9.34,7,29.87
50,141,5.09,1,12.43
38,156,5.09,13,36.21
36,138,9.89,9,35.02
26,100,5.96,0,9.74
22,119,9.44,2,19.93
30,140,8.97,12,39.32
24,130,7.6,2,17.01
30,152,5.21,7,23.15
29,152,6.03,5,21.22
44,89,5.33,2,13.73
25,120,8.89,5,24.97
55,91,7.52,2,16.79
24,154,9.93,0,17.22
55,143,7.68,10,33.69
33,118,5.56,2,14.22
57,143,5.5,13,36.59
52,150,7.62,0,14.2
21,80,7.92,0,13.31
31,93,5.78,14,38.81
46,124,5.77,12,34.94
23,100,9.58,14,43.62
33,124,9.22,11,38.32
52,151,5.05,11,31.47
43,141,8.73,5,25.46
43,124,7.64,9,32.23
50,133,8.23,12,39.5
26,158,5.2,12,33.84
27,81,7.19,6,24.5
50,92,7.37,6,24.4
57,108,5.64,9,29.2
52,107,9.65,3,21.87
26,87,5.06,4,17.12
55,114,5.47,0,10.7
52,103,7.84,7,26.92
32,86,5.02,3,14.82
24,107,9.97,0,16.66
52,142,5.15,12,34.35
55,85,8.15,8,30.14
36,90,6.81,1,12.96
35,117,5.56,3,15.77
22,145,9.32,12,40.01
26,142,7.73,1,15.98
34,111,8.36,1,16.52
49,105,8.93,12,39.66
46,111,7.76,8,29.22
38,114,6.26,13,37.35
24,81,6.56,1,12.28
57,82,9.13,3,21.84
58,112,8.93,6,27.23
45,86,5.07,9,27.2
49,127,7.89,1,15.79
54,159,8.77,0,16.26
36,102,5.5,7,24.52
57,88,8.07,6,26.22
50,146,7.33,14,41.9
43,127,6.09,3,17.85
56,114,8.19,11,36.47
48,141,6.5,3,17.69
21,103,6.0,11,32.74
28,149,7.25,13,38.1
35,157,8.01,7,29.09
54,82,7.16,1,15.14
39,85,9.55,11,37.15
50,115,9.5,12,40.52
30,132,6.85,10,32.19
47,83,6.06,10,31.14
40,89,9.5,12,39.24
45,128,7.08,1,15.05
29,122,6.55,12,35.35
54,147,9.79,8,32.37
41,92,7.46,6,24.69
44,122,9.37,13,42.82
27,127,5.05,13,35.62
24,109,5.27,9,27.59
28,122,7.39,8,28.38
33,110,8.26,2,17.67
41,130,7.4,3,19.84
55,117,7.37,14,40.58
25,155,6.65,5,22.06
28,98,7.28,13,37.96
22,102,9.17,0,15.4
44,129,8.81,10,34.65
36,125,6.15,8,27.06
24,120,8.59,1,16.8
50,153,8.42,9,33.4
50,158,5.67,11,32.97
55,96,9.32,1,18.14
33,131,5.3,9,28.18
57,92,5.02,5,19.82
31,103,9.03,0,15.73
39,159,8.24,2,18.54
38,109,5.95,8,27.03
37,123,8.62,8,30.63
31,94,9.4,11,37.54
35,83,5.88,8,26.11
28,131,6.67,1,13.12
49,153,9.11,5,26.32
37,125,8.81,7,30.37
46,138,8.03,13,40.28
25,125,6.95,9,29.6
24,111,7.08,1,14.42
44,100,7.16,7,27.35
31,108,9.62,2,20.26
50,109,7.61,5,23.63
55,86,7.55,3,19.87
53,121,6.83,1,14.13
56,153,8.19,11,37.45
41,129,7.77,4,21.67
58,96,8.27,9,32.13
25,97,9.71,5,26.11
25,84,9.03,6,26.57
41,140,5.31,9,28.06
45,118,9.92,8,33.31
30,147,6.22,5,21.14
39,120,8.22,4,21.88
52,151,8.1,7,28.52
38,105,5.22,1,11.72
54,118,9.93,7,30.94
35,154,7.15,7,26.86
44,146,9.05,12,40.61
25,123,6.92,3,18.55
52,143,6.87,7,26.38
29,118,8.33,13,40.43
25,135,6.71,3,18.66
25,92,7.15,5,21.92
54,83,7.38,9,30.5
27,107,7.16,7,25.89
46,82,6.55,14,38.96
21,106,8.97,6,27.1
54,140,9.01,13,41.64
46,154,8.89,8,32.01
52,85,5.1,5,19.84
32,127,7.59,6,25.44
26,135,9.04,2,20.19
40,108,5.03,6,21.13
39,151,6.19,8,27.04
36,154,7.64,5,23.91
24,152,6.89,5,20.88
52,110,8.94,7,29.16
38,144,7.77,13,39.54
25,150,8.49,10,33.72
26,153,5.15,14,37.18
34,88,5.68,9,27.94
38,142,7.54,13,39.76
30,156,9.12,13,42.53
43,106,5.34,5,19.8
38,97,5.1,9,27.34
24,95,8.24,5,24.03
52,83,7.28,1,14.36
26,117,6.48,1,12.39
46,99,5.73,1,12.16
26,120,6.47,0,11.67
55,137,6.32,11,33.77
25,155,5.27,0,10.01
34,107,8.0,11,35.17
22,123,9.27,9,33.53
33,144,8.63,12,40.16
25,88,8.09,2,17.89
56,112,6.5,10,32.62
56,144,7.64,8,30.31
39,88,6.37,5,20.71
40,141,5.76,11,33.22
42,152,5.47,11,32.62
51,148,5.42,3,16.03
24,81,7.32,11,33.87
23,157,8.6,7,28.75
57,155,7.34,1,16.13
45,108,7.96,12,37.64
57,159,7.83,10,35.2
24,127,6.53,2,15.35
59,152,9.6,8,32.18
27,130,8.68,4,22.5
27,111,8.61,13,40.65
45,103,7.54,12,36.63
35,137,5.95,8,26.17
27,99,7.15,7,26.62
24,122,6.12,14,38.97
54,84,5.95,13,37.03
39,159,5.51,12,35.13
58,98,6.34,5,21.23
47,155,8.37,8,31.02
25,106,8.87,3,20.05
33,120,9.67,8,32.58
34,113,7.48,7,27.79
50,100,8.28,13,40.18
30,121,9.72,12,40.07
52,146,8.36,13,41.5
21,100,8.55,12,37.79
44,155,8.9,7,29.83
49,126,6.22,11,33.35
27,107,8.86,10,34.89
51,142,9.46,7,30.01
37,143,5.33,2,13.23
50,134,9.54,12,40.73
45,91,6.51,1,12.82
48,81,9.3,2,19.9
56,138,5.25,10,30.73
27,109,9.62,9,33.11
55,91,6.59,14,39.97
40,118,8.86,13,41.4
34,97,5.44,4,17.72
50,103,9.05,10,36.04
21,91,6.76,5,21.3
58,85,9.46,3,21.58
45,87,7.58,1,14.56
54,136,9.54,3,22.89
28,128,7.59,13,39.5
40,94,9.35,5,26.64
50,86,7.54,1,14.86
24,137,7.17,10,32.92
41,132,8.8,13,41.56
47,104,6.79,6,24.16
30,156,8.71,14,42.65
43,140,7.22,6,24.72
53,91,5.93,0,10.91
31,104,9.88,12,40.29
39,98,6.37,12,34.47
31,121,6.8,10,32.12
24,159,7.64,0,13.89
43,91,9.01,1,17.63
25,139,7.28,1,14.28
25,115,6.2,13,37.7
38,103,8.43,3,19.77
37,112,8.89,4,23.18
23,115,9.03,11,37.05
28,83,7.68,8,29.4
43,129,8.44,2,19.19
43,135,6.72,9,30.27
22,87,5.73,9,28.24
59,140,5.76,0,12.27
41,87,5.21,1,11.23
44,86,6.17,5,20.89
58,104,8.3,10,34.96
40,127,9.54,13,42.43
59,114,8.96,8,31.7
47,158,8.83,4,24.09
59,97,9.55,3,22.48
27,90,6.14,12,34.79
53,108,5.29,1,12.67
49,95,7.1,14,40.49
30,85,6.88,3,17.98
30,94,7.99,1,16.15
32,152,7.41,5,23.24
23,108,8.74,4,22.45
23,143,8.98,4,23.01
33,145,7.89,0,13.78
51,92,6.04,9,30.19
47,150,9.39,11,39.68
26,136,6.32,0,12.21
47,130,8.83,8,31.89
55,107,7.54,7,27.06
29,102,7.78,7,27.35
26,80,5.81,12,34.34
26,150,7.85,10,34.15
46,114,9.17,9,33.66
39,115,7.19,12,36.47
36,93,6.62,9,30.36
43,135,6.35,14,39.75
31,141,7.36,10,33.06
36,91,6.23,5,20.91
49,93,7.19,6,24.91
58,141,7.49,12,38.04
40,101,5.85,10,31.55
41,108,9.28,7,29.63
48,151,8.6,2,18.86
53,154,9.09,14,44.19
46,138,9.32,13,42.97
30,94,7.55,4,20.48
54,100,9.42,12,40.08
29,156,7.98,10,34.85
56,150,9.8,9,35.86
31,91,7.15,11,34.04
30,140,8.89,12,39.28
27,126,6.75,8,27.53
58,105,5.64,2,14.48
36,148,9.32,3,22.9
46,151,8.49,11,36.8
52,115,7.91,11,35.57
51,134,9.75,13,42.73
52,148,8.94,2,20.83
32,151,5.36,3,16.98
47,98,5.21,5,19.84
42,113,7.89,3,20.24
35,149,7.28,6,24.74
28,142,5.26,4,18.16
24,129,5.49,11,31.91
28,96,6.71,11,34.67
43,158,7.14,9,31.24
36,118,8.61,9,33.59
54,110,8.84,12,38.77
42,101,7.67,10,33.64
43,137,5.73,11,33.17
25,104,6.78,12,35.95
57,98,9.04,8,31.44
27,133,9.57,8,32.3
57,150,6.52,12,36.68
46,81,5.28,1,11.63
48,158,6.38,10,31.99
24,101,9.11,6,27.16
52,117,6.99,8,28.62
58,86,5.67,5,20.86
29,145,8.44,1,16.64
56,112,9.16,9,33.33
46,86,8.16,0,13.25
31,138,8.9,3,21.45
40,90,9.23,7,29.47
58,91,6.37,14,39.05
35,97,8.46,14,43.15
55,80,9.09,4,23.41
29,140,5.06,14,37.07
53,80,9.07,0,14.63
31,106,8.53,6,26.22
42,152,7.77,10,33.76
26,144,5.02,1,11.53
57,155,5.46,13,37.73
41,143,6.77,12,35.96
32,128,5.91,9,28.84
27,159,5.89,0,10.83
22,150,6.51,0,12.38
59,114,5.04,0,10.0
44,136,5.57,10,31.2
46,120,7.12,4,20.3
45,102,8.35,0,15.39
40,114,7.33,9,30.61
22,159,9.9,6,29.78
55,127,5.16,10,28.74
53,121,8.45,14,43.44
37,151,8.23,10,35.15
42,159,8.42,11,37.33
21,85,7.08,0,12.24
57,114,6.9,7,25.95
50,96,9.34,7,30.28
26,126,5.79,10,29.91
34,109,6.52,10,31.28
56,88,5.75,4,18.76
53,102,5.64,12,34.65
58,124,7.0,0,13.1
59,144,9.6,9,35.06
26,91,9.54,1,17.84
46,125,8.31,10,34.88
44,112,7.49,1,15.47
53,101,7.89,14,41.89
28,89,8.23,11,35.76
54,93,7.5,3,18.72
54,90,7.64,4,21.61
44,98,9.03,3,22.43
22,130,9.2,10,35.76
28,107,7.61,0,13.1
45,106,7.89,6,24.71
50,90,5.87,7,24.45
52,101,6.87,13,38.75
50,104,7.72,8,29.69
27,98,7.2,11,34.57
44,143,8.84,4,23.79
29,118,6.08,10,31.04
36,86,6.14,4,18.69
22,85,9.63,7,30.04
55,88,5.57,9,27.8
54,97,6.19,3,16.73
42,110,8.7,0,14.9
39,149,7.63,1,16.38
41,141,5.61,4,18.65
32,140,8.23,1,16.01
31,125,6.1,5,21.0
39,88,5.96,3,15.67
26,101,6.42,13,37.05
34,132,6.88,10,31.93
53,100,9.52,12,39.26
58,114,7.54,13,38.81
33,108,5.85,8,26.65
46,132,9.84,7,30.85
34,141,6.92,11,35.53
44,137,9.7,12,41.16
21,140,6.84,13,37.96
50,114,5.43,9,27.68
30,119,8.18,1,15.9
30,138,9.69,5,27.43
48,80,8.51,8,30.55
24,123,5.2,7,23.21
34,137,6.28,5,21.47
32,133,7.86,0,13.37
58,159,5.03,7,24.58
57,88,7.68,0,13.41
30,104,9.01,10,35.9
47,117,9.94,8,32.8
32,104,7.67,14,40.74
42,86,8.4,8,29.52
24,125,5.77,14,39.61
49,159,5.59,0,10.51
56,114,8.21,8,30.51
34,140,5.8,1,12.05
32,80,8.82,12,38.39
40,99,8.47,7,27.57
43,137,6.86,8,27.82
42,144,8.34,6,27.74
54,116,6.86,14,40.44
41,103,8.1,2,17.67
29,84,8.3,14,42.4
30,90,8.55,1,15.72
30,114,7.63,1,15.74
50,108,6.85,10,32.67
53,102,8.09,3,20.7
22,153,7.41,14,41.16
52,103,5.3,4,17.25
37,157,7.45,6,25.17
48,154,6.83,12,36.46
37,144,5.29,8,26.6
34,123,5.54,8,26.13
30,105,7.86,8,29.55
54,135,9.09,9,34.1
34,99,7.38,7,27.02
37,145,5.24,8,25.68
57,112,9.21,14,43.71
42,126,8.32,7,27.92
38,124,9.58,1,17.45
55,124,9.95,10,37.26
38,149,9.23,13,41.57
50,91,9.55,1,18.8
57,158,8.84,7,29.62
26,135,9.59,1,18.28
35,146,7.35,12,37.53
55,101,9.63,13,43.16
46,117,6.06,2,15.85
47,122,5.59,6,23.38
50,85,7.36,3,19.24
31,90,6.29,8,27.29
44,96,8.27,10,34.42
34,92,9.08,11,37.25
43,127,6.08,9,30.14
29,117,5.35,11,31.87
38,117,8.04,12,37.02
59,128,8.3,14,43.02
39,144,7.9,9,32.15
25,129,8.46,7,28.69
38,92,5.29,4,17.73
53,82,8.42,10,35.2
58,107,7.55,12,37.89
33,149,6.44,3,17.71
29,125,7.2,14,41.0
46,125,5.93,1,12.56
21,88,5.12,9,26.48
32,141,5.98,1,13.71
44,124,7.54,3,19.25
21,112,7.2,3,17.79
24,83,9.79,4,23.75
27,92,9.5,1,18.27
48,131,6.23,4,20.63
57,117,7.1,1,14.88
25,144,9.84,13,42.88
59,125,7.0,1,14.2
52,80,9.91,10,36.92
51,111,6.15,2,15.43
35,128,8.01,1,16.65
23,98,8.8,2,18.69
35,131,5.64,8,26.35
38,118,9.89,9,34.45
41,141,8.43,1,17.19
30,120,5.34,12,34.88
41,155,5.36,8,26.05
46,99,6.52,6,23.49
23,101,9.83,0,15.16
21,110,9.18,0,15.34
41,135,8.73,13,41.4
31,98,6.26,1,13.99
36,145,9.25,0,16.37
55,145,7.71,11,35.83
41,117,9.95,10,37.91
31,118,6.36,8,27.13
51,155,9.41,7,30.91
21,107,5.3,14,36.44
52,90,9.1,8,31.71
23,100,7.86,2,17.38
52,108,7.34,12,36.65
25,121,6.11,14,38.11
57,91,5.84,3,17.17
32,81,6.8,5,22.3
34,119,5.82,14,37.71
29,142,6.2,12,34.47
27,112,9.94,2,19.6
36,125,9.22,7,30.02
48,89,5.21,12,33.08
27,90,6.59,7,25.3
34,95,5.83,6,22.69
52,87,5.91,2,14.5
28,126,5.81,9,28.42
47,125,7.83,12,37.98
23,83,5.88,9,28.37
47,123,9.98,14,45.18
50,96,5.95,5,20.56
54,84,9.35,13,42.19
46,151,8.95,3,22.05
57,132,9.79,7,32.0
42,84,9.7,9,34.48
52,114,7.6,12,37.03
22,102,9.97,5,25.89
28,101,9.54,10,35.59
27,138,7.4,6,23.86
39,145,7.37,6,24.44
53,115,8.64,7,29.22
22,146,7.52,6,24.61
23,107,9.5,2,20.76
48,152,5.54,8,26.79
34,102,9.75,5,27.08
35,92,9.92,3,21.69
41,152,9.96,3,22.94
34,148,8.39,4,22.89
38,109,5.11,14,37.86
59,135,8.97,4,23.79
40,139,8.79,9,33.11
21,100,5.78,13,35.93
29,156,6.42,2,15.0
29,121,6.02,2,14.57
58,127,9.6,10,36.32
59,155,6.73,13,38.47
49,101,9.73,2,19.96
35,147,6.84,1,13.38
40,152,6.85,1,14.58
58,129,6.65,14,40.97
50,142,9.19,7,29.56
46,127,6.04,13,36.62
26,145,8.45,5,24.19
59,134,5.39,0,10.6
37,115,9.98,6,29.13
26,154,7.42,8,28.89
48,108,5.62,6,21.71
29,126,7.29,14,41.1
47,129,5.4,0,10.13
55,88,8.41,3,20.95
26,155,7.46,6,25.6
24,141,5.62,9,28.08
36,84,8.05,0,13.48
43,86,6.45,9,28.93
43,123,9.71,6,28.25
49,116,8.28,12,38.63
24,82,7.03,0,12.09
44,94,5.7,2,14.89
26,82,8.5,11,36.02
26,158,7.36,10,33.34
34,154,8.75,13,41.34
34,93,8.24,12,37.88
55,83,8.11,8,30.88
26,114,8.67,2,18.46
43,87,6.78,9,30.15
40,114,9.84,9,35.21
37,147,9.68,1,17.88
40,115,8.59,3,21.74
26,157,5.6,13,36.33
48,123,9.07,5,24.4
33,143,6.62,2,16.17
49,146,5.67,13,37.13
40,99,8.36,2,18.55
37,151,8.87,10,34.9
55,136,9.3,1,19.15
59,134,5.6,14,39.65
57,93,6.03,0,10.77
43,80,9.51,9,33.94
38,136,6.11,6,22.79
56,93,7.96,4,22.62
40,130,5.93,7,25.38
27,137,5.68,8,26.24
56,88,6.2,2,15.68
21,159,6.14,5,20.62
57,127,5.98,8,28.0
55,106,5.49,1,12.32
23,151,5.36,8,25.59
55,107,6.58,12,35.65
49,135,6.63,7,26.06
29,113,8.9,0,15.42
57,81,9.15,2,19.86
45,103,5.75,5,20.26
32,153,8.96,4,23.42
58,128,6.34,6,24.98
27,119,7.49,10,32.25
27,87,5.43,1,12.36
24,148,6.99,8,28.19
51,146,5.26,14,39.1
59,109,5.03,13,35.53
30,131,9.66,2,20.12
43,118,8.99,13,41.78
46,150,6.06,8,27.5
43,92,6.42,7,25.63
49,81,5.64,4,18.75
28,145,5.75,8,26.43
39,145,7.91,14,41.99
49,158,7.88,13,40.53
26,94,7.82,13,38.79
49,138,5.18,13,36.67
44,97,8.43,6,26.7
30,148,5.13,3,15.66
34,109,9.95,10,36.53
26,157,9.15,7,29.66
24,84,9.62,13,42.42
35,119,8.98,13,40.83
57,100,6.59,7,25.78
59,143,5.98,3,17.5
48,87,7.46,13,39.49
22,85,8.98,8,31.61
33,147,7.63,11,36.22
22,137,6.5,13,38.46
52,131,6.31,4,18.33
25,109,7.42,10,32.43
23,136,6.99,0,12.45
22,106,8.13,3,19.39
34,123,5.06,10,29.39
49,148,8.16,10,34.52
58,90,7.38,8,29.23
26,122,9.0,13,41.48
54,114,6.44,13,37.09
28,90,8.92,0,14.58
22,133,9.78,6,28.15
46,129,7.27,10,33.27
37,140,6.83,7,26.61
44,84,9.28,7,29.27
51,105,6.18,10,31.2
36,112,8.66,9,32.5
41,102,7.86,4,21.81
58,137,7.16,2,16.72
46,150,5.96,5,21.96
37,88,5.07,1,11.77
24,95,7.69,8,28.52
24,152,5.29,1,11.43
39,123,5.53,12,34.39
58,107,8.02,7,28.06
45,102,6.2,0,10.8
28,91,8.45,12,37.79
38,121,5.74,6,22.01
38,88,5.35,0,9.3
27,137,7.62,4,20.65
37,155,6.19,4,19.21
23,152,7.14,9,29.73
42,98,5.55,7,24.35
35,115,6.46,0,12.07
51,156,5.3,10,30.2
56,145,9.05,7,29.74
46,136,5.02,0,10.69
34,136,9.8,13,43.59
37,104,6.36,3,17.06
29,92,5.39,13,36.25
27,138,9.28,4,23.81
47,92,8.34,4,22.67
48,106,9.26,5,25.86
32,119,7.73,4,20.07
37,131,6.29,8,28.11
29,96,5.49,3,16.13
28,130,7.74,11,35.65
47,81,8.24,13,39.24
32,91,7.23,1,14.31
57,107,6.66,3,18.39
40,104,9.24,2,19.75
21,110,8.2,14,42.06
29,106,5.76,12,33.8
44,138,9.59,13,42.77
54,80,5.85,7,24.8
56,114,9.46,12,40.44
24,80,5.21,1,10.39
49,88,9.85,8,32.52
43,112,7.5,3,20.07
55,123,5.62,5,21.63
36,132,5.54,14,37.95
28,126,7.09,10,32.42
47,158,7.12,10,33.74
59,158,7.9,14,42.73
32,125,6.79,13,37.93
24,97,7.55,7,26.99
45,95,8.02,7,27.63
26,138,9.31,4,23.69
23,158,9.79,7,31.53
59,131,9.42,12,40.51
44,132,5.41,11,33.02
41,139,6.51,13,38.5
26,88,5.65,14,38.16
53,107,7.95,9,31.03
28,145,8.58,6,26.72
53,154,8.55,12,39.24
23,101,7.28,2,16.89
22,114,8.04,9,31.77
58,120,6.4,6,23.75
59,159,8.37,9,33.71
59,110,5.77,1,12.4
44,142,5.51,10,29.4
41,138,6.87,11,34.16
38,89,8.92,13,40.96
55,115,6.31,9,30.75
31,151,5.99,4,18.83
31,126,9.53,12,40.52
23,137,7.85,10,33.35
43,126,5.98,3,16.53
21,101,5.93,7,24.85
43,109,5.59,13,36.12
42,102,5.62,5,20.38
50,158,9.01,8,32.31
22,126,9.02,3,22.62
37,133,9.77,4,24.89
40,95,6.49,12,36.06
29,89,7.87,10,32.88
31,115,7.69,1,15.15
37,107,5.51,11,32.2
34,121,7.62,5,22.67
38,96,6.06,14,38.34
38,127,6.22,4,19.43
28,131,9.11,3,21.61
49,139,6.49,0,12.0
28,118,8.9,4,23.7
46,130,5.32,12,33.86
48,130,7.71,3,19.96
28,84,8.23,2,18.59
40,143,8.94,8,31.69
28,115,8.82,6,26.51
34,118,6.3,4,18.68
33,90,8.23,12,37.5
37,133,5.9,4,19.24
46,83,5.8,12,34.17
26,127,5.97,9,28.4
37,134,6.04,8,27.53
24,112,5.77,8,26.13
45,80,6.66,9,30.13
27,113,8.56,0,14.8
37,108,8.93,11,37.08
42,146,6.73,9,30.86
48,103,8.64,1,16.66
26,145,8.85,9,33.68
50,150,6.94,4,20.93
30,140,9.97,14,45.21
59,154,7.76,7,28.54
34,122,8.51,8,30.85
42,154,5.5,14,38.7
46,124,7.82,3,20.23
30,114,8.66,1,16.48
22,112,7.66,6,24.94
23,148,9.24,2,19.57
31,146,5.37,7,23.63
30,91,9.44,5,25.34
32,147,8.85,11,37.24
34,111,5.02,2,13.44
50,103,5.41,9,28.59
33,130,5.53,2,13.63
50,145,7.05,7,26.17
58,148,5.68,5,21.58
31,91,5.2,9,27.17
21,104,9.12,12,37.72
47,103,6.07,7,24.52
59,123,8.02,3,19.97
57,124,7.95,1,15.84
29,136,9.02,3,21.52
46,124,7.71,0,13.36
45,97,9.86,1,19.29
37,130,7.65,5,24.18
26,99,8.37,7,28.28
35,108,9.53,7,29.2
23,155,8.6,4,23.13
51,142,8.65,4,22.32
48,113,5.29,6,21.55
29,147,5.42,4,18.6
38,84,6.37,0,11.41
52,153,7.81,9,32.84
39,101,9.42,10,36.06
25,104,5.44,7,23.35
26,141,5.71,13,37.05
32,80,7.64,7,27.47
37,153,5.69,2,15.5
59,158,7.34,11,36.07
27,119,9.52,12,39.34
31,110,8.73,4,22.58
54,155,8.73,2,19.78
22,84,7.09,8,28.4
34,127,8.37,7,28.38
38,152,8.68,9,32.54
29,130,5.1,13,35.42
59,108,9.07,10,35.99
24,130,9.46,3,21.85
34,134,5.61,13,36.54
31,121,9.2,5,25.85
50,157,6.79,9,30.89
47,99,6.59,10,31.58
49,139,8.03,14,42.44
52,118,9.06,7,29.47
50,140,6.98,10,32.69
46,143,8.16,3,20.93
50,102,9.14,2,20.12
30,88,8.92,10,34.68
32,132,6.38,11,33.09
53,130,8.53,13,41.1
54,111,8.19,3,19.86
38,131,8.45,4,23.57
59,91,7.12,6,24.81
36,145,5.1,13,35.45
24,100,6.7,2,15.51
30,119,8.69,14,43.01
48,90,8.87,12,38.66
38,140,9.35,11,38.0
29,107,6.15,10,30.98
42,155,8.26,2,18.94
30,84,6.01,1,12.35
43,142,5.85,0,10.48
33,94,8.5,13,39.72
44,111,5.87,2,14.24
33,120,5.16,3,16.27
45,115,8.03,12,38.21
49,157,5.17,9,28.41
36,88,7.68,10,32.76
26,123,9.02,4,23.34
28,86,5.22,9,27.85
54,123,8.35,3,21.06
38,123,5.36,0,10.4
52,85,8.11,13,40.5
30,95,9.36,3,20.86
54,145,7.15,3,19.02
43,153,6.89,0,13.19
39,83,9.11,8,31.1
40,143,8.14,2,18.45
54,84,7.25,10,31.94
58,116,8.15,6,26.08
37,105,6.51,0,11.57
25,109,9.56,0,16.89
22,81,5.03,10,28.69
54,97,6.34,0,11.66
40,86,9.19,10,35.47
22,99,5.99,5,20.84
48,94,6.17,6,22.76
38,131,7.81,11,35.76
59,107,8.38,6,26.42
55,143,5.21,4,17.98
35,146,9.14,13,42.65
59,82,7.84,8,29.12
59,136,5.24,13,36.92
23,134,7.69,7,26.56
39,91,5.82,13,35.65
43,143,5.7,7,24.24
39,136,7.81,3,18.51
38,115,8.53,2,18.46
50,87,6.43,2,16.28
59,88,9.55,0,16.51
39,114,7.11,8,28.21
25,114,6.83,12,35.87
33,90,7.88,14,40.51
54,85,8.92,3,21.39
44,104,5.4,11,31.69
38,80,9.24,3,20.92
24,88,7.5,9,30.39
56,155,7.61,12,38.51
28,156,9.16,12,39.88
21,108,7.79,6,25.15
58,125,7.23,13,38.1
56,111,9.14,5,26.11
58,110,9.82,14,45.39
33,158,8.75,10,35.32
42,85,9.57,5,26.32
49,108,8.89,0,15.94
29,110,8.95,6,27.08
47,95,6.11,2,14.63
24,153,9.64,13,43.0
37,83,5.57,2,14.82
57,87,7.66,2,17.15
23,154,5.06,4,17.74
24,144,6.82,3,17.64
36,116,8.43,13,40.84
31,109,5.18,4,16.95
47,158,5.36,13,36.08
46,103,7.67,10,33.3
51,152,5.29,6,21.8
54,122,6.53,7,25.58
28,90,8.81,12,37.89
59,158,6.6,4,20.28
21,140,6.98,12,36.04
22,117,8.85,9,33.2
47,127,5.74,4,18.11
23,105,9.18,9,33.68
54,103,5.05,11,31.47
36,152,6.18,6,23.24
21,91,7.03,9,29.51
27,96,6.07,1,12.92
55,132,9.17,3,21.77
42,93,9.64,14,44.67
52,104,6.45,10,30.93
46,92,5.64,6,22.46
26,116,9.05,10,36.08
31,89,9.97,8,32.27
51,152,8.01,10,35.17
41,156,9.93,5,27.04
42,86,5.11,11,31.13
21,93,8.87,13,41.74
41,84,7.52,10,32.8
40,92,6.98,5,22.45
29,99,7.92,5,23.84
47,107,6.2,8,27.8
49,131,7.37,12,37.16
53,158,7.52,9,32.08
21,118,8.8,14,42.28
23,100,7.8,14,40.79
52,143,7.78,7,27.84
40,96,5.18,7,23.5
37,149,9.22,0,16.11
57,104,7.21,1,15.37
58,153,9.39,14,45.42
30,157,9.24,14,44.2
49,98,7.96,10,35.06
52,90,5.06,5,19.57
33,111,7.15,7,26.52
51,89,6.32,8,27.98
24,123,5.85,10,30.59
38,157,7.67,7,28.03
31,138,6.84,1,14.42
38,81,8.7,5,24.49
57,91,6.23,13,36.77
53,144,7.78,5,24.65
57,155,7.52,0,14.58
23,155,7.04,5,23.21
21,147,9.31,8,31.86
39,96,8.03,12,37.75
26,132,8.86,1,16.46
30,98,9.05,5,24.41
57,80,5.74,12,34.45
32,131,5.37,7,24.73
37,96,5.43,10,29.35
47,137,7.27,0,12.65
22,150,6.93,1,14.28
45,141,9.75,7,30.74
48,112,7.14,10,32.79
57,149,5.73,7,24.95
57,131,5.82,14,39.58
37,85,6.69,14,39.24
25,143,9.25,0,16.32
39,138,8.45,5,24.34
24,101,8.85,11,36.47
59,148,6.57,7,26.45
58,81,7.51,0,12.57
50,153,9.49,1,18.41
52,125,8.38,14,43.59
57,141,8.51,4,23.0
47,131,5.72,4,18.74
52,124,8.21,9,32.38
31,132,8.16,3,20.74
33,115,8.83,3,21.0
55,130,8.34,7,28.99
37,97,8.53,10,34.2
50,91,9.03,10,36.13
38,136,8.78,5,25.5
57,125,8.43,0,15.35
50,120,7.09,14,40.9
46,99,5.61,10,30.05
36,154,6.59,3,17.82
31,99,8.5,3,20.93
24,89,9.92,7,30.91
35,141,6.03,12,34.98
32,143,5.76,10,30.95
47,153,7.43,14,41.25
24,103,9.02,1,17.05
55,120,5.32,1,11.57
41,112,9.29,11,37.59
56,113,5.88,11,32.9
22,138,7.72,6,25.92
59,158,7.95,12,39.0
48,158,6.71,13,38.13
54,89,7.61,13,39.46
53,84,6.96,1,14.17
28,116,9.61,4,23.5
28,110,5.12,13,34.87
42,102,9.34,4,23.27
47,90,5.39,13,35.65
48,153,7.72,2,18.61
31,101,9.99,0,16.65
47,116,6.04,2,15.21
21,106,7.13,7,26.48
59,80,7.25,7,27.02
48,142,8.37,3,20.07
47,84,6.56,10,31.62
28,90,9.12,9,33.1
44,159,6.05,0,11.32
56,119,9.98,3,23.38
44,107,9.2,8,31.06
42,108,5.17,13,36.09
30,95,8.5,13,39.84
24,80,5.75,12,33.34
28,142,9.07,9,33.27
59,151,6.89,12,37.18
35,83,6.28,7,24.37
28,130,5.47,2,13.35
49,140,6.36,1,13.81
59,152,5.29,3,15.83
55,105,9.95,3,23.49
34,81,6.32,10,31.02
52,146,6.51,2,16.57
27,124,6.77,3,17.09
53,139,7.12,3,19.09
55,99,6.66,4,19.05
47,98,7.91,0,13.79
21,116,8.05,12,37.26
26,94,5.23,13,36.57
22,149,7.81,6,25.25
27,144,9.36,7,30.04
28,92,5.78,2,13.22
49,135,6.65,10,31.78
36,136,8.04,3,19.32
49,82,8.12,3,19.89
51,124,5.37,1,13.38
42,151,7.13,5,22.33
30,107,5.19,9,26.3
24,112,9.64,0,16.57
45,104,8.38,4,22.86
33,141,5.5,7,24.18
37,144,8.26,4,22.25
28,150,5.49,3,16.39
43,117,5.28,10,30.72
27,107,6.08,6,22.22
52,109,9.86,1,19.22
44,80,7.9,14,41.64
21,97,6.63,0,11.68
56,81,5.33,13,35.68
47,150,5.08,6,22.38
26,138,9.47,13,42.69
51,129,7.4,2,18.21
32,97,5.46,11,31.51
46,86,7.73,7,28.36
45,140,5.33,0,10.0
24,147,7.03,9,30.64
26,96,9.55,14,44.38
33,148,9.63,1,18.9
45,134,9.76,4,24.42
51,92,5.71,1,11.91
42,155,5.92,9,28.96
55,147,9.25,8,32.77
41,119,5.51,14,38.1
35,94,5.06,13,35.03
23,107,8.5,9,32.53
57,136,7.22,12,37.14
46,143,9.02,2,19.55
37,154,5.78,5,21.58
58,84,7.18,1,14.54
55,141,9.08,7,29.49
28,121,6.29,11,33.3
31,145,7.36,0,13.59
44,99,8.11,1,15.49
28,119,8.6,5,24.57
50,106,7.61,8,29.21
21,100,8.61,12,38.65
54,99,8.76,1,17.04
40,111,9.17,13,40.91
56,133,9.54,4,24.57
54,115,8.51,9,33.34
54,137,9.49,10,36.68
33,146,5.3,4,17.84
26,151,5.65,3,15.89
56,109,7.02,8,28.62
45,147,5.83,13,37.0
47,86,6.69,10,31.44
51,103,9.42,5,26.75
23,88,5.61,5,19.83
48,113,8.18,9,31.29
24,152,6.14,2,14.31
37,134,7.46,14,42.1
58,158,6.98,7,27.15
54,91,9.32,14,43.92
40,137,7.69,11,36.34
33,138,9.11,0,16.11
25,147,7.07,9,30.31
44,96,8.31,5,24.66
58,152,9.55,0,17.84
37,109,5.74,5,20.86
51,142,7.8,9,32.12
48,141,8.16,4,22.33
21,141,8.09,0,13.94
22,97,7.76,4,21.68
53,100,8.97,10,35.63
49,114,5.29,1,12.65
24,96,8.31,9,31.46
38,133,9.43,3,21.99
44,156,9.57,0,16.18
52,103,5.89,8,27.89
29,94,8.01,14,42.03
36,155,6.4,4,19.23
41,93,8.61,9,32.53
50,126,5.4,8,25.97
23,110,5.62,13,36.04
53,159,8.36,7,29.21
51,137,7.74,6,26.82
34,119,9.48,2,20.34
26,141,5.14,10,29.83
25,133,8.51,3,21.22
49,139,8.57,5,26.01
57,90,9.15,5,25.86
56,105,8.85,12,38.57
41,106,7.59,7,27.66
32,109,6.43,11,32.41
43,132,6.97,12,36.38
34,116,7.61,2,17.87
30,82,5.02,7,23.17
47,153,5.45,4,17.68
22,148,7.71,3,19.79
34,88,9.98,5,26.57
27,105,6.88,9,29.81
37,114,8.99,0,15.75
40,148,6.91,0,12.61
28,159,5.62,8,26.11
40,156,9.21,13,42.27
56,90,8.29,11,35.82
25,109,5.66,9,27.29
33,100,7.18,11,34.54
59,83,6.13,8,27.38
58,96,8.33,4,23.33
37,139,7.32,6,24.96
26,110,6.49,1,13.17
39,85,7.78,2,16.74
45,118,9.53,9,33.62
23,121,7.08,5,21.24
48,129,9.83,13,43.18
46,106,8.56,4,23.23
28,81,8.01,14,41.82
35,144,5.3,10,30.23
21,93,9.05,4,22.72
43,94,8.36,5,24.17
56,130,5.63,0,10.46
36,101,5.05,12,33.91
24,137,9.68,11,38.04
28,141,5.99,4,17.69
56,129,7.11,2,16.87
30,120,7.09,10,32.71
50,111,5.43,4,18.32
56,112,9.02,0,15.36
36,144,8.02,14,41.96
50,120,7.68,4,20.96
30,138,9.31,10,36.28
31,137,9.55,14,43.3
54,83,5.64,6,23.36
36,154,8.44,13,40.87
39,82,6.34,3,16.47
24,145,8.9,6,26.08
51,115,5.58,10,29.95
55,102,5.94,0,10.7
54,90,6.06,3,16.61
46,114,8.12,2,17.56
59,108,8.34,14,43.0
26,140,9.59,9,33.99
53,141,5.37,12,33.95
47,86,8.42,11,37.96
32,98,5.06,12,32.61
28,149,7.55,2,17.28
29,159,7.3,6,24.65
21,141,5.23,11,33.09
25,102,5.93,14,39.05
27,132,9.01,9,33.79
38,90,6.52,10,30.94
44,151,7.41,14,42.22
46,114,6.97,10,31.1
30,92,5.93,12,35.54
32,149,9.7,14,44.43
42,140,5.26,4,17.99
47,118,7.31,10,32.84
23,147,6.68,8,28.37
38,122,8.33,9,32.04
25,121,8.23,9,31.71
34,95,8.48,13,40.24
45,90,7.5,6,25.62
51,157,5.55,6,23.95
41,142,7.52,9,31.4
58,151,9.4,14,44.31
40,110,6.64,9,30.23
34,149,9.43,9,35.18
40,103,8.51,13,39.93
57,134,9.74,2,21.36
50,80,7.44,7,28.04
40,117,6.39,0,11.57
27,135,5.37,7,24.2
25,125,5.04,2,13.48
51,85,9.52,10,36.07
49,158,7.82,2,19.67
35,111,5.54,13,36.38
45,91,6.76,0,12.34
33,154,7.93,6,25.24
44,113,9.61,5,26.33
35,145,8.71,0,15.63
44,123,7.09,0,12.52
46,100,5.2,14,38.32
39,149,8.21,5,24.32
44,85,6.82,0,12.03
39,91,5.35,11,32.49
37,83,9.15,6,27.27
25,86,9.68,2,20.45
24,155,7.63,0,13.82
42,152,5.58,9,28.34
30,86,7.01,4,19.48
41,126,5.39,7,24.95
45,101,9.01,13,41.79
26,106,7.71,11,34.81
50,117,6.97,12,36.5
49,93,8.65,14,42.4
31,119,9.18,4,22.67
31,156,8.91,10,35.76
47,129,9.11,3,21.83
39,154,9.34,6,27.87
42,111,7.34,5,21.92
48,148,8.3,11,37.12
24,145,7.95,1,16.36
57,84,5.64,12,34.28
39,119,6.19,2,15.59
37,117,5.86,10,30.83
56,151,8.25,6,27.14
43,141,9.32,7,30.43
48,81,8.79,9,33.18
31,119,6.89,13,38.33
34,150,8.29,12,38.83
33,129,7.05,10,32.67
44,101,6.37,8,28.19
36,86,9.47,11,37.54
48,152,6.02,7,25.01
50,114,8.17,12,38.19
59,103,8.75,13,40.79
47,115,8.09,6,25.9
37,132,5.6,6,21.73
46,105,6.35,10,31.59
27,158,5.07,9,27.76
55,135,8.79,14,43.91
35,122,5.93,6,22.46
36,120,9.28,12,40.7
41,117,5.83,5,21.06
37,86,6.86,6,23.28
46,119,5.71,10,30.02
55,103,7.66,1,15.37
40,101,7.97,5,23.12
40,125,6.14,11,33.34
43,102,7.04,6,24.52
25,86,5.59,4,17.36
29,113,8.94,7,28.8
43,90,8.93,3,20.84
38,122,6.29,6,23.51
49,151,6.32,13,38.02
31,90,8.05,2,17.26
28,122,8.04,1,15.68
47,104,8.67,13,40.19
22,110,5.48,14,37.41
43,105,8.36,13,40.75
41,153,8.68,8,31.25
30,150,6.39,7,24.88
58,124,6.29,3,17.76
24,137,8.32,13,40.67
41,143,5.58,2,15.2
57,99,7.71,7,26.91
32,158,7.51,9,31.71
34,159,8.36,14,43.13
40,141,8.03,6,26.25
28,140,9.07,13,41.8
47,133,5.3,5,19.45
57,114,8.23,0,14.74
41,113,8.59,3,20.52
55,80,8.96,3,20.84
59,88,6.85,4,21.13
35,100,6.46,14,39.84
32,101,8.32,7,27.3
54,155,7.58,7,29.38
28,110,6.88,14,40.24
57,116,8.73,2,18.79
50,127,7.41,3,19.29
23,81,7.29,8,28.74
50,95,6.79,14,40.63
49,129,5.25,12,33.71
21,102,9.17,6,27.14
36,85,6.71,13,38.3
51,140,7.18,2,17.53
30,115,5.59,3,16.45
50,101,8.07,9,32.17
46,141,7.97,7,26.83
32,90,6.52,3,17.48
25,156,6.79,9,29.76
29,124,8.75,11,37.08
31,135,7.67,12,35.68
43,124,6.25,0,11.02
37,123,7.82,8,30.34
33,80,9.37,3,21.39
37,107,9.98,8,32.66
43,83,5.45,7,24.15
59,83,7.24,2,16.7
29,157,7.23,0,13.21
38,154,9.72,7,30.26
38,155,9.6,5,26.24
50,137,7.25,11,36.06
46,121,6.34,9,29.58
38,147,8.22,0,15.61
41,144,5.6,13,36.68
53,119,6.02,8,26.91
34,153,9.11,7,29.22
30,86,9.19,14,43.87
48,81,9.52,11,38.17
34,113,8.73,9,32.57
39,130,5.83,7,25.24
46,91,6.46,2,16.1
30,135,7.31,3,18.63
37,155,6.6,10,33.4
54,95,7.67,3,19.56
34,87,5.47,4,17.69
46,121,9.76,13,43.82
54,85,9.9,13,43.22
39,158,5.37,9,28.66
44,128,5.2,13,36.93
51,90,7.44,7,26.9
26,141,5.72,9,28.51
40,109,5.69,1,12.51
59,89,6.84,0,12.71
54,97,9.79,0,15.75
42,141,9.68,7,30.4
27,88,9.64,5,25.12
53,152,5.84,7,24.92
26,85,5.43,8,25.97
36,159,5.55,4,18.97
28,155,7.95,6,26.05
43,81,6.7,0,12.28
38,105,9.38,9,34.08
34,88,8.29,10,34.37
56,84,9.99,7,30.75
35,96,9.54,12,39.14
25,141,7.85,7,28.71
35,126,9.16,1,17.34
31,118,5.8,1,11.88
22,138,9.3,11,37.69
43,85,8.58,5,24.28
44,147,6.94,0,12.93
38,117,9.04,4,23.13
24,135,8.29,7,28.08
35,93,5.43,7,23.23
32,159,9.89,8,32.94
23,133,6.36,7,24.78
52,111,7.74,9,31.62
56,110,9.35,10,36.0
41,148,6.44,7,25.95
26,96,6.15,3,16.22
22,83,7.78,0,12.35
29,85,6.76,3,17.19
32,143,8.46,5,23.84
44,109,6.61,1,13.59
34,154,9.95,4,24.0
32,88,6.41,14,38.82
47,103,8.19,9,32.53
30,99,6.36,13,37.34
22,92,7.31,13,38.36
51,134,6.46,13,37.65
48,98,7.08,12,36.96
36,126,8.16,5,23.45
21,150,8.53,1,16.43
42,146,6.18,2,15.22
21,119,9.5,14,43.88
51,137,6.61,0,12.03
42,110,5.31,8,25.79
54,124,9.73,4,24.6
32,133,6.36,4,20.27
43,152,9.98,4,25.23
48,106,7.74,11,34.62
32,131,9.24,14,44.49
47,134,5.54,6,22.54
43,106,7.76,2,18.46
21,124,5.09,9,27.72
22,122,6.9,7,25.27
51,121,5.21,0,9.22
22,85,7.31,14,40.78
45,127,8.57,10,35.07
58,137,9.39,13,41.63
39,106,8.33,4,21.77
48,111,8.63,6,26.36
26,117,6.09,13,36.44
59,132,6.46,2,15.76
39,156,9.69,10,37.62
37,106,5.82,13,35.8
26,119,9.95,1,18.01
35,114,9.2,4,23.26
42,156,9.01,10,36.08
54,141,9.04,11,38.12
25,80,6.86,5,21.26
43,106,8.96,14,43.28
25,101,6.77,1,14.02
30,127,6.83,11,33.54
24,103,8.97,3,21.27
32,102,6.95,14,40.38
30,132,9.04,8,30.69
50,114,5.06,5,20.19
44,152,5.86,7,25.49
25,106,9.67,6,28.42
33,86,8.15,2,16.84
56,103,7.34,11,35.86
29,159,7.9,10,34.11
38,102,7.01,13,38.62
55,86,5.66,3,17.01
51,135,9.46,4,24.65
44,101,8.77,12,39.64
24,99,8.49,12,38.09
46,85,9.22,10,35.1
30,110,8.73,3,20.65
29,152,7.58,5,23.66
21,141,5.69,10,30.33
36,121,5.54,1,13.05
33,92,5.16,8,25.61
58,106,7.46,8,28.46
34,159,5.8,0,11.25
43,126,6.36,9,30.64
38,136,9.39,3,22.65
48,157,8.04,2,19.43
40,83,9.93,4,25.61
21,101,9.75,5,24.99
32,133,7.21,6,25.62
47,80,8.29,1,16.49
33,130,9.74,5,26.42
24,142,8.92,2,19.8
45,109,8.28,6,27.44
26,113,7.96,11,35.96
42,108,7.71,1,15.56
58,147,5.69,12,36.38
56,150,5.53,10,31.6
23,136,6.2,14,39.44
35,155,7.87,1,16.18
31,112,9.65,9,34.19
54,144,6.97,5,21.85
47,113,9.29,2,19.4
43,129,5.11,2,14.4
37,136,8.7,12,39.52
43,128,5.45,12,34.62
54,127,9.5,10,36.39
41,158,7.42,14,42.14
53,158,7.54,13,39.91
25,135,9.59,0,15.73
37,91,7.19,9,30.89
21,135,9.51,2,20.17
27,88,8.41,10,34.22
23,108,6.41,7,25.25
46,116,5.3,0,9.88
36,100,9.52,1,18.5
36,80,6.62,9,30.93
34,155,5.12,9,28.02
46,144,9.53,9,34.31
47,106,7.66,4,21.3
37,103,8.49,5,24.48
24,128,9.77,9,34.13
37,113,5.99,9,29.36
53,136,8.16,8,31.01
50,129,5.87,4,19.47
41,125,6.3,0,11.71
37,89,7.7,6,25.41
31,86,6.11,7,24.07
50,93,7.35,7,26.61
38,94,5.08,12,33.68
40,130,8.25,8,30.1
54,134,8.83,10,34.98
48,111,6.17,5,21.59
29,138,5.14,12,33.85
51,152,5.34,12,34.53
36,118,8.16,3,20.09
51,126,10.0,10,37.17
49,112,8.43,2,18.47
33,112,5.05,7,23.91
43,117,9.69,11,38.6
34,100,9.29,8,30.67
59,148,7.61,8,30.07
22,122,9.05,14,42.11
32,90,6.47,12,35.61
48,139,5.61,13,36.43
52,125,5.78,7,24.76
44,151,6.18,0,12.13
57,135,6.36,11,34.57
49,120,7.11,9,30.52
38,122,8.45,2,18.98
23,131,5.66,5,20.19
33,127,5.99,0,11.35
33,91,5.57,11,32.98
49,86,7.42,7,27.14
22,123,8.57,5,23.83
48,85,7.21,3,18.88
24,98,8.72,3,20.24
25,95,7.84,12,37.34
59,90,6.58,6,23.64
25,138,7.72,2,17.92
28,114,9.16,6,27.5
54,139,5.86,5,21.48
45,114,7.82,8,29.94
47,96,8.37,3,20.87
27,118,9.52,13,41.53
56,83,8.02,8,30.5
52,127,5.21,7,23.42
41,150,7.84,2,17.74
38,127,6.02,11,33.74
22,141,7.32,0,12.4
25,102,7.83,8,29.45
58,139,8.29,3,20.35
48,107,5.37,5,19.92
51,121,9.24,0,15.69
44,117,9.72,10,37.0
53,137,8.49,2,18.58
59,142,8.02,1,15.82
32,138,8.09,13,40.51
59,100,8.49,4,22.58
29,129,9.4,5,26.02
35,81,5.75,10,29.7
43,154,5.17,4,17.48
42,92,5.36,2,13.19
56,135,6.39,1,13.29
30,96,7.01,8,27.65
48,124,7.33,0,13.42
55,132,6.12,6,24.18
49,116,5.38,3,15.6
25,93,6.24,11,32.85
24,149,8.86,6,26.96
35,120,8.05,1,15.38
50,135,8.7,12,39.59
46,123,7.63,11,35.75
43,101,6.27,5,21.66
59,102,9.83,7,30.85
49,123,9.24,5,25.59
42,111,9.55,0,16.64
55,116,6.07,3,17.13
38,125,8.49,14,43.34
55,118,7.74,8,29.93
53,113,6.07,13,37.54
27,158,9.09,6,27.99
54,80,5.02,13,34.94
30,117,5.86,14,38.64
44,108,5.83,14,39.03
45,145,7.9,12,38.02
47,99,7.56,1,16.27
26,121,9.65,14,44.0
28,136,9.14,9,34.81
41,156,6.65,12,36.88
39,87,7.64,8,29.61
54,138,6.55,3,19.47
59,90,6.0,5,21.62
43,115,8.05,8,30.46
33,107,9.13,5,25.1
59,151,5.15,14,38.32
48,80,5.25,10,29.33
26,131,5.19,6,21.35
32,82,8.51,11,37.0
23,92,6.74,0,11.18
40,102,8.54,2,18.88
28,113,6.11,3,17.5
46,105,5.05,10,29.9
58,84,8.32,6,26.89
48,87,5.97,10,30.11
55,104,7.78,12,38.11
58,134,7.17,6,25.63
22,107,9.45,11,38.02
27,87,5.19,7,23.02
45,98,7.23,6,24.29
52,92,9.19,7,29.13
32,105,8.4,3,19.72
31,118,9.39,14,44.3
30,130,9.96,14,43.59
55,85,7.78,2,17.65
24,92,6.73,2,15.19
22,131,5.4,0,10.2
48,115,8.14,13,40.96
34,96,8.88,10,35.03
49,144,7.5,4,21.48
22,122,6.03,11,32.36
54,92,9.52,10,35.97
53,142,9.48,2,20.8
40,134,6.92,10,32.35
50,157,8.29,2,18.8
46,93,8.85,3,21.93
40,150,5.51,3,16.41
21,120,9.22,9,33.11
21,122,8.66,0,14.39
45,142,7.61,7,28.67
53,120,9.6,0,16.38
43,88,8.93,2,18.77
31,99,7.46,0,11.72
35,100,9.39,11,38.11
34,104,9.38,10,36.42
21,145,8.1,3,20.05
53,109,9.43,14,44.29
26,151,8.65,1,16.86
43,104,5.48,14,37.83
46,109,9.38,4,24.41
23,156,8.75,7,28.81
26,110,6.66,1,13.03
45,115,5.71,5,20.85
37,120,5.37,14,38.06
48,140,9.82,10,36.36
52,108,7.96,14,42.22
49,113,5.32,14,38.86
43,98,5.12,8,25.83
36,84,5.54,8,26.18
52,99,8.42,0,14.51
46,157,6.05,7,26.45
53,108,7.58,3,19.87
39,82,9.16,11,37.75
37,104,8.84,2,19.09
58,148,7.0,4,21.56
34,134,9.21,13,41.71
38,135,6.55,13,38.46
41,108,6.24,13,37.41
59,120,8.77,5,25.3
59,81,7.48,3,20.06
48,85,9.74,3,22.3
40,138,6.35,11,33.28
26,144,7.65,12,38.65
46,110,6.01,2,15.07
26,125,5.4,9,27.87
59,139,5.94,7,25.74
46,125,5.29,7,24.33
37,98,6.0,14,38.43
22,80,5.11,7,21.77
41,97,5.68,0,11.14
27,86,7.16,5,22.07
40,111,6.39,11,34.46
23,138,6.64,4,20.49
56,144,5.86,0,12.46
39,91,9.66,12,40.36
50,124,9.48,6,28.3
31,103,6.65,7,25.01
33,133,9.59,9,34.17
53,83,7.2,8,28.79
58,158,6.48,11,34.42
22,103,9.95,5,26.05
43,102,7.15,13,38.16
40,128,5.42,4,17.99
50,100,7.92,7,27.72
35,149,5.91,14,39.65
22,101,8.07,11,35.65
50,154,5.24,9,28.01
45,116,5.55,0,10.9
24,109,6.56,11,33.36
21,110,8.08,5,24.15
28,112,8.23,4,21.8
34,155,8.24,6,27.06
31,106,7.55,0,13.73
44,157,6.65,10,32.9
44,137,9.37,9,34.25
52,80,7.26,1,14.02
45,143,8.91,0,17.0
48,151,7.36,5,22.77
36,151,9.29,4,23.91
59,105,5.14,1,12.92
36,128,6.34,0,11.97
56,123,8.9,10,36.02
32,122,8.46,8,30.07
32,128,9.54,7,30.25
54,131,7.96,0,14.25
58,150,9.78,6,29.56
40,111,9.58,8,31.59
35,134,9.63,2,20.67
42,97,8.07,8,29.97
36,138,9.45,0,16.55
44,108,7.15,12,37.81
23,111,9.87,8,31.72
21,133,5.83,1,12.34
58,110,6.49,4,20.15
37,122,7.56,12,38.3
41,120,9.81,10,36.64
33,87,7.89,5,24.07
22,122,5.31,9,27.58
22,130,8.09,4,22.59
45,87,9.77,14,43.96
48,88,7.16,5,21.39
46,157,6.51,10,32.16
55,125,8.0,14,42.12
48,112,8.42,4,22.36
53,137,7.02,6,24.58
38,158,5.38,0,10.48
34,110,6.87,7,25.95
29,148,7.44,14,41.88
50,127,7.6,1,16.09
23,90,8.5,4,22.31
54,153,5.08,14,38.54
53,112,9.42,6,27.75
47,140,8.03,1,16.36
29,94,7.65,2,16.97
33,108,5.81,0,10.28
50,106,5.6,5,20.36
36,99,7.8,13,40.04
46,115,8.59,14,43.03
25,93,8.81,2,18.9
47,116,7.85,7,27.69
35,128,6.77,8,29.08
48,115,5.71,12,35.39
23,137,7.83,6,25.77
21,94,6.66,6,23.94
21,118,9.04,4,22.98
26,84,7.54,7,26.71
31,124,6.12,13,36.73
36,80,9.15,8,31.9
53,126,9.57,3,23.3
44,113,5.92,13,37.81
52,87,7.75,10,33.65
30,133,9.24,11,38.0
45,139,9.33,11,38.33
30,156,7.91,11,35.75
33,116,7.66,5,23.21
21,125,5.24,1,11.23
55,97,8.66,13,40.07
34,89,5.91,1,13.14
41,147,9.42,13,42.12
58,150,8.94,6,27.89
21,155,9.97,6,28.93
40,103,7.73,0,13.34
25,126,7.32,5,22.57
52,116,6.52,8,28.21
21,151,5.2,2,13.4
22,122,8.18,4,23.06
51,104,9.74,0,16.38
46,97,7.37,10,32.69
29,130,6.47,4,20.23
50,125,8.39,6,27.41
28,154,8.57,13,41.23
25,138,8.58,13,40.89
59,118,9.79,1,19.29
24,157,5.61,13,36.69
56,117,9.06,2,19.6
41,134,5.41,5,20.25
53,158,8.51,11,38.37
46,84,8.77,6,27.2
59,84,7.02,6,24.29
31,129,8.59,3,21.13
41,121,6.02,11,32.45
42,98,5.16,1,11.01
57,113,5.89,4,19.29
27,132,5.69,14,39.02
33,159,9.2,5,26.05
40,100,6.36,7,24.85
35,124,8.62,10,35.0
58,139,9.16,6,28.84
54,132,9.77,14,45.41
56,98,9.13,11,38.08
45,114,9.22,11,37.69
49,93,6.72,1,13.12
48,91,6.45,12,36.33
34,128,7.1,6,25.06
24,155,8.39,12,38.88
58,82,6.55,6,23.79
27,106,5.15,4,16.45
33,104,7.73,12,38.59
37,94,5.17,4,17.93
49,106,8.91,1,18.16
37,94,5.61,5,20.19
56,109,9.57,0,16.41
39,154,7.72,6,25.89
46,138,8.2,12,38.23
29,124,6.85,12,35.28
22,132,8.25,11,35.44
40,157,6.27,9,29.5
43,124,9.06,14,44.06
38,151,6.61,4,20.27
46,140,8.18,7,29.06
45,90,8.61,11,36.62
37,157,6.58,9,29.62
59,130,8.2,3,20.56
30,153,6.87,4,20.55
45,118,7.71,3,19.78
48,103,8.93,8,31.34
46,85,8.65,9,32.41
32,112,6.18,11,33.15
39,101,8.52,2,18.94
43,139,9.05,0,14.57
34,99,5.72,13,35.89
37,90,5.21,4,17.0
35,114,7.23,10,32.98
41,114,6.24,4,19.48
58,144,5.49,13,37.16
50,157,9.41,10,36.29
39,128,5.17,8,25.8
52,145,6.67,0,12.47
49,125,8.86,13,41.0
42,84,5.2,10,29.21
40,118,6.11,13,36.84
58,158,8.12,12,38.37
58,130,7.34,8,28.69
56,100,5.44,14,38.47
21,117,7.01,4,20.52
39,115,6.53,14,40.05
46,93,8.5,1,16.37
27,112,7.79,9,32.57
54,102,7.64,10,33.25
56,151,8.8,0,15.92
26,117,6.06,5,21.16
57,126,8.1,0,14.59
42,143,5.95,11,34.02
29,126,7.49,2,17.9
49,80,8.58,8,31.01
37,121,8.51,5,24.6
33,147,7.27,13,38.8
37,157,6.3,9,29.5
30,155,5.11,9,28.8
45,104,6.94,12,36.29
38,136,7.98,5,24.86
35,131,6.46,1,14.06
47,86,9.05,8,30.9
39,86,9.22,3,21.96
35,135,7.1,8,28.72
27,118,7.27,14,40.53
36,149,5.89,3,16.95
44,137,5.79,10,30.87
43,102,6.16,3,16.72
31,89,7.05,5,21.69
44,151,9.86,10,37.36
25,115,8.12,6,26.03
59,150,7.11,12,37.3
50,82,6.09,5,19.22
36,151,8.89,0,15.32
40,156,8.2,7,28.83
49,92,7.03,0,13.15
37,127,8.05,6,26.94
39,145,7.89,14,42.48
46,82,7.9,1,15.58
35,142,5.36,6,22.97
45,94,9.51,2,20.84
35,81,9.26,11,36.67
40,140,5.41,14,38.24
50,138,8.18,10,35.08
41,96,7.48,3,18.57
55,90,8.71,5,25.17
26,84,7.01,4,19.24
57,149,9.89,1,19.14
31,146,9.76,14,44.52
43,102,5.48,13,35.31
59,142,6.53,11,34.65
29,83,6.04,13,36.6
38,108,6.59,1,13.0
56,96,7.39,0,13.7
56,114,5.58,11,32.66
48,127,8.55,2,18.37
39,127,7.87,1,15.69
50,132,5.74,14,39.53
58,144,8.39,14,43.47
35,154,8.22,3,20.38
32,80,9.42,4,23.38
22,86,6.06,11,32.43
29,156,8.05,3,20.73
55,149,9.38,0,16.88
21,109,6.32,1,13.22
51,149,6.16,12,35.58
48,117,6.38,2,16.51
57,109,8.82,6,28.14
27,133,9.05,4,23.39
36,95,5.17,1,11.78
34,95,6.57,9,30.31
53,106,5.63,13,36.95
26,101,5.77,6,22.14
41,94,9.08,2,19.92
30,125,9.82,6,28.91
52,80,7.07,5,22.92
26,107,9.85,10,36.41
22,112,6.89,5,21.96
59,94,8.58,10,35.79
47,136,6.8,13,38.75
34,149,6.6,14,39.57
43,147,7.94,13,39.53
59,137,9.35,14,43.75
41,99,7.97,1,15.35
50,83,7.85,2,18.07
45,89,7.52,9,30.85
44,86,9.74,10,36.57
31,136,9.07,13,42.41
55,85,7.03,3,17.24
24,134,9.12,9,33.11
57,110,5.54,3,16.4
56,143,7.18,5,23.15
33,115,5.56,3,16.05
29,92,9.99,7,29.95
48,154,5.24,7,24.08
36,152,9.54,7,30.69
26,151,9.66,0,16.53
47,140,6.46,5,21.71
30,89,9.75,8,32.18
43,145,7.5,1,15.98
41,103,9.69,9,34.43
46,113,7.43,11,35.2
23,129,7.35,2,16.77
55,154,8.77,8,32.03
27,80,6.17,9,29.52
47,84,9.52,2,20.4
53,106,9.24,4,23.33
24,86,5.68,11,31.77
46,80,5.15,4,17.3
28,111,8.55,13,40.4
40,96,6.76,10,32.04
37,97,5.51,10,29.4
25,147,9.48,0,15.92
29,128,9.97,10,36.09
28,92,6.59,5,20.83
27,148,5.93,11,32.32
57,101,9.28,9,33.96
56,105,7.65,7,27.5
23,147,9.93,3,23.04
28,84,8.19,4,21.42
25,88,7.83,12,36.84
25,156,9.64,10,36.95
37,141,9.01,1,16.99
47,152,7.04,0,12.61
59,147,5.05,2,14.91
32,157,8.76,5,25.21
48,81,9.33,1,17.16
24,129,5.65,8,25.5
48,130,9.48,6,28.89
45,81,9.33,8,31.28
56,120,5.09,11,31.36
23,143,8.64,5,24.65
51,123,6.92,9,30.78
57,131,5.25,14,38.49
32,116,6.65,5,21.93
57,145,8.02,2,18.74
57,135,6.53,5,22.66
24,102,8.94,11,36.5
50,150,7.48,0,14.3
58,118,5.18,5,21.27
58,139,7.8,0,14.18
47,135,7.19,8,29.21
42,115,5.47,1,12.36
21,80,7.21,0,12.58
58,83,8.99,5,25.4
40,120,5.53,5,19.65
38,132,6.23,8,27.08
26,110,9.93,12,40.25
32,112,7.07,8,28.09
37,84,9.15,8,31.53
42,122,7.52,1,15.53
38,90,6.16,2,14.92
30,111,5.43,9,27.03
44,80,8.73,14,42.84
40,122,7.43,0,13.39
32,85,9.9,8,32.75
24,90,9.51,4,22.81
25,120,5.77,1,13.35
46,106,8.29,4,21.87
56,140,5.92,3,17.87
36,155,6.82,5,22.63
25,92,6.66,4,20.16
46,114,7.57,4,20.38
39,104,9.17,12,39.03
26,115,9.42,7,30.08
44,100,8.42,3,20.6
51,134,8.15,0,14.39
51,115,9.61,1,18.19
27,107,5.51,2,14.14
30,106,6.96,9,29.19
59,91,6.09,7,26.39
42,153,5.68,14,39.34
34,105,8.35,9,32.01
48,124,5.96,14,39.37
42,85,9.8,8,32.32
52,87,7.64,14,40.83
31,154,7.36,14,41.06
34,96,6.79,2,16.27
51,117,6.37,8,27.77
24,156,9.56,2,20.12
42,120,8.08,4,22.7
49,94,6.18,2,14.72
55,153,8.42,9,32.98
33,107,6.19,3,17.09
40,104,8.85,3,21.34
39,158,7.77,9,31.45
35,114,7.21,10,33.09
46,159,8.27,6,26.39
40,116,9.36,4,23.56
56,106,7.02,3,17.99
26,84,8.44,5,23.71
35,138,6.82,9,29.78
24,145,6.8,10,32.09
26,136,9.19,2,19.52
22,140,7.74,6,25.39
56,139,7.02,4,21.2
35,143,6.01,2,15.08
32,111,8.98,2,18.67
27,95,8.15,11,35.2
42,123,8.6,2,18.48
28,148,7.18,12,36.03
31,140,6.54,3,17.36
22,150,8.62,6,26.86
50,113,5.43,0,10.27
24,153,8.3,4,22.53
45,100,9.88,6,29.16
41,98,9.07,3,21.16
45,131,8.66,9,32.77
29,121,7.2,1,15.05
28,118,5.08,11,31.15
25,124,9.92,11,39.43
48,92,9.6,10,35.86
22,122,7.49,7,26.8
41,150,8.44,0,15.02
28,145,7.8,5,23.86
54,124,8.45,5,25.09
43,83,5.27,3,16.6
35,80,9.99,3,21.96
47,139,8.9,6,27.67
22,129,6.33,9,29.67
48,126,7.71,10,33.93
31,96,7.37,14,40.42
41,114,6.77,2,15.72
52,87,7.19,12,36.27
52,135,7.85,5,24.1
27,139,7.56,11,35.3
42,134,9.19,2,19.19
34,86,5.6,3,15.16
33,144,5.28,6,21.9
41,104,7.53,11,35.22
42,103,7.34,8,29.01
54,154,8.23,11,37.95
30,144,6.45,2,16.09
21,126,5.45,14,37.6
21,87,9.02,11,36.3
44,124,7.2,3,19.28
23,108,5.68,1,11.8
51,110,9.78,10,36.33
33,136,9.72,5,26.83
24,86,5.81,4,18.46
43,110,9.03,2,18.93
26,139,7.7,10,33.98
54,135,6.49,2,16.05
38,111,6.97,13,37.73
56,140,9.82,13,43.38
46,140,6.67,1,14.87
53,155,6.07,5,21.75
53,143,7.33,13,39.08
45,89,8.07,13,39.15
37,105,6.42,4,18.92
23,148,8.87,13,41.17
42,152,8.03,3,21.3
55,116,9.64,2,20.65
24,109,6.6,3,17.96
48,81,8.32,1,16.48
33,121,9.43,1,18.68
50,147,5.02,6,23.28
32,114,7.47,14,41.48
23,89,7.77,2,17.16
41,110,7.54,11,35.87
21,158,6.46,11,34.23
38,85,5.45,0,9.94
33,144,9.32,2,20.08
27,153,7.55,13,39.69
33,81,5.36,4,17.86
37,88,7.05,2,15.45
52,159,5.92,4,19.96
49,145,6.55,4,20.32
50,159,9.08,6,29.54
31,138,7.6,6,25.34
34,92,6.18,11,32.27
30,85,9.05,4,22.88
28,104,5.96,6,23.06
51,142,6.59,4,20.01
26,138,5.17,5,18.8
39,125,9.79,0,15.45
39,94,7.09,14,40.8
32,145,5.83,12,34.4
59,121,7.56,1,15.89
38,96,5.53,7,24.03
23,102,9.5,4,24.27
29,94,5.31,7,23.69
26,117,8.1,6,26.59
21,135,9.46,5,25.67
49,113,6.24,1,13.32
55,144,5.49,6,22.27
55,159,7.32,3,19.3
50,113,7.95,10,33.85
55,152,6.45,9,31.08
59,95,6.63,5,21.81
42,129,8.19,3,20.68
48,148,9.88,4,26.32
38,121,7.12,4,20.08
52,141,7.22,5,22.52
25,91,9.35,1,17.72
54,148,6.95,14,41.02
51,151,6.64,2,16.59
53,159,7.33,10,33.84
24,107,5.21,11,31.04
34,109,9.55,9,34.56
35,154,5.49,7,24.66
40,129,9.5,2,21.24
40,96,9.67,11,37.51
55,89,9.43,4,24.63
24,90,5.43,13,35.89
38,126,7.73,4,21.08
44,87,6.77,10,31.39
47,110,5.86,6,23.67
53,116,7.71,11,35.65
45,112,5.21,1,11.08
25,88,6.52,14,39.66
38,125,7.61,13,39.04
40,82,9.9,5,25.84
55,92,7.59,10,33.16
26,107,6.56,5,21.64
47,131,7.76,4,21.72
48,140,5.24,5,19.8
31,103,9.08,12,39.65
29,89,9.51,2,20.01
48,121,5.2,1,12.31
39,116,6.03,0,10.28
59,94,5.18,7,24.18
41,107,9.51,14,44.02
51,116,5.09,9,28.76
27,144,5.11,1,12.35
57,92,7.87,3,19.47
45,138,5.93,6,22.0
48,147,9.63,12,40.73
56,135,9.06,2,20.55
37,109,6.07,7,25.21
46,143,7.21,4,21.21
48,146,9.21,6,27.65
57,99,5.09,11,31.57
37,106,7.37,1,15.51
37,91,7.29,0,13.18
53,120,9.68,12,40.53
54,159,6.72,9,30.82
43,130,6.06,2,14.16
50,159,6.61,6,25.59
47,108,6.47,3,17.91
29,130,9.08,7,29.68
40,138,8.42,2,19.36
43,110,7.19,13,37.71
39,88,9.28,9,33.78
57,149,7.96,0,15.59
24,109,5.62,7,23.39
33,119,8.4,5,24.97
58,86,6.32,3,17.61
32,151,8.42,9,33.25
29,138,7.58,12,37.38
35,90,8.76,8,31.55
41,82,7.42,3,18.33
35,83,9.42,5,25.93
25,99,6.82,3,17.37
25,84,6.49,14,39.78
45,113,6.11,14,39.11
44,93,7.71,14,41.21
57,92,6.45,7,25.67
51,140,8.6,5,25.93
54,128,6.22,13,37.98
34,124,7.57,12,38.23
47,132,8.1,2,17.94
24,103,7.4,7,26.53
43,142,5.21,9,28.34
58,154,6.68,1,14.59
25,88,9.22,14,43.12
47,142,8.53,1,17.38
34,135,9.94,11,39.03
27,156,6.46,5,22.35
38,156,9.65,12,41.45
52,150,7.13,11,36.09
22,154,5.37,13,35.97
40,121,6.8,3,17.94
49,80,6.01,5,21.13
46,143,6.42,4,20.25
58,151,6.67,6,24.53
21,94,6.56,8,26.55
25,148,5.17,0,10.2
34,101,6.47,12,36.37
45,99,7.96,8,29.95
29,147,8.88,10,35.94
50,124,5.03,9,28.08
39,159,5.5,13,36.37
28,119,8.12,6,26.29
36,125,5.39,13,35.96
28,142,5.08,6,21.84
43,91,6.58,0,11.27
29,131,8.46,1,16.62
52,86,9.26,4,24.31
57,134,7.66,12,38.51
54,84,7.38,10,33.47
38,126,7.63,5,22.2
35,117,7.24,1,13.97
35,122,8.91,8,31.41
49,149,8.09,5,24.72
43,87,5.73,10,30.18
43,129,9.69,8,32.06
21,157,5.94,9,28.6
42,88,5.86,8,26.99
27,92,6.83,14,39.5
52,129,6.87,10,32.09
48,157,5.41,6,22.63
52,114,5.49,5,19.88
53,104,9.86,8,32.68
33,140,5.59,6,22.65
48,110,9.8,0,16.73
29,128,8.45,3,20.07
23,122,6.09,5,20.0
37,124,7.06,6,24.42
54,86,6.16,14,40.07
52,153,6.17,3,17.6
29,85,8.24,9,31.61
21,129,6.68,6,23.79
40,149,9.24,10,36.26
25,124,7.63,14,41.27
41,133,6.31,14,39.82
25,96,5.17,13,35.41
24,108,7.97,11,35.48
28,143,9.69,3,22.16
45,150,7.53,12,38.33
27,99,7.71,4,20.58
57,105,6.35,6,22.98
52,108,8.28,10,34.58
37,86,7.54,8,29.44
48,113,8.57,11,37.41
26,84,5.6,11,32.06
56,156,6.15,9,30.85
22,85,9.12,14,42.27
51,112,9.83,14,45.1
21,122,9.09,4,22.83
23,138,7.23,10,32.63
33,112,5.36,4,17.53
51,140,9.38,9,34.74
49,97,9.04,11,37.55
53,93,9.8,8,33.31
30,100,7.05,4,20.69
58,118,8.45,11,38.08
29,113,5.79,8,26.8
21,110,9.59,12,39.51
57,86,8.5,11,37.56
52,150,8.61,6,26.86
53,80,8.37,14,43.25
22,101,8.6,13,41.3
22,142,5.76,5,21.17
25,141,8.38,0,14.86
30,125,6.97,11,34.19
58,136,6.68,1,15.45
57,124,6.3,10,31.76
22,153,9.32,2,19.48
45,155,8.69,1,17.73
58,159,6.48,11,34.6
57,92,5.55,4,17.36
38,147,7.13,3,18.75
47,116,8.08,7,27.75
40,93,5.05,4,17.49
54,116,7.61,13,38.88
28,93,5.52,13,35.64
24,145,9.09,6,27.38
50,145,8.35,0,14.21
56,112,6.9,2,17.15
29,81,6.12,5,20.6
32,132,6.92,5,23.0
34,134,9.47,4,24.17
55,124,5.34,9,28.95
26,116,9.59,14,44.69
43,106,5.37,6,22.02
24,131,5.18,5,19.65
21,126,6.0,13,36.93
29,137,5.73,7,24.02
29,86,9.66,14,43.53
35,92,6.22,2,14.84
44,127,9.12,0,15.9
28,107,6.6,4,20.29
48,124,5.74,9,28.49
37,135,7.1,8,28.54
55,114,5.49,14,38.81
51,134,8.02,6,26.78
24,116,5.8,3,16.59
34,88,7.8,6,24.44
45,82,6.18,7,24.66
27,81,9.59,2,19.74
51,137,6.09,10,31.25
55,101,7.34,10,33.38
58,103,5.09,6,21.66
40,157,5.6,1,12.41
36,133,5.81,8,26.86
42,96,9.14,1,17.19
56,137,8.12,13,40.16
39,137,5.2,14,37.37
22,100,5.9,6,22.23
24,156,9.34,10,36.09
54,142,6.53,3,18.32
27,142,6.05,5,20.6
34,123,8.98,1,16.68
52,119,6.98,5,22.96
37,154,7.42,4,22.1
57,145,8.53,12,39.21
34,146,9.54,10,36.39
37,158,8.49,7,28.21
52,125,6.97,2,16.22
22,103,9.82,1,18.89
59,151,7.74,3,20.29
24,149,9.51,2,20.15
50,130,9.44,1,18.93
50,156,7.55,6,27.02
53,83,6.04,8,27.64
21,110,6.86,0,11.42
53,144,5.88,0,11.63
56,109,5.79,11,33.02
51,151,9.47,3,22.86
57,119,5.7,5,20.84
34,93,9.87,7,30.4
26,123,6.39,13,37.48
27,113,7.29,9,31.11
44,118,5.93,14,38.74
24,83,6.87,8,27.14
45,106,8.0,10,33.94
23,121,9.58,2,19.52
48,90,9.71,3,22.09
43,111,5.27,8,25.49
56,129,7.66,12,36.78
33,132,5.68,13,36.82
42,83,5.73,2,14.69
45,98,9.1,4,23.58
44,150,6.63,12,36.71
57,112,9.92,7,30.74
53,157,8.99,2,19.15
34,156,7.73,5,24.61
44,149,5.18,3,16.04
42,134,5.36,0,10.33
57,88,8.03,14,41.71
43,141,9.2,0,15.28
26,141,7.58,7,26.58
39,127,9.36,11,38.25
32,147,7.01,14,41.06
46,127,9.6,3,22.15
49,106,9.45,11,38.88
34,134,8.14,13,39.39
37,123,9.49,9,33.11
50,150,7.69,7,28.2
27,131,5.52,0,10.04
41,136,8.7,10,35.54
21,88,8.22,3,19.81
58,87,8.4,9,31.38
24,135,5.21,4,18.25
28,89,5.51,5,19.96
38,144,9.99,3,23.23
28,151,8.84,12,40.15
51,124,7.34,3,18.87
51,118,8.35,7,29.18
48,125,9.17,10,35.83
57,96,9.55,2,20.14
23,146,9.29,3,21.51
35,155,7.72,3,20.17
24,141,9.55,8,32.67
55,147,8.95,13,42.73
54,115,5.37,10,29.39
56,88,5.51,1,12.22
26,114,8.66,12,38.2
24,146,9.25,5,25.65
50,131,7.21,12,37.31
59,107,8.82,10,34.24
38,137,8.73,12,39.54
42,103,7.37,9,29.78
30,138,7.02,11,34.82
49,116,5.37,1,11.67
43,117,9.9,2,20.62
24,104,6.02,9,28.85
39,94,5.75,2,14.05
46,95,5.4,4,18.45
27,134,7.55,11,35.12
33,83,5.34,1,11.95
23,105,9.39,12,39.23
31,118,6.01,11,32.61
36,136,9.59,5,26.11
40,126,9.29,1,18.12
43,127,5.2,8,26.34
43,128,7.88,11,35.96
52,116,5.91,13,35.99
58,117,5.68,4,19.37
23,141,7.58,13,38.93
28,140,5.95,6,22.4
58,153,7.26,11,36.19
34,87,5.26,7,23.4
28,117,7.35,12,36.61
31,115,5.85,11,32.71
53,135,5.58,9,28.82
35,124,5.42,6,21.97
57,129,8.19,7,28.48
34,99,5.32,10,29.31
46,142,7.91,6,25.51
28,134,5.39,0,9.92
24,113,7.46,6,25.18
56,111,6.15,8,27.3
38,155,5.71,13,36.78
47,152,9.8,12,41.66
39,122,6.74,13,38.12
23,158,6.62,2,16.11
29,92,9.86,8,33.13
59,81,8.77,9,33.82
22,140,7.98,13,40.83
29,93,5.98,8,27.01
26,121,8.12,5,23.86
58,94,8.97,2,19.73
48,89,9.32,5,25.82
54,135,9.33,13,41.96
49,132,5.47,7,24.4
23,137,6.4,14,39.71
36,141,7.4,12,36.65
55,136,7.37,14,41.52
31,142,7.43,6,24.86
43,83,9.69,11,38.46
50,157,6.99,0,12.53
25,113,9.07,2,19.18
28,111,7.38,8,27.67
30,157,7.18,12,36.35
48,113,9.72,1,18.6
56,149,6.49,11,34.21
30,119,6.5,11,33.1
34,114,9.22,1,17.83
58,94,7.23,1,14.38
57,130,8.05,0,14.13
25,99,5.33,12,33.63
26,116,7.62,3,18.72
50,117,7.72,4,23.06
39,100,8.13,3,19.81
34,89,5.42,10,29.98
31,133,9.31,4,23.07
25,88,7.1,6,24.44
51,121,6.48,8,27.46
52,95,7.88,6,25.73
44,103,7.72,12,37.93
30,83,5.93,14,38.18
33,123,6.53,1,13.12
33,102,8.46,1,16.33
56,121,6.05,12,34.87
42,145,7.36,13,39.15
29,98,9.37,4,23.67
39,99,5.13,11,31.69
27,107,9.19,13,41.73
35,103,9.33,3,21.48
37,81,8.6,7,27.58
34,86,8.01,2,16.59
22,80,7.31,2,16.33
34,90,8.33,3,19.67
24,130,9.03,10,35.11
23,139,6.17,13,36.11
23,110,9.55,2,19.86
31,109,6.43,0,11.14
25,156,5.07,12,33.26
49,103,8.45,0,14.87
48,97,9.59,8,31.6
43,137,9.34,2,20.48
50,156,5.95,4,18.52
43,96,9.76,9,35.44
42,125,9.7,6,28.63
32,98,8.26,1,17.16
47,91,6.28,0,10.46
35,91,7.09,6,24.09
43,129,7.68,8,30.26
39,145,7.64,12,38.05
31,99,7.9,5,23.74
58,85,6.28,12,35.34
23,80,5.95,7,23.83
36,86,9.87,0,16.46
52,134,5.61,2,14.79
58,153,6.62,6,24.78
29,94,9.85,3,22.86
58,103,8.61,13,40.98
25,108,7.81,5,23.07
21,150,5.07,12,32.88
55,113,9.36,12,39.43
55,157,8.82,4,23.3
32,116,5.5,5,20.55
56,121,9.05,12,40.5
41,143,6.31,6,23.05
28,98,9.05,9,32.85
47,102,9.21,3,21.97
29,150,7.17,3,19.03
48,85,5.4,13,36.4
50,134,7.8,14,42.44
34,156,7.77,10,33.71
43,118,9.02,4,22.92
49,104,5.46,5,20.77
46,83,8.5,13,41.28
42,112,9.22,11,37.93
35,145,7.64,10,33.76
29,81,6.56,3,16.44
46,93,6.23,1,13.59
37,129,6.57,1,14.35
29,90,9.48,9,35.07
23,113,8.49,4,22.46
36,117,8.32,14,41.85
33,118,5.36,0,9.13
46,101,8.06,7,27.9
37,121,9.3,1,17.33
52,136,5.96,9,28.88
44,157,6.3,1,13.25
56,117,9.88,5,26.96
42,88,7.73,6,25.24
29,108,8.55,8,31.78
42,148,6.69,8,28.51
40,121,6.35,9,30.15
23,139,5.26,4,17.72
56,118,6.04,1,13.1
53,151,8.21,6,26.84
38,139,6.56,10,31.85
56,132,5.76,12,35.8
30,155,5.44,12,34.53
56,87,9.31,8,32.58
41,100,7.42,9,31.67
45,135,6.92,0,12.37
29,127,5.97,13,37.53
47,126,7.4,0,11.99
35,88,9.59,8,30.7
52,157,6.97,1,14.91
59,80,5.35,2,13.28
36,134,8.81,1,17.28
48,110,6.15,4,18.36
26,159,8.56,0,14.47
26,90,8.71,10,34.38
58,145,9.03,9,34.3
22,139,6.09,7,25.63
27,110,5.77,11,31.98
47,129,6.62,7,26.48
48,139,8.42,0,14.85
36,141,9.74,2,21.17
29,118,8.36,8,29.88
35,82,9.91,4,24.61
54,137,8.11,5,24.09
40,147,9.81,5,27.0
34,109,8.62,7,28.31
31,146,6.71,7,26.35
50,147,8.4,13,41.29
23,137,5.88,11,32.59
22,156,7.08,3,19.03
34,132,6.73,11,34.61
49,93,8.98,4,22.97
25,89,9.29,10,35.44
26,157,8.79,4,24.04
28,101,9.2,1,16.88
59,142,5.39,10,30.68
59,140,9.18,9,34.6
49,125,6.09,8,26.58
59,116,8.81,10,36.57
47,100,7.42,8,28.66
36,82,6.23,7,24.62
47,98,8.93,0,15.23
59,111,5.13,0,9.49
21,158,9.95,2,21.16
53,103,7.57,3,20.12
59,152,7.12,9,31.69
47,153,7.81,7,28.41
37,127,9.42,7,30.54
35,137,6.42,4,19.44
42,119,6.26,14,39.1
39,86,8.65,2,19.42
48,125,7.17,0,13.34
43,94,7.48,8,28.3
56,153,7.44,13,40.66
59,84,9.02,1,18.27
40,138,6.11,1,13.69
29,149,6.55,8,28.54
43,101,7.34,7,27.64
27,107,5.54,12,33.89
51,133,6.25,2,16.22
31,98,8.96,7,30.38
37,93,7.67,1,14.86
56,127,8.07,4,22.4
46,86,6.68,1,13.24
56,158,8.0,7,28.58
38,111,6.79,2,16.74
51,101,6.37,9,29.1
55,125,6.78,4,21.01
48,92,9.63,6,29.08
46,101,7.9,4,20.81
26,89,7.17,14,39.83
54,123,8.9,2,20.42
48,103,5.53,2,14.54
29,138,7.79,4,21.17
49,141,6.5,3,17.92
54,151,6.76,2,16.9
32,151,7.73,13,40.24
36,134,8.59,10,35.96
27,128,9.28,14,43.66
51,129,9.99,2,21.66
53,98,6.6,13,37.84
27,137,6.65,13,38.02
23,127,9.96,9,35.11
40,151,7.1,12,36.57
25,91,7.73,3,19.35
23,99,8.48,14,41.46
58,124,9.05,7,30.25
35,105,7.75,13,40.49
55,110,6.25,7,25.62
43,138,5.56,10,29.92
53,82,8.88,4,22.63
22,97,5.43,2,13.93
56,100,5.95,13,36.0
41,136,6.03,12,34.97
34,121,5.17,4,17.72
34,141,9.25,14,45.17
31,109,9.06,1,18.43
24,140,6.35,8,27.43
50,115,8.94,12,39.09
56,134,6.87,0,13.39
40,83,5.43,14,37.63
36,94,7.57,7,27.15
54,150,6.35,11,34.43
28,136,5.51,12,34.82
40,142,6.22,1,13.63
41,156,6.33,14,40.25
50,143,7.79,1,15.82
56,96,8.04,8,29.69
25,132,5.75,1,12.32
41,119,8.9,9,32.98
58,149,9.67,8,33.58
43,129,6.15,7,26.56
39,147,5.16,10,29.93
30,94,9.17,5,25.27
47,151,8.68,4,24.35
55,113,6.41,5,23.05
33,109,7.57,14,40.52
29,152,8.59,0,14.36
37,103,6.09,8,27.25
51,87,6.4,7,25.52
44,136,8.28,6,27.26
39,149,7.22,0,13.47
50,104,5.32,7,24.02
25,156,7.68,7,27.74
28,113,9.33,0,16.02
57,104,6.7,2,15.74
56,97,6.57,7,26.0
45,152,5.25,14,37.98
25,149,5.72,2,14.47
53,93,5.47,3,16.57
42,85,7.77,11,34.93
45,115,6.89,7,26.35
49,115,7.32,7,26.67
50,154,8.79,9,33.51
50,97,9.99,10,37.63
51,94,9.69,5,26.41
54,95,5.82,6,22.64
48,155,8.39,8,30.07
30,93,7.05,10,31.64
24,126,5.37,4,17.39
53,133,7.79,14,42.59
37,137,6.64,2,15.95
31,156,7.77,11,35.11
27,109,7.34,7,26.45
37,125,6.47,12,36.53
48,95,6.88,6,24.27
37,80,9.1,11,36.6
30,120,9.4,5,25.84
46,106,6.55,3,17.7
26,156,8.1,0,14.37
37,141,9.26,4,24.15
36,107,8.95,5,24.84
59,99,6.65,5,22.44
46,134,5.69,3,17.51
24,130,8.11,3,20.75
40,148,5.34,2,13.84
31,152,9.11,11,37.85
43,113,7.31,1,14.63
53,106,8.6,5,24.38
51,117,5.89,2,14.79
27,108,5.84,7,24.96
42,114,6.04,1,12.57
25,99,8.86,7,28.91
57,98,6.37,8,28.25
21,84,9.73,3,21.87
26,104,5.36,4,17.45
24,105,8.2,0,14.45
50,130,8.99,4,23.33
50,145,7.75,7,28.34
37,140,5.04,13,35.7
44,94,9.65,7,30.25
51,124,8.11,9,32.39
48,85,9.83,11,38.92
24,137,6.2,12,35.38
59,80,7.15,9,30.77
39,152,6.77,6,24.54
44,122,8.86,4,23.95
27,95,7.44,13,38.56
29,93,6.57,10,30.75
42,153,5.77,6,23.88
22,98,7.31,7,26.47
47,130,9.63,14,44.85
36,87,7.64,7,27.32
25,127,5.35,6,22.34
32,91,8.7,13,39.95
46,149,8.64,1,17.76
35,114,5.19,10,29.58
23,149,8.1,0,13.91
29,85,9.7,13,42.86
48,90,9.18,6,27.96
59,117,9.75,4,24.81
56,105,5.6,6,22.41
45,107,6.05,9,29.3
48,151,6.07,8,27.73
41,159,9.57,0,16.24
49,129,6.72,8,27.82
45,137,7.0,5,22.94
50,105,9.36,5,26.19
59,123,8.15,3,21.28
31,94,6.96,10,32.89
39,155,5.36,7,24.34
31,103,5.2,14,36.78
45,156,6.56,2,17.09
21,138,6.47,13,36.32
52,136,8.31,1,15.76
41,96,7.23,5,22.62
33,156,8.41,8,30.42
54,80,6.66,12,35.9
37,90,9.58,2,19.88
39,99,5.48,9,27.9
30,110,7.5,13,39.25
29,118,9.56,1,18.14
31,142,8.42,9,32.96
58,85,5.38,8,26.44
51,107,9.28,12,40.38
22,130,6.17,3,16.54
44,132,7.56,10,34.34
25,123,6.5,2,15.04
50,144,7.08,1,15.0
59,159,9.73,14,45.17
55,91,5.71,1,13.35
37,107,6.26,13,36.33
51,158,6.67,5,21.89
22,151,8.32,6,26.6
36,147,8.82,8,31.29
41,109,7.7,14,41.83
50,114,7.98,13,40.76
21,85,7.34,6,24.76
34,109,6.47,2,15.12
36,159,7.91,6,25.12
29,142,6.62,7,26.26
28,87,7.2,8,29.0
29,112,9.47,8,32.25
54,122,9.59,7,30.84
53,155,6.47,12,35.89
42,122,7.07,11,34.88
50,124,9.29,8,32.5
27,133,9.69,4,24.44
38,144,10.0,2,21.66
41,86,7.04,10,32.82
25,115,7.08,2,16.02
27,104,7.8,7,27.1
32,116,5.81,2,14.44
37,91,8.49,7,29.14
44,111,9.0,11,38.23
57,128,9.12,2,20.62
39,117,5.03,10,29.42
36,135,9.9,7,31.16
45,159,7.93,3,20.11
47,144,5.05,11,31.32
27,105,8.33,9,31.97
28,136,6.49,4,20.13
35,93,6.13,9,28.96
36,135,9.97,1,19.15
28,149,5.14,4,17.56
56,120,9.35,4,24.71
52,130,9.73,5,27.68
37,146,6.83,13,39.08
56,91,7.33,9,31.42
42,128,8.2,6,25.67
52,80,5.12,5,18.31
31,98,8.27,12,38.06
26,145,5.57,0,10.44
42,137,5.05,8,24.72
34,151,5.3,7,23.7
48,83,6.09,9,29.77
59,87,7.03,13,38.79
32,106,9.41,1,17.67
47,105,7.26,12,36.81
21,122,6.95,6,24.21
30,119,6.03,11,32.68
53,129,9.99,10,37.48
36,146,8.33,7,28.56
59,152,7.26,10,33.73
26,153,6.61,3,17.89
45,108,7.37,3,17.94
40,121,8.78,11,37.3
56,97,6.62,0,12.52
43,100,6.37,1,13.42
36,146,6.13,2,15.11
21,141,6.9,12,36.71
50,106,5.15,14,37.87
47,126,8.73,3,21.28
22,105,9.77,1,18.07
41,88,9.53,2,19.43
29,91,8.83,2,18.56
44,95,8.49,9,33.21
59,126,6.5,8,28.08
27,135,5.54,3,15.89
50,145,7.21,12,37.43
22,130,9.22,2,20.18
32,106,7.71,5,23.14
33,152,8.56,4,23.02
23,145,9.6,14,44.71
38,141,8.41,9,33.1
59,150,5.34,5,20.83
26,87,5.47,13,34.97
47,117,5.41,6,22.34
35,85,6.79,13,38.34
35,138,6.44,12,35.24
39,98,5.55,0,9.97
58,158,6.96,11,35.19
40,135,5.97,4,19.16
40,107,6.93,13,38.66
38,89,7.22,11,34.1
54,124,5.03,1,11.05
59,144,8.48,7,29.11
57,129,6.86,4,20.78
55,111,8.89,10,35.59
58,140,5.57,13,37.31
58,95,6.45,0,12.15
21,85,6.35,10,30.15
32,145,5.05,10,29.91
25,141,7.4,10,32.51
47,145,9.82,5,26.47
59,146,5.07,12,34.66
40,98,8.11,3,20.27
39,83,9.28,4,22.92
58,122,8.96,5,25.68
35,97,6.44,13,37.9
26,125,5.88,8,26.48
29,125,6.07,12,34.87
56,100,6.73,3,19.0
43,109,5.52,4,18.51
30,143,6.37,0,11.86
21,120,6.14,13,36.58
31,96,9.86,5,25.88
40,84,8.35,7,28.51
48,84,8.13,0,13.45
42,152,9.42,5,26.74
40,154,5.88,13,37.46
58,127,5.36,5,20.11
36,157,9.39,10,35.9
22,117,6.76,1,13.8
45,85,6.92,9,29.44
47,137,5.15,11,33.16
23,93,5.08,5,19.76
43,151,8.49,8,31.77
52,138,8.22,12,38.74
37,144,6.42,12,35.31
40,92,6.07,12,33.96
50,106,8.99,12,38.79
48,104,5.41,9,28.62
43,135,8.14,0,15.12
39,147,5.5,13,35.83
45,138,9.89,0,17.46
44,128,9.92,11,40.39
21,97,6.37,12,35.06
48,154,8.18,10,34.5
49,155,5.08,0,10.08
55,82,6.65,3,17.94
37,158,6.19,13,37.48
31,136,6.46,9,29.48
57,85,7.06,13,37.57
27,148,7.08,2,16.7
46,110,6.96,3,18.91
43,87,9.11,5,25.83
38,89,5.28,9,26.69
49,82,6.62,13,38.07
59,91,5.12,9,27.87
54,155,5.4,10,30.38
58,98,8.96,0,15.57
28,100,5.83,4,17.98
41,93,6.73,9,30.25
41,154,9.18,0,16.09
56,108,8.52,7,29.28
37,86,6.01,14,38.9
36,128,9.96,13,42.45
35,144,6.34,4,19.16
35,86,6.42,9,28.86
37,93,8.26,7,27.94
21,95,8.56,5,24.95
33,95,7.92,13,39.63
58,92,5.81,7,24.99
30,108,5.38,12,33.87
53,152,9.66,5,27.67
46,140,6.74,7,26.46
32,116,9.24,9,33.47
39,96,5.86,14,38.38
35,110,7.53,0,13.55
25,138,9.39,13,43.08
22,126,6.91,14,39.93
34,85,5.08,12,33.1
49,111,9.72,5,26.55
21,110,8.18,10,33.55
33,97,6.09,0,11.39
52,88,8.8,10,35.54
54,82,6.22,7,25.29
34,150,5.37,4,18.71
58,105,5.07,12,34.3
58,92,5.04,3,15.52
35,113,5.53,2,13.88
59,122,7.24,5,22.07
26,112,9.85,13,43.24
49,148,7.53,7,27.34
57,115,6.16,10,31.77
39,158,8.93,2,20.66
21,153,9.12,0,15.17
41,147,8.02,13,40.5
59,126,6.76,14,40.89
38,140,7.03,6,25.09
47,124,8.42,8,30.9
48,127,5.78,9,28.48
28,120,5.52,11,32.57
51,117,6.34,11,33.23
32,147,8.23,13,41.01
26,154,6.82,2,16.55
46,90,5.81,6,22.24
36,95,7.95,8,29.31
50,144,7.22,11,34.63
39,150,8.64,4,23.33
38,146,8.56,3,20.13
44,150,9.7,10,36.27
40,80,8.43,0,14.83
27,150,8.51,7,28.76
27,83,5.67,0,10.41
36,116,5.78,11,32.15
34,93,8.8,7,29.12
32,158,8.54,4,22.94
49,104,6.12,5,20.71
35,83,6.04,13,36.28
28,145,5.96,2,14.68
59,122,5.96,8,27.77
29,105,5.24,7,23.61
48,94,8.47,4,23.68
47,85,7.37,9,31.15
27,116,5.28,2,13.14
34,122,7.69,9,30.68
31,121,5.23,12,34.61
52,92,8.2,6,25.96
48,95,8.47,9,32.62
26,121,8.73,0,14.21
55,117,7.56,7,27.54
26,145,8.53,11,37.26
44,144,8.49,0,16.41
29,84,9.19,6,26.63
22,109,8.42,3,19.97
58,122,5.2,5,20.07
34,111,6.11,13,38.24
51,146,6.77,3,18.0
50,146,5.93,12,35.68
47,121,8.74,11,36.25
56,84,6.38,6,22.72
51,138,7.62,9,31.92
26,102,6.53,3,17.66
38,87,8.39,14,42.38
34,147,8.38,4,23.15
40,149,9.86,10,37.48
31,98,8.06,0,13.6
57,123,9.15,10,35.75
24,117,8.63,3,20.47
26,123,5.06,12,33.25
43,85,6.37,0,10.79
28,82,5.26,2,13.71
50,159,5.14,3,15.83
56,112,7.95,10,34.6
31,145,5.94,11,33.01
25,137,7.99,4,22.0
23,105,6.87,0,11.83
35,107,9.67,11,38.39
22,122,5.97,5,20.31
22,154,7.53,13,40.05
28,95,7.33,9,31.01
50,102,6.38,5,21.29
25,138,6.89,2,16.08
50,114,5.27,12,34.27
30,120,5.22,9,27.45
53,101,5.31,3,15.78
44,153,8.29,11,37.14
39,80,5.54,6,21.9
50,125,7.05,11,34.78
45,101,7.43,7,27.04
31,111,7.29,8,27.9
55,109,5.16,2,14.89
21,122,6.7,3,17.33
37,91,9.84,10,35.99
51,150,7.86,2,17.33
26,106,6.83,4,19.57
33,105,8.47,9,32.88
46,97,6.62,8,27.6
56,154,8.86,4,23.36
25,145,7.2,12,36.97
34,140,8.89,1,17.29
35,125,8.86,1,16.83
32,108,6.67,6,23.27
28,111,6.85,5,21.97
51,94,7.42,0,12.6
46,139,7.99,14,42.25
49,107,9.79,10,36.44
24,106,8.36,3,20.54
48,120,6.55,10,32.48
45,126,8.43,10,34.62
52,112,5.89,6,22.57
56,123,7.61,4,21.53
31,129,7.52,7,27.38
57,89,5.66,13,36.22
30,103,7.57,9,30.71
58,113,8.58,11,37.65
56,99,7.47,5,23.83
47,104,7.0,13,38.91
37,134,8.3,11,35.83
27,122,7.46,8,27.97
29,132,6.69,7,25.72
55,129,7.23,4,21.25
29,134,5.39,1,11.61
56,92,9.06,5,26.51
50,128,6.72,7,26.4
51,89,8.09,1,16.14
39,90,7.78,9,31.27
43,157,5.94,12,35.54
40,99,6.77,0,12.64
26,151,9.83,8,31.97
44,158,8.68,5,26.05
42,127,7.06,2,16.95
26,155,9.47,7,30.55
44,96,7.93,11,36.41
42,112,9.23,4,23.89
38,99,7.63,8,28.16
36,125,9.66,9,35.32
56,110,9.18,3,21.63
33,130,5.4,8,25.61
57,98,8.41,0,15.34
44,141,7.23,14,41.54
39,123,5.75,3,16.85
40,156,9.01,14,43.36
47,117,7.45,1,15.25
37,128,6.01,0,11.71
36,144,6.62,3,17.12
21,90,5.84,7,24.72
41,106,8.07,9,32.2
47,137,8.18,5,24.17
21,143,6.47,8,28.66
50,144,6.39,3,17.4
40,94,5.55,1,11.59
44,80,9.88,12,40.08
22,98,6.57,0,10.36
35,135,8.0,3,20.37
49,143,5.94,7,24.92
55,113,8.6,7,28.69
33,143,8.3,5,24.37
39,89,5.62,12,34.18
21,155,5.09,10,29.57
36,139,5.11,10,29.5
23,118,6.44,9,29.93
26,145,7.06,10,32.3
51,111,9.99,9,35.05
25,130,9.8,5,27.12
46,105,5.79,12,34.32
48,136,8.28,14,42.27
35,139,6.14,9,29.11
29,134,5.13,1,11.74
42,85,8.17,12,38.39
57,86,5.89,4,18.82
41,145,6.55,4,19.04
49,105,6.23,12,35.29
46,157,6.05,3,17.96
26,84,5.16,9,27.35
31,80,8.85,9,32.31
56,81,6.29,14,38.83
40,144,9.9,2,21.13
40,89,9.94,14,44.44
47,129,9.35,6,28.0
26,130,9.52,1,19.5
53,148,5.21,8,26.61
50,120,8.44,14,42.14
54,137,5.52,8,27.3
25,156,7.18,8,29.03
36,147,7.32,8,29.66
32,103,5.21,5,19.27
32,135,6.94,1,14.68
31,115,6.41,14,39.63
41,81,7.95,12,37.37
27,135,7.24,2,16.55
54,91,8.11,5,24.27
49,91,5.01,6,22.01
26,151,8.87,6,27.22
56,101,7.55,4,22.58
54,153,5.83,13,37.64
28,141,7.0,14,41.33
57,143,6.71,6,24.49
30,107,9.29,1,17.35
36,107,9.14,5,25.45
22,83,5.8,2,14.37
39,124,9.24,13,41.62
27,92,8.04,13,38.93
22,159,6.25,6,23.85
43,83,9.66,13,41.5
51,140,6.86,13,38.22
24,105,8.97,14,43.05
36,85,8.35,14,41.94
30,156,8.98,13,42.03
41,135,5.47,8,26.16
48,106,6.04,5,21.99
32,114,8.57,5,24.66
33,137,5.74,14,38.73
37,142,8.75,1,18.18
38,112,6.53,12,36.27
30,112,8.02,10,34.28
48,148,6.83,13,39.3
33,119,8.0,1,15.95
54,126,8.1,6,26.13
26,124,7.17,13,38.04
32,106,9.65,7,29.48
49,86,9.86,1,18.67
33,137,9.53,11,38.25
46,93,8.68,6,26.45
24,83,5.62,9,26.96
35,113,9.64,5,26.86
36,159,8.18,13,40.19
39,117,5.49,3,15.55
46,99,8.31,13,39.76
52,125,6.78,6,24.88
26,98,9.52,1,17.29
26,80,8.57,10,33.92
25,102,8.06,6,25.62
22,141,6.14,10,31.04
22,152,9.25,9,33.53
57,107,9.61,14,44.55
23,159,8.15,0,14.22
26,156,9.49,6,28.14
51,112,5.92,9,29.27
25,82,7.42,7,26.13
30,158,5.65,8,26.69
47,95,8.75,10,35.31
44,109,7.13,8,28.13
42,104,9.55,1,18.14
45,157,9.6,5,26.6
23,80,7.63,6,25.68
36,112,5.51,10,30.06
50,116,6.75,13,38.17
24,108,9.52,1,18.42
36,116,7.66,1,14.89
28,140,5.63,3,16.73
44,87,5.34,2,13.67
36,80,9.7,4,24.39
47,142,8.72,7,29.27
22,144,7.96,14,41.31
40,125,5.25,13,35.68
40,122,8.33,8,30.01
40,89,9.68,14,44.05
39,89,6.93,10,32.18
38,141,8.86,3,20.91
33,130,8.76,8,30.99
37,124,8.94,11,37.76
53,152,7.0,12,37.64
48,152,8.22,7,29.3
25,124,5.42,0,8.82
48,137,6.17,6,24.08
45,145,6.61,10,32.91
40,103,8.97,14,43.3
41,154,8.36,12,38.6
33,144,7.12,5,21.68
26,134,7.0,2,16.58
49,130,7.24,10,32.99
29,151,7.7,1,14.59
49,152,7.75,8,30.45
58,100,7.46,12,37.04
21,126,7.97,10,33.82
50,101,6.15,5,21.2
52,108,7.89,12,38.13
43,119,9.9,0,16.16
59,82,6.86,2,16.14
30,128,5.36,6,20.65
41,104,9.34,2,20.05
46,90,8.5,14,43.55
35,154,9.52,7,31.32
37,127,9.3,13,41.81
55,111,9.11,8,31.66
45,82,5.05,8,24.74
35,124,9.15,6,27.32
53,99,6.12,13,37.75
31,99,5.44,10,30.09
44,130,6.17,6,23.3
26,99,9.22,9,33.51
48,93,9.19,9,34.17
49,159,7.0,7,26.78
41,111,8.09,3,20.13
32,151,8.37,9,32.17
42,121,8.17,9,32.34
47,159,7.94,1,16.84
41,118,9.17,5,25.19
35,117,6.81,4,19.85
38,143,6.73,10,31.72
30,83,6.76,13,37.62
42,142,6.31,11,32.79
40,140,9.59,6,28.38
39,157,6.06,8,27.7
48,84,8.58,11,35.6
57,145,8.45,10,35.62
21,124,8.76,10,35.98
54,129,8.29,7,28.66
55,82,5.31,12,33.84
46,102,6.1,4,18.3
50,90,9.78,8,32.32
32,117,6.03,13,37.05
34,135,6.67,3,18.28
59,114,9.77,5,26.87
24,144,9.63,3,22.19
32,85,6.37,1,12.64
44,149,7.73,6,25.81
51,119,5.96,11,32.99
21,114,7.81,0,12.98
57,92,6.02,5,19.67
21,104,8.15,3,19.31
35,157,5.56,0,10.36
33,146,6.81,9,30.36
49,147,8.89,2,19.7
24,126,7.49,12,37.27
35,134,9.76,10,37.53
32,122,6.93,8,29.56
45,81,9.5,12,40.63
47,124,8.91,14,42.87
26,127,8.78,0,15.1
43,141,7.37,1,15.62
35,117,7.51,12,37.61
59,126,6.52,10,32.19
25,83,9.55,3,21.0
43,139,6.11,7,24.58
35,128,7.01,11,34.25
45,155,7.83,6,26.65
50,113,6.32,4,19.77
24,123,6.33,1,12.53
33,135,6.85,7,26.78
59,121,8.99,6,28.47
43,129,5.6,14,37.71
36,148,8.14,8,30.37
55,112,9.86,11,39.37
36,146,8.29,7,27.92
27,121,7.25,1,14.99
33,123,7.83,8,29.6
49,147,5.46,5,21.12
59,136,7.11,12,37.21
40,115,5.62,13,37.28
49,120,6.51,9,29.81
38,135,6.84,4,20.35
42,82,9.14,6,26.88
56,135,7.31,5,23.62
56,135,6.37,12,36.32
28,144,8.17,7,28.83
23,118,8.39,7,28.52
49,119,6.83,10,32.63
29,118,6.87,13,37.08
28,106,9.21,10,35.8
50,146,7.44,12,37.02
32,144,8.79,1,17.01
48,153,5.68,14,38.26
30,82,7.2,7,26.11
33,82,5.76,2,14.51
22,116,5.17,14,38.12
21,99,8.49,8,29.84
42,90,6.2,0,10.82
53,103,7.88,1,15.56
36,149,6.54,7,26.31
49,144,9.37,8,31.9
30,153,8.8,4,22.6
59,111,6.76,0,13.11
27,141,6.56,6,22.57
21,134,5.93,13,36.68
46,115,6.79,2,15.65
25,145,7.36,0,13.52
55,116,8.73,8,31.72
33,93,9.81,8,32.16
47,125,6.31,4,18.57
32,156,8.98,9,33.26
50,135,6.6,6,24.17
52,129,7.02,9,31.21
51,140,7.74,5,24.35
25,96,7.27,6,24.66
57,106,6.55,6,23.21
22,133,5.14,7,23.21
58,108,9.0,14,43.42
27,92,7.41,3,18.45
21,128,5.94,5,20.66
23,104,8.12,5,24.4
40,102,8.87,2,18.92
22,105,8.44,1,16.3
41,127,7.8,7,28.32
52,115,5.95,3,16.45
40,85,6.32,7,25.23
51,159,5.51,5,21.21
53,153,6.11,0,11.18
44,118,5.94,13,37.57
38,136,9.58,12,40.65
40,145,5.56,8,27.23
52,89,9.72,13,43.1
25,151,5.71,4,18.71
22,88,7.91,14,40.93
46,156,5.95,2,15.78
45,151,8.29,13,39.53
42,106,9.15,9,33.11
59,125,5.46,2,14.56
42,142,9.75,14,45.03
31,121,5.77,9,29.86
31,120,7.3,1,15.25
24,113,9.68,5,27.35
53,109,9.41,8,32.12
38,123,5.53,12,33.83
51,159,8.1,0,14.54
48,80,8.99,10,35.2
42,124,8.74,3,20.31
23,126,6.23,12,35.06
27,109,6.71,2,15.76
40,101,6.25,7,24.2
27,94,8.26,2,17.87
27,117,7.46,6,24.13
49,102,9.64,0,16.32
46,110,6.5,3,18.05
23,136,8.78,14,42.14
37,114,5.53,1,11.95
40,145,6.62,11,34.7
54,132,7.52,6,25.92
53,110,6.2,12,35.52
36,105,8.87,11,37.27
43,110,8.73,7,28.45
24,151,9.3,6,27.55
53,159,7.81,9,32.29
28,91,7.21,12,36.06
25,132,5.67,1,12.61
53,135,8.77,2,19.85
45,141,7.92,1,16.03
27,123,5.15,14,38.04
27,137,5.74,9,28.01
53,156,6.15,14,40.05
53,144,8.89,10,36.61
49,92,9.75,14,45.15
59,140,9.2,9,33.57
52,147,8.8,8,32.24
57,130,6.64,0,11.78
49,141,7.09,3,17.81
42,127,9.28,5,26.27
22,142,7.52,9,31.61
29,151,9.18,1,17.19
49,151,8.06,7,29.33
53,130,7.3,11,35.19
30,103,6.86,7,25.48
48,119,5.06,8,25.92
59,108,9.95,9,35.55
32,152,9.38,14,44.67
42,96,5.09,0,9.06
26,80,6.41,14,39.12
43,80,6.52,9,29.52
54,104,6.67,2,15.48
58,120,6.46,7,25.52
36,102,9.61,7,30.41
30,97,8.45,8,30.03
41,107,7.98,10,34.1
30,91,7.16,11,34.79
31,128,8.47,4,22.7
41,95,8.1,5,24.41
45,106,5.88,2,14.96
54,132,6.5,6,24.83
51,115,9.83,2,21.32
47,86,9.93,8,33.23
45,113,5.22,5,19.8
52,144,6.54,3,18.02
31,83,9.93,9,34.52
46,105,5.08,8,25.31
56,99,9.77,4,25.5
57,130,8.41,1,17.25
53,156,8.14,14,43.17
53,89,9.12,3,21.59
56,87,9.99,12,41.26
33,97,6.8,10,30.46
34,96,9.41,12,40.34
57,148,7.48,8,28.54
21,109,8.65,9,32.1
25,118,9.12,1,17.4
50,140,6.42,7,26.29
38,103,5.9,2,15.51
57,114,5.03,6,21.8
59,158,6.56,14,40.94
32,140,6.79,3,17.78
54,154,7.0,13,39.75
34,151,9.48,14,44.35
58,94,5.78,9,28.44
36,115,8.92,13,41.33
31,134,5.44,14,38.17
53,116,6.35,2,16.25
35,141,6.46,11,34.85
30,143,6.31,11,33.21
23,118,9.88,3,21.25
31,154,9.17,12,40.75
31,91,5.76,9,28.68
36,151,9.73,7,31.17
58,87,6.85,11,34.42
50,120,7.88,11,36.52
21,148,5.33,13,35.54
58,153,8.44,1,17.74
54,82,5.08,3,15.23
39,122,8.14,4,23.23
54,116,7.95,10,33.89
56,136,8.15,4,22.05
24,104,5.29,5,19.81
30,83,9.85,6,28.64
37,137,7.75,14,41.86
36,116,8.5,2,18.36
41,87,7.6,9,30.67
48,88,8.81,13,42.03
28,158,5.96,1,12.99
49,80,8.3,10,33.63
26,92,8.17,2,17.14
50,147,8.31,7,29.18
22,95,8.28,13,40.0
51,123,5.17,1,11.41
45,144,8.06,12,38.11
43,93,9.24,11,37.92
41,105,7.87,8,30.18
36,111,9.64,0,16.68
24,81,5.16,4,16.94
28,95,7.42,14,40.71
26,128,6.62,9,29.85
47,154,6.22,6,23.72
56,102,6.63,6,24.36
56,139,5.21,8,26.44
44,145,5.44,13,37.14
26,99,8.53,2,18.24
53,153,5.41,8,26.13
22,97,9.48,1,17.3
36,138,8.42,10,34.82
58,110,8.22,1,16.0
29,83,7.93,12,37.33
25,106,9.57,8,32.14
30,97,6.78,13,37.73
50,142,6.23,9,29.12
27,150,8.31,12,38.38
49,98,7.43,7,27.52
22,118,9.51,5,25.66
40,145,5.32,6,22.39
24,157,8.2,13,40.07
48,125,9.23,7,29.9
28,117,6.16,4,19.13
55,146,9.11,9,33.82
22,108,7.86,10,34.08
48,136,9.62,3,23.01
31,127,7.26,3,18.47
56,131,6.31,1,13.49
29,127,8.72,12,39.43
58,140,6.67,5,23.68
21,146,6.1,0,10.82
47,127,8.56,7,27.57
23,87,9.13,7,28.93
59,153,9.73,4,25.82
29,146,6.5,9,29.45
48,93,7.35,6,25.16
41,126,5.92,13,36.43
48,103,9.7,8,33.11
44,141,9.11,6,27.83
38,137,7.83,2,18.11
29,113,9.58,9,34.51
46,110,9.1,12,39.98
44,127,5.15,7,24.45
26,124,8.89,1,17.15
32,108,5.61,13,35.82
56,108,6.66,14,40.17
29,142,5.59,11,31.26
30,127,5.32,10,30.46
23,91,8.03,13,39.58
49,157,9.76,12,41.91
27,106,5.36,1,11.61
46,126,8.75,9,33.87
28,145,6.4,11,33.58
33,116,5.45,11,32.13
55,124,9.61,2,20.7
39,136,5.27,4,18.08
42,97,5.53,13,35.8
36,92,6.13,5,21.96
35,152,9.65,0,16.94
22,108,6.52,9,30.44
58,135,5.15,1,12.39
41,153,5.94,10,31.2
50,99,7.23,5,22.96
27,108,9.41,5,25.99
51,85,6.3,10,32.15
55,105,7.55,13,39.1
24,140,6.51,2,16.79
54,122,7.87,13,39.43
21,126,5.44,2,13.03
30,105,7.5,10,33.31
50,80,5.36,6,21.73
52,152,9.9,9,35.17
23,105,9.59,5,25.5
30,143,8.23,12,38.74
29,141,9.6,9,33.99
37,85,7.94,8,29.5
23,141,6.53,12,35.53
47,145,5.73,3,16.38
55,121,9.97,12,41.66
24,106,6.22,10,29.63
24,144,9.33,9,33.83
52,109,7.16,7,27.86
58,144,6.62,4,20.39
31,126,6.24,5,21.84
59,111,9.31,2,19.42
26,113,9.21,7,29.45
55,126,9.36,9,33.97
52,93,8.67,1,16.11
43,84,5.32,11,32.1
57,115,6.77,14,40.34
46,88,9.07,6,27.46
54,114,9.87,8,32.26
58,104,9.3,5,25.79
31,154,8.34,12,38.99
41,125,9.12,1,17.13
44,92,6.84,11,33.35
35,140,8.35,5,25.45
23,109,8.79,2,17.83
22,111,7.51,11,34.86
27,109,6.3,9,29.81
25,135,9.64,8,32.19
49,146,9.0,11,37.42
52,150,6.23,10,31.39
50,134,5.6,5,21.29
28,87,8.69,14,42.7
52,122,8.3,2,18.5
22,127,7.96,11,36.23
30,137,9.79,6,28.5
57,111,6.7,6,24.16
23,157,5.61,13,36.39
43,148,6.03,10,31.57
54,86,8.61,12,38.04
38,153,9.56,2,21.56
53,99,8.43,3,20.8
53,141,5.73,10,31.25
37,100,8.53,7,28.38
26,108,6.58,6,24.35
33,149,6.99,2,17.02
41,117,8.22,3,20.64
51,121,7.14,4,20.43
41,82,9.81,14,44.65
53,116,8.97,10,35.02
48,96,7.72,0,13.84
26,112,7.16,4,20.4
28,89,6.65,7,25.39
33,116,6.66,0,11.1
54,112,8.22,10,34.23
42,107,9.16,8,31.41
21,121,5.96,9,29.24
33,137,9.63,4,24.77
21,127,6.5,9,28.81
30,130,8.53,11,37.21
25,89,8.81,6,26.62
40,87,9.11,9,33.27
33,95,6.95,4,19.67
57,141,7.05,5,23.14
30,128,8.38,7,28.32
23,94,9.76,9,34.65
54,95,9.65,7,30.14
54,106,8.73,8,31.19
50,126,5.96,3,16.82
57,105,8.35,10,34.31
24,151,9.1,12,38.94
54,120,9.93,6,28.62
52,90,7.74,9,31.97
41,88,7.94,14,41.32
44,133,9.92,8,33.42
29,90,9.23,1,18.1
44,86,5.36,12,34.42
45,107,9.82,6,28.41
56,141,6.23,7,24.96
28,134,9.26,6,27.68
49,115,6.95,3,18.04
45,152,5.76,1,12.78
55,142,9.28,2,21.44
58,130,5.12,14,37.2
48,156,7.92,4,22.44
39,127,6.17,10,31.17
52,147,5.88,7,25.56
57,89,7.73,4,20.65
48,105,9.57,6,28.09
55,146,9.82,13,43.05
28,132,5.72,12,34.91
43,122,8.77,6,27.33
43,96,8.44,9,32.27
52,106,6.99,0,11.85
30,101,5.49,1,12.99
37,115,7.59,14,41.05
55,151,8.92,7,29.52
55,112,5.03,7,23.56
23,132,6.89,14,40.12
56,90,5.36,1,12.12
49,108,5.28,13,35.51
47,117,6.15,13,36.72
51,137,9.44,5,25.96
54,94,7.2,4,20.08
32,133,8.64,3,20.85
57,141,9.79,6,29.02
45,136,5.03,8,25.61
22,158,8.99,4,23.84
50,150,5.62,1,12.79
29,137,5.27,10,28.52
43,128,8.3,7,28.28
29,132,8.56,13,40.91
40,108,8.58,12,38.78
21,112,6.3,14,38.89
59,125,5.76,13,36.95
43,133,5.62,12,35.08
38,159,6.36,12,35.94
52,86,7.06,5,22.33
29,108,9.51,13,42.25
31,88,9.84,14,43.54
21,128,5.16,14,37.31
31,150,5.1,9,27.77
53,157,7.92,10,34.53
50,130,7.32,0,13.21
25,87,7.54,7,26.4
21,134,9.89,5,26.3
30,144,8.62,14,41.84
33,158,5.77,2,14.49
47,94,9.93,0,16.4
28,130,7.52,1,15.74
48,113,7.85,4,22.24
22,148,9.9,0,16.82
32,91,5.51,4,17.1
47,124,5.43,14,38.3
33,110,5.82,4,18.21
42,133,6.08,10,30.9
35,101,7.58,9,29.92
51,151,7.1,12,37.14
27,143,8.19,1,15.84
59,139,7.35,7,27.84
55,107,8.4,4,23.39
27,100,6.21,12,35.88
32,154,8.65,1,16.93
34,154,9.83,14,44.73
54,156,5.2,2,14.95
59,122,6.99,1,14.31
29,106,8.57,10,35.01
53,102,5.97,10,30.95
32,115,6.35,6,22.99
54,117,9.77,14,44.94
47,95,8.72,0,14.71
42,153,9.74,13,43.51
38,122,9.95,1,19.5
38,120,6.45,10,31.32
57,123,9.26,6,28.13
27,131,6.27,14,39.0
24,96,8.9,12,38.81
36,131,8.98,1,18.0
42,122,9.84,1,18.41
56,102,9.98,7,30.78
40,80,8.18,10,33.98
51,104,8.68,3,21.07
53,85,9.07,8,31.7
33,153,9.17,2,20.45
40,133,7.55,14,41.64
58,157,6.11,0,11.0
42,102,9.12,14,43.74
59,98,8.11,5,24.04
43,135,8.31,14,42.92
53,132,7.05,11,35.41
50,110,9.62,8,32.71
34,117,9.42,5,24.53
56,98,5.72,8,26.51
28,80,5.93,14,38.19
42,156,7.36,11,34.96
24,129,8.26,11,36.56
55,137,6.43,4,20.24
28,111,7.16,0,12.6
54,128,5.81,11,33.31
42,123,6.56,7,25.44
45,108,8.02,12,37.95
45,127,6.06,3,18.29
37,159,9.72,1,18.39
36,156,9.75,1,18.59
59,105,8.06,7,28.13
35,86,5.64,14,37.74
37,123,6.94,6,24.38
55,93,8.67,5,24.12
53,131,6.2,6,23.78
59,111,9.02,6,28.45
38,154,5.04,3,15.98
50,111,5.95,10,31.59
43,154,6.57,11,34.51
57,136,9.83,11,38.86
27,131,8.78,4,21.97
30,113,5.1,10,29.34
36,140,7.32,10,33.22
48,141,8.46,1,17.1
43,155,8.09,2,19.75
54,110,7.32,5,23.54
38,108,6.3,2,14.58
43,110,6.86,11,34.08
40,91,8.55,10,34.8
51,114,8.79,6,27.99
34,136,7.46,2,16.94
43,120,9.57,12,39.99
22,106,9.79,8,31.37
49,94,8.91,12,39.66
29,150,6.02,13,37.36
53,115,9.4,4,24.07
32,103,7.27,11,34.18
39,103,6.11,14,38.86
40,155,8.93,0,15.07
57,107,7.01,3,18.3
51,154,6.19,1,12.9
55,82,7.94,8,29.32
41,82,5.59,9,28.11
33,108,6.89,2,16.93
59,111,6.73,10,32.08
47,133,7.01,4,21.11
45,117,7.22,10,32.48
22,135,8.19,14,41.99
55,144,5.29,1,12.64
28,100,7.31,9,30.96
53,120,7.49,8,29.43
45,99,6.68,5,22.08
41,139,8.72,8,31.1
56,154,8.58,10,35.89
33,138,7.61,3,20.2
29,153,9.29,14,44.4
55,134,5.59,3,16.65
56,82,6.88,3,18.3
30,93,8.4,3,20.25
25,124,9.62,11,38.17
51,139,9.3,10,35.87
44,128,5.82,1,12.39
52,88,5.31,4,17.52
23,133,7.78,0,13.68
36,149,7.48,1,15.64
40,131,6.81,4,20.32
44,142,6.04,8,26.36
54,131,7.0,2,18.38
43,101,7.38,6,24.59
58,134,6.47,12,35.78
22,82,5.06,11,32.11
25,81,7.79,8,29.56
38,138,9.78,11,38.98
49,107,6.74,14,38.96
30,116,8.85,7,28.04
36,148,9.47,9,34.29
43,88,7.17,2,15.67
50,141,6.81,14,40.76
26,111,9.46,14,43.92
56,154,5.53,11,32.79
40,114,7.45,3,18.56
36,126,8.22,0,13.81
48,97,8.37,3,20.37
46,115,5.57,1,12.85
42,98,5.56,13,36.35
31,104,6.43,11,32.99
21,125,8.91,14,43.34
25,139,9.91,13,42.38
56,102,7.95,1,15.93
22,157,8.32,2,18.01
26,106,9.91,13,42.51
47,114,6.16,2,15.69
46,156,5.46,3,17.09
55,134,5.86,0,11.33
33,115,6.54,10,32.82
32,150,8.41,7,28.95
38,88,6.51,3,17.32
58,100,7.49,5,23.25
26,111,5.14,10,29.86
48,145,9.69,2,21.13
48,123,7.95,6,25.89
45,144,7.73,10,33.68
25,154,8.72,12,39.03
35,159,9.74,11,38.7
29,94,8.06,1,15.76
22,106,8.39,11,35.88
29,95,6.39,2,15.34
46,125,9.12,10,36.48
43,151,8.94,3,21.05
48,127,5.11,12,33.7
26,144,8.89,2,18.65
24,98,5.96,0,10.75
50,116,5.89,5,21.48
38,137,6.64,2,16.75
50,134,9.75,0,17.1
47,132,7.95,7,28.33
51,126,9.73,3,23.21
59,82,5.39,4,18.62
50,141,7.66,4,21.13
57,80,7.53,8,29.63
32,118,7.21,2,15.98
37,152,9.96,2,21.12
54,112,7.37,4,21.39
48,102,6.19,8,27.77
24,113,8.22,4,22.14
54,128,6.23,8,28.0
34,128,5.66,2,14.47
33,128,7.92,14,41.45
23,89,8.62,12,37.66
41,145,7.26,7,27.42
36,150,6.61,8,27.76
58,146,5.77,14,39.64
46,155,9.01,7,30.06
26,118,9.46,8,31.93
38,121,6.27,3,17.25
26,80,7.14,5,21.98
45,125,6.53,7,25.56
44,115,9.15,0,16.8
50,123,9.61,8,33.41
43,110,5.76,9,28.84
28,137,5.18,4,16.94
29,83,5.43,12,33.76
26,132,6.45,7,25.58
53,136,8.62,2,19.61
53,152,6.63,14,41.2
27,157,9.92,7,30.78
38,129,5.43,9,27.96
26,84,8.36,14,42.42
57,131,7.31,0,14.0
41,96,6.55,7,25.7
46,111,7.8,0,14.43
35,85,6.24,9,27.94
50,148,8.07,2,18.81
31,140,9.98,10,37.13
28,89,6.56,5,21.95
25,102,6.86,13,37.28
28,132,9.35,7,30.47
25,140,6.79,14,39.78
30,98,9.55,13,41.82
35,83,8.49,10,33.87
58,125,5.1,8,25.39
23,111,6.89,10,32.27
30,125,6.93,2,16.03
27,141,6.22,10,30.85
44,133,7.94,7,27.68
46,146,5.2,14,38.1
54,103,7.98,8,30.27
28,145,7.79,8,30.47
59,97,8.45,0,13.85
25,127,7.69,6,25.22
56,125,6.67,7,26.54
46,127,9.85,9,34.75
30,141,5.66,11,33.14
53,106,8.71,7,29.05
56,141,6.03,13,37.53
51,157,5.31,10,30.02
58,144,8.83,3,22.08
45,131,9.29,13,42.07
33,80,5.61,13,36.42
21,129,7.63,10,32.75
56,119,8.64,9,33.37
56,151,6.91,7,27.19
44,96,7.21,3,18.96
47,80,9.89,9,34.79
38,157,8.65,0,16.22
35,156,9.61,13,41.23
37,109,7.16,1,14.53
49,156,7.38,0,13.23
25,146,9.85,5,26.09
31,101,7.14,11,34.6
36,114,7.06,0,12.84
54,135,8.49,8,32.21
37,93,5.22,10,30.03
53,124,7.22,5,22.62
51,112,9.7,13,41.83
38,91,9.48,2,20.01
45,103,8.3,0,14.48
25,148,7.22,7,26.81
50,136,7.55,13,39.62
43,88,6.33,3,17.18
58,81,6.02,6,22.62
38,138,6.34,11,33.91
52,108,9.51,5,26.05
50,134,6.29,6,24.24
49,101,7.35,14,41.18
56,128,8.58,9,32.74
29,91,8.71,13,40.14
43,150,6.55,4,19.3
23,87,6.29,0,11.56
42,95,6.85,2,15.43
51,119,5.5,13,36.07
42,124,7.73,3,19.78
31,143,8.66,11,38.07
23,142,6.18,6,23.2
34,130,5.45,3,15.93
39,89,9.22,3,21.73
51,155,9.41,7,30.24
56,150,9.3,3,21.61
52,124,7.12,7,28.39
46,135,5.71,9,28.75
21,152,8.45,4,22.47
22,92,5.5,0,10.01
26,143,8.46,4,21.87
34,109,6.09,0,11.09
48,131,5.54,3,16.0
53,133,5.01,1,11.99
45,136,7.55,10,33.25
38,97,9.32,3,21.77
54,104,8.74,4,22.51
32,132,6.31,8,26.95
47,99,5.74,11,32.54
44,90,9.79,10,36.65
53,119,9.14,13,42.02
35,102,8.12,3,19.08
52,121,6.75,12,36.86
37,126,8.94,1,17.76
55,135,6.88,12,36.18
55,112,8.5,2,19.01
33,105,7.72,0,12.87
29,148,7.75,8,28.47
30,108,7.66,2,17.25
21,139,9.87,6,29.42
54,116,9.5,9,34.23
57,104,7.22,5,23.4
45,153,9.71,5,27.32
42,123,8.27,0,14.86
30,113,9.21,11,37.25
46,91,9.07,13,41.74
39,118,9.81,3,22.68
24,98,6.0,14,38.59
25,98,8.52,0,13.33
49,108,9.72,10,36.31
58,145,5.32,5,20.66
25,155,9.62,10,36.58
21,99,9.67,4,23.1
48,136,7.54,3,20.92
39,88,8.46,8,30.41
56,81,5.07,7,23.51
21,107,5.11,3,15.13
49,113,5.09,9,27.5
56,100,7.25,10,32.75
52,157,5.57,9,28.28
34,135,8.94,13,41.85
52,84,6.17,5,20.98
29,101,5.8,10,30.88
39,138,6.72,10,31.71
31,119,6.11,9,29.76
24,142,8.63,11,36.64
45,111,6.8,11,34.71
37,124,8.89,12,39.1
28,112,9.08,13,40.66
21,114,7.95,0,13.38
22,125,8.12,1,15.62
30,115,6.42,11,33.78
47,141,8.23,9,32.92
47,105,7.54,8,29.42
33,86,8.5,13,41.19
31,84,8.34,7,27.84
34,111,8.47,7,28.14
52,158,9.27,9,33.81
36,136,7.95,14,41.42
49,159,8.9,13,41.73
58,141,6.63,14,40.62
54,107,8.96,5,25.81
46,159,6.57,3,18.23
25,157,6.82,8,28.93
39,153,9.37,14,44.03
59,145,6.26,3,18.37
48,120,8.69,11,35.73
48,145,6.17,13,37.49
37,143,6.21,10,31.66
57,86,8.02,4,23.2
39,120,5.18,6,22.17
47,124,8.25,11,35.53
32,123,8.68,12,39.33
23,109,9.57,10,36.26
24,117,8.76,3,21.24
31,118,9.22,14,44.21
54,98,6.17,1,13.27
38,126,6.56,12,35.85
55,117,9.73,6,27.99
38,96,8.09,11,36.12
26,153,8.35,0,14.3
54,158,8.36,9,32.82
53,148,9.98,6,29.02
28,83,8.55,7,27.43
40,114,8.81,14,43.05
40,80,9.57,5,26.75
38,137,6.56,1,13.9
47,101,9.11,0,15.28
25,84,5.13,4,17.05
27,139,5.6,9,28.37
42,115,5.66,7,24.84
54,88,5.03,7,23.36
33,136,7.18,9,30.22
52,157,9.93,12,41.32
44,83,6.39,3,17.5
36,130,5.9,2,14.29
34,118,7.25,8,28.29
59,131,8.69,6,28.35
27,154,5.25,13,36.0
32,150,7.67,9,32.07
40,134,7.37,4,20.25
53,110,7.84,11,36.11
26,129,8.02,3,19.46
47,87,6.45,8,27.32
33,94,6.57,7,24.97
25,144,7.16,11,34.39
44,89,9.88,7,30.76
30,120,8.0,10,34.46
52,158,5.82,13,37.56
29,127,5.82,14,38.85
55,100,8.44,3,20.51
32,103,7.32,13,38.3
31,153,9.27,3,22.85
56,102,7.36,0,13.39
28,159,5.11,7,24.15
30,148,8.21,1,16.84
34,112,6.33,0,11.61
50,115,9.93,8,32.99
21,104,5.03,11,30.92
32,137,6.04,8,26.62
25,145,8.24,2,17.86
34,110,5.87,13,36.71
56,123,8.52,2,18.37
37,142,7.58,11,35.96
42,124,5.69,2,15.11
51,129,7.0,5,22.92
46,146,7.75,7,28.21
33,150,7.78,2,17.27
23,80,7.45,2,17.1
31,150,8.67,14,42.99
25,146,6.8,13,38.65
58,88,8.1,1,16.61
24,114,5.95,3,15.77
52,92,9.86,2,20.84
30,105,6.19,12,35.25
30,124,9.31,8,31.82
38,130,5.87,2,14.68
43,104,9.82,10,36.12
38,135,9.93,10,36.38
55,118,6.34,11,33.98
23,82,6.08,2,14.36
21,154,8.73,8,32.11
37,132,8.4,13,40.3
26,112,8.55,4,22.83
31,141,5.45,10,29.86
34,146,7.8,8,29.83
48,148,8.38,1,16.36
59,83,6.58,13,38.76
56,151,8.45,9,32.37
31,138,7.01,13,38.76
24,96,6.64,0,11.82
26,101,8.95,4,23.34
58,117,6.04,7,26.21
39,110,5.02,4,17.46
51,128,8.89,14,43.95
22,131,9.57,9,34.26
45,117,7.0,8,28.94
31,128,6.94,0,12.69
41,106,9.87,11,38.02
23,102,5.98,7,24.64
22,106,8.79,9,33.15
31,93,5.37,9,27.78
44,82,9.84,11,38.42
44,106,8.6,7,29.78
41,141,5.75,6,23.4
45,93,8.53,12,38.53
24,123,9.34,10,35.2
43,104,5.72,13,36.11
44,140,8.99,13,41.7
41,154,9.8,2,21.13
22,131,9.62,13,41.65
43,91,6.93,7,25.65
35,113,8.41,5,25.35
46,102,7.08,2,16.32
46,98,5.49,11,32.8
48,80,6.38,9,29.64
46,153,7.37,2,17.61
22,144,8.35,1,17.08
55,84,6.18,13,37.22
52,136,8.35,12,38.74
50,101,9.97,13,43.88
40,122,7.56,2,17.2
33,81,8.63,7,28.71
47,152,8.93,3,21.94
43,86,6.17,2,14.77
36,100,5.29,14,37.63
51,150,8.0,6,27.32
32,138,7.27,5,21.75
53,88,9.16,6,28.14
58,119,7.93,3,19.99
52,152,7.73,3,20.58
22,128,6.33,2,16.52
43,91,8.18,13,39.71
52,152,5.43,8,27.11
35,89,6.94,1,14.01
28,153,9.77,10,36.98
42,96,5.3,3,15.97
58,83,9.78,2,20.69
54,143,7.47,3,18.67
21,95,9.39,6,27.67
30,128,8.28,14,42.23
36,106,5.36,11,32.09
44,85,9.19,2,20.08
44,88,8.82,4,23.18
34,137,9.39,3,22.0
46,111,8.14,8,29.35
59,117,6.9,5,22.26
38,109,9.61,9,34.61
40,157,9.85,1,19.29
56,124,8.67,2,19.83
44,108,5.9,3,17.04
46,101,6.37,8,27.62
49,110,8.89,10,35.24
42,96,6.06,14,38.99
31,133,6.33,4,19.35
31,158,5.36,11,32.29
23,126,8.08,3,19.26
41,111,7.01,2,17.16
31,107,6.13,4,18.74
28,90,7.65,8,27.8
51,118,7.72,2,17.27
30,96,5.94,4,18.31
26,155,5.13,3,16.25
37,118,9.38,11,38.28
58,152,5.79,11,33.66
27,104,9.24,4,22.18
52,105,7.35,6,25.31
33,147,8.22,11,36.78
26,141,7.12,5,21.7
23,98,8.49,14,41.78
47,92,6.35,4,20.13
46,108,6.11,3,17.23
24,133,7.12,9,30.71
57,152,7.28,3,19.05
41,121,6.08,5,21.97
48,141,9.38,2,20.54
38,150,6.71,6,24.88
52,150,9.32,4,24.15
59,100,7.19,7,26.63
53,88,6.8,5,22.34
46,124,9.24,3,22.68
37,106,6.11,7,25.21
49,127,5.38,1,11.99
40,148,6.2,4,19.13
50,84,5.08,9,27.41
25,151,7.23,4,20.93
26,94,8.34,1,15.97
30,156,6.8,9,29.97
26,123,9.83,1,17.99
30,126,5.4,12,33.92
41,111,5.91,5,20.16
24,115,6.5,14,39.65
33,128,6.14,11,33.36
30,132,6.17,13,37.69
36,102,5.84,12,35.42
39,113,7.73,7,27.27
26,97,8.62,2,17.7
46,91,7.49,9,30.78
29,81,7.91,1,15.1
30,106,6.61,5,22.07
23,129,6.57,4,19.36
39,110,9.32,11,38.32
55,127,7.65,11,35.58
26,148,6.64,5,22.1
49,96,8.85,14,42.96
39,122,7.51,7,26.18
35,150,5.32,5,19.5
58,97,6.47,10,31.17
41,145,9.79,3,22.7
59,110,7.64,5,24.47
43,142,9.13,12,40.06
40,107,6.09,6,22.73
22,146,9.07,8,31.69
52,88,9.03,6,28.28
48,107,6.32,7,24.26
24,97,8.18,12,37.76
27,94,6.73,7,24.93
23,154,6.98,0,13.14
45,84,8.9,1,17.27
29,120,8.04,4,21.1
43,155,5.82,8,27.13
43,153,8.77,1,17.56
46,152,6.59,8,28.93
38,145,9.58,3,22.88
44,152,6.31,1,13.97
47,130,9.58,9,34.64
22,95,6.4,6,23.5
21,144,9.03,4,23.91
36,136,6.26,13,37.14
44,116,9.9,2,21.18
56,118,9.45,13,42.03
31,144,5.79,5,21.25
46,128,8.0,0,14.53
26,126,6.27,2,14.94
46,119,6.4,11,33.87
49,93,8.85,4,22.96
21,119,5.35,4,16.64
29,127,8.26,5,24.92
47,111,7.65,7,26.81
27,118,9.03,1,16.55
23,112,5.32,14,37.75
29,109,6.6,3,17.52
22,105,5.98,14,38.31
30,122,8.1,5,24.1
37,134,8.5,4,22.75
51,123,5.03,12,33.24
21,157,7.93,12,38.25
38,155,6.94,9,31.07
26,82,8.93,8,30.8
58,86,7.98,8,29.85
24,137,7.74,7,27.65
24,89,8.68,9,32.47
55,89,8.37,2,18.85
24,121,7.79,10,32.81
21,113,7.24,0,11.59
51,105,8.61,6,27.38
39,139,9.25,11,38.35
41,81,6.71,13,37.69
50,152,9.67,1,19.23
27,124,9.31,14,43.23
25,84,7.3,11,33.94
22,105,5.13,7,23.38
23,158,9.72,8,32.22
35,104,7.3,14,40.29
59,105,7.63,11,34.12
57,101,8.99,10,35.41
30,98,6.08,14,38.44
29,89,5.97,13,36.56
43,121,8.79,13,41.24
34,110,6.59,10,31.48
53,110,8.11,7,28.19
36,154,7.39,0,12.97
40,115,5.74,1,12.88
28,145,9.81,9,34.84
58,111,6.84,14,39.96
54,146,6.61,13,38.57
51,142,9.62,2,21.41
28,102,5.99,6,22.45
45,129,5.07,4,18.19
33,144,6.9,12,36.99
38,148,9.05,9,33.1
54,123,5.14,8,26.29
56,137,9.19,5,26.02
37,136,6.13,8,27.34
32,116,8.57,9,32.3
36,144,7.28,10,33.04
33,97,5.55,0,9.52
31,84,7.25,9,29.99
34,105,6.21,0,10.48
48,112,6.45,5,21.96
44,121,8.99,9,34.12
37,106,9.29,0,15.18
29,133,7.86,14,42.57
50,158,9.37,1,18.31
57,154,8.42,11,37.24
23,103,6.33,9,28.6
28,82,9.27,10,35.73
38,118,5.59,3,16.42
50,150,7.2,1,15.39
23,91,7.08,9,29.6
54,112,7.65,3,19.79
48,101,8.73,0,15.38
57,114,5.62,3,16.6
45,93,8.58,8,30.83
50,105,7.31,0,12.97
27,133,6.34,7,25.79
49,120,9.04,3,20.97
22,124,7.5,10,32.62
46,110,8.98,8,31.09
27,148,6.31,9,29.55
38,96,9.21,4,22.6
26,139,5.61,8,25.58
47,83,9.98,12,41.67
44,89,8.77,11,36.7
53,88,8.3,5,23.61
51,140,6.71,8,28.61
54,101,8.25,13,41.33
42,100,9.51,2,20.24
44,102,6.14,5,20.97
56,140,6.92,12,37.04
48,91,5.59,12,34.57
40,96,8.13,12,37.78
38,134,7.01,4,20.49
52,100,9.1,4,23.86
53,133,5.61,9,28.88
30,126,5.68,12,33.06
29,120,6.61,12,36.06
45,94,6.6,3,18.22
33,138,8.51,14,42.8
25,94,6.92,1,14.26
51,108,7.76,9,31.5
51,90,7.76,1,15.49
54,108,6.17,2,15.23
46,135,9.62,6,28.72
27,132,6.06,4,18.41
40,82,8.43,7,28.68
42,92,7.31,3,19.18
25,117,7.75,6,26.09
32,149,8.48,1,17.07
41,90,9.79,3,22.34
29,102,5.01,11,31.17
49,152,8.6,2,19.69
47,135,5.79,8,26.96
37,96,8.88,2,19.6
44,88,9.44,13,42.44
47,107,7.68,8,28.45
28,158,7.34,7,27.09
49,98,5.24,8,25.68
39,83,9.24,6,26.73
30,126,9.58,8,32.62
44,126,8.59,2,19.07
54,110,6.21,7,25.32
51,84,6.22,10,31.03
24,112,9.48,7,30.02
51,127,5.26,1,12.25
29,111,5.42,5,20.58
46,158,8.07,5,25.48
33,138,7.52,4,20.61
46,143,5.17,7,24.1
21,126,9.45,1,17.63
29,88,6.56,10,31.43
51,114,6.33,3,17.32
44,126,9.44,14,45.11
42,96,8.15,5,24.73
29,80,7.01,3,18.18
59,134,7.09,1,14.89
43,90,7.5,9,30.59
40,112,7.35,8,29.56
41,149,5.4,5,19.83
47,135,9.7,8,32.97
25,143,5.9,5,20.72
37,137,5.38,0,9.73
54,99,5.4,6,22.16
29,97,8.13,8,29.52
54,157,9.4,11,38.69
30,124,8.39,13,39.8
22,122,6.76,5,20.97
45,99,7.66,4,21.93
23,136,6.32,14,39.35
54,106,5.54,14,38.24
27,97,5.45,2,14.07
48,96,8.44,14,42.58
29,139,7.11,8,27.99
31,84,8.14,9,30.83
49,85,8.37,5,24.24
36,94,9.79,2,20.48
59,118,6.79,2,16.45
49,159,5.99,2,14.73
33,118,5.65,7,23.9
55,100,5.09,6,21.53
31,92,5.76,9,29.03
55,108,8.46,5,25.43
28,84,7.15,5,22.3
27,146,9.37,13,42.2
25,100,5.07,14,37.23
26,88,9.65,0,16.52
55,146,5.26,14,37.63
50,123,9.91,7,31.43
31,141,5.52,4,18.19
58,146,6.04,13,37.98
47,141,8.62,14,43.37
41,141,6.94,6,24.55
34,139,9.67,5,26.58
55,128,5.56,1,12.72
49,118,8.67,7,28.82
44,120,7.71,0,13.58
56,129,9.29,13,41.62
52,96,5.56,4,18.04
26,132,9.52,5,25.98
30,134,5.18,12,33.59
40,157,9.41,13,42.62
40,154,9.78,5,26.58
46,135,5.49,9,28.23
41,80,6.82,7,26.12
43,144,9.32,4,24.93
32,143,6.73,11,34.67
33,131,6.19,13,37.18
30,94,5.96,11,32.26
27,81,8.17,10,33.39
57,91,5.86,1,12.59
32,124,5.71,8,26.75
45,136,5.78,4,18.62
22,121,8.34,9,32.47
46,81,9.12,2,19.43
25,141,9.27,2,20.08
28,113,8.82,0,14.41
29,96,6.68,2,15.39
59,120,5.29,9,27.88
40,157,8.35,5,25.96
31,154,9.13,2,19.71
42,150,8.76,1,16.9
36,144,9.26,12,39.6
58,94,8.03,12,37.84
30,117,9.13,13,41.69
45,152,7.85,7,28.2
39,144,5.09,4,18.33
24,88,6.18,13,36.93
39,121,7.59,11,35.99
23,145,5.63,14,37.92
37,130,8.09,13,39.64
34,157,5.19,10,30.28
30,159,7.12,8,29.64
26,98,8.58,14,42.72
51,110,5.83,10,30.87
51,145,7.89,0,14.28
29,111,7.52,3,18.05
32,154,8.71,14,43.44
46,87,9.15,3,20.8
22,148,7.17,9,31.83
24,111,9.96,11,39.1
52,126,5.62,6,23.65
48,149,9.59,4,24.55
26,87,7.39,1,13.97
50,113,9.35,2,20.69
48,83,8.88,7,29.46
33,115,7.54,1,15.49
56,123,7.99,11,36.9
30,104,6.4,5,21.75
30,105,7.88,12,37.65
25,112,7.41,11,34.83
49,88,6.25,2,14.87
56,126,6.25,5,21.43
32,151,6.21,5,21.77
42,96,8.37,13,40.35
59,94,7.15,5,23.13
22,121,9.07,4,24.14
34,133,8.22,9,32.72
30,92,7.25,13,38.3
23,129,8.28,3,19.7
28,123,9.15,11,37.34
37,82,9.46,0,15.27
24,132,6.94,12,35.95
41,135,8.05,8,29.37
50,133,7.05,3,18.38
39,136,9.02,0,15.79
35,91,5.05,10,28.56
40,138,6.59,3,17.64
50,144,9.11,10,36.61
30,116,7.41,8,29.16
43,99,9.36,10,35.64
44,151,8.81,11,38.8
32,116,8.3,5,24.43
29,110,5.57,11,31.65
35,104,5.07,1,12.33
49,129,7.26,8,29.59
38,128,5.43,5,21.62
40,87,8.38,1,16.97
21,114,8.46,11,36.65
23,92,9.05,5,24.62
28,100,5.63,9,28.92
59,152,5.03,3,15.26
51,103,5.47,11,31.22
28,127,7.1,3,19.7
35,112,5.33,0,9.26
42,80,6.76,5,21.21
52,151,7.45,5,23.11
25,82,9.07,9,32.58
29,93,5.34,2,13.97
35,93,9.83,1,18.45
57,128,7.9,14,42.33
53,112,9.57,8,32.35
42,83,8.93,0,15.51
31,117,5.03,4,17.14
26,104,9.48,2,20.84
37,126,9.21,2,19.46
25,92,9.94,12,41.42
59,118,5.64,5,21.0
29,104,8.94,12,39.99
49,152,5.18,1,13.1
43,122,9.03,1,17.45
56,117,6.94,9,30.77
51,114,9.71,0,16.49
40,134,6.22,14,39.35
43,129,7.92,14,42.68
27,157,6.36,3,16.99
56,113,9.52,1,18.59
24,104,8.5,2,17.69
44,121,6.73,1,14.32
34,130,7.41,11,35.17
45,116,9.95,1,19.08
27,145,6.99,0,12.12
35,113,5.21,3,16.0
33,117,9.84,0,16.95
39,110,9.85,8,33.22
32,105,8.17,0,13.87
46,155,7.58,10,34.47
53,105,9.36,12,39.93
35,142,9.99,4,24.48
57,127,9.96,4,25.54
26,158,8.71,2,19.18
45,89,6.28,2,14.86
37,115,8.06,8,30.09
56,119,5.36,12,33.73
29,105,8.67,6,26.72
48,88,5.67,12,34.72
55,132,6.66,13,38.32
23,149,9.58,14,43.87
31,159,8.02,1,16.19
40,132,8.2,11,36.92
43,118,5.76,1,12.62
50,140,8.71,12,39.8
57,131,8.93,8,32.26
56,147,9.8,13,42.84
32,147,8.11,6,25.96
56,152,9.47,8,33.52
55,157,8.85,9,34.3
54,121,6.95,6,24.58
24,146,5.86,3,17.17
44,154,9.76,2,21.77
56,130,9.78,4,24.56
48,82,6.26,12,34.95
59,92,9.89,12,40.66
22,92,7.85,5,23.07
25,140,6.44,13,38.18
48,103,9.33,10,36.66
33,99,8.42,14,42.7
56,153,7.36,13,40.46
29,134,7.42,5,22.12
59,114,9.74,8,32.5
50,157,6.91,11,34.9
47,159,6.86,8,29.28
33,109,6.88,13,38.0
59,112,9.71,2,21.01
48,120,8.1,8,29.88
38,145,9.82,8,33.16
54,128,8.67,9,33.45
41,87,9.12,7,28.39
21,82,7.63,10,31.84
43,144,8.5,1,17.24
54,151,6.45,2,15.81
56,81,5.39,12,34.33
29,120,5.83,1,13.52
28,132,9.86,2,21.29
50,154,5.34,12,34.95
56,95,7.16,14,42.01
56,88,9.88,3,23.13
38,118,7.0,6,24.36
22,143,9.3,4,23.59
31,115,5.81,3,16.7
56,102,7.55,13,39.13
51,126,6.91,5,23.36
51,128,8.71,4,23.66
44,134,5.13,3,16.65
41,89,8.84,8,31.45
52,142,6.41,9,30.03
50,105,8.95,0,15.84
28,127,6.8,9,30.03
53,109,5.23,14,37.42
59,81,5.06,3,15.71
21,108,9.48,1,18.21
53,133,9.68,3,23.36
33,111,6.68,10,32.56
42,117,7.1,11,34.21
25,100,9.66,2,20.19
32,106,7.39,2,15.86
49,113,8.39,1,16.87
23,102,7.53,12,37.01
56,157,9.33,6,28.03
31,118,9.75,8,31.6
46,148,8.64,4,23.59
22,152,6.21,4,18.87
49,124,5.74,4,18.58
49,142,5.15,6,21.98
56,87,8.4,5,24.29
39,86,8.89,8,31.13
30,109,8.23,11,36.43
31,91,5.54,9,27.18
27,99,5.62,3,15.91
33,143,8.08,1,17.56
22,108,8.28,2,18.31
50,134,6.21,4,20.06
42,91,7.01,1,14.04
21,101,9.67,4,24.18
47,102,5.34,2,14.59
27,127,6.11,5,21.3
21,124,9.12,1,17.52
45,105,8.43,0,14.43
24,107,7.67,12,36.84
50,134,7.96,11,36.04
28,152,5.76,7,23.86
41,148,8.25,10,35.11
24,81,6.97,1,14.54
24,107,9.98,13,42.18
28,156,5.13,12,33.56
46,158,9.75,11,38.85
49,132,6.17,14,39.85
36,93,6.67,9,28.82
39,125,5.3,12,34.32
21,157,8.18,0,13.46
57,146,7.86,13,40.52
54,153,8.97,9,35.19
49,149,7.44,4,21.85
47,99,8.36,12,39.09
50,114,9.76,9,34.52
26,127,7.06,10,32.38
56,122,7.37,6,25.68
59,99,7.52,7,26.96
22,135,7.69,4,21.2
34,82,6.25,13,36.4
28,147,6.15,3,17.26
23,90,6.94,0,11.02
55,141,9.31,10,35.88
47,140,9.1,11,37.73
54,137,5.21,3,16.6
48,108,9.04,13,42.05
51,117,6.47,13,38.36
37,101,5.25,10,29.56
39,120,6.97,11,34.25
31,142,5.48,3,15.79
29,117,6.2,3,17.31
50,129,8.74,6,26.84
26,86,5.26,13,36.04
34,103,7.21,11,34.45
51,125,6.0,8,26.59
31,104,7.15,10,32.34
25,157,9.39,4,23.95
51,108,9.06,8,31.04
22,146,7.06,2,17.36
59,159,5.78,2,15.63
37,101,9.8,0,15.98
58,88,7.44,6,24.66
56,128,5.74,6,23.28
23,152,6.24,5,21.85
49,115,9.14,8,32.26
53,84,6.07,9,29.35
34,83,5.47,3,15.84
58,103,6.53,11,34.74
49,120,8.72,8,31.72
43,93,6.97,1,14.33
37,91,5.95,5,20.73
31,123,9.49,1,17.31
48,88,7.64,13,39.01
27,145,9.78,2,19.99
28,117,9.73,7,30.41
49,156,8.04,0,13.68
45,136,7.27,11,35.76
27,126,7.07,11,35.65
42,134,7.15,8,28.83
29,81,5.16,6,20.83
31,97,8.41,8,29.85
54,145,6.56,13,37.44
47,136,6.66,2,16.62
42,143,8.92,9,33.63
23,106,9.9,9,34.54
28,132,5.56,11,32.25
26,138,6.07,4,19.02
45,108,5.44,12,33.4
22,151,8.95,3,21.63
36,93,8.62,8,31.43
41,147,8.19,2,18.35
35,122,5.96,12,34.47
54,108,7.72,12,38.38
40,136,8.0,13,39.55
51,112,9.75,9,35.08
35,100,8.38,8,30.85
48,120,9.33,1,18.69
26,80,9.19,3,20.34
23,106,8.77,7,28.7
58,81,6.84,7,25.99
43,143,9.39,13,41.71
23,130,8.79,1,16.99
28,133,8.64,11,37.18
22,153,5.69,1,12.66
27,153,9.64,0,17.79
37,109,5.01,5,20.39
27,80,6.55,14,39.21
53,108,8.39,1,16.7
56,92,5.75,13,36.61
24,152,8.86,9,33.89
36,122,5.72,0,9.7
41,120,5.01,3,15.63
38,154,5.14,9,27.0
48,137,6.08,12,35.59
36,156,7.72,0,13.94
42,93,5.38,11,32.63
26,120,6.8,13,38.08
50,146,5.95,7,25.72
48,133,9.4,4,25.06
37,85,6.34,2,15.37
56,125,8.26,6,26.64
32,156,8.67,11,36.54
32,80,5.69,9,27.64
56,108,5.61,8,27.51
49,157,9.55,8,32.65
22,155,5.79,4,18.41
49,105,7.75,13,40.22
50,137,8.02,4,22.25
56,82,6.6,10,30.7
45,139,7.41,14,40.53
41,93,6.52,13,37.17
42,102,9.14,4,24.01
30,141,5.76,13,36.94
51,89,6.51,14,39.41
29,83,7.53,4,20.73
59,118,6.5,6,24.29
54,153,9.31,8,31.53
59,113,9.48,11,37.59
43,104,9.03,10,35.46
32,131,9.43,5,26.04
27,94,7.15,1,14.59
52,91,7.7,5,22.37
39,80,8.17,8,30.01
42,88,8.91,4,22.58
36,138,6.75,9,30.36
28,93,5.31,10,28.86
50,110,9.35,8,32.66
26,132,8.86,9,33.6
22,142,7.48,1,14.84
54,89,5.42,4,17.15
49,122,7.17,9,31.51
40,97,5.27,6,21.78
23,146,7.71,9,32.55
55,138,5.38,10,30.72
28,155,8.71,6,27.87
32,102,5.6,9,28.27
52,154,6.82,0,11.7
49,125,6.51,1,13.58
41,128,6.06,5,20.56
23,102,9.74,12,39.16
58,91,8.78,13,41.36
47,108,8.75,14,43.23
23,138,6.96,6,23.74
21,132,8.65,10,34.89
40,147,7.45,10,32.79
27,142,7.32,11,35.43
21,108,9.09,1,18.0
30,82,6.74,6,24.42
32,116,5.45,6,22.1
24,142,5.25,12,33.48
27,102,9.23,6,27.2
30,128,8.99,3,21.18
42,156,7.77,3,20.92
45,82,6.73,4,20.2
49,101,6.18,3,16.67
59,115,9.15,2,20.79
35,89,5.58,4,17.71
39,88,9.25,7,29.65
59,135,6.51,5,22.88
38,134,6.1,11,33.26
23,98,9.65,6,27.64
26,151,6.97,10,32.23
42,112,9.77,3,22.17
51,99,8.22,5,23.97
41,114,8.03,0,13.89
28,110,6.91,3,17.99
21,129,6.3,6,23.51
23,125,5.53,11,32.0
49,157,7.94,13,40.26
26,89,5.25,12,33.56
53,146,7.03,8,29.12
38,113,9.29,13,42.39
21,130,9.56,2,20.43
42,118,7.16,5,21.62
51,147,6.75,5,22.65
43,91,7.58,12,37.57
28,105,5.51,10,29.81
49,150,5.54,10,31.02
39,146,5.2,0,9.46
36,81,9.36,5,25.82
39,91,8.98,10,35.85
57,138,6.3,10,31.5
42,111,8.44,7,28.76
39,130,9.45,10,35.84
24,90,9.07,1,17.08
25,111,5.96,14,37.73
25,143,6.48,9,29.37
45,124,6.42,7,26.16
44,158,7.23,9,31.07
21,133,7.41,11,34.85
48,85,6.44,2,16.04
41,105,9.25,12,39.9
39,87,5.31,14,37.93
43,87,7.58,11,34.5
34,117,6.78,5,21.91
26,87,9.03,5,24.75
52,96,9.73,4,24.71
52,82,5.56,9,28.24
28,120,7.24,10,32.58
57,152,7.05,3,19.41
42,132,5.1,14,38.54
28,149,9.31,13,41.55
58,141,6.05,1,13.64
30,132,5.43,0,9.7
23,138,9.53,8,33.38
33,102,6.43,9,28.26
59,126,7.78,10,33.54
50,114,7.83,6,25.33
24,93,10.0,11,38.91
26,144,9.13,8,32.48
36,128,6.16,6,23.42
42,115,8.06,8,30.18
47,80,5.12,3,15.4
41,101,7.89,4,21.63
49,114,9.63,8,33.14
21,82,5.4,10,28.85
50,91,5.51,1,12.54
44,116,5.21,13,34.96
33,137,7.85,11,36.29
50,156,6.75,1,14.18
46,91,5.42,13,35.55
54,81,6.18,2,15.88
40,144,9.53,10,35.71
26,137,6.67,1,14.39
29,139,5.79,10,30.52
57,120,6.92,7,27.22
57,114,6.62,6,24.36
36,90,8.3,1,15.87
24,131,6.22,3,16.69
52,131,5.03,3,15.07
40,141,8.74,0,14.8
49,142,7.51,5,23.24
51,94,6.06,11,32.5
37,149,7.11,13,39.26
45,119,7.28,1,15.52
36,88,9.53,4,24.02
40,149,5.09,9,28.15
30,96,9.65,11,38.16
43,102,5.18,10,30.03
53,137,9.94,9,35.26
33,159,7.53,2,17.9
45,130,7.21,4,21.19
57,136,8.65,7,29.67
56,95,5.14,3,15.95
44,124,9.17,12,39.94
26,140,9.52,5,25.84
35,91,5.32,9,27.53
54,152,7.34,11,35.82
24,85,6.79,10,31.15
34,83,8.69,4,22.57
24,153,8.8,13,41.08
48,114,7.97,6,26.61
49,126,9.08,8,31.58
38,98,8.33,13,40.0
40,106,7.49,1,15.68
52,90,7.83,6,26.13
28,149,6.54,11,33.49
33,138,7.24,5,22.69
29,120,9.68,5,26.45
53,122,8.74,4,23.71
32,107,6.11,14,38.88
57,142,5.46,9,28.49
45,146,5.34,13,35.93
45,124,9.26,2,20.02
36,103,9.18,0,15.3
36,156,6.6,10,32.84
59,143,5.06,12,33.54
55,158,7.13,11,36.22
43,152,6.68,13,38.43
28,118,5.64,5,19.62
23,124,5.99,14,38.47
44,140,8.01,7,27.75
42,122,8.59,0,15.07
34,146,7.86,7,29.21
42,159,5.84,1,13.15
54,121,6.56,1,14.58
56,120,8.52,6,28.17
51,126,5.41,0,11.1
41,122,8.42,12,38.81
25,102,9.27,7,29.53
39,111,8.96,3,21.61
41,153,7.88,2,17.62
22,136,9.47,14,43.5
23,117,5.29,3,15.16
50,156,7.66,8,30.18
54,94,8.86,4,23.2
45,107,7.29,3,19.46
55,92,9.94,6,29.99
49,114,5.09,6,21.6
32,81,6.66,6,24.48
43,140,9.46,9,34.8
48,144,5.85,7,24.49
37,120,7.29,10,33.63
36,83,8.7,2,18.82
29,132,7.5,12,36.49
23,93,6.91,10,31.65
42,96,5.1,8,25.35
51,93,8.96,1,16.94
34,120,8.56,6,27.02
23,141,9.55,9,35.28
58,131,9.53,1,18.65
43,106,9.26,9,34.23
41,119,6.81,9,29.75
44,114,7.15,14,41.09
52,138,9.62,14,45.5
25,128,5.75,9,28.21
53,142,5.13,13,35.34
39,90,8.22,2,18.68
54,159,6.65,6,23.47
23,85,5.98,11,32.59
59,120,7.11,12,37.86
48,111,6.22,9,28.93
31,100,6.36,5,20.79
30,154,6.04,12,35.48
22,136,8.81,1,17.14
59,84,9.81,0,16.61
47,107,8.19,10,34.74
29,154,7.78,4,21.04
59,156,9.44,14,45.27
21,149,5.11,1,11.92
53,106,6.07,12,34.88
58,132,7.32,2,18.11
53,127,5.53,8,26.69
23,157,6.98,10,32.78
52,137,6.91,12,35.69
33,88,9.73,10,34.95
41,134,5.82,4,18.8
24,124,7.38,4,20.62
37,107,5.54,1,11.77
24,107,8.93,1,17.28
40,125,8.75,10,35.34
32,104,9.84,6,27.63
46,105,6.79,12,36.8
56,141,9.95,14,45.35
36,147,8.47,5,24.48
27,146,5.42,14,38.38
53,113,5.2,9,28.87
22,100,5.61,11,30.85
53,113,5.0,1,11.18
34,123,8.46,1,16.75
40,155,9.79,6,29.11
57,100,5.22,4,18.54
47,97,5.99,11,33.09
41,115,9.8,6,27.99
22,149,6.24,5,20.69
36,132,9.28,11,37.55
39,99,5.98,3,17.23
24,82,9.85,7,29.92
30,87,6.95,5,21.87
42,127,8.53,5,25.1
32,102,9.72,14,45.13
22,80,6.39,11,32.43
22,81,7.16,1,13.46
54,153,6.37,10,32.1
38,116,7.44,2,16.7
36,130,9.53,9,33.92
39,123,5.98,13,36.83
45,103,7.61,8,29.77
50,111,5.77,0,10.68
26,135,7.03,3,18.69
47,129,6.01,2,14.68
35,143,6.14,11,34.3
51,109,7.35,7,27.23
42,117,8.71,11,36.97
32,157,5.64,7,23.73
30,134,8.95,7,29.39
41,82,9.94,14,44.68
51,104,6.53,12,35.75
56,124,6.0,11,33.61
30,141,5.14,9,27.85
39,86,5.97,6,22.13
43,106,7.99,5,24.45
30,102,9.23,5,25.4
47,111,5.03,11,31.71
22,81,8.15,6,26.17
31,154,5.73,10,30.24
28,113,9.0,9,33.18
39,131,6.09,9,29.13
36,140,5.33,12,33.22
24,113,9.9,9,34.6
34,86,7.32,0,13.63
42,89,6.89,9,30.42
37,81,7.88,6,25.34
46,109,7.78,7,26.94
55,108,5.23,7,24.15
56,139,6.73,4,19.76
50,96,8.06,12,38.47
41,135,9.72,3,22.43
40,130,8.26,8,30.45
46,104,5.85,8,26.84
32,95,5.05,5,18.93
28,104,8.93,9,33.35
55,94,9.16,12,40.34
49,158,5.92,7,25.0
27,136,6.6,10,32.51
30,94,8.93,14,43.67
59,135,8.42,3,21.94
40,116,5.66,2,13.92
48,144,8.32,1,16.57
34,112,8.55,11,36.68
32,82,9.94,6,28.06
28,128,9.46,11,38.76
27,101,5.18,0,8.63
25,133,5.53,8,26.34
21,100,7.01,1,14.35
29,106,6.6,1,13.86
38,83,5.52,7,23.9
30,80,8.8,12,39.19
21,83,6.46,11,33.58
40,134,9.24,13,41.86
49,103,6.77,11,33.74
22,108,8.72,10,34.17
46,101,6.05,5,20.46
31,102,7.35,5,22.28
45,157,7.77,6,26.73
54,87,7.24,4,19.99
21,137,8.89,2,19.6
51,159,8.31,2,18.58
58,138,7.91,1,17.2
42,86,6.16,12,35.36
22,104,7.62,3,19.3
21,124,8.52,13,40.41
44,105,9.71,0,17.18
56,109,5.69,5,20.12
56,145,9.33,2,20.96
54,132,5.6,9,28.83
29,152,8.41,9,32.87
32,118,8.21,4,22.13
40,90,9.37,14,44.14
24,158,5.3,7,23.78
35,91,9.43,14,44.44
24,129,6.63,0,11.25
25,135,7.4,6,25.09
30,119,9.29,1,17.95
56,95,7.74,12,37.74
55,128,6.7,3,17.95
21,111,8.9,14,42.5
38,124,5.34,3,15.87
51,159,8.35,11,36.6
26,150,5.01,5,20.32
26,84,5.19,6,21.12
39,123,9.81,9,35.09
52,120,7.37,0,13.56
50,146,5.3,7,25.34
46,153,9.45,5,25.75
23,154,5.6,4,18.55
53,101,5.17,4,17.67
51,96,6.96,8,28.6
40,129,5.82,9,29.09
24,110,5.38,7,23.74
52,92,6.13,2,15.63
38,153,5.31,5,21.0
30,130,6.93,9,30.08
42,112,9.54,12,39.28
37,99,6.33,7,25.34
24,127,8.67,2,19.57
57,157,5.39,14,39.02
27,151,5.17,4,18.13
28,151,6.12,6,23.13
21,153,8.58,6,26.06
28,93,6.12,10,30.18
39,141,5.51,14,37.87
37,130,6.96,6,24.45
29,157,8.23,13,40.87
36,149,8.59,6,27.23
57,100,5.52,10,29.66
47,117,5.75,4,18.72
22,94,5.04,9,27.82
56,115,9.67,5,27.22
32,88,7.15,3,17.55
55,138,5.0,6,22.3
51,133,8.2,5,25.51
39,96,8.53,2,18.28
46,83,6.62,3,17.02
56,92,5.12,9,27.88
24,154,9.97,2,21.06
51,122,6.47,0,11.56
33,87,5.41,7,23.76
59,99,9.81,12,40.58
24,150,6.07,10,31.59
33,140,8.22,6,26.39
29,123,7.48,10,32.17
22,130,8.92,6,26.46
55,137,5.54,14,38.76
32,154,8.82,14,43.08
37,109,7.2,13,38.21
24,89,5.71,1,11.88
34,97,8.27,3,19.75
41,104,9.53,11,37.5
28,113,6.63,14,39.14
53,123,8.84,12,39.42
48,118,5.75,4,19.04
23,147,9.95,11,38.26
34,122,8.52,6,25.8
39,99,7.77,4,22.04
26,151,7.36,6,24.44
56,81,8.27,11,36.03
40,106,8.93,7,29.9
21,113,5.61,3,16.73
30,134,8.31,8,30.46
33,115,9.6,1,18.07
32,151,6.37,5,21.35
31,151,8.87,0,15.83
56,148,5.53,8,27.54
37,144,9.5,0,15.62
49,123,5.19,8,25.21
23,122,5.05,1,11.26
49,153,6.88,13,39.05
30,145,7.65,11,36.33
39,100,7.27,3,19.11
24,140,5.91,2,13.91
58,92,9.01,11,36.96
32,107,8.52,3,20.21
51,109,9.38,7,29.51
22,81,5.1,7,22.21
21,137,6.72,7,25.49
37,100,5.99,7,25.22
45,125,8.19,3,20.48
25,104,9.88,9,34.54
34,136,6.48,5,21.02
30,99,9.27,1,17.88
41,85,9.34,6,27.89
45,97,6.43,14,39.69
55,128,5.39,7,24.3
23,99,9.33,3,21.19
38,113,9.01,13,41.29
56,89,8.11,4,21.89
59,112,6.92,2,16.95
53,134,6.08,13,37.35
37,98,6.64,13,37.25
26,145,5.53,8,25.87
54,126,9.13,12,40.3
46,128,5.69,7,23.63
51,146,5.68,3,16.96
48,109,9.44,1,17.49
56,138,8.45,12,39.14
33,157,6.28,11,33.49
41,110,6.36,8,27.35
46,100,9.33,1,18.34
51,96,7.94,9,31.17
36,132,7.09,14,40.78
51,130,9.49,13,42.61
33,103,6.03,2,14.86
50,119,7.72,4,22.59
52,126,9.65,2,19.82
25,99,7.4,10,32.79
32,95,6.47,14,40.19
59,137,9.97,7,31.37
57,128,7.63,9,31.72
24,121,7.06,9,31.06
49,91,6.65,5,22.39
25,120,6.6,11,34.11
31,137,5.8,11,32.61
50,139,8.9,10,36.15
29,103,6.99,9,29.74
48,92,7.84,5,23.03
42,113,8.38,14,41.88
31,140,7.62,8,29.28
41,106,6.53,8,27.84
26,146,8.89,9,33.24
46,93,7.66,14,40.82
36,120,5.72,10,31.04
34,136,6.21,10,30.79
55,109,6.05,11,32.76
56,124,7.38,10,33.1
42,153,5.44,2,14.49
22,80,8.15,12,37.4
33,131,9.33,4,23.59
31,99,8.38,13,40.12
32,102,6.32,5,20.85
53,157,7.36,13,39.52
42,85,6.35,4,19.75
29,112,6.69,3,17.38
27,87,8.68,6,25.83
37,142,7.89,7,27.68
30,83,5.96,7,24.4
58,92,8.69,10,36.24
59,114,9.93,9,34.51
45,113,8.89,4,23.62
47,135,7.26,4,21.71
50,90,6.11,2,15.64
50,117,6.41,13,37.57
54,124,5.31,13,36.15
53,137,6.52,5,21.99
52,113,8.26,14,43.0
32,154,8.67,1,17.25
43,151,7.74,6,26.53
49,103,9.44,7,30.06
21,153,5.84,7,24.43
40,158,7.65,2,17.09
30,142,5.6,7,25.49
39,118,6.29,1,12.7
43,100,9.61,8,31.55
41,115,9.77,8,31.54
55,127,5.72,7,25.11
52,92,7.14,2,16.37
30,81,8.77,10,35.47
22,106,8.37,13,39.59
56,86,8.46,1,16.62
26,98,8.05,4,20.95
37,119,5.93,0,11.22
35,100,8.96,12,38.14
56,137,8.2,2,18.41
44,105,7.67,10,32.58
49,153,5.39,14,38.59
34,115,5.85,4,17.96
22,123,8.84,7,28.7
42,143,6.89,10,32.41
26,106,7.79,10,33.11
29,87,9.36,9,32.87
32,80,5.79,2,13.89
59,102,5.89,11,32.23
25,152,7.03,5,22.24
21,110,8.38,12,37.8
30,86,5.83,7,24.18
31,88,7.65,2,16.77
47,150,8.46,13,40.95
43,132,6.53,11,34.22
40,95,6.76,0,11.76
25,153,9.38,5,25.48
33,103,5.9,3,16.41
30,153,8.85,12,39.77
56,125,5.91,4,19.68
36,108,7.16,3,18.42
27,109,8.64,2,19.68
52,130,6.88,14,40.24
45,110,5.39,3,16.08
46,109,6.77,2,15.34
56,113,6.14,1,12.85
48,98,5.75,6,23.43
32,154,8.03,5,24.34
46,107,5.19,6,22.2
24,85,9.24,13,41.14
43,96,8.77,2,19.04
44,115,8.77,8,32.03
51,80,8.7,0,15.39
50,95,6.36,4,18.24
23,147,5.63,0,11.29
36,126,9.96,8,32.92
54,102,9.98,0,17.25
58,146,9.75,3,23.82
48,141,8.39,3,19.93
27,94,7.32,11,34.53
28,154,5.99,4,19.55
27,146,7.74,2,17.38
57,122,6.49,4,19.81
27,87,5.97,13,36.51
38,123,8.85,9,33.59
59,105,5.55,1,12.53
41,146,8.89,11,37.08
54,111,6.15,2,16.08
47,143,5.0,3,16.51
28,122,5.82,10,30.68
54,153,9.25,0,16.1
38,153,7.6,11,36.79
32,141,8.84,4,24.04
42,90,6.51,6,23.21
42,157,9.61,14,43.85
28,88,9.5,14,43.68
48,127,6.61,5,21.88
52,85,9.26,0,15.14
31,133,6.23,14,39.5
41,141,9.89,3,23.32
46,133,7.58,1,15.83
34,135,7.76,12,37.72
35,109,5.09,3,14.52
34,82,8.75,0,15.21
32,140,6.23,4,19.17
56,94,5.86,10,31.25
23,82,6.88,8,26.96
27,94,6.64,2,16.01
59,146,5.7,2,15.21
21,108,8.96,4,22.39
59,110,8.61,11,36.73
45,150,6.44,1,13.64
51,150,7.49,0,12.95
42,134,6.45,3,17.03
30,154,5.46,12,34.01
38,122,7.0,14,40.76
33,104,6.85,13,38.0
28,134,9.45,12,40.21
29,129,8.28,10,34.74
35,117,8.88,10,35.09
28,139,8.37,6,26.99
53,131,6.38,6,24.47
55,153,9.08,13,42.85
39,149,8.41,10,34.84
50,155,5.51,1,12.11
29,124,7.26,2,16.18
39,98,5.17,6,21.43
46,84,6.78,8,27.87
21,121,8.12,8,29.43
23,109,7.6,5,23.15
54,144,7.37,10,33.28
45,155,6.01,2,15.85
50,158,5.55,0,10.33
21,84,7.03,9,29.65
38,117,7.13,5,23.0
53,90,8.64,9,33.34
29,108,5.61,0,9.94
27,93,6.7,4,19.76
50,153,6.75,5,22.84
33,89,7.1,8,27.04
37,118,5.63,3,16.44
33,139,8.32,2,17.96
33,102,6.91,2,16.45
58,101,7.71,10,34.66
57,102,5.45,9,28.75
30,101,8.47,11,37.49
34,141,8.25,8,30.31
25,98,7.16,12,36.04
56,101,7.32,13,39.37
55,80,6.39,10,32.18
43,113,6.49,5,22.6
25,105,9.71,7,30.95
48,83,5.06,7,23.76
43,127,7.76,7,28.48
54,124,6.55,9,30.27
51,91,6.77,1,14.99
27,116,7.64,13,38.37
27,82,6.98,9,30.39
24,107,5.75,3,16.56
52,81,6.12,0,10.43
48,135,5.16,1,11.96
24,144,6.89,14,40.53
59,125,9.48,5,25.54
28,123,7.46,7,26.17
34,97,7.74,3,18.56
50,152,7.22,5,22.73
23,116,9.44,6,28.46
22,133,7.15,7,26.11
30,104,8.77,1,17.7
26,141,8.76,0,15.36
27,104,7.49,3,18.45
36,131,8.27,14,42.5
26,142,7.18,12,35.91
36,94,8.75,0,14.34
47,125,9.31,14,44.33
32,135,9.45,6,28.76
42,105,5.49,9,27.41
35,143,6.67,14,39.62
42,99,6.47,5,21.39
55,146,9.23,0,17.44
35,104,8.21,5,24.35
43,100,7.0,3,18.36
58,113,6.78,14,40.15
22,104,5.06,11,30.97
22,144,9.43,2,20.01
39,108,8.98,9,34.41
25,111,7.27,9,29.7
24,80,5.21,6,20.38
48,114,9.46,2,20.02
38,135,6.46,3,18.5
51,95,6.79,11,34.25
42,111,9.46,1,18.69
31,158,7.83,6,25.85
36,84,7.36,11,34.73
24,89,7.24,8,28.61
41,151,7.67,3,19.66
45,158,5.66,7,24.99
40,99,6.33,3,17.59
28,91,5.1,9,28.37
29,147,9.59,13,42.17
38,142,9.47,3,22.13
51,105,8.1,8,30.57
55,139,7.02,4,20.49
50,153,7.94,4,23.05
38,140,7.19,4,20.94
39,94,9.32,9,33.51
44,84,7.88,4,21.59
42,111,8.9,14,44.54
34,101,5.71,4,17.86
39,101,9.63,0,15.4
49,91,5.57,0,10.84
42,143,8.76,5,25.28
50,154,7.16,4,20.88
35,159,8.36,13,40.15
41,95,9.43,2,20.73
46,144,7.49,3,20.48
56,130,9.67,11,38.53
32,111,6.2,3,17.12
27,132,9.43,1,18.73
31,82,7.08,7,25.82
59,92,7.43,1,15.38
40,137,7.15,3,19.39
55,124,5.9,13,36.96
24,103,8.43,13,40.68
22,130,7.69,12,36.58
40,92,9.04,2,19.03
40,103,9.58,5,26.33
32,84,6.26,0,10.84
37,129,8.61,1,16.89
38,155,6.35,11,33.63
44,128,8.5,0,14.88
28,97,6.64,4,18.6
57,112,9.12,1,18.16
50,137,9.01,4,24.3
40,110,6.0,10,31.68
43,113,9.62,10,37.13
57,153,7.17,6,25.85
30,110,7.35,4,20.25
53,158,6.31,5,22.45
44,106,6.75,7,26.01
56,138,7.39,1,15.5
36,106,5.8,1,12.35
48,80,7.89,0,13.79
32,155,7.82,4,21.49
40,147,7.56,10,33.85
38,102,6.51,5,21.25
57,131,5.26,0,9.78
46,136,9.23,8,32.69
27,130,7.27,13,38.79
41,142,8.54,3,21.37
52,156,5.38,3,16.28
27,107,5.74,1,11.88
43,103,8.86,1,18.09
40,101,8.36,0,14.05
40,119,8.51,10,35.4
52,154,5.12,14,38.15
46,87,6.91,12,36.22
56,91,6.57,1,14.8
44,128,9.0,12,39.59
21,100,6.95,1,13.92
48,146,5.04,7,22.89
46,118,7.03,0,13.11
54,141,6.42,11,34.26
46,137,8.82,6,27.16
56,141,8.39,9,34.41
25,149,8.49,0,14.41
22,115,9.28,6,27.1
52,124,9.78,1,18.9
54,158,9.91,13,42.89
50,94,9.91,11,38.83
44,141,9.37,1,17.35
48,117,7.95,11,36.58
23,143,6.24,13,37.25
30,150,5.05,13,35.57
26,88,6.76,11,33.66
54,154,9.12,12,39.77
51,159,8.53,3,20.85
33,150,5.7,6,23.13
59,104,5.0,4,17.98
40,157,6.31,7,25.36
52,144,8.85,14,44.13
30,99,8.33,11,37.63
46,107,8.29,2,18.2
39,128,8.49,9,33.49
49,113,6.36,12,35.72
33,152,7.96,0,14.0
54,99,9.9,8,32.55
40,101,6.4,4,19.89
38,156,9.33,4,24.56
54,123,9.53,2,21.15
28,126,6.99,2,16.74
36,104,5.37,8,26.4
43,101,9.97,10,37.45
52,140,5.47,2,14.47
33,131,9.14,14,43.87
46,99,6.74,12,36.11
58,159,8.05,1,16.51
21,99,6.5,1,12.64
22,124,6.87,5,22.76
59,116,6.42,8,28.34
33,94,6.03,4,19.54
47,155,6.81,7,26.97
24,88,9.33,6,27.27
40,123,5.41,9,28.0
23,94,5.06,1,10.78
43,123,6.18,4,19.28
22,91,9.23,1,17.13
36,106,9.65,9,34.6
30,98,9.06,11,36.55
48,104,5.19,5,19.48
38,153,5.98,0,10.51
22,143,6.65,12,36.06
34,91,8.42,3,20.59
40,129,6.64,4,20.41
43,151,7.47,8,29.14
27,90,5.2,3,14.79
34,102,5.18,12,33.1
57,94,8.66,1,16.51
28,142,5.53,0,10.56
25,99,6.38,6,22.67
43,157,5.02,14,38.12
30,89,7.74,3,19.65
47,140,7.72,13,39.81
55,126,7.23,4,21.13
21,128,8.93,7,28.71
27,128,6.92,11,34.54
28,155,6.24,6,23.3
31,112,6.67,6,23.74
54,157,8.45,0,15.86
48,102,9.74,14,44.58
54,132,8.52,9,32.66
40,116,9.96,6,28.87
48,101,8.03,4,21.99
57,81,9.74,6,28.77
23,99,5.71,7,24.73
29,84,6.19,11,32.12
42,82,8.3,1,16.1
45,156,7.45,10,33.4
22,156,6.82,1,14.49
43,91,6.77,2,16.14
37,111,6.51,14,39.48
45,137,9.05,14,43.49
32,150,6.77,4,21.07
47,149,5.38,12,34.46
40,119,5.76,3,16.27
29,85,7.47,0,11.35
43,142,5.64,9,28.84
56,104,9.16,13,41.88
48,148,9.57,3,23.16
49,152,5.33,8,26.66
52,129,9.36,8,32.62
32,119,8.43,4,21.92
50,80,6.63,10,31.29
31,125,6.26,11,33.61
57,152,7.03,4,20.93
40,118,8.0,1,16.01
31,89,6.2,1,11.99
58,128,9.4,3,21.66
36,93,5.14,14,36.97
55,125,5.35,5,20.38
21,119,7.39,4,20.92
45,98,6.71,8,28.3
47,96,6.56,0,11.55
52,125,7.28,14,41.12
26,152,7.87,4,21.95
56,144,5.74,11,33.18
59,149,9.25,10,36.57
43,117,6.72,10,32.73
49,96,7.46,6,25.93
50,152,7.83,4,21.24
42,90,8.24,4,22.23
31,132,5.56,10,30.12
46,97,9.22,8,31.48
43,86,5.32,12,33.5
23,114,6.09,13,37.5
26,123,5.49,4,18.21
27,150,8.82,4,24.09
59,118,8.57,10,35.72
42,90,6.49,10,32.21
53,89,8.91,9,33.36
23,155,9.55,3,21.96
50,88,5.92,1,12.8
44,87,6.84,7,25.83
23,127,7.65,14,41.33
22,100,6.52,14,38.08
39,159,8.32,3,20.54
44,85,9.17,3,21.5
40,138,8.65,3,21.1
51,147,9.72,11,38.59
51,102,6.94,7,27.14
57,152,5.91,5,21.26
49,154,9.35,10,36.92
24,114,9.94,2,19.4
30,91,7.24,9,29.67
56,150,5.95,13,36.62
55,136,6.44,4,19.57
41,108,7.21,6,24.46
21,146,5.7,8,26.27
32,140,6.96,9,30.04
44,140,8.48,2,18.19
22,109,7.6,12,36.98
40,106,8.92,5,25.2
36,109,5.53,6,22.52
54,134,9.19,7,30.12
33,102,6.67,7,25.55
38,116,6.77,0,12.73
49,105,7.96,1,15.53
34,115,8.6,12,38.0
50,142,5.77,2,15.67
55,116,5.1,1,12.36
29,130,6.38,12,36.43
57,147,6.64,12,36.91
59,157,5.76,5,20.62
32,142,8.84,2,18.98
41,116,8.28,13,40.1
38,110,6.02,12,34.38
31,157,5.78,9,29.67
47,104,7.43,5,21.93
44,152,9.28,13,42.5
54,104,6.88,3,18.45
40,125,8.15,2,17.93
33,109,6.12,1,12.52
28,99,9.53,7,28.89
57,102,9.08,13,42.51
25,80,9.16,11,36.98
27,94,5.05,3,14.27
32,100,7.45,9,30.52
24,109,5.13,1,11.87
39,90,9.24,8,31.32
21,131,5.86,5,20.83
33,109,8.62,3,21.0
45,88,6.24,9,29.22
54,148,9.17,3,21.3
55,126,6.57,7,26.08
37,113,5.2,9,28.13
46,112,5.24,7,22.51
41,144,9.29,11,38.24
32,130,9.47,14,44.2
36,158,8.73,4,23.34
40,110,9.86,10,37.31
30,135,9.57,9,34.32
43,155,8.59,11,36.47
50,150,5.06,4,18.06
28,124,5.94,0,10.69
25,112,6.09,3,16.47
32,130,6.4,3,16.34
34,84,6.35,10,31.48
32,117,5.95,4,18.13
44,84,7.43,11,34.6
37,135,9.8,10,36.55
21,150,5.23,0,10.11
57,104,5.85,10,31.22
31,146,6.82,5,22.41
26,131,8.05,2,17.78
35,115,5.67,4,18.99
43,102,7.8,1,15.67
43,87,5.67,5,20.54
58,110,6.02,10,31.58
58,142,5.09,1,11.76
32,100,9.8,0,16.66
27,129,6.31,14,39.45
57,108,8.06,12,38.05
36,139,6.24,4,20.03
58,146,9.63,7,31.78
55,123,5.23,4,18.19
49,81,7.47,12,37.72
59,94,6.63,0,12.06
37,118,6.83,13,38.27
46,119,5.5,3,15.88
40,126,6.96,8,28.6
45,155,8.67,7,29.4
58,131,8.42,5,24.84
59,85,9.59,14,44.84
57,149,5.3,7,24.61
39,127,9.52,5,26.6
41,137,7.26,14,40.38
52,82,7.1,7,26.91
48,125,7.15,3,18.96
59,97,8.47,3,20.81
32,135,7.24,10,32.82
35,112,9.89,1,18.16
48,96,8.4,7,29.2
41,111,8.03,7,27.91
36,155,5.79,14,38.62
43,81,6.19,7,24.73
46,105,8.4,13,40.89
35,118,6.89,9,31.1
57,142,8.83,14,43.01
32,96,7.14,6,25.11
24,113,9.36,2,20.17
55,98,7.98,4,21.61
51,141,9.22,5,26.67
47,111,9.4,3,22.38
52,129,6.65,9,30.49
53,124,6.97,12,37.44
33,133,8.62,6,26.66
57,80,5.61,8,26.72
22,145,5.72,5,19.67
58,119,9.11,10,36.54
57,103,5.06,14,37.26
25,131,5.19,8,26.11
38,81,7.88,5,23.14
37,140,9.81,12,40.7
22,106,9.66,10,36.18
55,145,7.21,5,23.45
34,112,9.0,9,34.17
32,113,8.48,10,34.66
53,141,9.02,7,29.75
27,111,6.21,0,10.77
59,82,6.63,12,36.18
29,134,8.88,4,23.03
25,106,6.37,11,33.06
24,155,8.79,13,41.89
52,87,8.76,6,26.81
25,99,8.82,6,25.89
28,131,7.18,14,40.61
33,96,5.96,1,12.55
24,112,5.48,3,15.11
31,134,5.97,5,20.87
35,154,7.45,1,16.54
38,152,6.31,13,36.88
40,150,9.29,7,30.53
21,95,8.67,11,36.45
21,158,8.7,4,22.96
31,143,6.48,1,13.9
49,119,7.35,8,29.56
49,137,8.17,9,32.32
44,102,7.22,11,33.43
40,86,8.97,1,17.3
50,138,7.95,0,13.92
58,138,7.99,3,20.64
25,82,5.29,11,31.12
30,109,8.97,4,23.16
26,89,5.62,1,11.62
24,92,6.0,4,18.48
24,118,5.59,8,26.12
27,156,9.18,12,39.72
53,143,9.42,2,20.2
29,104,9.89,0,16.78
46,120,5.83,6,22.92
41,119,9.25,13,41.81
42,141,7.91,4,21.78
53,119,9.51,2,20.82
53,113,6.46,2,15.4
25,158,6.39,11,33.31
41,82,9.03,2,20.22
47,131,6.24,14,39.95
21,125,5.36,8,25.21
36,148,7.2,9,31.04
55,120,8.02,13,41.06
56,139,8.53,8,31.24
52,108,5.71,9,29.09
49,87,7.57,5,22.37
59,83,6.67,10,31.53
43,104,7.24,10,33.02
35,129,5.48,8,27.27
46,102,8.7,7,29.68
57,104,8.21,0,14.71
45,149,7.65,9,32.89
22,100,5.9,12,34.82
32,135,5.86,7,24.72
39,82,6.01,1,12.62
52,158,8.94,8,31.24
43,100,6.8,4,19.56
25,128,6.87,7,26.18
45,125,6.78,3,18.47
55,157,5.64,5,21.5
49,147,9.26,3,22.09
58,110,7.84,13,40.32
40,125,9.97,2,21.22
56,154,7.59,9,32.77
27,123,8.45,13,40.6
42,124,9.05,6,28.16
38,154,9.08,0,16.44
41,128,7.19,3,19.09
42,83,6.9,12,34.97
59,159,5.74,9,29.77
32,136,8.85,3,21.04
31,135,8.13,13,40.75
32,117,5.85,14,38.79
46,85,7.48,6,25.74
50,103,7.85,1,15.04
35,131,9.33,0,16.76
28,118,5.43,1,11.18
38,152,5.81,9,29.61
30,116,7.67,1,14.79
28,113,5.23,5,19.64
58,119,6.92,14,40.75
55,119,5.08,0,9.83
40,116,6.29,8,27.74
32,129,5.81,13,36.73
23,90,6.43,4,18.96
40,157,8.84,3,21.41
32,138,6.74,11,33.34
44,105,9.46,10,35.81
36,139,6.38,4,19.93
30,87,5.64,0,10.24
39,107,5.3,2,13.88
34,139,9.96,8,33.6
34,89,5.48,6,22.69
42,142,6.81,9,30.91
24,140,9.24,3,21.42
54,154,6.13,2,16.46
38,105,5.32,6,21.44
54,102,7.71,8,29.62
38,142,5.17,5,19.94
51,98,8.6,9,32.87
40,97,8.0,12,36.83
56,129,6.16,14,39.35
30,98,7.46,0,12.27
23,94,5.03,6,21.08
41,95,7.71,11,35.67
56,99,8.87,3,21.13
30,98,5.29,7,23.15
27,154,6.13,0,11.49
42,150,8.12,4,23.43
43,98,5.24,11,32.08
32,110,9.08,13,41.35
59,131,6.62,0,12.83
33,127,6.06,5,20.46
33,87,9.26,9,34.1
53,129,8.27,3,20.01
51,140,9.49,13,43.09
48,87,6.95,10,33.43
39,92,9.9,0,16.31
41,153,9.77,11,39.13
52,98,7.85,9,31.97
46,129,8.64,8,31.18
33,102,6.86,5,22.53
49,136,5.29,11,31.29
27,109,6.65,5,21.83
46,108,6.29,1,14.51
26,140,5.67,1,12.27
52,114,7.43,8,30.05
56,88,9.67,2,19.31
43,151,9.42,3,22.55
31,104,6.41,11,34.15
41,143,10.0,8,33.41
39,116,9.55,9,34.25
54,117,5.47,4,18.6
55,87,6.21,0,10.59
51,154,6.65,2,16.38
49,119,6.12,4,20.69
26,102,5.71,5,20.22
56,124,7.01,5,22.81
51,80,7.95,6,26.05
52,128,8.82,12,39.11
40,88,9.49,5,25.36
42,119,6.87,3,17.58
23,107,8.16,9,31.2
28,87,7.38,10,31.76
39,116,8.49,3,21.3
51,150,8.66,2,19.79
52,97,5.09,1,11.7
35,155,8.47,12,38.9
59,147,5.25,0,9.67
51,156,6.13,13,37.05
23,154,6.45,12,36.12
52,159,8.02,9,32.45
30,123,6.33,9,28.96
48,157,7.39,4,21.47
47,95,7.99,2,18.08
51,131,9.82,4,25.65
54,132,8.23,9,32.07
25,97,8.57,12,38.87
31,119,6.73,14,39.93
27,140,7.16,14,40.52
28,104,5.68,11,32.33
37,114,6.71,8,28.09
59,150,5.38,8,25.84
34,106,6.86,8,27.71
44,89,8.68,9,32.95
50,154,8.49,0,14.3
35,99,7.84,12,37.64
24,112,7.4,3,17.75
33,156,9.12,4,23.83
25,159,9.93,4,25.02
51,90,9.96,13,43.93
32,148,5.09,5,19.69
50,146,5.54,8,26.8
30,138,6.8,7,26.22
50,145,8.17,9,33.39
46,132,8.15,3,20.8
26,117,9.33,14,43.3
47,89,7.68,4,21.24
40,85,6.23,10,31.42
48,113,5.74,1,13.64
40,128,7.48,10,33.11
32,111,9.9,11,38.8
41,108,7.98,11,35.76
50,144,5.44,11,33.25
30,112,5.23,4,18.02
25,96,8.49,11,35.97
57,128,8.51,11,37.51
28,95,7.99,13,38.31
50,86,8.54,5,25.17
37,92,6.31,9,28.36
23,83,7.32,9,30.25
41,142,7.75,7,27.87
36,148,5.47,9,28.6
52,159,9.65,13,42.64
47,152,8.45,0,15.22
26,155,9.35,12,40.18
36,157,5.63,3,17.15
23,94,7.31,2,16.07
40,84,9.17,8,31.77
27,121,8.58,13,39.83
31,97,7.89,10,33.89
49,151,5.06,9,27.68
23,87,7.73,11,34.33
41,147,6.67,7,26.79
52,105,5.21,0,9.25
50,154,6.39,2,16.28
59,149,8.91,1,18.04
31,112,9.91,10,37.2
37,101,7.06,8,28.37
45,148,5.48,7,24.6
45,80,9.58,0,15.57
29,114,5.34,3,15.96
49,135,6.6,6,24.21
35,146,5.82,2,14.67
39,82,6.26,11,32.55
35,150,8.27,10,35.21
59,80,5.22,0,9.72
55,121,6.91,2,16.35
33,137,5.02,14,38.79
36,143,7.07,1,14.09
23,159,7.32,11,34.56
51,83,9.16,0,15.5
21,96,7.53,6,24.6
55,156,5.79,1,12.86
36,119,8.01,13,39.83
21,113,6.26,11,32.66
34,135,7.55,2,17.22
27,90,6.34,12,34.85
43,119,6.24,13,37.86
55,92,8.96,11,37.21
49,103,7.54,5,22.93
42,113,8.89,0,15.88
36,87,7.16,9,30.09
49,86,6.51,2,15.2
26,141,7.66,10,32.97
38,125,9.15,8,32.4
49,150,5.53,5,21.05
45,92,9.86,1,18.62
22,81,7.57,9,29.6
52,81,7.32,1,15.05
56,108,9.85,1,18.5
52,137,6.77,12,37.23
40,81,7.04,4,20.92
57,138,5.67,10,30.88
58,132,9.43,8,31.75
53,147,9.9,11,39.07
25,140,5.79,14,37.57
26,128,9.75,2,21.09
42,125,5.04,4,17.66
41,151,8.68,9,32.81
39,138,8.24,0,13.9
35,127,5.31,10,29.6
54,88,5.2,11,32.08
27,97,5.29,3,15.06
37,129,9.2,6,28.48
25,154,7.7,1,15.68
59,106,8.92,9,33.93
22,111,9.08,8,30.93
47,145,8.43,8,31.97
44,145,9.75,2,21.34
48,101,5.17,9,27.52
21,103,6.24,0,10.96
41,154,7.27,1,14.34
48,92,8.9,2,18.98
23,94,6.8,5,21.43
50,128,7.02,14,41.26
21,96,8.44,9,33.06
38,118,6.61,12,36.22
53,152,9.8,1,18.68
35,83,6.72,5,22.04
44,136,7.79,6,25.82
56,94,5.16,3,15.79
54,122,6.75,13,37.6
46,110,5.27,4,17.96
42,85,9.36,4,23.35
36,138,9.11,9,33.38
36,144,6.3,10,32.99
25,109,9.98,11,37.71
26,137,7.49,5,24.52
44,135,5.97,9,29.05
50,148,6.43,6,24.31
57,115,6.56,3,18.44
52,125,5.77,8,27.2
39,153,7.67,11,34.74
48,80,6.06,14,38.06
28,91,5.43,3,15.67
21,146,9.99,7,30.85
24,89,8.7,9,32.97
42,80,9.5,7,28.46
42,98,5.24,13,35.65
50,134,6.67,13,37.9
47,128,6.3,5,21.68
47,134,9.43,2,20.55
33,147,9.68,6,28.9
59,120,7.15,14,41.62
47,134,7.34,9,31.58
59,153,9.92,7,31.37
58,153,7.22,5,24.0
28,158,7.33,3,19.5
32,148,9.14,4,23.65
44,122,9.08,14,44.46
38,136,5.7,14,39.89
35,127,8.55,1,16.62
36,129,8.19,7,28.37
53,148,8.81,14,44.17
30,87,7.73,3,18.9
44,135,9.93,3,23.0
39,105,8.22,10,34.51
47,102,6.94,12,37.12
51,120,8.78,11,36.5
41,138,5.07,11,31.79
36,97,6.63,1,13.81
43,150,7.41,7,27.36
34,150,7.25,2,17.78
43,87,5.83,3,16.6
38,137,6.21,12,35.04
56,96,9.73,0,17.09
32,130,9.47,11,37.31
57,112,5.78,3,16.58
31,109,6.92,3,17.38
25,145,5.93,6,21.78
41,139,8.81,7,29.53
52,125,6.19,0,11.62
49,101,5.41,9,28.4
27,111,9.35,2,19.77
56,104,8.68,0,14.11
47,87,8.91,0,15.1
26,142,8.88,2,19.76
58,108,7.52,1,15.96
24,119,8.48,12,39.14
55,124,8.32,7,27.93
30,81,9.84,14,44.55
58,128,5.08,13,35.71
50,110,8.03,0,14.17
29,147,5.32,7,24.11
36,88,9.26,13,41.35
24,89,6.09,8,26.54
46,130,6.46,12,36.51
49,149,5.85,7,25.0
48,123,7.92,9,32.11
31,105,9.25,9,33.12
48,154,6.75,9,30.92
52,158,5.19,13,36.49
44,157,6.75,2,16.76
59,100,9.43,10,36.79
27,109,8.12,13,40.25
38,150,7.63,3,19.83
23,94,5.72,13,35.69
40,159,7.81,7,28.51
54,138,6.66,1,14.17
50,149,9.23,11,37.55
29,99,7.27,1,14.54
30,148,7.34,11,34.65
26,132,9.28,6,28.27
37,154,7.93,13,40.32
35,81,5.41,9,28.67
53,109,5.72,3,17.58
33,87,9.19,7,29.32
42,119,8.54,14,43.08
36,87,8.01,0,14.4
54,96,9.65,10,36.39
23,109,8.87,4,22.34
28,80,8.89,8,30.3
40,148,9.34,12,39.89
44,143,7.94,5,23.91
38,159,8.76,8,30.76
43,115,5.24,0,10.49
21,158,8.47,1,16.69
22,128,9.35,5,25.32
25,156,9.66,10,36.12
38,103,5.68,4,18.55
36,83,9.99,7,29.99
30,156,8.18,5,25.53
49,141,6.36,2,15.66
55,88,6.42,2,15.63
45,105,8.61,11,36.04
44,126,6.45,5,21.41
33,95,7.08,7,26.52
41,116,9.29,8,32.33
59,149,6.55,3,19.05
54,90,9.62,10,35.93
39,81,8.29,14,42.08
48,102,5.83,2,14.83
47,126,6.23,10,31.84
46,141,6.89,12,36.76
31,155,9.51,12,41.1
55,118,7.83,14,42.13
40,85,5.23,7,23.59
32,115,8.38,10,33.94
48,141,6.0,5,22.74
22,139,5.66,0,9.9
21,158,6.81,14,40.28
29,115,9.09,8,31.88
42,156,9.95,9,36.07
47,151,9.75,4,25.21
29,110,5.51,12,33.88
27,119,7.4,0,12.81
56,139,6.75,5,23.35
58,92,5.67,12,35.3
22,116,5.93,7,24.68
25,140,7.68,2,17.6
37,97,6.21,10,30.4
57,97,6.24,1,13.94
55,113,8.06,6,26.27
28,133,5.82,5,20.2
23,110,6.96,12,34.66
23,158,6.13,5,20.98
21,116,7.0,14,40.28
44,147,6.4,5,22.08
50,151,8.18,13,40.76
46,137,6.22,2,15.29
58,132,6.16,5,21.6
58,141,5.51,10,30.95
23,158,5.6,12,34.85
33,86,9.11,0,15.69
56,110,8.71,14,43.27
32,119,5.66,7,24.62
40,157,8.7,7,29.51
59,129,7.27,3,19.08
28,159,6.63,1,13.45
22,88,7.43,11,35.11
31,144,5.96,3,17.19
41,104,6.06,11,32.39
57,87,7.62,6,26.17
26,118,8.63,13,40.98
39,111,8.95,10,36.72
50,87,9.76,5,27.1
59,92,6.58,4,19.97
56,146,7.01,5,22.67
40,145,9.05,9,33.24
30,107,7.2,14,40.72
44,83,9.35,0,15.97
53,102,7.15,1,14.77
49,113,5.92,11,33.23
50,134,5.79,14,38.79
56,150,8.94,9,33.8
26,137,7.7,12,37.72
34,152,7.97,10,33.82
23,98,7.94,8,29.55
44,88,7.7,0,13.12
39,102,5.14,6,21.0
58,154,6.94,13,39.08
54,92,7.81,7,27.73
29,110,9.55,2,20.35
50,151,6.34,1,14.2
52,98,5.69,4,19.1
33,84,7.72,13,39.6
38,118,6.55,4,19.3
42,93,8.43,7,28.77
24,101,7.92,2,17.36
43,101,8.0,13,40.38
27,84,7.86,6,24.88
31,141,9.86,7,30.43
59,131,8.09,10,34.02
54,159,7.63,7,28.48
25,118,5.13,14,37.15
45,105,5.61,1,12.14
48,159,9.3,1,19.11
34,135,9.78,12,40.82
47,91,5.19,4,17.87
36,159,5.54,11,31.6
47,128,9.32,11,38.55
22,91,6.07,8,26.79
39,84,5.31,4,18.13
43,130,9.31,7,30.76
34,83,8.88,6,27.08
46,104,8.12,3,19.31
28,103,5.44,0,9.62
47,135,8.16,1,16.77
48,98,6.01,5,20.98
24,102,8.94,3,20.85
58,156,8.34,13,41.71
31,125,8.6,4,22.42
44,97,7.2,6,24.52
48,140,6.91,1,14.68
38,150,6.41,5,23.01
41,124,9.74,12,39.68
46,125,5.55,9,29.18
23,96,7.08,9,29.49
33,94,8.97,5,25.05
58,152,8.02,4,23.0
48,113,9.57,11,38.64
34,87,8.76,13,40.64
21,129,7.56,1,15.57
48,90,9.12,6,27.48
56,121,9.56,0,16.49
31,122,8.11,13,40.12
24,114,6.14,9,28.68
54,138,8.59,13,41.21
21,91,5.41,3,15.97
30,152,7.6,9,31.71
37,91,5.43,6,21.54
27,107,5.18,4,17.51
59,125,6.37,11,32.87
33,119,9.03,1,17.43
42,108,8.42,6,26.8
21,149,5.4,3,16.21
48,95,6.84,6,23.52
53,125,8.81,7,29.42
33,144,6.7,11,34.45
21,108,9.74,4,24.47
58,131,9.94,2,21.62
45,119,5.12,12,33.69
41,85,7.27,6,23.96
53,106,7.62,4,20.95
57,116,9.64,8,33.14
54,101,6.98,3,19.04
23,86,5.39,3,14.86
50,80,6.8,4,19.77
23,156,7.49,9,31.4
38,127,5.97,8,27.13
43,130,6.99,9,30.85
28,93,5.29,12,33.48
29,158,9.73,5,26.31
22,91,8.07,6,25.78
22,128,9.65,4,24.53
47,120,8.8,6,26.92
59,147,7.48,11,36.38
56,81,6.43,10,30.11
25,141,7.94,9,31.6
21,136,7.34,14,41.52
42,93,5.04,9,28.12
30,123,8.18,4,22.33
44,145,9.23,5,26.46
35,154,9.47,9,34.71
53,116,8.56,0,15.12
43,157,7.29,13,39.67
34,126,7.07,13,38.53
38,140,7.2,12,37.35
45,106,9.32,4,23.64
42,128,7.6,6,25.69
57,139,5.37,1,11.98
27,149,7.34,4,20.54
46,150,9.03,14,44.14
44,124,6.24,3,17.1
33,80,8.58,8,30.5
26,92,6.19,3,15.8
41,117,8.29,12,37.73
27,96,7.56,0,12.9
38,117,7.4,9,30.29
35,80,8.44,6,25.97
28,80,7.4,5,22.49
36,109,8.43,5,24.62
23,156,9.72,3,22.62
29,86,6.49,10,31.14
46,99,5.14,13,35.88
46,123,7.69,10,32.9
50,152,6.41,13,38.58
47,92,7.64,13,39.61
36,118,8.11,12,37.87
24,99,7.86,0,13.68
39,84,8.21,6,26.17
54,131,6.94,6,25.62
26,104,7.59,8,29.45
35,91,7.35,13,38.57
30,135,6.18,7,24.78
56,80,7.44,0,13.63
26,151,9.34,14,44.06
26,128,6.63,8,27.66
35,146,8.18,14,42.07
49,101,5.56,13,37.26
45,110,5.22,3,15.38
39,80,9.91,9,34.8
34,106,6.48,6,24.24
23,81,9.13,4,22.8
34,80,9.54,8,31.83
59,121,6.88,11,33.79
59,87,5.05,3,15.04
41,114,6.62,3,18.77
31,114,9.31,3,21.02
30,86,9.35,0,15.49
35,102,9.59,1,18.39
50,102,9.07,13,41.26
37,125,5.86,7,24.52
49,98,7.36,2,17.53
37,158,7.18,5,22.64
53,151,7.5,10,33.71
58,92,7.95,9,31.61
41,129,6.87,6,24.13
34,110,8.4,10,35.44
30,150,5.16,9,27.23
43,117,8.63,3,22.09
59,136,7.67,5,23.5
59,87,5.77,4,18.02
34,93,7.93,9,31.36
42,130,5.32,14,37.56
48,88,8.26,2,18.59
29,92,7.82,10,33.6
43,155,9.94,11,38.83
27,145,5.82,1,12.22
44,117,9.46,7,30.53
57,100,7.13,2,16.73
29,108,5.52,9,27.62
58,129,8.83,7,29.53
27,143,9.88,1,18.98
43,88,8.88,6,27.37
45,94,8.14,9,31.86
42,132,5.4,3,16.55
27,132,7.09,14,40.57
26,150,5.3,11,31.68
56,82,6.86,8,28.44
42,101,7.56,13,39.16
55,118,8.43,4,22.43
53,156,6.42,10,33.76
41,88,9.62,5,26.69
31,113,7.49,1,15.26
33,91,7.34,12,37.46
23,113,5.61,5,19.81
33,124,8.08,11,35.94
54,129,6.82,5,22.3
48,107,9.67,2,21.07
54,118,9.42,7,30.48
52,82,7.07,6,24.49
43,126,9.0,12,39.21
44,91,7.61,5,22.8
21,122,7.41,5,22.5
44,156,8.53,2,19.43
23,146,9.01,10,35.58
37,97,8.18,0,14.32
27,89,9.25,14,43.34
30,83,5.89,9,27.74
39,91,6.93,7,26.28
44,132,6.78,12,36.49
29,130,8.99,1,17.48
35,95,6.94,14,39.55
42,96,6.08,1,13.2
37,105,9.64,10,36.15
39,81,6.49,7,25.24
29,108,9.49,14,44.0
58,126,8.41,10,35.79
39,90,8.26,6,26.51
28,113,6.51,12,34.32
26,150,9.42,3,22.49
58,108,8.92,2,20.34
41,128,5.66,4,19.59
49,95,9.64,10,36.46
54,154,7.01,8,28.7
32,93,9.04,7,29.35
59,92,6.1,12,34.82
52,114,5.37,13,36.3
26,131,9.22,6,28.23
37,104,8.67,8,29.75
52,138,5.42,2,14.25
28,155,5.56,0,10.71
58,147,7.38,13,38.67
49,121,7.16,5,22.47
51,127,7.1,14,42.4
39,124,9.66,11,38.75
29,151,7.2,4,21.03
48,151,6.41,3,18.35
59,108,7.99,7,28.28
51,82,9.48,14,45.33
39,100,8.8,2,19.57
53,110,9.95,1,18.9
46,92,6.76,7,25.61
21,127,5.65,11,32.4
31,103,9.74,13,41.73
22,81,9.2,0,15.33
55,82,6.99,12,37.22
33,105,6.59,9,29.9
59,81,8.52,2,18.72
54,112,7.04,8,29.35
54,113,6.27,11,34.13
55,117,5.08,10,29.2
52,157,8.12,0,14.83
32,99,8.59,13,40.31
53,89,9.59,3,22.5
38,112,5.97,2,14.58
25,124,8.93,0,15.7
39,139,5.19,13,35.65
51,145,6.01,10,30.97
47,140,9.64,12,40.77
58,130,6.34,7,24.8
35,91,7.92,12,37.22
24,159,7.92,9,31.78
39,88,6.7,13,39.22
41,90,7.54,12,36.96
21,100,6.64,4,20.45
40,155,7.91,5,24.36
42,147,5.95,13,37.3
33,105,9.83,2,21.03
21,142,7.63,8,28.92
35,98,7.12,4,19.99
35,96,5.82,12,34.32
34,123,7.84,2,17.31
25,140,5.65,13,36.18
26,80,8.51,7,28.08
51,151,8.17,4,22.65
46,137,7.74,13,39.17
45,120,6.99,2,17.07
59,103,7.3,11,34.94
35,122,7.64,7,27.91
26,88,6.11,10,30.8
21,145,6.55,10,31.82
27,111,9.26,12,39.64
24,120,5.34,0,9.19
21,90,8.98,9,33.25
22,144,6.88,14,40.34
54,97,7.0,3,18.37
55,87,6.87,7,26.7
33,106,8.0,13,39.8
37,88,7.29,14,40.33
30,81,7.17,8,27.97
23,154,5.6,11,32.0
24,125,9.71,13,42.42
45,149,8.93,12,39.16
57,84,7.4,5,22.94
58,91,5.79,8,26.89
49,123,9.67,9,34.56
21,121,5.89,4,18.62
50,109,5.77,14,39.08
59,131,5.92,10,30.51
30,126,5.46,10,29.97
49,115,5.83,4,18.04
52,149,8.22,12,39.55
21,111,6.05,13,36.9
37,123,7.23,10,32.5
32,95,7.74,14,40.92
22,150,8.43,10,34.91
29,96,5.87,9,28.16
32,111,7.59,3,19.58
45,93,9.82,2,20.36
56,105,7.24,13,39.1
55,152,8.11,4,22.49
42,92,9.92,0,16.42
53,91,7.23,9,31.13
41,124,7.34,2,18.16
42,95,8.71,6,26.6
48,131,6.8,3,17.87
24,100,5.88,12,33.49
46,103,5.53,14,38.87
43,122,8.72,5,25.51
43,84,7.46,14,40.79
28,112,6.6,3,16.86
52,110,5.6,5,21.1
59,88,9.69,9,35.18
21,114,5.59,5,19.67
50,87,9.94,13,42.8
48,154,8.06,1,17.03
37,96,9.13,1,16.66
43,159,6.96,10,32.25
58,99,6.02,6,23.37
44,157,5.84,7,24.87
42,101,8.97,6,27.69
25,133,6.74,1,13.77
45,150,6.54,8,28.47
27,154,7.72,0,13.3
42,156,7.87,10,34.25
57,154,6.16,11,33.79
54,147,9.43,2,20.59
56,159,9.67,6,29.17
40,110,6.17,0,11.05
57,92,8.27,8,30.54
37,108,6.98,7,25.66
24,158,5.96,14,39.11
38,89,7.06,9,30.3
48,112,8.64,2,19.87
36,94,7.6,9,30.93
28,156,7.13,5,21.86
38,114,7.02,9,31.0
49,133,7.21,3,19.99
36,100,6.72,12,36.24
50,109,5.3,1,12.38
54,125,9.38,1,17.39
50,121,9.78,0,16.52
41,150,8.61,0,15.39
42,128,6.1,11,34.16
45,103,8.34,14,42.69
42,159,9.36,13,41.83
48,148,8.51,10,35.06
59,85,8.8,12,39.03
53,81,6.56,7,26.72
22,82,8.94,11,37.07
24,132,5.9,5,20.05
36,89,8.51,6,25.82
32,103,6.14,4,19.41
37,112,8.05,2,18.47
56,101,6.97,13,38.68
36,140,7.95,5,24.1
59,146,6.38,13,38.53
43,83,9.83,13,42.78
28,130,9.15,10,35.31
29,83,8.72,2,18.43
34,118,7.8,5,23.41
29,110,9.06,5,25.01
46,136,8.52,11,36.98
56,152,6.65,4,20.8
23,109,5.82,11,33.0
30,118,7.27,13,38.27
45,104,8.33,9,32.38
24,137,7.08,5,23.14
50,115,8.96,1,17.33
31,90,6.44,7,24.05
39,125,6.94,0,12.86
33,100,9.65,1,18.98
56,81,6.23,3,17.09
23,153,5.83,14,39.19
34,118,5.83,1,12.77
30,112,5.95,0,10.08
58,110,5.18,3,16.51
47,83,7.14,10,33.04
44,146,7.72,10,33.82
36,148,8.48,0,15.31
30,92,5.3,6,21.12
47,144,7.69,9,32.12
27,124,8.95,8,31.46
48,118,7.87,6,25.95
46,132,6.27,5,21.07
38,110,8.26,4,22.32
33,92,6.79,4,19.98
28,80,8.05,3,18.95
47,108,9.79,8,33.2
34,140,6.3,12,35.25
26,151,8.45,0,14.59
40,81,7.78,10,32.68
48,91,6.95,0,12.56
43,135,5.01,8,27.05
32,120,9.48,5,25.88
44,106,9.23,0,15.42
42,117,9.71,13,42.4
46,131,8.25,5,24.66
42,159,7.66,3,20.16
27,111,5.76,11,32.82
35,81,7.31,0,12.89
50,145,7.09,2,16.86
24,99,6.26,14,39.09
26,136,9.14,1,16.73
22,141,8.33,0,13.99
51,127,8.65,6,26.9
44,86,8.49,6,26.42
55,146,5.51,4,17.9
51,129,8.75,9,33.83
45,113,9.24,5,25.37
28,148,7.34,12,37.37
32,146,9.13,3,22.46
22,113,6.99,1,15.25
35,122,8.71,14,42.15
52,100,8.4,7,29.07
31,91,9.44,9,33.52
37,111,7.62,7,27.52
41,126,5.89,10,30.73
42,134,6.43,13,37.4
53,144,7.34,4,21.54
49,147,7.33,12,37.64
35,96,8.26,5,24.88
41,105,5.12,5,18.82
22,112,7.42,13,38.64
58,143,7.89,2,17.84
23,89,8.2,3,19.38
45,125,8.66,12,39.4
33,152,8.42,2,18.64
44,130,8.75,14,43.46
51,113,9.27,8,32.82
35,93,5.42,12,33.44
26,120,7.21,13,37.8
30,117,5.97,1,12.22
29,127,5.04,1,11.28
25,122,6.79,7,24.14
39,107,9.98,12,41.01
40,120,6.33,6,25.03
53,135,7.32,13,38.41
57,155,9.51,3,22.24
51,144,5.9,1,13.19
59,139,5.75,6,23.7
33,92,6.67,9,29.3
58,148,8.25,2,18.94
26,131,8.02,13,39.7
28,122,6.45,5,21.22
30,119,9.52,1,18.29
24,121,5.47,3,16.0
34,116,9.39,8,32.87
24,102,5.87,6,23.02
44,146,7.63,2,17.18
41,148,8.05,1,16.33
30,158,9.68,10,37.0
45,148,6.44,7,25.93
26,137,9.59,6,27.51
36,125,9.84,4,24.39
48,126,9.8,7,30.88
56,96,7.57,7,26.84
53,88,5.8,13,36.86
50,147,7.63,10,33.03
56,157,9.07,13,41.64
45,109,6.81,11,34.04
33,140,8.85,5,25.38
59,144,7.91,6,26.79
35,137,7.69,3,19.06
58,106,6.95,12,36.47
50,145,8.42,1,16.71
34,124,6.85,13,37.84
24,119,7.26,9,30.77
21,140,5.57,14,38.47
23,120,8.83,9,33.48
56,153,8.03,12,38.71
24,121,8.64,0,13.89
34,141,9.8,7,31.24
45,159,6.28,12,34.38
59,117,8.58,6,27.08
23,139,6.65,8,28.38
27,128,6.01,14,38.48
28,97,7.69,9,29.97
27,84,9.81,3,22.42
45,90,9.77,2,20.54
37,83,9.54,3,22.48
46,140,7.48,2,17.69
24,154,8.23,9,32.17
38,91,5.34,12,33.75
24,128,5.82,5,21.41
37,107,6.35,2,15.19
37,113,6.24,2,15.59
45,135,9.46,13,42.57
23,144,7.55,0,12.61
32,85,7.14,11,34.14
47,112,5.45,2,15.29
37,126,8.89,5,25.95
42,103,5.02,10,29.71
59,113,9.23,7,30.17
59,151,5.91,8,26.82
56,95,7.5,2,17.97
36,159,6.77,9,31.63
57,95,9.66,9,35.33
49,93,9.83,9,35.08
34,138,9.06,13,41.39
27,141,8.09,1,15.69
48,145,7.55,13,39.38
33,98,6.17,14,38.4
36,140,7.97,13,40.43
41,145,8.31,3,21.28
24,105,9.68,0,15.71
59,128,8.06,5,24.3
55,98,9.27,4,24.02
35,128,7.08,10,31.83
46,109,7.67,12,37.53
27,155,9.58,8,32.71
38,136,8.74,6,27.56
45,115,9.61,1,18.71
57,119,5.7,5,20.43
41,107,6.02,11,32.57
28,125,6.45,2,14.22
40,152,9.17,7,29.89
38,111,6.97,12,36.17
39,137,5.09,4,17.54
23,155,6.47,3,18.46
58,105,5.53,4,18.85
38,149,8.79,14,43.24
47,148,6.58,6,24.32
35,129,8.34,11,36.96
41,158,6.83,11,35.29
42,111,9.69,0,16.18
28,137,6.28,6,23.11
31,143,7.88,13,39.58
32,156,7.85,10,33.63
59,107,7.98,5,23.46
47,151,6.09,10,31.46
55,159,6.62,5,23.28
22,118,6.05,14,39.36
55,159,5.12,11,32.59
51,124,8.21,10,35.36
28,92,9.98,11,38.74
40,99,8.47,7,28.79
28,137,8.98,2,19.95
24,98,5.22,13,35.58
51,154,8.65,5,24.39
52,159,7.67,12,38.68
33,88,6.4,5,21.39
42,156,8.0,3,20.01
46,98,8.55,5,25.02
37,134,9.69,7,30.54
49,118,6.0,0,11.7
47,96,8.44,8,31.27
42,141,7.86,1,16.09
38,139,7.96,1,16.55
25,121,5.48,12,34.04
32,81,7.2,6,24.25
22,129,8.13,5,24.35
27,146,6.03,5,21.12
46,99,6.17,1,13.32
59,80,8.0,11,36.74
35,84,8.47,6,27.41
53,118,6.01,14,39.51
23,97,7.96,11,35.32
22,147,7.15,4,21.41
37,101,5.83,3,16.95
21,109,5.51,12,34.13
56,80,8.89,12,39.09
37,149,6.51,14,40.05
22,130,5.67,9,27.96
53,147,8.21,6,27.34
49,153,6.72,0,12.85
26,140,5.19,4,17.09
56,127,9.72,11,38.42
44,132,8.36,13,41.51
31,113,5.96,6,22.81
25,86,5.24,2,14.37
50,118,7.46,10,33.43
30,116,9.98,14,45.76
57,142,6.86,12,36.48
47,134,9.4,7,30.35
47,94,8.57,1,16.85
44,153,6.29,11,33.37
23,141,5.22,1,11.9
58,147,9.41,10,37.11
46,129,9.04,8,32.37
59,120,8.53,5,25.37
38,140,9.89,11,39.07
23,104,9.7,14,45.03
58,107,5.97,12,34.97
45,114,7.63,1,15.97
33,132,6.04,8,27.44
45,118,9.45,4,24.06
44,138,5.21,2,14.01
36,144,8.5,11,36.75
31,80,8.38,5,23.39
41,124,6.1,10,30.57
51,98,9.61,12,39.88
35,127,7.97,1,15.65
56,128,9.55,14,43.58
21,152,7.33,5,22.56
48,93,9.05,6,27.85
53,146,9.07,7,31.43
23,109,8.32,5,23.55
35,144,7.13,11,34.33
53,148,9.52,7,31.76
52,85,9.16,0,15.54
43,125,6.15,7,25.54
46,121,7.15,9,31.71
37,151,5.7,11,32.97
29,140,5.13,11,31.85
25,110,5.39,2,13.8
49,158,5.49,9,29.21
26,105,6.74,7,25.65
55,137,9.63,8,33.71
41,112,7.94,7,27.9
43,131,9.4,14,44.75
55,111,5.24,5,19.47
22,133,8.16,5,22.99
29,80,7.6,9,30.66
33,84,5.8,7,23.75
54,101,6.09,9,29.13
36,84,5.76,12,34.9
25,87,6.2,10,30.46
21,149,5.01,13,35.9
42,142,6.57,12,36.98
46,89,9.9,5,26.77
54,141,8.14,3,20.52
41,119,7.7,14,41.66
27,126,7.74,8,29.53
45,159,8.0,14,41.51
32,135,8.7,1,17.06
51,107,8.98,12,38.8
47,135,5.15,10,30.12
42,80,5.93,2,15.26
54,131,5.83,4,19.75
37,141,6.9,5,22.87
31,121,6.33,2,14.86
49,126,9.09,3,21.03
54,116,7.05,13,38.85
57,90,9.2,7,29.4
46,146,8.57,3,20.67
52,108,7.2,1,14.81
57,83,9.79,8,33.27
25,90,8.95,6,27.25
40,109,8.51,9,33.05
27,158,8.92,8,31.16
43,158,7.1,11,34.23
21,137,5.55,2,13.72
59,111,7.06,4,20.86
23,108,7.58,12,37.38
23,122,5.53,3,16.11
26,118,6.85,14,39.63
51,90,9.64,7,30.07
47,106,5.66,13,36.89
49,103,8.13,3,20.64
35,116,9.22,5,26.15
56,144,8.66,13,42.0
25,111,5.97,8,25.79
23,132,7.04,14,40.12
45,80,7.81,11,35.5
52,135,5.67,0,10.96
41,113,6.3,10,30.93
37,108,8.3,8,30.41
29,85,9.17,9,33.6
46,136,9.71,8,33.22
42,93,6.05,10,30.59
43,154,7.72,11,35.49
31,148,8.18,8,30.35
30,141,8.59,13,40.81
43,130,8.27,0,14.83
25,92,8.91,2,19.12
46,155,7.01,10,33.37
24,83,7.59,12,35.98
47,117,5.82,2,15.45
58,83,5.14,4,17.83
54,109,5.84,11,33.02
23,133,8.55,4,22.56
52,144,6.4,0,12.22
46,140,8.75,14,44.15
38,128,5.15,2,13.92
27,110,6.58,1,13.5
33,121,5.26,0,9.88
26,129,8.78,4,23.11
55,102,7.04,14,40.59
51,157,5.9,7,25.88
57,139,7.87,2,17.54
24,111,9.84,4,24.53
24,135,5.25,14,37.92
28,135,8.04,6,26.53
58,113,8.47,6,26.64
31,120,9.22,1,16.9
22,118,6.66,2,16.17
38,121,8.27,8,30.5
38,145,5.42,8,25.96
42,99,5.53,0,9.66
32,93,8.59,11,36.64
37,117,7.28,3,19.38
37,116,7.52,4,21.64
56,116,9.36,4,24.15
49,91,5.73,11,31.27
36,135,5.94,5,20.35
31,87,6.96,3,17.51
42,100,6.88,5,22.6
50,118,7.8,11,35.46
28,127,7.18,9,30.68
38,97,6.46,0,11.73
36,142,9.26,5,25.89
40,153,5.76,2,15.71
59,88,5.05,14,38.25
28,109,5.72,7,23.47
50,138,7.4,4,20.97
58,134,7.93,14,42.31
49,149,5.78,14,38.16
33,129,7.87,5,24.19
37,140,5.18,3,16.18
37,114,8.1,6,26.17
29,93,7.64,7,26.75
22,148,7.09,5,21.95
44,125,9.61,1,18.91
41,114,7.18,7,26.07
22,150,6.85,13,37.9
25,121,6.11,3,15.99
37,132,6.56,0,10.63
44,98,6.1,11,33.1
28,124,5.88,11,32.1
50,133,7.08,9,30.82
42,143,5.29,3,16.27
44,154,8.16,13,40.57
46,120,7.36,13,39.73
28,96,5.99,8,26.86
32,90,5.03,6,21.24
34,82,7.87,2,16.73
50,89,5.34,4,18.45
55,103,9.91,1,18.93
51,135,7.43,3,19.48
48,105,7.69,11,36.23
47,148,9.46,6,27.7
56,103,9.74,13,41.93
21,123,9.66,5,26.36
34,105,7.21,2,17.86
30,150,6.1,10,32.0
27,155,9.46,11,38.32
34,136,6.29,13,37.89
56,115,6.6,2,16.24
47,96,5.57,11,32.49
31,159,9.28,6,28.16
57,97,9.56,7,30.34
30,145,9.07,5,26.06
27,89,6.52,13,37.15
37,140,9.04,14,44.06
32,118,5.61,11,32.09
57,93,8.91,11,37.2
57,126,9.71,12,40.65
56,89,6.19,3,16.69
27,134,7.6,10,33.48
44,103,8.05,5,24.11
54,119,7.25,5,22.35
21,142,6.36,8,26.43
49,113,7.25,7,27.14
46,128,8.12,14,41.97
30,142,7.07,1,14.33
21,88,8.5,1,15.95
37,126,5.33,1,11.72
56,124,7.58,1,15.55
29,115,9.47,13,42.46
59,88,9.96,11,38.8
43,90,7.82,8,28.68
49,156,7.56,6,25.72
22,103,6.71,6,23.66
38,80,6.12,12,35.37
48,140,6.22,11,33.97
27,148,5.14,0,8.9
31,100,9.9,10,37.31
27,83,5.97,10,30.27
44,137,7.72,12,37.93
35,151,5.25,0,10.07
51,86,5.54,8,26.38
39,80,8.98,10,34.28
30,148,8.03,0,14.67
28,156,5.62,1,12.06
21,143,7.44,13,39.03
22,155,6.64,4,20.45
49,87,7.43,0,12.91
30,139,5.54,13,36.16
29,113,9.46,9,33.73
51,88,7.82,7,27.09
52,152,7.69,12,38.25
22,124,5.88,1,12.66
44,96,7.73,13,40.0
57,86,9.92,4,24.47
26,130,5.6,12,33.67
28,95,8.52,4,22.63
45,136,6.93,1,15.09
45,104,8.88,14,42.67
31,101,7.59,0,14.03
55,134,9.52,5,27.07
21,113,5.42,9,27.98
43,94,7.11,14,40.52
23,95,6.62,7,25.81
21,95,9.43,1,18.52
32,117,5.2,14,36.84
58,111,5.9,11,32.62
51,122,7.33,11,34.77
49,129,7.69,0,13.51
55,136,7.43,2,17.11
48,117,7.99,9,32.35
41,102,9.65,1,18.15
31,115,8.23,3,19.94
46,129,7.34,3,19.22
31,92,8.03,10,33.65
25,83,6.06,2,15.45
27,115,5.28,11,31.91
51,142,8.45,14,43.04
59,158,8.79,6,28.49
28,133,9.74,2,20.55
47,158,9.8,10,36.73
41,156,9.38,13,42.48
50,139,9.57,9,35.03
34,93,8.8,0,15.09
21,139,9.48,2,19.94
44,139,5.01,12,33.15
26,101,5.15,13,35.26
26,144,8.84,8,30.87
25,144,9.17,14,44.33
55,110,6.44,11,34.29
35,144,5.25,5,19.8
55,101,5.1,5,18.89
28,145,5.38,11,31.52
55,152,7.35,8,29.9
25,83,9.79,13,41.24
51,158,5.2,8,26.01
51,86,7.09,6,25.18
57,151,7.7,13,40.64
28,106,8.15,7,27.34
26,124,7.03,1,14.71
43,140,9.06,12,39.91
36,118,5.82,10,30.2
28,84,5.08,8,24.07
24,158,8.71,1,17.1
52,134,9.72,11,39.06
23,81,9.23,10,35.67
36,104,8.75,6,27.23
54,111,5.52,12,33.8
33,137,8.97,12,39.52
53,101,7.55,11,37.04
42,131,6.48,9,28.72
51,153,9.89,9,35.17
44,140,9.32,11,38.51
23,155,7.05,4,20.63
53,100,6.02,5,21.1
50,141,9.49,6,29.01
46,94,7.07,2,16.39
54,90,9.64,7,30.72
42,125,6.55,7,25.87
50,150,7.07,12,36.7
55,109,9.53,11,38.5
45,93,5.3,10,29.74
48,119,9.89,2,20.01
53,149,5.22,13,36.33
43,129,8.01,5,24.83
46,125,7.38,2,16.83
29,151,7.9,5,24.05
28,115,6.85,7,25.42
57,135,8.72,10,35.56
53,91,8.86,9,34.14
35,148,8.56,0,15.77
28,156,5.17,13,35.79
41,98,5.03,14,38.17
23,101,8.37,13,39.54
29,91,5.59,0,9.56
34,111,5.27,3,15.71
58,117,5.26,3,16.47
47,140,5.08,2,13.69
40,117,8.48,4,22.76
24,159,9.9,11,39.05
44,91,7.8,8,29.28
47,125,8.27,14,42.09
32,159,8.53,4,23.76
48,148,5.42,5,20.99
55,151,8.27,6,26.81
44,150,9.27,14,44.31
51,105,9.15,3,21.84
23,156,6.48,6,23.12
50,125,5.07,6,21.51
47,96,8.32,9,32.0
37,86,8.55,7,29.45
26,152,9.69,13,43.5
38,153,5.43,6,23.01
55,143,9.8,11,38.89
47,121,5.1,5,20.54
37,132,7.21,6,24.83
31,93,7.03,13,38.18
58,116,5.06,9,27.5
57,92,8.76,5,25.2
54,151,5.08,12,34.16
52,131,9.06,5,26.11
55,153,6.59,11,33.59
48,112,5.95,13,36.68
42,99,7.48,7,26.43
36,147,5.13,6,22.11
32,80,5.82,0,10.86
25,140,9.66,2,20.18
46,133,9.56,9,34.56
46,154,6.1,0,10.99
33,116,5.68,12,34.27
44,146,7.57,1,15.54
23,119,8.39,6,25.94
52,99,6.33,8,28.87
43,114,6.11,3,16.78
57,119,9.95,8,32.99
58,158,7.44,13,39.5
58,154,9.43,0,16.62
33,92,6.9,1,13.59
35,102,5.31,6,22.14
22,92,6.37,8,27.21
31,127,8.25,0,13.88
36,129,7.72,5,22.89
38,159,6.79,9,31.02
54,157,7.57,8,29.2
30,131,9.99,6,29.17
33,106,8.48,0,14.56
52,117,8.27,0,14.17
28,156,7.78,4,20.85
27,146,5.92,9,29.29
37,148,8.09,0,14.4
47,138,7.89,2,17.25
28,159,8.94,12,39.06
49,110,6.64,1,13.75
57,82,7.0,5,23.7
47,148,9.96,10,38.71
57,146,6.73,14,40.56
44,158,7.75,8,29.56
36,94,6.6,0,11.04
46,106,8.23,3,20.54
51,156,8.86,7,30.39
47,97,8.43,11,35.98
46,89,7.8,4,21.77
35,111,6.56,13,38.0
35,147,7.92,3,20.49
43,145,8.87,2,19.55
45,109,5.77,9,27.95
24,131,7.21,2,16.34
56,136,9.38,5,26.68
36,125,7.51,13,39.27
41,82,9.5,13,42.19
37,142,5.42,6,22.88
23,123,6.34,10,31.44
27,148,7.53,13,38.91
32,157,5.95,0,11.6
21,134,7.87,6,25.46
57,137,7.4,2,17.47
26,141,9.68,13,42.03
43,86,8.28,10,33.67
45,158,5.07,0,10.3
45,98,9.22,7,30.23
23,98,8.24,10,33.67
24,127,6.01,3,18.0
50,156,6.24,13,38.15
53,136,8.44,5,24.87
49,100,7.89,10,33.08
24,80,7.2,6,24.28
34,103,6.58,11,33.87
41,109,9.13,12,40.0
27,141,8.97,14,43.23
41,150,9.32,1,17.68
27,106,9.02,9,32.76
21,131,9.72,12,40.22
54,106,5.55,6,22.27
43,146,7.57,14,41.28
23,159,6.57,2,15.99
38,83,6.93,8,28.39
32,124,9.61,13,42.59
34,136,8.94,9,33.46
48,80,5.16,9,27.33
44,123,7.25,5,22.69
44,146,6.22,8,27.78
23,83,7.91,13,39.19
29,112,6.6,11,33.54
44,129,7.42,14,41.73
22,84,6.87,2,15.97
48,131,5.18,12,34.13
27,90,6.47,4,18.94
29,82,8.41,9,31.31
59,97,9.16,14,43.64
59,109,9.0,1,17.37
53,125,6.25,0,11.58
54,96,9.07,0,15.47
41,118,9.13,7,29.29
49,159,7.63,5,24.26
47,112,6.63,5,21.11
37,145,9.09,1,17.72
43,145,5.52,9,28.23
41,84,9.78,4,25.01
28,115,6.67,3,17.69
29,82,5.66,11,31.71
53,111,8.72,13,41.06
24,93,7.21,9,30.81
38,117,7.62,1,15.7
52,84,5.2,1,11.12
50,125,6.57,13,37.7
45,135,6.11,5,20.7
53,139,7.07,12,37.05
55,154,5.38,7,24.22
54,86,6.2,9,28.84
22,92,5.89,3,16.65
33,104,6.47,2,15.0
43,91,7.41,13,38.51
43,110,9.8,4,25.23
51,94,7.46,6,26.14
22,90,9.77,3,22.01
22,111,7.08,11,34.06
25,159,5.32,2,13.96
34,88,6.05,3,16.87
43,131,6.94,11,33.47
55,120,9.89,3,23.46
21,91,9.05,5,24.75
35,157,5.35,5,20.17
50,91,5.87,10,30.73
41,143,7.93,2,17.61
28,152,9.81,4,25.54
27,91,7.05,5,21.51
54,116,9.16,8,32.68
57,84,6.63,6,24.64
52,88,5.97,8,27.17
53,136,6.59,6,24.6
26,99,8.1,13,39.73
30,149,7.96,0,14.2
46,92,7.23,4,20.24
46,159,8.44,14,42.91
39,84,6.19,2,14.59
55,122,5.4,7,24.52
24,133,8.08,3,19.25
45,141,5.7,13,36.98
28,89,7.56,3,19.13
32,109,6.7,5,22.11
44,86,5.16,0,9.15
44,136,7.31,13,38.75
37,90,9.38,13,42.1
45,151,9.41,8,32.14
53,130,8.63,11,37.19
47,143,7.4,14,42.44
22,110,6.73,7,25.6
29,80,5.15,7,23.34
53,137,8.61,13,41.63
39,130,9.56,0,15.52
25,101,7.92,12,37.57
40,153,9.99,12,42.53
44,125,8.26,0,15.13
51,96,5.8,4,19.11
24,92,7.52,12,37.21
52,159,7.82,12,38.92
55,155,8.88,7,29.48
34,158,8.33,6,27.16
56,118,5.26,12,34.24
26,98,6.05,2,13.85
37,140,5.29,13,35.9
38,84,7.23,2,16.43
28,136,7.05,1,14.09
32,126,7.41,0,12.82
37,158,10.0,11,39.48
51,111,5.12,3,15.98
21,80,9.82,8,32.2
31,158,9.53,8,32.7
36,114,6.57,13,37.25
57,110,9.54,2,19.76
48,99,7.19,14,40.88
29,126,8.93,4,23.14
28,103,5.01,13,35.12
45,119,9.52,1,18.41
30,153,8.12,8,30.06
23,157,5.72,14,38.78
43,143,9.58,6,27.92
43,152,5.21,4,19.34
24,89,5.12,0,9.16
43,140,9.68,7,30.75
29,81,7.76,0,12.6
24,102,5.5,0,9.96
54,144,5.55,4,18.0
59,137,8.7,2,19.5
38,90,7.93,8,30.38
54,115,7.73,13,39.25
54,142,8.34,8,30.93
23,115,8.48,14,42.14
39,136,6.43,9,29.96
54,102,9.98,5,27.24
46,133,5.32,9,28.0
55,142,8.91,3,21.55
51,112,6.31,5,21.56
47,126,9.44,5,26.39
23,98,5.61,7,23.96
57,113,9.95,4,25.21
32,102,7.36,3,19.32
43,146,6.9,7,26.56
37,83,5.56,5,20.84
36,154,6.72,10,33.47
37,132,6.22,6,23.06
35,94,9.71,5,26.53
46,96,8.32,12,38.54
22,101,6.76,1,13.88
37,113,5.46,7,24.21
21,112,7.49,8,28.39
50,104,8.79,13,40.8
52,93,9.15,0,15.51
50,129,7.7,2,17.72
24,109,9.97,9,33.65
52,101,7.26,10,33.66
55,83,5.41,12,34.32
21,151,6.45,14,40.81
39,124,8.29,7,27.53
53,153,8.13,12,39.28
39,107,6.66,2,16.15
56,133,9.44,4,24.1
47,137,6.31,13,37.96
33,144,6.4,4,19.79
47,116,7.57,0,13.81
34,133,7.18,9,30.53
44,90,7.42,9,30.4
55,95,8.23,6,26.63
39,157,9.76,12,41.28
45,144,8.13,3,20.34
31,123,6.42,2,16.0
29,122,9.94,2,20.92
26,155,9.31,4,24.87
56,106,6.81,5,22.23
57,159,7.25,10,33.18
49,80,5.75,10,30.16
29,109,7.41,0,12.1
53,143,7.02,14,41.2
43,116,9.25,5,26.18
35,102,6.48,12,34.89
31,106,8.4,5,24.88
43,159,6.05,3,17.86
46,107,6.79,14,40.02
21,109,7.17,14,40.38
50,130,9.93,12,41.05
37,81,8.44,6,25.72
43,150,6.97,5,22.59
56,114,8.34,1,16.94
25,108,5.26,4,17.57
55,110,5.93,5,21.37
29,121,9.01,1,17.51
24,145,9.83,9,34.72
27,130,8.14,3,20.31
21,158,6.06,4,20.06
36,95,9.67,14,44.05
45,87,5.57,3,16.68
26,140,8.3,3,20.38
58,119,7.16,10,32.95
34,136,9.85,8,32.68
57,157,6.81,11,34.95
31,129,7.33,14,39.94
21,106,9.29,12,39.01
21,111,6.57,1,14.13
56,159,7.02,11,34.83
28,107,7.69,13,39.75
52,108,7.84,5,24.1
53,128,5.57,9,28.34
28,115,6.59,0,11.39
34,103,6.03,5,19.78
44,118,9.86,6,30.25
49,129,6.38,4,19.44
45,87,5.07,8,26.12
26,98,5.52,6,21.67
21,117,7.59,5,22.28
43,123,8.23,3,21.71
53,105,5.39,13,36.57
34,149,5.19,12,34.84
48,128,6.9,9,30.99
49,105,7.19,0,12.9
43,111,6.39,13,37.12
58,113,6.41,10,31.61
30,124,8.21,2,17.25
47,116,7.68,9,30.97
28,85,5.86,13,36.3
24,110,6.9,4,18.95
41,144,5.68,3,16.23
41,88,5.45,0,9.49
50,155,8.52,8,31.24
33,100,9.4,9,33.89
23,146,6.89,5,22.09
40,121,5.51,8,25.83
56,125,5.98,5,21.01
25,84,9.28,5,25.46
42,116,5.84,3,16.08
22,156,5.93,14,39.66
45,108,5.94,4,18.46
44,128,8.54,9,33.63
25,104,5.33,10,28.53
36,89,9.45,10,35.74
35,94,8.29,12,38.49
33,109,7.02,11,34.72
31,156,5.03,11,31.35
36,138,6.63,5,22.14
38,134,6.67,0,12.39
45,134,6.35,7,25.4
58,148,6.43,10,31.92
24,93,6.15,14,38.27
41,153,8.24,1,16.49
31,135,8.32,1,17.4
54,140,9.63,0,16.99
50,84,7.82,2,17.77
24,85,7.05,7,24.87
34,92,8.28,14,42.1
31,119,6.24,2,14.86
24,138,9.4,1,18.2
46,92,8.08,5,24.88
23,125,7.42,7,25.59
57,102,5.96,10,31.0
58,100,5.06,13,35.89
24,151,5.91,3,16.21
46,113,8.88,11,37.52
59,132,7.16,5,22.91
31,110,9.02,10,34.7
31,145,6.2,13,37.73
58,154,5.72,3,16.79
58,147,6.04,8,27.47
40,105,8.69,9,33.35
46,93,8.13,5,25.07
58,104,9.27,14,43.76
32,153,7.84,8,30.2
49,143,8.12,13,41.16
34,148,6.82,13,38.02
45,147,8.47,4,22.38
59,99,6.83,6,24.46
46,122,7.47,4,21.59
30,84,5.34,6,21.19
34,111,6.62,6,23.38
25,124,5.64,3,15.11
42,122,7.35,10,33.3
31,150,5.31,5,20.82
49,101,6.78,7,25.54
27,120,7.43,13,38.24
38,137,7.76,7,27.12
51,138,6.21,0,11.39
40,107,5.24,9,27.99
55,134,5.02,3,15.77
27,130,6.01,3,17.1
50,115,7.43,14,40.54
24,147,6.79,2,15.59
50,122,8.14,11,36.04
50,85,6.56,3,17.52
50,130,7.77,0,13.8
38,132,9.31,3,22.2
30,90,7.57,3,18.75
34,129,7.78,11,35.94
56,96,8.2,10,34.69
43,125,6.43,8,27.38
32,125,8.68,13,40.55
32,156,8.84,14,43.16
54,120,5.81,8,27.5
46,130,7.84,8,30.01
26,90,7.21,3,18.16
57,130,5.56,8,26.78
35,106,9.68,9,35.07
59,128,6.55,7,27.07
39,95,7.32,12,36.69
43,129,6.83,2,17.39
56,94,8.69,4,23.36
33,133,8.14,4,22.17
51,93,8.23,14,42.53
57,158,5.25,13,36.54
46,155,9.88,9,34.8
38,105,6.41,0,11.73
53,119,5.71,13,37.26
52,97,6.13,5,20.71
24,105,8.55,9,32.09
39,97,9.85,5,26.15
27,80,6.42,3,17.5
55,95,6.31,4,19.11
46,100,9.73,11,39.38
43,151,8.08,7,28.63
54,145,7.74,3,20.29
27,82,6.41,14,39.08
31,87,7.67,12,36.66
28,97,5.04,10,28.64
33,104,7.79,6,24.8
52,151,7.39,0,12.96
54,97,8.0,14,42.33
38,103,8.71,2,18.82
35,148,5.88,11,32.95
44,105,5.89,13,36.53
41,153,7.23,4,20.89
38,90,8.68,3,20.55
34,83,5.82,4,18.3
39,89,7.1,1,14.31
33,91,7.8,12,36.89
36,153,7.71,14,41.74
22,91,9.37,8,31.08
54,84,6.76,10,32.98
46,84,5.87,7,25.03
42,102,6.1,5,21.77
40,135,9.18,4,23.62
49,125,7.49,12,37.28
38,81,7.06,6,24.49
49,153,8.47,0,14.66
47,80,7.3,6,24.65
55,92,9.99,5,27.94
49,139,7.13,9,31.66
26,115,6.86,9,29.82
57,141,9.46,0,16.82
45,142,5.61,14,38.56
41,146,5.38,0,11.09
51,95,7.35,11,35.04
36,157,9.95,11,39.76
34,119,6.79,1,14.96
26,127,8.47,2,18.42
31,125,7.44,7,26.7
47,84,8.57,6,26.46
58,104,6.71,12,36.07
25,117,9.51,1,18.29
35,133,5.48,2,12.99
58,152,9.03,10,36.68
36,155,5.4,13,37.18
38,124,9.95,0,16.47
53,118,5.97,9,28.8
55,107,6.91,3,17.75
44,132,6.99,4,20.22
55,133,9.87,2,21.97
27,99,5.11,2,12.66
34,134,6.31,4,19.56
50,144,7.9,11,35.65
44,155,7.82,1,16.24
35,101,5.95,14,38.4
33,130,7.23,13,39.31
39,151,5.11,12,34.2
49,91,8.96,8,31.75
42,138,5.66,5,20.64
22,133,5.83,8,26.05
59,132,7.16,2,17.09
33,117,9.17,1,18.19
56,91,7.06,14,40.17
58,152,7.43,5,23.55
38,86,5.2,1,11.78
35,147,7.19,13,38.68
55,108,9.6,9,35.0
37,124,5.28,11,32.17
33,89,6.69,11,33.66
42,83,7.83,8,29.94
41,103,8.95,4,23.66
46,105,9.08,13,41.04
24,135,5.23,1,11.69
27,151,9.53,0,16.8
30,102,7.43,13,38.2
35,88,5.12,8,25.78
46,104,7.52,9,31.45
36,111,9.37,4,24.2
54,86,6.01,4,19.2
37,138,9.39,12,40.78
58,138,7.81,6,25.5
36,141,5.9,14,39.08
54,96,7.51,11,35.24
49,114,6.95,12,35.94
38,137,8.57,14,43.75
31,108,7.93,14,41.31
32,142,7.99,2,18.29
57,135,7.74,9,31.57
22,142,8.68,5,24.47
38,126,6.11,5,20.9
58,153,8.08,1,17.46
53,94,6.24,0,11.25
29,136,5.34,8,25.47
35,86,8.68,5,24.5
48,157,6.24,6,23.72
28,97,5.36,9,27.78
56,85,5.98,5,21.37
59,122,9.96,7,30.62
28,136,9.18,12,39.42
39,120,7.83,4,21.51
24,155,6.7,8,27.5
47,130,6.71,2,15.88
33,140,6.79,2,16.62
58,98,9.92,0,17.22
41,100,8.78,2,18.65
46,159,6.76,14,40.36
43,114,5.09,2,14.23
50,150,6.32,6,24.44
51,133,6.04,0,11.43
51,105,6.05,6,22.86
36,120,9.75,9,35.09
27,91,6.21,14,38.64
37,84,5.81,0,9.96
44,105,9.16,12,39.18
40,84,9.1,11,36.69
59,117,7.16,2,16.57
47,85,8.14,8,30.16
22,80,9.91,8,32.26
21,154,9.75,8,33.52
54,159,6.36,3,18.79
47,118,7.0,2,16.48
57,128,6.54,4,19.92
26,116,5.98,6,23.28
58,80,6.1,13,37.36
47,116,8.09,1,16.72
36,98,7.72,7,27.06
55,156,9.1,12,39.71
47,116,6.9,7,26.24
55,135,8.47,7,29.73
56,146,9.98,8,34.28
58,114,7.23,8,29.37
48,152,7.95,12,38.64
23,105,8.41,1,15.34
51,125,8.13,8,30.59
23,114,6.08,4,18.5
58,101,7.91,13,39.75
44,93,5.15,5,19.6
46,108,9.21,7,29.89
48,137,7.22,8,28.98
29,110,7.39,4,20.64
57,96,5.42,1,12.05
47,102,5.78,7,24.7
23,138,6.88,10,32.83
48,115,9.38,13,42.87
52,138,5.7,11,32.32
55,159,6.76,5,22.22
27,81,9.33,4,23.21
27,91,8.8,2,18.25
41,89,6.78,5,21.85
52,81,5.49,6,21.85
58,95,7.79,6,26.01
40,115,6.24,1,13.42
28,128,7.97,2,17.15
24,115,5.07,12,33.12
46,85,6.42,3,17.14
35,81,5.98,2,14.05
26,107,8.62,2,18.74
52,86,8.71,2,19.04
25,100,8.8,5,24.45
26,141,9.87,11,38.93
23,120,8.06,1,15.96
49,122,9.22,1,17.65
39,156,7.99,6,27.66
30,87,7.0,12,36.33
27,93,8.95,2,18.6
21,156,7.19,14,41.06
21,90,9.74,0,15.45
37,89,5.1,2,13.12
42,108,8.16,5,24.29
56,134,9.79,11,39.34
34,81,6.67,1,13.87
26,80,5.67,9,26.36
50,126,6.43,9,29.36
53,97,5.41,13,36.57
40,114,6.7,0,11.89
36,152,8.48,14,43.34
24,141,9.01,2,19.46
54,104,7.91,7,27.94
21,156,8.59,13,40.57
33,108,5.25,4,17.26
28,159,5.98,9,29.63
42,98,6.93,1,14.44
24,151,9.33,13,41.96
54,155,6.6,10,32.36
57,145,5.28,12,34.44
43,148,6.07,4,18.89
40,157,8.79,7,29.11
44,159,8.9,9,34.28
47,89,7.98,5,23.44
33,151,9.95,5,27.03
25,104,8.22,2,18.05
36,106,6.19,0,11.29
58,140,8.0,1,15.87
49,89,5.23,9,27.33
46,115,8.31,14,42.65
42,118,9.69,3,23.09
44,86,8.28,0,13.73
33,94,8.17,4,22.75
41,92,7.89,14,41.27
21,112,8.29,7,27.69
24,145,9.49,13,41.85
23,90,5.22,3,14.8
43,100,5.23,2,13.59
36,157,5.18,1,12.28
33,102,9.87,0,17.25
59,123,5.09,12,34.47
51,144,6.46,6,24.12
44,149,9.68,3,22.84
35,115,9.51,3,22.66
25,141,5.57,14,37.44
42,121,8.73,14,42.83
42,148,8.65,13,40.38
31,131,8.44,12,38.48
44,80,9.09,13,41.11
30,109,8.79,9,32.61
54,80,9.72,5,26.64
31,127,9.79,8,32.17
49,93,6.81,8,27.81
42,110,5.67,7,24.72
53,141,9.74,3,22.62
28,110,6.43,4,19.04
52,86,5.01,4,17.37
43,99,5.58,5,20.46
25,110,7.89,4,21.85
51,88,6.38,10,31.4
49,90,7.56,9,31.95
26,85,8.79,10,34.31
45,122,5.86,9,28.97
45,138,5.01,7,24.18
51,97,8.79,11,36.62
34,108,8.28,13,40.89
37,80,6.71,13,37.27
36,123,5.85,8,26.96
48,112,5.15,6,21.29
29,146,6.32,7,24.95
22,117,9.94,1,18.44
24,120,6.69,5,22.3
40,95,9.0,6,27.68
56,117,8.76,1,17.66
57,142,5.49,10,31.83
26,88,6.25,10,30.48
21,106,9.29,1,18.4
23,110,6.87,3,17.45
57,94,8.61,7,28.9
23,108,6.66,14,39.62
53,88,6.84,0,12.32
35,123,8.01,14,42.28
24,139,6.18,7,24.46
35,157,7.36,3,19.66
27,118,8.62,10,33.64
24,130,5.07,1,11.19
23,119,9.46,7,29.33
43,142,7.43,9,31.33
34,85,8.05,0,13.29
26,117,8.7,10,34.63
53,111,5.69,9,29.2
29,85,9.28,10,34.65
32,133,6.81,4,20.38
55,130,5.25,4,18.98
51,113,9.54,12,41.85
23,155,8.98,10,35.24
56,88,6.79,4,19.89
33,84,9.24,14,42.73
33,140,8.22,3,19.56
54,85,8.97,0,15.61
41,129,9.83,7,31.53
54,111,5.32,5,20.64
48,98,8.9,0,14.85
55,137,5.33,12,35.0
34,127,8.38,3,21.25
38,96,9.04,12,39.01
39,139,6.97,12,37.53
39,89,6.16,12,34.97
53,158,6.12,3,17.95
55,129,6.58,10,32.1
40,117,8.69,3,20.05
49,119,9.95,9,34.99
28,82,9.92,10,36.21
45,158,6.08,1,13.46
37,110,5.7,12,33.82
21,95,5.8,13,36.41
58,107,7.89,7,27.77
50,124,7.96,4,21.48
48,116,9.5,13,42.1
53,122,6.98,0,12.65
33,152,9.33,6,28.89
44,152,5.8,8,26.6
57,155,9.16,13,41.79
42,107,6.79,7,25.28
33,150,9.23,5,25.11
32,139,6.57,6,24.45
27,143,8.7,4,24.33
56,139,9.27,5,27.15
49,115,5.61,1,12.35
49,126,5.56,6,22.91
46,117,8.64,12,39.49
47,144,8.44,7,29.03
44,113,5.88,8,27.42
51,101,10.0,14,44.44
27,130,5.7,6,23.25
37,151,7.48,3,19.3
53,124,6.15,10,31.88
54,150,5.42,5,20.44
38,81,7.25,5,22.26
25,137,9.99,6,28.32
21,91,9.79,11,38.22
27,106,6.87,4,19.84
54,117,7.5,11,35.65
23,154,9.52,3,21.92
56,99,9.56,7,30.81
55,122,8.89,3,21.35
32,111,6.29,7,25.56
35,102,6.86,3,18.03
24,120,7.86,2,17.96
53,81,9.28,8,31.66
36,141,7.21,12,36.3
49,132,8.12,2,18.23
26,136,7.05,12,36.35
57,127,7.94,3,20.21
43,158,5.07,2,13.23
33,85,6.86,8,27.65
21,95,8.83,1,15.73
32,90,5.12,4,17.34
47,125,9.09,0,15.47
45,152,9.93,7,31.18
42,136,7.44,10,33.44
54,146,5.86,4,19.65
38,86,9.26,0,15.98
36,131,8.97,9,33.1
49,131,9.9,14,44.81
50,109,6.23,12,35.22
50,134,5.93,12,34.86
40,101,5.67,6,22.31
42,83,7.22,6,24.33
54,84,8.64,10,35.5
24,101,5.72,2,15.07
51,147,7.13,9,30.87
34,83,6.24,10,30.79
28,122,6.98,9,30.25
57,94,5.26,12,33.98
25,95,6.94,6,23.29
28,137,5.36,11,32.48
31,153,8.85,3,21.32
49,112,5.22,11,33.03
41,144,6.69,2,16.3
59,104,5.64,3,16.56
33,116,8.57,14,43.1
39,97,5.71,13,37.19
23,104,8.26,12,37.88
54,94,8.08,11,36.39
58,147,7.92,8,30.08
39,114,6.33,13,37.01
52,147,9.44,9,34.42
56,121,5.95,12,35.45
59,91,6.83,8,29.16
34,101,8.64,12,37.86
27,115,6.13,5,20.65
40,113,8.04,14,42.61
52,104,8.58,3,21.71
51,118,7.75,13,40.39
42,155,6.62,0,12.31
25,138,8.93,9,33.68
51,155,5.54,4,18.39
35,129,6.14,13,37.41
37,140,6.86,6,23.76
57,112,7.32,7,27.15
39,86,5.12,4,16.63
30,98,8.47,5,25.32
54,99,5.89,6,22.9
45,84,9.46,12,40.55
57,86,6.53,11,32.44
48,99,6.36,2,15.47
35,126,5.61,2,14.67
40,86,8.76,7,29.57
33,154,9.65,5,27.14
40,143,8.94,6,27.78
51,145,9.31,6,27.53
38,86,8.19,5,23.76
48,94,6.73,2,16.13
24,113,8.74,5,24.67
44,145,5.98,9,29.31
29,107,5.04,13,34.93
52,145,6.81,4,21.06
52,90,7.94,2,18.2
59,149,8.3,5,25.77
41,135,7.17,10,32.42
59,102,9.27,12,40.53
47,89,9.08,4,22.87
56,154,5.04,1,11.81
28,103,8.49,9,33.48
39,139,8.6,9,32.69
49,91,8.85,2,18.67
39,84,8.91,7,29.21
25,98,5.9,4,18.58
42,151,6.05,10,31.05
55,116,7.72,2,17.49
30,107,6.59,7,25.08
35,123,7.97,9,32.07
22,122,7.33,5,22.87
42,148,6.38,11,33.65
55,151,8.42,12,38.89
59,99,7.29,12,37.27
39,85,9.13,4,23.0
32,148,5.22,14,37.95
54,153,6.16,6,24.16
40,91,5.0,6,21.78
27,94,7.09,10,32.01
44,146,6.03,10,31.56
23,142,6.1,0,11.13
26,115,8.46,10,33.34
53,86,8.95,10,34.72
54,80,6.28,5,20.88
53,151,8.07,4,23.04
49,128,7.9,9,31.99
43,101,5.02,11,30.88
24,131,9.69,7,30.46
25,122,6.7,0,10.65
54,118,6.55,5,22.2
36,154,7.94,12,38.76
23,122,6.81,1,13.25
34,133,6.49,13,38.24
53,100,8.68,1,17.31
48,94,8.69,2,18.88
35,117,8.43,10,33.67
24,102,9.28,7,29.81
40,159,7.48,13,39.95
45,155,8.26,11,36.86
55,130,9.98,11,38.9
59,102,6.2,4,19.11
42,130,9.23,8,31.61
55,150,6.05,14,39.96
48,125,7.25,1,15.34
30,140,7.06,0,11.9
36,95,8.75,5,24.72
43,139,8.44,4,24.0
39,111,8.85,2,19.14
21,120,7.75,11,34.95
21,139,5.38,6,21.72
46,100,7.97,2,16.64
54,147,6.28,12,35.72
22,86,7.17,3,18.05
48,149,5.58,5,21.23
40,99,6.03,10,29.74
47,123,7.22,3,19.64
48,123,8.5,9,32.92
51,91,6.77,3,17.75
27,138,6.97,7,26.32
28,157,8.22,6,26.79
52,113,6.02,13,37.72
31,123,5.55,3,16.09
46,119,9.42,0,16.63
45,81,6.58,14,39.87
27,140,6.82,10,31.69
40,100,9.01,0,15.04
50,91,6.14,7,25.09
21,156,9.21,14,44.14
38,144,8.23,12,38.23
28,157,8.89,7,29.85
49,91,7.57,9,30.79
42,131,5.33,14,38.49
52,93,8.75,12,38.5
34,97,6.55,9,30.17
22,103,8.2,9,31.08
55,105,5.47,8,26.59
27,140,8.42,3,20.35
23,147,5.77,8,26.26
35,143,5.88,2,15.39
54,119,6.76,13,38.69
42,108,9.73,5,26.5
38,97,6.82,2,16.19
38,147,6.55,4,20.93
54,138,6.39,9,29.14
56,135,8.47,12,37.86
59,145,9.59,7,30.8
58,91,7.09,8,28.55
57,101,7.88,7,28.23
38,141,9.04,7,29.82
49,105,7.7,9,31.62
32,93,8.3,3,19.55
38,88,8.63,12,38.71
51,153,9.49,6,29.23
35,86,6.4,3,17.32
50,126,5.24,8,26.17
56,137,9.86,0,17.72
48,99,9.99,2,20.87
35,158,9.47,3,22.41
53,135,6.55,4,20.63
22,122,7.41,10,32.82
28,139,8.83,11,37.1
53,131,5.91,0,11.89
55,145,9.55,12,40.45
38,99,9.22,7,29.55
46,92,8.51,11,36.13
41,104,9.3,9,33.63
48,115,7.77,14,42.0
40,82,5.59,3,15.9
40,126,6.2,9,30.07
24,91,7.95,8,28.72
56,139,9.85,8,33.37
54,107,5.08,5,19.97
33,154,8.29,1,16.76
51,93,8.83,7,29.88
59,110,9.29,1,18.68
27,148,9.74,0,15.88
37,145,5.53,13,37.07
32,139,5.89,8,27.11
50,156,5.61,10,31.13
54,99,9.34,6,27.71
42,90,5.66,10,30.07
41,157,5.16,8,26.06
29,83,5.1,8,24.72
32,131,7.05,7,26.19
37,126,8.06,9,32.11
36,146,6.14,12,35.6
25,90,6.45,5,22.09
39,129,5.59,4,18.48
48,102,7.3,14,42.04
37,141,7.5,14,41.43
42,132,8.34,0,14.58
55,93,7.73,8,29.57
35,126,6.34,2,14.82
39,97,9.39,5,25.64
46,146,6.7,13,38.42
55,102,8.5,13,41.31
43,139,8.56,3,20.29
30,138,5.55,7,24.79
42,129,7.66,1,16.44
31,140,7.08,7,26.41
46,96,9.4,3,21.19
21,133,6.97,12,35.32
56,88,5.57,5,19.46
41,111,9.39,5,26.45
28,157,9.46,10,36.44
40,101,8.63,2,18.85
37,119,7.9,10,33.18
35,157,9.08,4,24.3
41,131,5.78,12,34.48
21,157,8.39,1,16.47
23,107,5.82,2,14.76
51,123,8.81,13,41.65
51,133,5.69,7,24.68
41,127,8.64,2,18.75
43,101,5.59,11,32.41
37,114,8.95,11,38.12
42,124,5.79,7,25.35
42,107,7.18,10,32.46
56,146,9.33,6,28.0
28,117,8.7,7,29.66
28,132,9.29,7,30.26
34,85,8.27,5,24.47
58,93,6.91,14,40.65
44,115,6.74,7,26.07
42,130,5.72,5,20.85
35,156,7.2,5,23.04
40,123,9.5,13,42.33
47,124,8.84,0,15.67
48,152,5.18,10,30.67
42,120,5.96,5,21.0
51,85,8.33,8,30.1
29,86,6.1,14,38.52
43,126,7.04,3,18.67
25,112,9.61,1,17.64
59,101,9.64,14,44.27
37,146,6.32,12,35.26
25,156,7.92,6,27.04
27,92,8.51,7,28.55
28,135,6.09,14,39.15
27,156,5.44,9,28.34
42,91,6.64,9,30.57
58,84,9.79,0,15.92
41,156,9.2,5,26.39
24,134,5.57,3,16.42
52,155,9.38,10,36.02
49,153,8.31,5,25.6
50,94,7.47,2,17.24
23,145,7.67,12,37.25
25,117,8.7,10,34.19
39,159,7.51,8,29.46
28,134,7.62,13,39.46
57,134,6.65,3,18.73
51,126,8.78,14,43.18
47,93,6.65,12,36.64
33,94,9.4,6,28.06
26,114,8.82,1,17.25
21,110,7.41,12,36.9
50,113,7.87,7,27.55
31,152,9.72,10,35.56
51,86,7.49,5,23.21
36,117,8.87,7,28.65
35,80,5.93,6,22.58
25,93,6.48,13,37.56
35,104,5.65,3,15.19
21,87,6.92,6,23.7
35,119,9.65,14,44.76
56,85,5.29,10,30.83
59,158,8.69,9,33.96
28,99,9.23,2,19.84
42,138,7.62,6,25.39
47,85,8.59,10,35.93
54,118,9.58,5,26.26
50,89,8.15,7,26.83
32,88,9.59,12,40.32
22,113,6.29,10,30.92
58,156,5.09,6,23.24
42,134,5.87,7,24.37
37,154,9.69,3,22.52
55,154,7.42,10,33.94
43,140,7.33,4,21.66
49,138,9.24,11,38.47
49,158,9.07,6,28.16
39,90,7.27,14,40.77
37,92,8.71,2,18.1
28,141,7.55,4,20.84
27,150,6.65,1,12.73
31,101,7.13,2,16.5
23,117,8.46,10,33.93
22,93,6.31,11,32.17
39,85,5.81,11,31.05
48,110,6.22,3,17.46
48,130,9.45,13,41.78
45,82,8.06,9,30.92
31,96,6.58,5,21.13
22,99,8.05,2,17.79
32,86,9.23,4,24.25
58,96,7.01,10,32.64
32,137,5.93,0,11.12
45,106,6.26,11,33.63
57,92,8.71,10,35.33
51,84,6.17,11,33.31
37,144,6.52,9,30.17
32,96,9.59,10,36.3
50,116,8.05,3,19.48
22,95,5.55,13,35.87
36,97,8.96,5,25.35
21,82,6.13,9,28.36
54,97,7.39,12,36.72
21,120,5.06,5,18.77
56,157,9.79,8,32.6
23,96,9.15,13,40.24
54,140,9.92,5,28.06
32,126,8.19,12,39.13
47,151,8.83,3,21.02
57,147,5.6,0,11.17
45,103,6.79,0,12.27
32,126,6.7,8,28.23
53,135,5.53,9,28.69
29,154,6.7,8,28.88
21,155,8.23,0,14.46
43,93,5.99,14,39.39
48,150,6.41,7,26.25
23,146,6.63,6,23.52
58,90,9.72,9,34.93
56,81,8.91,9,32.28
25,96,5.66,2,14.55
49,121,9.57,12,40.74
33,137,8.93,10,35.28
24,102,7.08,7,25.72
26,112,6.24,7,25.21
58,124,6.65,9,29.93
26,157,7.45,7,26.76
31,128,8.35,0,13.78
47,99,9.39,12,39.65
55,132,5.39,13,36.53
24,96,6.9,13,38.7
47,87,7.92,4,21.17
36,86,8.27,4,23.8
38,116,6.83,9,30.52
27,128,6.58,9,29.39
31,147,7.33,7,27.37
28,109,6.77,1,13.99
26,131,8.2,9,31.71
25,133,5.72,8,26.29
26,131,6.1,4,19.57
58,121,5.34,10,30.43
22,106,6.22,11,32.63
51,82,8.55,11,36.77
59,95,5.26,7,24.9
52,156,7.91,4,22.02
29,150,7.07,1,14.85
35,154,8.98,13,41.14
41,121,9.17,12,38.8
48,154,9.72,11,39.38
47,135,7.19,0,13.66
25,112,9.71,12,41.1
37,108,5.59,2,14.65
57,141,5.49,10,30.74
44,145,6.39,7,25.35
51,87,9.17,3,21.89
55,122,5.35,3,16.42
24,126,6.56,14,39.46
40,91,9.6,9,34.22
37,119,7.8,7,27.57
30,84,5.19,12,33.92
57,135,6.42,12,35.64
41,136,8.24,12,39.17
41,156,5.1,12,33.73
36,80,7.44,6,25.63
53,112,9.97,4,25.35
30,139,6.67,7,27.13
38,152,6.15,6,23.27
53,113,5.41,8,26.16
49,151,5.13,5,20.42
51,112,9.05,1,18.54
44,135,6.38,11,34.94
32,155,5.15,3,15.77
40,100,7.87,6,25.9
26,147,6.07,10,31.15
28,83,5.51,12,33.05
34,128,7.01,6,24.7
25,90,5.52,6,21.71
56,84,5.49,7,25.33
58,139,7.29,11,35.24
23,109,5.63,9,28.39
56,145,7.67,10,34.6
42,95,8.51,9,32.5
28,155,6.2,3,17.5
34,91,8.76,10,34.76
27,105,6.1,0,11.25
24,147,9.32,2,20.22
39,106,5.35,3,15.44
44,132,9.42,4,24.11
36,127,6.46,8,27.79
26,116,8.19,6,26.72
28,124,6.19,5,21.04
45,154,6.53,0,11.74
52,82,6.95,9,31.06
45,85,7.2,1,15.21
30,157,5.4,8,26.57
37,85,5.2,0,9.2
23,156,9.17,12,40.88
29,108,7.72,12,37.83
38,112,5.72,3,16.18
50,96,6.55,13,38.35
25,136,5.42,4,17.47
52,90,5.81,3,16.77
47,145,6.97,5,23.79
41,113,7.84,14,42.03
44,95,8.26,4,22.47
58,120,8.07,9,32.51
23,116,5.83,13,35.95
36,101,6.81,3,18.3
35,125,8.23,10,33.98
45,114,7.24,5,23.42
28,86,8.16,4,21.57
24,129,8.42,3,19.99
52,94,6.6,6,24.03
55,83,6.32,3,17.12
50,92,7.3,11,34.13
59,108,7.24,3,18.39
50,129,9.56,3,21.83
37,95,9.59,13,42.03
39,80,6.3,5,21.49
51,113,5.29,13,35.95
37,159,8.38,14,42.61
22,112,5.14,4,16.28
57,94,7.37,7,26.75
49,137,8.1,6,26.27
50,114,5.9,10,30.25
42,132,6.47,13,37.77
58,108,9.93,4,25.6
31,155,6.03,10,30.7
53,137,5.11,6,21.17
39,156,5.86,5,20.5
23,100,5.78,11,31.08
42,118,6.88,11,34.12
38,80,9.04,3,21.01
50,128,7.51,1,15.44
21,156,8.88,14,44.0
40,122,9.65,7,30.1
25,156,5.27,6,21.06
32,84,6.81,6,23.57
31,134,7.62,14,41.44
44,157,7.49,13,39.61
38,159,9.1,6,29.16
28,149,6.7,12,36.7
49,81,5.1,10,30.49
42,147,7.42,12,37.56
22,142,7.62,14,40.73
43,159,8.3,3,21.27
36,146,8.2,10,34.74
28,149,9.88,9,34.45
24,82,9.06,13,40.52
34,118,8.2,11,36.86
29,90,9.67,11,37.84
31,109,5.19,0,10.23
58,129,7.79,5,23.24
36,146,6.82,4,20.83
33,127,9.8,7,30.9
56,119,6.32,7,25.96
56,95,6.17,4,19.13
37,111,5.16,14,37.51
34,141,5.82,10,31.01
49,155,6.68,8,28.57
37,119,6.82,13,38.39
21,157,5.24,11,32.02
40,150,9.25,2,20.6
53,145,6.38,0,11.54
22,90,8.24,2,17.1
37,153,9.34,6,28.96
43,85,9.3,8,32.01
42,88,6.95,11,34.37
21,98,7.0,5,21.06
32,104,7.68,11,35.97
33,84,5.89,3,16.58
34,84,7.88,8,29.59
30,133,9.97,12,42.27
32,146,7.77,2,19.23
42,147,8.08,9,32.71
38,91,5.19,9,26.35
59,85,6.84,11,34.14
39,153,6.51,0,11.89
50,117,7.33,12,37.1
35,109,7.96,2,18.15
59,116,5.7,2,15.08
34,104,5.62,4,18.53
29,123,6.86,10,32.58
25,139,9.22,13,42.05
53,93,5.48,14,38.84
25,146,6.91,0,13.25
44,147,7.87,9,31.9
28,115,5.81,1,12.48
39,104,5.87,4,18.27
32,87,7.93,7,27.54
28,104,7.79,6,25.43
28,115,8.77,8,30.83
58,109,6.32,12,35.01
40,158,7.82,12,37.7
49,139,9.45,12,40.49
54,124,7.15,11,34.75
38,126,6.85,9,29.77
21,129,9.13,4,23.28
31,148,8.9,9,34.7
55,121,6.61,6,24.22
52,129,6.33,3,17.27
36,86,8.17,8,30.4
26,83,6.32,4,18.0
29,133,7.14,6,24.9
42,124,7.46,10,32.88
28,110,9.12,9,34.2
52,159,9.71,7,31.93
46,140,7.68,10,34.06
38,124,7.98,9,32.51
57,82,6.89,5,22.08
32,126,7.0,2,17.36
58,128,8.5,2,20.09
54,82,9.86,1,18.62
24,82,5.29,1,10.83
36,83,8.85,14,41.8
44,138,6.88,8,28.84
34,114,7.06,3,17.92
37,132,6.62,9,30.45
51,95,7.7,14,41.73
24,130,7.93,10,32.73
54,105,8.32,11,37.07
58,117,8.05,4,21.9
58,147,8.87,3,21.89
23,113,8.11,14,42.26
28,100,9.9,9,35.39
32,120,6.6,3,18.31
55,138,8.16,11,36.92
22,82,5.56,11,31.27
49,135,6.94,9,30.98
43,141,5.62,9,29.19
53,97,7.86,9,31.53
38,94,9.46,13,41.44
42,145,8.42,4,22.49
34,109,9.96,14,44.65
49,155,9.13,1,18.34
35,118,9.41,4,23.95
35,143,8.63,12,39.17
24,136,6.15,5,20.44
56,142,7.0,7,26.86
25,86,8.46,8,30.05
23,151,7.99,11,35.74
32,102,7.75,11,35.26
40,155,6.11,6,22.9
40,85,9.73,2,19.82
59,137,5.24,10,29.32
59,93,9.75,5,26.36
21,107,6.2,14,39.26
23,84,7.5,14,40.28
29,147,7.42,8,29.46
40,135,5.28,0,9.71
29,104,9.13,3,22.47
51,106,5.41,1,12.42
48,139,5.57,10,32.03
55,83,5.97,5,20.97
58,108,7.84,5,24.18
22,86,7.54,1,14.81
23,111,9.01,2,18.38
34,99,7.72,11,35.8
37,143,7.59,7,28.05
55,122,5.99,0,12.15
24,109,6.43,7,25.14
50,139,7.36,8,29.54
59,107,9.17,1,18.05
34,119,7.15,5,23.13
47,146,6.83,6,24.02
33,116,8.76,3,20.43
40,138,8.69,9,33.86
44,99,9.12,12,39.57
30,142,9.1,11,36.91
27,152,6.8,2,16.12
37,114,6.28,14,39.33
42,137,9.42,7,30.31
31,89,8.51,11,36.25
43,138,5.11,10,30.24
42,100,6.76,0,11.58
38,122,7.89,9,32.11
46,122,9.57,12,40.55
50,80,6.17,4,18.38
33,125,6.11,6,22.76
24,110,8.53,0,14.67
47,142,8.18,6,26.5
30,125,7.92,8,29.7
48,102,7.1,2,16.69
41,97,9.4,12,39.97
31,141,6.92,10,33.12
40,106,7.59,10,33.9
56,123,5.2,10,29.48
39,125,5.54,14,38.61
30,140,9.84,4,25.0
35,91,5.43,4,17.6
38,95,8.24,6,25.46
27,100,5.07,10,29.24
50,143,9.79,5,26.75
34,92,7.44,10,31.63
57,129,8.8,9,35.25
50,87,6.22,0,11.03
47,135,9.04,0,14.92
57,135,7.38,9,31.14
37,87,9.31,12,39.79
50,159,5.62,6,22.76
38,124,7.59,4,21.85
23,103,6.55,8,28.4
48,100,5.58,1,13.09
57,92,6.52,3,18.39
50,129,6.02,1,12.77
41,130,6.99,12,37.11
40,83,8.39,4,22.69
42,139,5.16,5,20.04
56,147,9.77,6,28.53
56,100,7.82,2,17.26
41,113,9.93,1,19.02
44,152,9.85,11,38.79
41,104,7.82,10,33.35
27,83,5.12,8,24.89
28,143,8.88,6,27.15
42,159,9.72,4,25.31
42,104,9.45,8,32.06
50,119,8.59,2,18.92
54,86,5.22,6,21.39
49,124,6.6,6,23.63
30,84,7.72,2,16.98
25,119,9.84,1,18.03
59,100,6.72,12,36.41
54,113,9.76,2,20.44
58,127,7.4,14,41.81
30,101,5.24,10,29.26
29,140,5.45,12,33.94
52,153,5.98,10,31.15
25,158,9.34,12,39.66
55,82,7.15,13,38.72
31,156,9.09,11,38.32
36,135,7.26,2,17.99
47,144,7.84,4,22.19
40,152,8.16,14,42.59
21,118,7.58,4,20.71
46,105,7.67,0,13.75
31,97,7.53,8,29.13
35,151,7.06,6,24.47
59,94,9.48,11,38.54
38,125,6.19,2,14.55
44,101,9.86,4,25.12
48,117,8.88,10,35.46
45,125,7.77,11,35.4
43,83,6.22,3,16.96
31,100,6.08,3,16.83
53,159,8.6,2,20.34
36,125,5.35,6,22.74
56,102,7.18,9,30.96
43,96,6.3,2,15.75
26,145,5.43,9,26.89
44,80,9.84,14,44.74
58,152,6.66,7,26.8
26,128,6.35,6,23.27
30,114,5.31,14,37.03
42,139,9.37,8,32.8
43,85,5.28,2,13.55
25,120,5.11,12,33.22
48,152,6.48,9,29.95
29,128,7.14,14,40.56
59,105,8.0,1,16.53
48,113,7.85,6,25.53
45,153,6.7,12,36.72
58,83,8.39,7,28.53
47,88,7.11,11,34.86
44,148,7.94,6,26.93
36,88,9.31,14,43.53
22,104,9.64,7,30.45
22,119,9.21,13,42.19
25,146,8.22,0,14.77
41,104,5.03,4,17.33
30,130,6.46,10,31.53
38,97,5.65,1,12.16
46,138,8.64,12,38.38
40,154,5.95,11,33.18
56,138,6.35,7,25.79
41,113,6.85,6,23.99
22,132,6.91,12,35.79
53,126,5.9,11,33.3
43,103,8.53,14,41.88
59,140,6.78,11,34.48
51,136,7.84,7,27.87
24,145,5.66,4,18.5
23,156,5.05,14,38.13
57,99,8.03,8,31.01
30,150,8.69,1,17.06
52,152,8.24,13,40.68
56,113,5.08,6,21.45
47,133,6.7,0,12.99
39,144,9.55,10,36.46
58,151,8.46,7,28.31
21,130,8.92,3,21.73
46,120,5.09,6,20.8
33,80,7.13,7,26.78
55,104,9.64,8,32.61
22,131,5.92,12,33.75
42,150,9.17,11,38.31
59,95,5.18,5,19.8
48,100,6.28,9,28.49
22,81,6.11,8,25.99
31,148,5.07,7,22.83
57,84,8.45,9,31.75
46,152,9.11,13,41.42
48,132,6.63,11,34.9
46,97,8.0,0,14.55
37,98,6.06,3,15.33
23,142,5.88,13,35.93
34,85,7.04,3,17.96
36,142,5.83,3,16.85
56,106,8.99,9,33.43
48,133,6.24,13,37.34
48,110,5.26,6,22.52
45,143,9.34,9,33.3
29,100,9.55,14,43.81
31,93,8.15,5,23.13
57,159,5.61,6,23.64
41,81,8.58,9,32.19
22,97,5.81,1,11.56
54,97,6.19,7,26.37
33,114,6.23,6,23.42
25,157,8.87,7,29.81
31,104,5.32,2,13.43
49,86,8.25,2,17.76
48,82,5.95,11,32.97
48,136,7.81,4,22.05
25,155,6.49,14,38.9
40,133,6.02,2,15.61
57,95,8.55,0,14.71
59,99,9.2,4,23.52
30,84,9.49,12,39.69
52,140,6.98,13,39.17
49,110,6.89,7,26.39
22,103,8.72,13,41.39
21,142,9.61,7,30.17
40,124,9.1,7,29.05
21,123,7.28,14,40.52
24,159,7.7,4,20.77
35,118,5.63,3,16.71
50,107,6.59,8,27.41
26,84,5.58,10,29.76
58,156,6.58,7,26.58
21,94,7.39,3,17.84
27,128,7.6,13,39.64
25,83,7.04,8,27.34
27,93,5.08,8,25.57
56,89,7.67,9,31.3
23,123,6.82,8,28.14
32,156,7.34,5,22.84
35,115,5.4,3,15.64
40,138,7.79,10,33.85
41,111,9.09,12,39.31
52,144,5.54,6,22.78
32,143,6.4,11,34.71
57,83,6.61,0,11.84
27,80,5.19,11,31.41
51,156,7.22,3,19.45
21,100,5.65,4,17.4
31,158,5.78,6,21.77
54,120,8.01,2,18.82
39,120,7.06,9,30.81
31,89,8.96,9,32.77
53,83,5.01,1,10.91
53,148,9.39,5,26.32
28,123,7.82,6,26.09
28,138,8.41,4,22.89
54,117,6.72,8,26.82
47,103,5.23,6,22.38
49,103,6.34,4,19.2
34,98,6.53,4,20.03
54,122,6.95,6,24.16
57,154,8.6,11,38.05
21,158,8.88,12,39.16
29,92,9.55,11,37.37
30,111,5.43,14,37.62
50,89,8.0,3,19.97
38,138,5.61,1,12.54
37,125,9.04,8,31.37
26,111,6.74,13,37.98
31,128,5.6,9,28.64
44,118,7.06,0,12.62
56,130,7.91,1,16.88
53,95,9.33,4,24.82
53,118,8.4,13,40.49
38,139,8.52,7,28.95
25,84,8.22,2,17.4
51,143,6.5,6,23.95
36,127,5.06,1,11.85
22,105,8.06,10,33.54
29,130,7.08,5,22.31
22,147,6.06,13,36.85
57,105,9.81,6,29.23
40,99,6.96,7,25.66
37,156,6.27,14,39.41
45,150,5.04,5,20.09
39,103,8.87,14,43.51
28,146,5.89,8,26.76
31,146,7.02,1,14.44
33,129,8.0,8,31.21
33,95,5.34,1,11.57
29,112,7.2,7,25.94
25,157,5.22,2,14.1
38,129,7.05,1,14.54
34,81,5.72,1,11.27
54,138,5.11,11,31.74
42,120,6.01,12,35.81
53,156,8.21,9,33.38
44,142,9.07,3,22.07
49,141,7.9,12,38.45
33,81,5.42,2,13.24
47,86,5.13,14,37.8
21,156,9.84,11,38.34
27,87,9.57,13,41.45
24,82,8.96,3,21.2
30,93,7.65,9,30.77
55,151,6.72,10,33.95
59,112,9.21,12,40.02
36,106,8.85,2,18.93
47,90,7.07,10,33.35
40,90,7.03,7,26.03
30,97,7.34,14,40.15
53,153,5.53,8,27.92
27,121,8.61,13,41.33
42,82,6.22,10,31.36
37,111,9.93,13,42.34
29,115,6.72,5,21.7
30,89,6.61,7,25.19
56,134,8.43,7,29.25
51,150,8.72,12,39.87
51,104,8.19,6,26.07
25,141,7.53,14,40.77
38,113,6.64,14,39.29
26,104,6.05,9,28.37
48,152,8.01,4,22.42
44,87,6.1,4,19.39
25,132,6.94,12,36.22
48,89,7.83,6,25.66
23,157,7.96,8,29.56
38,80,9.66,2,20.2
24,137,5.79,5,20.79
52,98,7.38,12,37.36
52,157,9.32,5,26.19
39,99,6.4,11,33.46
49,127,7.61,2,17.91
53,151,8.05,11,36.32
22,137,8.42,4,22.56
31,117,8.19,5,23.31
53,121,7.6,1,15.46
21,86,6.14,0,10.02
37,148,8.95,0,15.22
36,157,9.65,3,23.14
22,152,8.38,6,27.35
24,99,6.68,0,11.27
52,131,9.98,6,28.83
27,105,6.13,12,34.43
49,135,10.0,5,27.81
29,149,7.55,6,25.68
55,150,7.67,3,20.61
25,141,7.91,6,25.73
41,141,5.67,4,19.13
37,115,8.49,4,22.27
59,99,7.33,3,19.6
34,97,6.55,1,13.81
52,151,8.73,3,21.21
35,106,8.59,12,38.4
41,84,5.21,6,21.34
34,125,6.36,12,35.77
36,120,6.19,1,13.17
21,131,6.71,11,33.7
38,82,7.11,2,15.64
54,137,9.22,5,26.54
46,104,8.52,1,16.59
56,147,9.39,10,36.37
41,120,8.41,3,20.21
21,154,5.6,9,28.45
47,141,7.24,8,29.74
31,120,8.23,3,19.38
58,112,7.36,11,34.99
34,117,5.6,6,21.93
48,97,5.27,1,12.65
47,133,6.76,11,34.54
42,128,9.12,11,37.88
41,140,8.86,5,25.36
44,95,9.63,4,24.63
39,123,7.79,4,20.71
44,110,7.22,13,38.07
46,106,8.97,10,34.99
45,120,7.51,11,35.61
49,82,6.09,8,27.45
30,113,10.0,3,22.81
31,89,5.31,6,20.72
44,136,9.58,3,22.67
44,108,5.94,13,36.52
32,117,9.44,8,32.31
27,156,9.67,6,29.08
37,85,8.9,9,33.55
55,93,9.71,6,28.73
26,83,8.47,9,31.93
32,124,6.75,4,19.03
35,118,9.58,9,33.87
52,153,5.19,3,15.58
43,133,6.14,8,26.24
27,105,9.4,6,27.81
58,108,8.3,6,26.46
51,141,9.09,11,38.38
49,87,7.37,14,40.91
48,118,8.96,2,18.9
32,97,6.98,0,12.49
47,152,6.26,5,21.86
24,101,8.71,9,33.08
41,97,6.06,13,36.98
29,116,6.28,12,35.32
54,112,5.41,5,20.18
57,127,8.08,2,17.94
41,127,7.18,5,23.8
43,81,8.99,7,29.47
44,105,5.01,3,14.76
30,96,5.47,3,15.9
58,83,8.38,3,20.02
26,88,6.02,5,19.75
41,89,7.28,10,32.51
57,148,7.13,2,17.26
49,117,5.27,5,19.69
41,128,9.44,14,44.28
42,119,8.06,6,26.0
55,128,6.02,8,26.96
25,98,5.24,3,15.04
35,116,5.16,12,32.69
39,128,8.49,9,32.96
36,85,9.64,2,20.38
43,143,8.81,6,27.4
24,102,7.17,1,13.19
41,157,9.88,8,33.36
44,110,5.61,12,33.74
46,132,5.91,10,30.95
22,112,9.15,5,25.25
28,96,5.8,8,26.14
29,144,5.76,7,24.26
22,155,7.75,1,15.83
34,146,9.12,0,15.67
40,124,6.93,7,25.82
22,157,7.52,12,36.93
24,116,9.8,11,37.59
55,106,6.21,7,25.5
34,99,6.59,9,28.78
41,158,6.22,3,17.96
35,121,7.43,7,25.94
59,104,6.09,8,27.17
40,149,6.37,13,37.52
26,130,9.68,12,40.32
48,157,6.05,3,17.9
22,118,8.9,3,20.76
48,109,7.2,4,20.07
54,126,6.33,9,29.86
34,126,6.3,8,27.7
29,129,5.99,7,25.06
43,107,7.18,5,22.15
55,110,6.66,3,18.36
42,152,7.32,8,29.71
25,127,7.66,10,33.43
49,145,5.05,10,30.53
55,132,9.0,14,44.94
54,139,8.72,14,42.66
24,126,6.57,11,33.94
29,124,6.87,1,14.26
34,80,9.84,2,19.58
25,145,8.76,9,33.94
47,102,5.64,4,18.5
31,99,5.39,10,30.96
50,112,9.81,1,18.69
57,127,8.59,10,35.23
59,95,9.53,14,44.48
54,118,7.16,11,34.97
44,86,7.21,5,23.5
36,141,5.01,0,8.76
50,123,9.95,3,24.2
44,128,8.8,1,17.33
23,83,6.62,5,21.83
49,92,7.53,10,32.01
32,105,6.48,4,18.78
47,92,5.43,4,18.12
49,122,7.92,0,13.44
22,91,7.76,14,41.18
49,157,7.47,11,35.04
29,112,10.0,9,34.01
48,146,9.51,5,26.71
57,86,8.12,7,28.28
43,158,6.57,4,19.98
33,86,5.73,11,32.09
25,122,9.22,3,21.72
52,127,5.79,5,20.1
48,105,5.29,12,33.97
35,155,8.57,6,27.87
44,138,6.27,4,20.46
52,135,9.49,4,25.13
41,119,9.45,14,43.56
25,145,7.87,3,19.26
57,94,8.7,11,37.18
56,123,5.59,8,26.72
48,138,8.05,10,34.16
52,113,7.5,7,27.37
43,91,6.26,13,37.13
36,85,9.48,7,30.3
30,89,9.38,13,41.33
49,159,9.1,2,19.97
47,104,9.37,3,23.31
55,119,9.66,9,34.39
44,127,7.79,10,32.78
43,135,7.59,1,15.45
23,139,9.73,14,44.2
56,86,9.47,3,22.9
34,126,7.94,14,41.99
24,93,5.65,2,14.57
52,81,8.8,5,24.73
40,142,5.87,5,20.88
37,116,9.28,13,42.27
49,148,8.49,10,35.6
59,101,7.7,2,17.03
52,149,9.76,3,22.96
24,124,8.33,8,30.46
44,86,6.15,3,16.28
22,84,6.33,11,32.85
34,105,5.87,11,31.35
58,126,9.43,3,21.92
54,145,6.42,1,14.46
22,100,9.77,14,43.84
56,145,7.28,0,13.24
26,81,9.32,6,27.32
56,97,7.21,12,37.09
42,143,9.79,11,38.72
25,125,8.94,5,25.83
58,148,9.69,12,41.26
42,88,9.13,1,16.95
31,93,8.35,7,27.47
51,147,9.48,1,19.16
49,144,5.5,2,14.57
53,119,7.11,2,17.79
42,101,7.26,0,12.69
47,94,9.28,7,29.8
28,104,7.73,14,40.94
26,143,7.65,10,34.55
45,130,6.4,8,28.03
54,111,7.73,12,37.68
29,121,9.56,8,31.93
56,96,8.96,13,41.52
51,113,8.72,12,39.73
39,148,8.46,0,15.62
21,126,7.03,10,31.83
44,121,8.98,10,36.03
54,129,6.6,1,15.38
37,132,9.21,10,35.8
54,93,9.82,6,29.67
55,146,6.63,8,28.38
56,99,8.65,5,24.97
33,140,9.44,14,44.1
45,102,7.66,2,17.31
32,102,8.95,11,36.55
41,100,8.03,10,34.52
57,123,9.32,12,40.62
58,84,9.41,7,30.08
21,131,8.23,4,22.17
26,152,6.29,9,29.04
31,118,8.06,0,13.22
36,101,6.47,12,35.01
42,148,5.11,4,16.84
31,147,9.96,6,28.82
57,100,7.21,5,22.5
46,84,7.3,1,14.79
46,140,7.74,9,31.91
41,156,8.78,2,19.45
46,159,8.79,12,40.4
35,90,7.76,1,15.25
59,146,9.07,4,24.45
55,147,6.06,7,25.42
31,88,9.24,12,39.29
29,130,5.59,9,28.58
43,139,8.28,6,26.89
24,124,5.05,6,21.44
50,139,9.94,5,27.28
48,137,8.22,0,15.25
45,155,9.59,0,17.47
42,133,7.83,3,20.64
45,128,9.97,7,30.57
46,92,7.68,0,13.36
49,100,7.1,4,20.61
52,100,8.78,12,39.55
46,106,5.52,13,35.49
48,148,6.3,5,21.78
40,134,7.81,12,38.1
22,144,7.02,0,12.84
43,95,7.45,11,34.86
59,101,9.27,10,36.15
25,99,5.98,6,23.38
41,128,5.56,13,36.34
42,151,7.34,12,37.61
31,125,6.09,3,17.26
50,128,5.09,7,24.0
48,145,8.58,9,34.22
56,141,7.14,8,29.0
37,142,8.58,13,41.15
41,111,6.03,2,15.63
57,92,6.51,13,37.6
56,121,8.26,13,39.54
45,89,8.36,9,31.53
44,126,8.74,13,41.4
50,148,5.52,3,16.73
55,139,9.12,5,26.82
41,140,7.94,9,32.59
26,137,5.6,1,13.12
41,104,7.19,4,19.86
28,150,6.89,12,36.15
25,141,5.86,0,10.13
30,140,9.36,2,20.02
51,124,7.77,9,32.06
50,106,7.29,3,19.76
41,131,5.85,6,23.64
56,138,8.03,9,31.81
47,122,5.61,1,12.42
58,107,7.64,5,24.42
55,100,6.59,0,12.05
52,113,7.89,5,23.1
46,126,8.4,12,39.61
24,106,9.74,12,40.27
47,94,8.06,0,13.67
56,84,6.69,4,20.32
57,143,9.19,1,18.3
47,96,8.4,12,38.21
26,87,7.09,5,21.58
38,136,5.28,8,26.08
46,136,9.1,0,15.46
44,127,8.66,13,41.2
27,97,7.32,1,13.67
34,121,7.82,12,36.89
33,148,8.87,14,43.99
46,133,7.37,9,30.75
22,95,8.26,3,20.16
43,155,7.4,13,39.29
48,96,8.12,14,42.84
21,123,7.55,0,13.4
52,112,6.32,2,15.21
32,90,8.15,5,23.96
55,119,7.39,6,25.29
46,116,6.35,2,15.65
51,154,9.35,0,16.57
32,107,6.75,10,32.68
49,109,6.57,9,29.63
25,125,5.25,7,23.82
55,157,5.7,3,16.97
27,122,7.05,12,36.36
36,87,7.85,3,19.8
52,122,5.34,6,21.99
37,112,7.97,5,24.09
41,134,7.87,13,40.07
47,137,5.26,10,30.23
35,100,8.29,5,24.3
43,126,8.9,7,30.22
28,130,8.55,10,33.88
45,108,6.64,12,36.71
31,95,5.25,2,14.16
41,147,7.85,4,21.78
30,148,8.41,2,18.35
29,98,9.27,12,39.94
21,118,5.17,9,28.47
42,149,6.43,12,35.96
26,109,5.05,0,8.82
50,107,7.03,7,26.92
54,142,6.18,3,16.66
33,92,5.37,6,21.53
42,146,8.79,6,28.21
26,143,8.23,3,19.48
44,137,7.12,8,29.63
41,147,5.82,1,12.69
59,89,7.75,9,31.81
43,130,6.13,2,15.5
25,149,6.07,7,24.65
27,80,7.34,1,15.1
23,80,6.19,10,31.16
33,86,7.7,13,39.14
32,159,5.19,5,19.79
26,83,6.25,10,30.43
54,95,8.48,4,23.77
35,150,5.82,7,25.44
38,104,8.11,2,17.96
23,94,5.1,9,26.08
42,88,8.25,1,16.25
55,90,8.28,2,17.87
48,150,6.44,13,37.64
32,132,8.62,12,38.9
21,118,5.93,0,10.41
56,82,6.98,2,16.8
50,150,9.53,13,42.01
43,82,8.87,4,24.11
57,91,9.26,3,22.25
48,82,6.9,6,24.62
25,150,9.89,1,19.82
56,102,8.29,8,30.83
30,117,5.01,0,9.16
25,158,5.37,8,25.68
34,121,8.49,11,36.62
44,84,9.73,9,34.64
48,120,8.72,6,27.46
41,132,7.61,8,29.4
32,141,6.0,1,12.98
40,103,9.01,9,34.01
52,107,7.87,11,35.62
58,88,5.84,5,21.42
41,140,6.09,11,33.83
37,132,6.93,5,22.07
21,96,6.78,11,34.31
48,144,7.03,3,19.6
22,88,6.97,3,17.79
37,149,9.0,10,36.74
59,94,6.15,5,20.64
34,85,6.17,10,30.93
34,97,5.26,12,33.15
38,137,8.84,9,32.75
54,102,7.79,5,24.01
21,106,6.59,4,18.68
38,156,7.72,1,15.66
54,154,8.76,1,17.64
43,94,7.62,0,13.6
36,109,7.97,9,31.0
39,85,5.89,11,31.77
57,104,9.86,5,27.66
26,110,9.3,11,38.12
44,90,6.49,5,20.75
37,147,5.33,0,10.23
36,158,7.6,2,18.68
59,103,9.43,10,36.71
26,93,5.07,2,13.35
36,103,7.82,13,39.39
29,148,5.11,3,15.98
49,105,5.1,7,23.85
24,121,7.16,8,28.25
46,127,8.97,5,25.92
58,130,5.13,2,14.07
46,146,7.58,11,35.91
34,97,8.61,2,18.93
55,107,6.33,8,28.2
44,109,7.81,12,38.18
28,81,9.42,11,37.27
45,152,9.1,4,23.89
24,144,8.27,6,25.27
35,115,6.17,5,21.1
36,100,5.53,3,16.91
31,141,5.71,8,27.02
48,133,9.97,13,42.4
27,107,8.61,1,16.68
58,111,6.07,13,37.99
44,137,7.96,6,26.71
51,149,5.1,14,38.6
24,102,9.14,10,35.63
57,149,8.99,14,43.62
55,143,8.29,8,31.1
26,110,6.05,7,25.65
53,98,7.5,0,13.01
52,151,8.4,9,33.56
58,87,6.86,8,28.53
55,143,8.01,1,15.58
37,156,6.59,4,20.02
52,120,7.54,13,39.69
34,130,6.41,0,11.63
39,86,8.55,8,31.22
44,131,5.73,1,12.51
59,151,6.77,14,41.33
31,82,8.53,5,24.53
27,96,8.47,3,20.16
44,84,7.61,4,21.17
44,139,5.44,9,28.87
34,152,7.43,4,21.16
44,149,5.58,10,30.41
31,87,6.81,1,13.81
28,123,6.31,2,14.95
35,105,9.54,4,23.97
22,127,7.33,14,41.13
44,105,8.88,13,41.31
30,137,7.21,9,30.77
52,146,6.52,7,26.5
37,137,7.17,12,37.07
30,104,9.47,13,42.49
42,94,5.5,5,19.7
26,90,6.9,5,21.81
47,85,6.23,0,11.31
40,81,7.44,7,26.44
21,102,7.96,6,25.89
37,86,8.56,7,29.04
21,141,5.67,6,20.96
57,109,7.95,11,36.55
35,159,8.87,9,33.56
21,80,8.41,5,23.56
37,156,7.4,11,36.48
58,115,7.97,1,15.45
22,80,9.5,4,23.07
38,101,7.5,9,30.88
32,141,9.1,3,22.05
49,159,9.79,2,21.46
43,123,5.3,8,25.92
29,88,9.31,11,37.87
28,117,5.55,12,34.74
36,101,5.33,1,11.29
43,120,7.14,2,16.44
49,81,7.46,5,23.74
30,80,5.43,1,11.18
32,89,9.8,2,20.44
32,129,5.27,9,27.12
50,103,8.49,4,23.45
30,126,6.74,5,22.28
34,125,5.65,12,34.04
24,153,9.05,6,27.7
40,99,9.01,11,36.7
59,155,9.53,3,22.67
27,139,9.19,9,32.84
50,102,7.64,5,23.07
44,102,5.53,10,30.54
30,152,9.03,1,17.93
58,141,5.18,11,32.54
56,83,8.5,3,20.54
37,106,5.25,9,27.96
41,136,6.2,7,24.66
23,147,7.36,14,40.52
21,145,7.94,6,25.46
38,150,9.52,8,32.03
22,136,9.94,11,38.97
24,122,8.73,9,32.24
52,127,10.0,2,20.17
39,121,6.06,1,13.38
40,91,7.29,9,30.75
27,133,8.98,13,41.11
29,158,5.04,8,26.0
27,153,7.55,7,27.37
47,114,9.34,2,20.6
41,119,8.11,12,38.14
55,132,8.66,4,23.13
44,111,9.28,12,40.29
52,84,9.42,11,37.65
32,108,6.92,0,11.74
43,90,6.26,10,30.43
56,108,6.94,9,30.15
49,99,6.53,7,25.05
23,122,7.49,14,41.28
28,149,6.98,13,38.36
54,87,5.54,11,32.29
34,124,9.31,0,16.21
56,145,6.11,1,13.75
52,141,9.38,5,26.52
27,134,5.92,0,10.81
30,117,8.75,6,26.96
32,145,5.86,5,19.91
43,94,7.74,14,40.69
31,112,9.73,10,36.18
33,90,8.29,2,18.33
32,119,5.22,5,19.9
27,120,8.34,6,26.35
30,158,5.54,5,21.2
27,84,5.32,9,28.48
47,152,7.48,14,41.54
27,83,9.36,2,20.59
44,147,9.38,2,20.42
43,116,8.35,8,31.63
45,92,6.58,14,39.36
56,100,9.17,6,27.35
53,90,8.95,10,34.77
57,155,9.98,1,19.8
59,93,7.46,11,35.16
27,115,9.3,4,23.71
50,92,8.12,6,25.94
51,138,9.09,7,29.58
57,148,5.25,4,18.46
41,100,6.62,0,11.37
54,152,7.52,12,39.01
41,143,5.77,10,31.31
40,134,7.11,5,23.28
54,144,6.27,11,33.85
28,130,5.86,1,12.15
52,148,7.26,9,32.07
50,155,7.43,6,25.38
49,104,6.12,4,19.25
25,104,7.09,1,14.65
50,91,7.22,7,26.82
32,90,8.51,4,21.66
59,127,9.59,2,19.99
47,82,7.27,5,22.59
33,154,9.97,3,23.16
30,128,5.71,5,20.65
56,112,8.69,1,17.83
51,126,6.28,10,30.78
36,152,5.29,2,14.51
59,97,5.21,3,15.79
56,80,5.19,4,18.01
46,149,8.1,10,34.45
40,84,7.27,7,26.22
54,82,9.16,10,35.73
57,149,9.76,11,38.68
28,90,5.76,1,12.95
24,154,8.61,9,32.78
49,119,7.93,6,25.83
51,143,9.56,7,31.59
22,159,6.21,3,17.4
45,137,5.49,8,26.02
58,104,6.96,9,31.21
23,109,5.86,14,38.33
25,119,9.5,14,43.85
42,104,7.89,10,33.24
36,89,8.6,6,26.64
29,136,5.93,14,38.83
29,114,8.9,11,37.38
32,106,7.76,3,19.02
24,147,9.76,8,33.14
38,141,7.56,3,19.35
38,159,5.05,4,18.86
53,108,5.12,9,27.61
23,100,6.13,0,10.51
58,120,8.87,13,41.7
37,110,5.98,9,29.85
32,98,6.64,5,22.78
31,117,7.03,11,34.56
37,111,5.56,6,22.05
55,83,8.93,7,28.61
26,157,7.7,1,15.71
55,144,6.26,13,38.45
26,127,7.34,14,41.0
52,111,8.53,14,42.29
31,87,8.52,6,26.06
59,84,6.18,3,18.04
33,151,7.15,11,34.98
33,128,5.14,3,16.27
59,149,7.12,1,15.38
54,132,5.28,7,24.09
23,139,5.11,12,32.93
52,140,7.95,11,36.52
24,141,7.73,5,24.06
21,154,9.42,12,40.39
29,92,8.82,7,29.16
27,130,8.83,13,40.54
47,108,9.45,0,16.12
23,99,5.78,10,31.04
42,114,5.06,7,23.5
36,120,6.86,1,13.89
28,123,6.37,4,18.53
25,123,5.51,12,34.35
50,85,6.04,5,21.48
48,142,5.46,5,20.23
47,96,8.71,5,26.09
42,120,7.62,14,42.08
50,102,6.17,8,27.83
57,117,9.39,5,26.91
27,120,9.87,1,17.34
50,110,7.1,4,21.3
33,95,8.7,8,29.98
42,82,8.7,4,22.99
31,159,7.81,7,27.69
25,95,7.31,7,25.34
42,147,8.22,9,33.41
35,148,5.84,10,31.07
59,133,8.63,9,32.81
57,121,5.55,4,19.63
51,143,8.03,3,20.81
49,98,5.13,6,20.71
59,141,9.45,3,23.12
37,82,8.62,13,40.07
26,87,7.35,8,28.48
37,110,8.04,12,37.35
54,98,8.19,9,32.59
43,144,9.55,5,26.5
50,132,7.47,0,13.52
33,92,7.95,9,31.86
50,138,9.15,2,20.23
40,136,7.23,6,25.03
26,122,6.29,4,19.4
51,91,6.56,3,16.93
39,103,5.83,3,16.51
26,121,8.73,8,30.83
54,88,9.7,14,44.93
48,127,5.16,2,13.73
33,147,8.47,3,20.93
30,127,7.01,6,24.47
27,104,6.82,9,30.84
38,103,7.83,13,39.86
42,102,6.45,13,37.11
34,141,9.87,6,29.37
56,158,8.77,8,31.78
28,140,7.31,1,15.15
32,89,7.8,4,20.76
53,89,5.55,14,38.6
44,149,8.44,0,14.17
59,148,8.01,3,21.13
34,139,9.76,10,37.14
25,144,7.81,14,41.17
39,136,5.09,11,32.48
23,93,8.59,8,29.95
21,115,5.88,6,21.93
57,141,7.96,3,19.04
53,155,7.99,1,16.56
37,94,9.59,5,25.77
29,128,7.55,10,33.32
51,159,8.75,1,17.81
55,94,5.52,6,22.68
23,151,9.95,9,35.25
33,123,7.04,3,18.02
57,157,9.3,13,42.56
58,81,8.85,10,35.14
34,155,6.28,10,31.26
26,142,9.22,14,42.62
49,103,6.38,7,25.93
29,81,9.62,5,26.22
56,83,5.29,8,26.16
43,119,8.22,9,32.98
35,86,6.86,2,15.97
27,155,7.45,10,33.91
45,140,7.15,13,38.98
57,123,8.97,3,22.42
43,147,9.92,3,23.1
31,81,5.7,9,28.52
28,124,7.57,9,31.22
56,90,9.02,6,27.95
59,118,8.63,2,18.8
21,152,7.59,5,24.19
33,86,6.88,1,14.76
36,108,7.89,10,33.53
33,143,6.92,0,11.37
57,103,8.28,3,20.48
34,146,9.24,1,16.67
33,80,8.12,14,41.56
32,125,5.63,1,12.45
48,122,7.92,4,22.0
42,89,7.3,4,20.83
40,158,9.66,14,44.02
39,154,7.94,14,41.91
31,112,8.7,10,34.64
50,140,8.09,1,17.06
46,117,9.99,9,35.42
35,99,9.04,2,19.89
50,151,8.95,4,24.24
49,132,7.36,8,29.02
52,134,9.49,10,36.51
50,96,7.95,2,17.59
36,125,7.69,0,13.47
56,81,7.98,0,12.99
38,90,8.76,11,36.63
59,157,5.07,1,12.37
48,89,7.92,12,38.13
39,102,9.28,13,41.73
31,123,6.84,4,20.61
37,154,5.98,3,17.86
41,135,5.59,9,28.9
57,107,7.88,7,27.86
54,106,6.8,13,38.49
53,127,8.79,10,35.43
49,151,9.12,9,34.99
24,116,9.49,5,25.95
52,143,5.04,3,15.98
31,126,9.07,5,26.12
46,128,8.11,5,24.03
38,145,6.61,8,29.12
52,124,6.67,7,26.83
47,137,7.81,6,26.17
36,144,5.02,11,31.52
30,147,6.66,11,34.08
54,82,9.49,0,16.03
53,150,8.25,2,19.56
30,89,5.78,12,33.72
46,89,9.16,11,37.84
45,118,8.64,10,34.64
22,144,5.32,9,28.5
46,137,9.82,10,37.27
40,116,9.11,6,27.87
23,154,5.71,9,28.83
52,113,9.36,9,33.98
21,89,9.63,13,41.82
44,157,7.55,12,37.55
53,117,6.45,12,35.57
58,140,7.82,11,36.52
55,145,8.46,9,32.22
37,153,6.27,6,23.2
53,108,6.4,14,39.98
31,129,8.85,11,36.67
43,144,8.35,13,41.27
58,83,6.77,8,27.97
52,103,6.85,13,38.55
39,120,8.66,8,31.4
32,101,6.72,9,29.31
48,89,6.54,9,29.3
22,123,8.83,0,14.08
30,139,7.09,7,26.42
39,105,8.96,6,26.23
48,93,9.01,1,16.46
28,91,9.77,12,39.97
43,99,8.19,0,13.74
50,114,8.53,6,26.87
48,142,7.14,9,30.68
33,96,8.05,7,27.3
57,107,6.03,3,17.85
32,159,8.29,9,32.21
30,116,9.55,0,16.2
37,102,5.91,8,26.59
21,94,7.65,13,38.91
42,92,6.15,6,22.44
35,93,5.41,14,37.82
36,88,5.42,14,38.05
40,87,6.1,0,9.53
30,157,6.71,1,13.82
46,150,6.1,13,37.09
43,146,8.95,10,35.14
37,102,5.37,0,9.23
54,120,5.21,6,22.77
42,154,5.91,5,21.25
24,111,6.15,14,38.13
27,144,8.33,12,38.62
25,106,5.03,10,29.73
51,143,9.57,9,34.63
39,152,6.42,9,29.93
24,146,5.52,1,12.01
42,132,9.77,9,34.76
23,89,9.52,4,23.43
43,130,5.43,13,36.42
24,111,7.22,7,26.15
44,144,8.16,8,30.83
34,125,8.93,11,37.65
23,151,9.91,12,40.92
41,89,8.79,2,18.86
46,141,7.72,2,17.16
21,150,5.17,3,16.05
50,152,6.03,13,37.56
24,133,9.34,3,21.75
34,118,6.97,9,30.9
38,108,5.51,4,18.01
32,95,8.98,6,27.95
58,123,5.61,14,38.55
56,146,6.42,12,35.94
36,148,5.15,9,28.42
21,149,6.49,4,19.69
23,96,9.09,6,27.37
59,121,7.22,1,15.02
55,119,6.04,13,37.04
35,93,7.4,13,39.55
58,111,5.02,7,23.62
36,122,8.5,4,22.83
37,156,5.03,14,38.25
54,126,6.57,13,37.75
30,102,5.91,3,16.61
31,139,9.73,14,44.22
48,91,5.62,1,12.73
47,137,8.06,5,23.59
58,101,6.86,10,33.62
38,143,8.61,0,15.29
50,153,6.68,12,36.8
33,91,5.53,14,37.42
36,103,5.2,10,29.83
22,151,9.95,2,20.66
40,99,9.82,8,31.75
32,82,6.08,1,12.97
49,150,5.44,9,28.54
28,102,8.04,8,28.76
58,138,8.45,2,20.43
40,112,8.67,13,40.34
55,125,9.56,6,28.71
59,114,6.27,2,15.56
51,101,6.11,12,34.63
36,113,5.37,6,22.06
43,115,5.75,4,17.82
54,105,8.25,6,26.8
52,120,7.43,7,27.09
37,89,8.59,6,25.97
44,86,8.11,8,29.61
55,121,8.53,8,31.1
43,90,7.65,7,27.53
28,151,9.74,12,39.68
43,150,8.37,7,28.9
41,151,8.53,1,16.35
39,85,9.42,0,14.35
51,125,8.05,9,33.52
27,84,6.14,13,36.57
44,159,7.13,3,19.41
28,124,8.63,11,36.37
33,93,9.63,12,39.88
23,113,7.4,1,14.47
54,135,6.12,7,26.25
33,137,6.57,1,13.88
52,129,7.13,7,27.63
55,146,8.65,2,18.83
41,135,5.53,13,36.62
21,99,5.24,1,11.24
22,92,9.99,2,20.59
46,152,6.76,9,30.07
23,124,6.28,10,30.79
44,110,8.14,5,24.11
46,149,9.66,1,19.06
28,120,7.2,12,36.59
57,125,9.05,9,34.08
28,81,6.38,7,23.9
38,86,7.68,13,38.72
38,91,7.75,2,16.7
32,143,6.18,8,27.26
56,122,7.86,5,24.84
22,130,7.88,8,30.37
40,99,7.89,0,13.28
23,92,7.01,2,15.65
54,126,8.18,10,33.62
26,105,6.7,14,40.25
30,137,6.96,6,24.17
44,101,5.21,2,13.94
38,138,9.78,13,43.12
53,154,8.59,8,31.33
59,94,8.7,11,36.82
27,124,8.93,5,25.32
49,126,8.59,6,27.22
39,110,9.34,3,22.2
58,108,5.11,12,33.33
59,120,5.52,13,37.08
45,97,7.1,0,12.44
37,89,9.31,6,27.32
57,88,6.45,2,15.1
23,131,8.74,0,14.46
44,106,6.34,10,30.48
38,105,9.99,13,43.31
46,108,9.21,8,31.99
41,99,7.31,9,31.19
31,152,9.44,6,28.51
37,147,8.03,1,16.31
58,94,5.65,7,24.86
41,131,8.29,3,21.1
24,159,7.58,10,34.87
52,80,6.01,9,28.71
38,98,5.4,10,29.62
48,105,9.42,7,29.81
56,138,6.92,14,41.07
57,83,9.43,6,28.61
46,141,8.72,8,31.85
44,136,5.15,2,12.89
30,139,9.07,11,37.35
58,114,6.16,13,37.33
28,114,7.09,8,28.83
22,119,6.78,12,35.62
55,100,5.07,7,24.17
41,106,9.27,11,38.73
47,126,8.53,7,29.06
43,92,7.34,13,38.31
52,133,6.94,0,11.84
46,85,9.8,13,42.99
27,110,9.38,7,29.77
53,112,9.93,4,24.75
37,88,6.61,8,28.58
28,148,8.16,11,36.9
37,123,6.5,5,22.08
38,137,5.31,1,11.54
56,117,9.22,0,15.91
59,123,7.17,5,21.94
43,147,9.37,11,38.63
32,111,7.21,7,26.95
43,82,5.23,4,17.72
53,138,5.24,12,34.9
48,91,8.47,2,18.76
43,125,8.64,10,35.01
27,111,9.92,9,35.14
22,110,7.14,7,26.23
21,92,9.07,13,41.07
24,128,6.48,4,19.64
28,148,6.21,13,37.83
49,143,5.14,12,34.38
38,105,7.66,12,37.59
57,128,6.2,6,22.51
51,102,8.0,4,21.69
26,145,6.63,12,35.17
44,82,8.62,9,33.4
35,156,8.23,13,40.03
32,100,9.7,7,29.92
34,125,7.41,11,36.14
47,118,6.29,13,37.69
57,157,7.18,0,14.49
33,117,9.76,7,30.13
58,107,8.01,12,37.12
58,148,8.09,14,43.38
23,124,9.76,8,32.53
36,141,9.86,13,42.73
32,96,9.7,8,31.69
34,119,7.6,7,27.69
54,114,8.59,10,34.97
51,136,6.85,11,34.88
59,104,9.61,0,16.55
25,94,9.42,11,37.39
32,98,8.49,14,42.61
46,130,5.74,13,37.5
37,92,6.79,7,26.36
31,157,9.67,11,38.29
53,104,9.04,8,30.87
24,102,5.64,6,22.05
52,138,9.79,4,24.15
51,95,5.56,7,24.36
31,130,5.08,5,19.49
37,89,7.35,2,17.05
47,151,9.53,6,28.98
28,134,5.64,4,18.58
41,141,5.27,9,28.3
53,124,8.96,14,43.61
25,145,7.38,8,29.07
52,104,10.0,10,37.34
45,137,5.62,6,22.78
28,143,5.24,10,29.65
47,123,6.44,3,18.2
46,103,5.52,6,22.43
49,130,5.37,13,36.22
29,142,9.98,10,36.69
38,103,9.54,7,29.85
27,127,7.64,9,30.82
41,99,5.18,12,33.43
36,111,9.23,6,27.98
23,113,6.84,8,26.91
52,131,8.64,8,31.07
30,117,8.71,7,27.85
52,93,9.41,3,21.63
28,103,9.99,7,30.55
52,151,9.56,8,33.35
24,87,8.85,0,14.9
49,85,6.72,14,38.69
32,154,9.49,0,16.78
57,122,6.46,4,18.75
56,134,8.25,4,22.51
39,156,9.94,1,18.79
57,106,9.5,11,38.0
51,103,7.79,13,39.86
46,146,5.59,8,27.06
26,85,8.94,4,23.23
49,145,7.83,3,21.22
37,95,7.91,4,21.41
40,136,7.71,1,14.73
30,141,6.65,3,17.2
26,144,5.59,7,24.46
52,97,6.43,0,11.98
22,159,9.0,12,39.85
30,117,5.36,0,8.93
57,97,8.29,7,28.17
47,93,6.59,8,28.14
39,105,6.61,11,34.81
36,149,7.61,1,15.93
40,90,6.97,6,23.64
56,81,9.15,9,32.86
25,104,9.38,8,31.55
38,146,9.02,9,33.37
28,140,9.58,1,19.19
33,119,7.61,5,24.0
30,109,6.7,0,12.0
56,88,6.28,6,22.95
39,109,9.12,2,19.63
51,100,6.36,3,17.37
56,124,8.48,5,24.83
49,91,6.75,0,12.99
43,121,7.64,10,33.2
52,132,9.25,5,24.99
31,109,5.82,8,25.29
22,125,6.53,2,15.9
52,149,5.37,6,22.36
25,158,6.8,0,12.46
51,139,8.49,14,42.52
33,134,7.78,5,23.92
42,133,6.71,2,15.11
55,109,7.19,1,14.57
39,158,6.15,12,35.65
49,138,8.18,1,16.82
43,115,5.82,1,11.87
39,137,6.39,5,22.58
36,136,8.58,7,29.09
51,86,6.57,8,27.71
36,158,8.73,2,19.08
46,131,5.67,9,28.04
23,130,8.53,3,20.58
43,93,7.36,8,29.23
29,153,7.56,8,28.32
44,103,7.34,5,22.64
53,117,6.3,0,11.58
34,81,8.21,10,34.41
48,150,6.58,11,34.51
44,114,7.23,12,37.28
27,119,6.41,10,31.36
58,129,6.9,10,32.82
45,105,5.01,1,11.37
22,94,7.51,5,22.49
21,89,7.55,0,11.75
43,106,7.62,14,41.27
38,105,7.41,4,21.3
28,97,7.13,14,39.91
54,144,8.32,11,36.62
28,145,6.01,14,39.66
49,111,7.87,2,18.32
33,155,9.5,0,16.74
21,156,5.6,10,29.61
49,138,5.76,4,19.4
57,142,9.33,6,28.0
21,138,9.53,14,43.51
25,82,8.85,5,24.74
22,147,5.35,0,9.91
42,95,5.52,9,28.08
50,142,9.37,0,16.34
31,89,9.99,3,22.83
49,93,9.17,5,25.38
23,130,9.69,5,25.77
33,122,9.61,0,15.84
23,147,6.36,1,14.09
30,141,7.16,4,20.59
24,141,9.28,11,38.26
34,111,7.07,12,36.18
43,102,6.57,12,35.33
37,113,5.39,9,28.22
21,154,6.45,13,38.02
35,98,9.92,9,34.23
22,102,9.65,5,26.44
38,123,9.21,0,15.95
59,130,8.8,7,29.44
42,119,6.35,3,17.61
48,135,6.29,8,27.35
50,151,7.49,8,29.33
33,88,7.82,3,20.06
23,93,7.02,6,24.71
23,137,7.8,6,25.89
46,142,7.4,7,27.47
24,113,8.09,1,15.66
36,144,7.63,0,13.85
48,111,6.09,8,27.14
28,87,7.64,5,22.72
36,102,7.64,13,38.56
51,111,5.31,12,34.19
43,117,6.31,2,15.71
22,101,8.0,6,24.99
29,106,7.1,14,40.49
47,140,9.01,5,26.9
42,131,5.31,11,32.1
54,108,5.64,8,26.1
29,92,9.91,5,26.46
53,116,8.14,9,32.58
58,121,8.03,5,24.66
54,124,8.83,10,35.42
55,121,6.61,1,14.16
46,113,8.29,0,13.96
27,113,7.27,14,40.79
47,153,6.81,6,24.14
32,158,5.85,1,13.69
37,106,5.42,9,27.92
41,159,5.08,10,30.69
42,121,6.51,4,20.03
46,105,5.09,11,32.82
59,131,6.37,8,26.78
33,106,8.13,9,30.82
43,130,5.77,0,11.44
50,147,7.26,9,30.88
37,140,5.74,12,35.02
47,113,6.81,12,36.45
40,154,9.34,5,26.74
27,82,8.44,8,29.8
24,104,8.69,6,26.46
51,104,7.38,14,41.24
50,144,9.56,6,29.01
51,155,5.74,0,11.17
24,116,5.6,8,25.35
38,92,6.59,5,21.55
40,94,5.49,14,38.06
43,85,6.51,8,28.57
58,118,7.83,12,37.65
29,92,7.02,5,22.91
36,155,7.19,7,27.55
41,153,5.81,3,17.14
29,105,7.23,6,25.34
45,106,9.61,9,34.38
56,101,5.31,12,32.57
34,159,8.41,14,42.83
37,144,8.17,10,34.83
48,122,9.03,11,37.91
28,122,8.01,13,39.48
34,144,6.99,5,22.02
35,90,8.96,8,31.69
59,113,6.8,0,11.62
45,146,6.26,13,37.71
31,156,7.71,0,13.96
49,137,9.73,4,24.52
23,90,7.75,0,13.29
59,129,9.97,13,43.83
42,151,9.03,6,27.73
57,89,9.3,12,40.53
40,158,8.59,9,33.63
39,87,6.78,10,32.25
33,143,7.42,9,32.05
47,109,8.56,5,24.3
39,115,6.49,8,26.61
36,109,9.27,1,18.44
22,135,7.44,9,30.86
21,148,8.39,2,18.37
23,98,7.48,3,18.7
44,128,9.83,14,44.1
58,156,7.19,6,25.18
22,141,7.11,10,32.1
36,140,8.16,14,41.99
49,104,5.6,13,35.87
57,157,8.56,8,31.55
24,90,5.24,1,11.01
34,109,9.64,10,37.3
37,150,7.67,11,35.81
37,145,6.47,2,16.1
40,114,6.29,4,19.22
49,122,8.66,11,37.31
46,146,5.43,14,39.16
58,130,9.64,0,17.15
37,125,7.53,5,23.23
32,141,8.42,2,18.02
48,141,5.37,3,16.71
29,111,6.22,6,22.49
52,96,5.03,5,19.01
54,130,5.93,10,30.44
36,107,7.77,0,13.17
51,130,7.49,4,23.3
47,98,8.9,9,33.62
49,136,8.21,10,34.05
21,154,8.6,10,35.37
47,86,6.23,5,20.83
52,87,7.56,10,32.73
31,109,9.59,9,33.94
55,86,7.45,13,39.05
22,137,6.1,4,19.07
21,106,7.94,10,33.73
26,119,5.75,6,21.89
27,115,8.35,12,38.24
22,98,7.28,12,36.05
22,135,6.62,0,11.0
25,149,6.2,3,17.2
33,159,8.15,14,41.75
39,103,7.02,14,40.67
39,103,9.19,5,24.84
21,109,5.29,2,13.04
55,118,6.88,10,32.31
38,124,5.49,5,20.45
52,128,9.23,6,28.48
52,114,6.65,4,20.36
28,99,7.92,3,18.89
31,115,8.06,10,33.54
40,154,9.1,6,27.37
28,98,9.87,7,30.31
48,119,6.42,9,30.64
41,101,7.3,2,16.58
58,144,7.72,4,21.67
58,102,6.14,14,39.49
26,103,5.84,0,10.3
22,118,5.04,5,19.53
30,117,5.26,8,25.59
29,126,8.79,10,35.1
23,86,8.6,9,32.52
22,123,5.13,14,37.33
56,152,7.37,6,26.32
28,120,5.69,2,14.24
29,121,6.06,7,25.19
46,153,9.58,9,35.19
54,158,8.33,8,30.76
50,127,6.71,0,12.58
58,151,9.74,5,26.82
28,101,9.67,7,29.58
23,142,7.03,14,41.31
31,136,6.34,14,40.14
45,135,9.73,1,18.75
25,113,9.23,3,22.11
32,102,7.06,12,36.94
50,107,6.81,1,13.09
47,120,8.22,6,26.93
25,89,9.19,11,36.72
40,131,5.56,14,38.88
41,135,7.95,11,36.51
23,102,6.67,10,31.3
24,89,6.76,1,14.19
44,144,7.92,11,37.08
27,108,9.72,12,40.53
44,125,8.07,8,30.3
31,120,7.52,2,17.29
22,148,8.33,7,27.86
26,123,6.09,1,12.99
27,108,7.99,6,25.78
58,129,6.06,1,13.75
38,99,7.51,2,17.11
29,142,8.07,7,27.82
48,87,7.1,12,36.25
39,144,8.14,8,30.04
24,123,9.4,11,37.01
24,95,5.23,11,30.81
33,148,9.27,11,37.12
48,129,7.81,7,28.05
31,92,8.57,10,33.98
22,144,8.98,0,14.58
26,151,5.76,10,30.5
32,80,5.26,1,12.14
57,99,7.67,11,35.29
44,104,7.14,9,30.39
29,108,7.83,12,38.13
46,146,9.03,3,22.33
24,97,7.04,13,38.47
24,136,8.42,1,16.44
54,132,7.12,13,38.87
42,149,8.75,2,19.37
33,141,9.71,6,28.71
35,131,6.17,9,29.37
58,157,5.33,3,16.04
22,105,7.4,5,22.32
22,150,7.13,2,16.63
28,90,6.18,13,36.49
58,100,8.4,10,34.46
38,148,5.31,1,13.06
49,110,8.08,14,43.27
31,124,5.41,5,20.98
26,143,9.47,4,24.03
29,106,7.86,9,31.25
42,113,7.81,11,35.25
45,129,8.88,6,27.68
51,148,8.73,4,23.42
41,105,5.08,7,23.95
58,127,9.46,13,42.27
39,131,7.88,12,37.86
30,157,9.18,10,36.57
57,84,8.65,1,16.53
32,91,5.16,9,27.01
39,92,5.61,0,9.47
22,95,5.9,0,9.83
35,130,6.75,6,24.52
58,133,7.11,3,18.97
28,147,8.67,6,27.48
55,92,6.85,9,30.03
58,97,9.15,9,34.5
50,155,7.42,8,28.86
29,98,6.74,12,35.97
50,121,9.06,12,39.9
39,150,5.73,13,36.73
49,100,7.96,10,33.11
22,132,5.13,10,29.21
48,80,8.72,3,20.79
28,93,8.05,9,31.82
45,82,9.1,14,43.59
30,88,6.34,6,22.6
42,90,8.92,3,21.15
55,102,6.49,13,37.59
44,109,6.79,6,23.93
46,126,9.71,5,26.4
51,84,7.29,9,31.08
43,109,7.61,2,17.6
22,147,9.68,5,26.28
59,108,9.74,1,18.07
53,124,6.71,11,35.08
44,86,7.3,10,33.09
32,95,7.65,13,39.17
57,151,6.54,5,23.04
29,120,8.4,10,34.13
23,140,6.29,7,24.68
43,130,5.79,7,25.48
44,134,9.66,14,44.77
53,143,5.06,7,24.34
50,130,8.08,4,23.0
58,100,8.47,10,35.29
22,137,8.74,11,36.02
42,159,7.57,14,40.67
31,126,6.24,7,24.57
32,90,9.02,9,33.79
39,140,5.42,4,17.32
40,151,9.78,3,23.04
29,85,6.57,9,29.34
38,154,5.36,7,24.47
38,107,5.51,7,25.47
56,121,9.95,8,32.82
47,131,8.04,0,14.6
33,90,8.05,4,20.64
28,149,9.12,12,40.29
43,119,7.45,2,17.95
33,109,6.26,3,17.19
27,135,5.75,1,12.95
22,157,5.65,0,10.55
23,156,8.97,0,15.71
59,85,9.36,13,42.05
43,128,9.18,7,29.82
27,112,9.84,12,41.16
24,90,9.37,3,20.95
28,144,7.06,7,25.91
52,106,5.82,12,34.06
39,109,8.93,3,21.22
32,125,7.54,7,26.56
30,105,6.76,0,12.5
34,107,5.11,3,15.18
47,111,8.98,4,23.56
41,153,9.38,2,20.46
40,91,7.84,11,34.88
24,95,9.77,2,20.2
39,150,5.22,8,27.13
49,131,5.39,10,29.98
27,81,5.6,14,38.37
53,152,6.83,11,34.1
28,107,6.77,4,20.24
31,141,8.09,14,42.83
53,108,9.25,5,25.38
45,135,5.48,7,24.66
53,104,7.59,12,36.69
56,153,5.35,1,12.58
46,120,5.61,0,9.95
56,84,8.83,7,29.52
31,141,7.76,4,21.82
50,141,6.46,6,24.06
53,84,6.57,4,19.37
30,147,7.55,7,26.87
49,116,7.14,0,12.11
45,147,5.43,12,34.61
52,111,6.81,7,26.47
24,93,7.86,11,35.19
59,142,9.26,1,18.71
54,151,6.59,8,28.99
42,109,6.15,2,14.62
33,156,6.56,4,20.25
56,122,7.1,3,19.5
26,132,7.95,1,16.3
37,132,9.23,14,43.08
46,108,5.76,14,39.05
44,107,8.61,4,23.27
29,157,8.88,2,19.53
22,153,8.33,0,14.23
40,150,9.51,8,32.07
47,128,9.33,5,26.15
26,115,9.65,14,44.74
47,106,8.1,3,20.72
44,136,5.05,14,38.1
35,107,9.3,6,27.97
53,109,8.07,3,20.53
30,123,7.23,5,21.8
41,122,8.53,5,24.38
26,134,7.91,10,33.99
50,144,6.47,7,26.27
43,106,9.49,1,18.38
56,80,6.32,5,21.06
23,89,5.16,5,18.8
46,122,5.78,1,12.94
54,148,5.89,8,27.36
50,88,9.94,14,44.71
38,146,7.21,0,12.83
37,108,7.81,11,35.64
41,81,9.76,12,40.38
44,93,6.96,12,37.2
24,141,6.9,2,16.87
45,134,5.3,1,12.48
44,108,7.82,0,13.88
47,84,7.84,0,12.96
51,148,8.23,0,14.08
55,145,5.69,4,18.74
40,118,7.9,10,34.3
36,102,5.09,2,13.84
51,95,7.3,8,29.4
27,101,8.15,1,15.86
38,108,6.81,14,40.28
28,148,9.05,13,41.43
47,91,5.77,3,16.47
34,92,8.67,12,37.91
38,87,6.09,9,28.91
21,103,9.98,11,38.38
51,116,8.32,7,28.57
40,115,5.54,0,9.91
26,152,6.14,3,17.97
21,94,9.23,0,15.04
39,138,5.38,6,21.75
59,84,6.92,4,20.09
47,94,5.4,9,27.84
36,97,7.84,0,12.97
34,84,5.39,2,14.25
54,96,8.67,2,18.47
27,101,9.45,10,35.25
40,143,6.62,5,22.38
51,107,6.29,4,19.08
42,92,8.65,2,19.06
40,124,5.12,4,17.1
35,113,5.86,3,16.97
45,133,5.21,6,22.8
21,112,9.22,7,29.54
37,95,8.63,10,34.45
36,122,9.42,1,17.88
57,140,5.79,10,31.89
41,82,6.54,5,21.93
47,138,5.38,8,26.48
55,99,9.42,1,17.3
44,111,6.19,13,36.18
22,100,8.57,2,19.28
45,125,5.77,13,36.83
39,148,5.01,0,9.42
33,81,9.26,5,25.05
49,150,9.69,12,41.34
52,153,9.47,10,36.44
26,131,5.8,12,35.44
29,80,9.24,5,25.41
21,159,8.25,3,20.79
44,107,9.85,1,18.27
30,140,5.94,13,37.0
55,105,6.13,5,20.7
26,158,9.53,4,24.58
40,91,9.78,3,22.08
58,81,7.04,8,29.05
32,153,9.91,11,38.77
23,100,5.37,2,13.18
38,134,8.42,12,38.52
41,95,9.01,10,34.27
55,116,9.42,11,39.21
57,124,6.8,1,14.2
39,118,8.37,7,28.3
45,120,9.55,9,34.49
38,101,9.97,11,39.62
50,128,9.58,11,37.97
54,96,8.71,0,15.65
30,105,8.17,7,27.76
42,117,8.72,11,38.09
24,117,6.68,13,38.26
23,120,8.63,8,30.84
48,146,5.35,2,13.91
42,152,9.93,10,37.39
32,144,8.84,0,14.82
33,135,8.16,2,18.67
53,98,7.09,11,34.55
39,93,5.38,11,32.49
37,145,6.69,1,13.94
54,150,9.23,12,40.7
24,117,6.95,3,18.21
59,122,9.78,8,33.64
28,89,7.61,2,17.51
53,101,9.41,4,25.23
21,154,9.24,3,22.2
25,143,6.21,2,14.94
52,124,6.52,8,27.56
21,153,6.0,8,27.08
55,97,5.79,3,16.85
42,148,6.11,3,17.73
49,90,8.97,8,32.01
37,106,5.44,13,35.8
50,106,8.69,2,18.37
55,139,6.23,5,20.87
21,115,7.5,1,14.62
24,136,5.2,13,35.26
29,92,8.54,14,42.42
52,107,5.75,8,27.33
25,145,8.99,14,42.88
34,86,5.5,8,26.04
46,149,5.96,7,25.05
43,98,9.61,8,33.03
42,94,8.46,11,36.08
47,125,5.47,1,12.06
45,131,6.16,7,26.78
56,103,8.35,13,40.69
24,133,6.74,11,34.26
52,132,8.95,5,25.57
29,135,9.84,8,33.69
22,101,8.42,10,35.04
59,149,7.98,3,20.3
45,126,6.42,11,32.97
30,83,9.39,11,37.22
57,113,5.52,4,18.13
45,130,6.44,0,11.88
49,106,7.18,2,17.06
57,101,5.55,13,36.52
25,133,5.97,12,35.25
34,95,7.66,12,37.04
53,136,5.52,1,12.53
47,148,6.88,0,12.91
25,138,9.57,11,38.59
35,120,7.37,8,29.64
23,112,8.01,4,21.44
21,124,6.01,4,19.5
44,148,9.21,10,35.75
32,102,8.03,5,23.8
34,125,9.81,0,16.24
40,111,6.29,1,12.99
34,131,8.0,4,21.84
34,157,7.94,11,36.11
55,112,9.44,0,15.61
39,148,8.71,6,28.5
40,136,5.82,2,14.8
43,114,9.24,8,31.97
54,133,9.36,6,27.87
21,137,7.67,7,28.36
24,149,7.45,13,39.4
37,135,7.79,3,20.58
46,83,5.25,8,24.86
34,145,8.21,14,42.58
52,88,5.46,4,18.06
56,98,8.36,0,13.9
40,142,9.7,14,44.08
36,139,8.39,5,24.44
39,130,7.37,0,14.58
59,152,8.4,13,41.36
44,84,8.33,12,38.59
34,95,7.63,12,37.25
49,86,8.98,5,25.07
34,81,9.64,6,27.44
31,157,5.22,13,35.64
31,110,9.58,12,40.22
44,112,6.95,12,36.27
42,119,5.88,11,32.59
41,138,5.32,2,14.22
26,85,9.06,1,17.26
34,125,9.4,2,19.38
29,119,9.77,0,15.62
55,122,8.1,3,20.14
56,153,5.31,12,34.14
45,91,7.02,7,25.88
35,83,5.88,12,35.09
48,138,8.83,14,43.92
34,128,9.43,1,19.17
33,84,5.89,13,35.61
51,103,5.14,14,37.82
25,114,8.51,11,36.1
39,84,6.4,11,33.17
28,84,7.64,10,32.73
33,151,9.53,8,32.42
37,134,7.7,5,24.06
52,144,5.09,5,20.45
25,145,8.55,2,18.86
29,86,9.84,5,26.24
54,94,9.51,7,30.34
21,157,9.92,11,38.65
35,156,5.46,8,27.07
52,123,9.74,6,29.02
54,108,9.47,14,45.0
55,81,6.14,8,27.87
48,137,5.44,11,32.37
37,150,9.7,8,32.51
31,89,6.26,9,28.62
43,134,8.13,12,39.32
46,121,6.53,13,37.61
25,149,7.21,7,26.53
46,147,8.04,12,38.57
26,151,5.72,7,24.52
54,92,6.29,13,37.41
33,116,6.13,14,38.31
45,87,9.54,4,24.86
22,119,5.46,8,25.34
34,88,9.97,10,36.68
37,157,7.87,0,14.05
59,139,8.58,4,24.47
45,154,8.63,2,19.62
47,89,9.58,11,38.49
44,150,5.87,14,39.17
53,156,9.85,14,45.43
47,101,6.79,0,12.28
51,135,7.15,8,29.26
58,125,6.12,7,25.7
35,97,6.6,5,21.26
21,152,5.62,13,36.59
31,138,7.96,5,23.5
35,140,9.86,11,38.92
53,131,9.49,11,37.91
52,88,7.38,4,21.24
45,142,7.17,6,24.48
59,143,7.78,12,38.75
53,93,7.94,6,25.51
49,155,8.64,4,23.81
54,96,5.15,13,36.54
28,96,5.95,3,17.18
31,130,5.22,3,15.71
33,135,8.71,11,37.1
25,103,7.08,9,29.88
39,156,5.07,2,13.97
41,115,9.25,4,23.46
23,141,6.06,9,29.32
46,97,5.86,0,10.37
53,134,6.28,1,14.41
50,121,7.72,10,33.62
42,144,7.56,12,37.44
25,93,8.07,2,17.26
39,89,9.08,7,28.96
29,84,5.71,11,32.32
44,101,7.6,5,24.1
59,116,9.65,11,38.81
32,112,5.74,1,12.32
47,89,8.88,3,21.09
41,143,9.47,9,35.65
58,137,5.24,5,19.64
55,142,6.77,14,40.98
52,114,5.26,14,37.74
56,128,9.58,9,35.51
53,107,6.68,6,24.76
37,134,5.41,6,22.81
25,88,5.43,5,19.51
40,154,8.41,5,24.88
43,124,9.97,3,22.54
59,106,7.99,14,42.48
24,111,5.02,10,28.89
46,120,6.48,14,39.18
50,100,5.46,1,11.54
49,155,6.28,1,14.14
54,86,8.71,1,16.02
30,101,7.0,1,14.5
40,133,6.23,1,13.48
44,146,6.95,1,14.86
54,155,6.82,0,12.81
57,137,6.14,5,21.28
33,156,5.57,7,23.71
43,143,9.06,11,38.64
30,121,8.32,7,27.79
42,132,6.35,1,13.83
34,107,5.33,10,28.7
45,137,8.55,5,25.17
38,84,6.05,13,36.56
40,134,8.25,2,19.32
48,139,7.15,7,26.65
28,124,6.54,14,39.97
25,99,6.16,9,29.33
41,88,6.15,12,34.36
40,86,5.51,9,27.2
36,86,9.7,2,20.97
40,129,6.6,5,22.0
45,93,9.85,3,22.55
27,114,6.75,13,38.42
45,142,9.96,9,35.55
56,98,7.46,5,23.71
30,152,5.26,13,36.3
36,138,6.79,13,38.03
24,143,9.2,12,40.23
30,144,5.92,7,25.18
51,96,7.54,14,41.18
32,91,9.27,8,31.24
40,134,9.4,2,20.13
52,97,6.49,5,22.25
22,145,5.02,7,23.45
31,103,7.44,5,22.91
40,83,8.95,10,34.87
43,83,6.1,9,28.74
33,100,5.78,8,26.57
55,106,6.99,9,31.29
37,90,6.46,4,19.7
30,141,6.23,4,20.0
58,143,9.24,6,29.18
34,106,5.71,12,34.21
39,143,5.36,3,16.69
52,115,5.7,6,22.67
53,141,7.47,4,22.07
45,126,9.67,14,43.47
45,145,5.73,0,11.01
34,120,9.54,0,15.63
58,124,9.43,11,38.61
56,158,7.17,7,28.01
44,103,9.71,12,39.66
59,98,7.09,1,14.11
59,150,6.09,12,36.2
33,147,9.07,10,35.41
22,119,7.66,4,20.47
54,143,7.67,13,39.11
35,131,7.97,0,14.56
22,122,5.1,11,31.51
45,141,5.46,10,30.23
25,134,5.1,1,12.11
54,157,7.43,11,36.05
59,121,7.01,8,29.05
25,138,9.82,12,40.62
28,127,8.58,4,22.78
34,125,8.7,14,42.36
49,132,6.42,5,21.88
50,143,8.21,2,17.61
57,99,5.65,7,24.66
24,108,7.39,2,16.63
55,133,8.59,11,37.22
27,132,9.12,2,20.03
46,87,8.98,14,43.53
52,99,5.66,11,32.98
53,144,6.88,0,12.74
44,159,6.69,14,40.41
21,137,7.69,5,23.21
49,144,6.67,5,22.5
58,114,7.35,12,37.2
58,87,6.55,13,38.03
41,87,6.33,5,20.88
43,145,5.82,12,35.14
25,107,6.81,13,38.05
50,123,6.26,2,16.58
38,95,6.51,11,34.33
26,154,6.7,10,31.86
25,143,5.48,9,28.0
38,157,5.72,6,22.8
33,116,6.01,1,12.44
40,112,7.84,1,15.46
58,87,7.12,4,20.76
41,113,5.09,14,38.24
24,92,9.84,11,39.43
33,95,6.86,13,37.55
38,115,7.28,14,39.42
33,133,6.13,12,35.08
33,118,6.94,0,12.34
59,132,7.04,1,14.76
57,113,6.98,7,26.9
55,97,5.35,10,29.7
58,120,9.35,5,26.26
47,115,5.13,8,25.95
46,84,8.31,7,28.29
32,107,5.93,8,26.01
22,128,9.8,6,28.32
40,148,6.39,6,23.53
55,147,6.62,11,34.99
30,82,7.71,4,21.46
28,112,7.89,2,18.36
56,136,7.73,4,21.92
51,131,5.82,12,35.17
35,146,7.01,14,40.85
38,151,6.16,14,40.31
35,102,5.39,11,32.59
39,149,6.23,7,25.35
44,106,8.1,13,39.63
55,113,6.93,3,17.29
22,144,9.52,1,18.23
33,115,8.11,9,32.21
29,88,6.84,4,19.42
55,104,9.79,4,24.4
22,157,9.37,4,24.78
36,97,7.16,9,30.21
56,106,8.93,1,17.6
22,88,8.35,8,30.45
36,155,7.39,9,30.22
28,135,8.0,7,28.78
21,126,7.83,5,23.01
38,128,6.16,1,12.85
46,93,6.0,3,16.71
25,153,8.24,0,14.96
41,101,6.79,4,20.42
55,138,5.24,11,32.55
48,113,8.79,11,37.07
46,127,6.4,10,32.37
52,148,9.32,7,30.08
41,109,5.31,10,30.88
24,80,7.72,13,39.4
56,105,5.95,5,21.32
44,150,7.13,14,40.32
53,86,6.87,7,26.1
25,84,7.32,4,20.76
23,143,7.98,7,28.0
31,102,7.31,5,23.34
52,87,8.27,1,16.55
42,126,6.08,0,11.09
31,159,7.28,9,30.89
58,120,5.31,0,10.8
42,127,7.63,14,41.93
24,149,7.1,4,20.81
59,154,8.25,11,35.67
23,156,5.93,2,15.19
30,145,6.33,7,25.13
57,128,8.43,9,32.89
39,81,6.75,5,21.1
38,142,9.48,1,19.17
48,92,5.8,9,28.46
51,112,8.52,4,23.14
37,104,5.71,4,18.7
44,108,6.77,12,35.91
21,116,5.64,6,21.61
25,154,7.38,9,30.97
52,120,8.44,7,29.0
37,114,6.1,10,31.66
41,82,9.96,10,36.42
42,126,6.48,4,19.51
59,141,8.21,10,34.79
59,97,6.65,5,22.49
54,136,6.45,3,17.89
34,131,6.27,13,37.38
36,152,7.27,11,34.71
25,127,9.61,13,42.1
38,99,7.2,14,40.26
24,91,8.68,11,36.46
48,112,7.08,1,14.71
47,149,8.3,14,43.94
26,149,6.28,2,15.08
31,127,9.52,1,17.26
41,102,9.86,14,44.82
37,125,8.27,6,26.7
51,86,5.54,13,36.32
54,105,5.68,14,38.75
33,146,8.18,1,17.27
43,136,5.18,0,10.36
21,104,5.68,10,30.55
24,146,7.84,0,13.59
50,158,9.23,11,38.93
51,118,6.28,12,35.37
36,147,8.12,11,36.82
23,117,6.6,12,35.55
32,124,7.4,6,25.64
32,143,5.16,1,11.46
31,133,9.21,6,27.73
36,150,9.78,8,32.3
49,92,6.61,14,39.79
41,129,9.2,1,17.71
25,122,5.54,14,38.39
33,86,9.75,8,31.74
37,123,9.95,5,26.14
32,143,5.09,12,33.53
37,86,5.71,6,21.95
21,89,7.67,6,24.99
28,157,7.81,1,15.9
36,148,7.94,13,39.91
35,141,5.38,13,36.54
39,98,9.22,6,27.45
45,112,9.3,14,44.62
51,141,8.97,6,28.11
22,157,8.62,0,15.21
45,146,5.1,6,22.35
51,86,9.15,7,29.6
24,109,5.04,7,22.57
24,115,5.86,0,10.63
32,154,5.63,9,28.35
37,95,8.58,12,38.51
41,98,5.84,0,10.29
49,114,8.08,5,24.2
42,117,5.69,11,32.49
56,137,8.43,4,23.14
36,135,9.5,9,34.54
35,142,8.86,0,15.35
50,127,6.46,2,16.16
31,145,8.61,13,41.42
33,142,9.97,13,43.22
43,138,8.35,2,19.45
54,130,5.64,9,28.91
40,144,7.81,14,41.7
22,145,7.07,4,21.26
28,131,5.97,11,32.58
38,158,5.91,2,14.87
27,144,9.02,10,34.81
51,149,5.79,3,17.39
42,109,9.76,1,16.95
48,123,9.68,9,34.34
45,143,9.46,5,27.29
21,119,5.92,7,24.34
52,138,6.95,0,12.84
45,129,7.43,4,21.45
36,94,8.52,4,22.46
49,100,6.38,10,31.55
44,95,5.7,7,24.3
37,126,8.13,2,18.19
26,157,7.74,5,23.88
34,147,7.55,2,16.6
46,156,5.32,7,25.05
48,84,7.78,0,13.98
56,112,6.1,12,36.11
51,151,7.07,5,23.45
47,135,6.75,14,39.97
22,118,7.84,0,13.5
39,89,6.8,6,24.03
48,118,7.57,1,14.91
41,110,9.36,3,22.12
35,157,8.93,11,37.58
54,87,9.45,14,44.56
23,83,8.9,14,42.81
21,84,7.04,3,17.5
44,115,7.98,10,34.0
47,85,8.23,9,32.21
29,139,8.03,12,38.41
44,134,8.19,12,38.92
37,122,8.17,8,29.86
48,100,8.4,13,41.03
59,139,8.44,7,30.22
24,122,7.94,1,15.62
49,133,6.29,8,26.79
48,110,7.57,12,36.9
57,154,7.38,10,33.87
49,140,8.54,11,37.74
49,159,9.35,5,26.75
25,152,9.36,1,18.23
31,102,6.14,7,24.96
22,102,7.37,3,17.99
24,131,9.36,3,21.99
30,82,7.98,6,24.98
59,128,8.52,8,31.97
28,149,8.71,5,24.99
43,99,5.38,1,12.24
47,158,7.04,6,24.82
43,109,7.5,7,27.27
54,111,9.93,10,37.48
55,149,9.37,13,43.21
37,110,9.84,13,42.22
30,95,8.55,1,16.41
22,108,7.41,8,28.87
37,101,9.92,6,28.37
51,119,8.09,1,16.99
36,107,7.73,4,21.07
44,158,9.97,7,31.45
27,87,7.76,4,21.0
39,144,5.99,1,13.75
36,109,7.09,6,25.19
53,137,7.64,11,35.28
56,81,9.19,6,27.9
30,103,7.45,12,36.57
35,128,8.2,9,33.25
23,148,9.68,4,24.74
22,91,8.88,6,26.52
55,84,7.57,5,23.28
47,93,6.99,13,39.0
25,155,8.19,14,42.69
35,106,9.93,9,34.05
56,145,8.24,10,35.02
53,128,6.01,0,10.76
21,124,5.98,11,32.73
32,117,5.49,14,37.89
29,146,5.88,6,22.92
40,137,9.49,6,28.93
50,151,6.52,10,32.08
34,145,5.32,12,34.61
43,133,8.46,6,26.67
49,108,5.22,1,11.88
55,83,5.1,7,24.08
47,134,6.59,8,28.15
47,89,5.04,11,31.73
50,123,7.58,3,19.31
23,144,8.5,13,39.38
32,82,6.03,6,22.87
51,141,7.96,1,16.47
57,84,7.16,1,13.95
47,123,9.3,13,42.65
44,90,7.53,11,35.13
31,152,6.79,1,14.23
47,126,7.61,6,25.64
29,93,6.21,4,19.11
36,98,6.99,4,19.86
34,92,7.64,6,24.55
50,100,8.56,13,40.37
44,142,5.89,10,31.6
33,118,8.83,4,22.02
53,145,5.44,9,28.82
29,109,5.11,6,20.79
46,102,9.24,4,24.23
33,143,5.37,10,29.77
41,106,9.32,4,23.23
49,80,9.83,14,43.15
48,150,8.48,6,27.64
44,145,7.44,8,28.56
33,102,7.7,13,39.4
40,108,7.37,10,32.95
59,93,6.83,10,31.58
27,139,7.44,3,19.79
35,122,6.33,10,30.31
45,84,5.95,13,37.36
55,154,6.61,6,24.57
33,112,5.02,3,15.22
28,149,7.18,8,28.43
41,86,5.22,2,12.99
26,124,5.73,8,25.46
30,89,6.97,1,13.95
41,152,8.46,2,18.82
34,96,7.73,1,15.48
53,85,6.57,1,13.91
45,134,5.37,13,36.77
39,80,7.1,3,18.33
29,90,9.54,0,16.25
57,96,5.84,10,31.14
56,136,9.31,12,40.9
56,118,8.85,2,18.95
35,152,7.81,2,18.1
25,95,7.28,11,33.47
37,132,8.29,14,42.54
50,84,8.77,9,32.91
27,87,8.9,6,26.38
26,152,8.5,0,14.56
35,137,6.83,12,35.76
30,92,5.12,10,29.7
26,82,7.43,2,16.53
33,106,5.72,3,17.14
34,129,7.25,0,12.98
21,133,7.29,5,22.73
53,135,7.55,4,21.19
39,99,9.7,9,34.07
29,92,8.15,0,12.89
57,129,5.2,7,24.23
32,106,8.67,10,34.94
25,97,8.45,6,26.24
26,107,8.92,6,26.75
31,137,6.88,13,37.4
58,111,9.56,9,34.41
30,86,8.4,11,36.17
35,94,5.82,14,38.83
59,157,8.47,5,25.54
48,114,7.12,14,40.41
23,131,7.0,13,37.81
36,119,5.37,4,18.29
37,129,8.36,3,20.85
56,149,6.72,5,22.49
39,106,7.83,12,37.89
24,111,9.46,13,41.29
45,91,6.85,5,21.93
47,139,6.02,9,28.96
32,109,7.74,5,22.9
47,103,9.98,1,19.26
24,83,7.22,13,38.07
44,84,7.36,2,17.41
37,83,5.09,11,31.34
46,88,6.83,6,24.26
38,130,9.9,6,28.41
42,119,7.27,2,17.28
26,132,5.36,14,38.14
39,151,8.89,8,32.33
57,154,9.36,2,21.22
54,111,8.52,9,33.0
31,128,6.47,8,27.87
44,84,6.59,0,11.85
57,111,8.13,2,19.06
43,84,8.57,11,37.12
24,144,8.74,12,38.2
38,149,9.38,7,30.93
50,104,8.21,4,21.9
35,106,7.9,10,33.34
57,157,7.28,14,40.63
43,152,9.41,10,37.39
32,107,6.84,11,34.21
24,142,6.46,10,31.22
24,152,9.2,0,16.15
34,115,6.96,2,16.49
28,135,9.49,3,22.27
43,113,8.37,13,40.15
21,146,9.67,11,38.61
31,100,5.68,3,15.74
47,118,5.89,3,17.15
24,116,9.74,4,23.95
49,121,8.98,3,21.38
37,115,7.84,13,40.34
39,145,9.26,4,23.58
44,96,8.54,9,32.65
52,133,7.43,3,20.07
51,108,8.54,8,31.22
36,104,7.07,11,34.86
52,100,9.77,8,32.36
54,98,7.46,13,39.01
55,108,5.66,10,30.59
57,82,6.83,2,16.53
36,155,8.05,5,24.5
41,134,7.05,12,37.73
33,130,9.78,8,32.5
38,118,9.78,13,42.93
22,110,8.05,14,41.73
53,151,5.05,5,20.09
38,114,7.16,8,29.14
48,148,8.22,10,35.11
57,106,9.51,10,36.61
55,105,6.03,11,33.57
57,106,5.43,14,38.61
32,92,8.49,4,21.48
28,102,6.25,8,26.82
45,144,9.41,9,34.7
27,158,9.33,5,25.77
22,156,7.79,1,15.46
53,148,7.43,12,37.5
53,150,5.22,9,28.08
43,101,9.98,5,27.06
25,152,6.19,14,39.19
34,80,7.03,10,31.9
28,94,8.09,7,27.26
40,132,7.05,13,37.66
38,146,9.09,11,37.45
43,149,5.37,6,22.72
49,84,8.8,10,35.82
27,147,6.13,14,39.83
44,135,8.35,2,18.99
45,104,8.92,12,39.83
34,154,9.09,10,37.16
58,141,8.13,4,22.99
23,122,8.73,7,28.45
34,93,8.68,4,22.81
23,131,5.08,8,26.5
29,106,8.01,14,41.3
27,131,6.54,5,21.84
46,80,7.37,7,26.52
27,125,8.23,11,36.28
27,84,9.61,4,24.56
56,141,8.33,14,43.44
33,135,7.04,1,14.87
23,143,6.95,1,15.12
40,100,6.52,4,19.36
29,145,8.12,11,36.4
42,124,8.38,8,30.88
53,139,9.63,10,36.6
43,97,5.58,11,31.87
43,94,9.73,1,18.44
58,125,7.56,8,30.06
46,112,8.37,10,34.88
52,90,8.41,0,14.59
48,130,5.8,12,35.21
50,108,8.46,3,20.38
37,87,6.04,4,18.78
38,144,6.71,8,29.02
45,109,9.36,6,27.69
24,132,9.21,10,35.11
46,153,8.47,13,41.15
51,85,5.81,0,11.24
32,124,6.02,14,39.7
38,142,8.38,7,27.91
30,80,6.4,9,28.56
56,88,6.46,6,22.87
22,129,5.91,13,37.04
45,131,6.99,3,19.51
29,134,5.62,0,10.15
52,95,8.5,14,42.92
25,82,5.02,2,13.32
23,121,5.18,8,25.46
37,81,8.97,1,17.64
33,139,5.68,6,23.16
23,151,9.13,8,31.0
48,97,5.09,12,34.15
24,140,5.79,0,10.36
38,138,7.44,0,13.64
55,82,7.01,7,26.05
34,85,7.39,11,34.46
36,92,9.93,6,29.71
32,94,8.07,14,41.36
31,123,5.73,14,38.13
22,87,5.9,0,10.08
53,157,8.9,4,22.46
33,104,6.62,0,11.93
50,112,8.09,14,41.94
46,144,7.04,6,24.01
38,144,5.43,3,15.3
33,96,9.98,2,20.88
24,131,7.07,12,36.22
53,94,5.69,7,25.52
35,130,9.13,11,38.91
37,141,7.37,14,40.61
26,139,5.62,13,35.43
25,135,7.89,6,26.1
53,109,8.72,14,42.87
36,152,6.65,6,23.85
44,113,7.51,0,13.25
25,119,9.41,6,27.25
23,90,6.88,0,10.27
55,158,9.65,6,29.18
47,108,6.31,1,13.12
32,90,7.42,10,32.22
45,80,8.84,11,36.34
37,154,6.56,6,24.4
40,108,6.71,5,21.76
48,142,8.29,7,28.93
55,155,7.45,11,35.63
35,138,6.59,12,35.6
53,115,7.39,13,39.26
23,94,6.37,7,24.06
27,152,6.77,5,22.14
30,139,9.11,1,18.16
46,94,7.71,0,13.44
26,113,7.16,8,27.56
53,141,6.52,9,29.99
36,95,8.76,5,23.98
44,102,9.25,0,15.2
50,112,6.31,12,35.6
30,111,9.99,5,25.92
31,95,8.15,0,13.82
42,158,9.41,0,16.06
23,107,7.37,10,32.51
58,93,8.55,2,19.42
43,100,9.93,3,23.01
39,150,9.72,8,32.75
33,110,6.09,1,13.06
56,101,8.69,8,31.05
23,104,6.25,6,22.82
42,125,9.86,11,39.54
45,121,8.95,14,43.55
40,83,9.08,1,16.71
48,112,9.68,6,27.84
23,133,8.66,14,42.89
42,108,6.57,7,25.25
57,126,8.31,8,30.49
58,149,7.68,1,16.61
38,135,8.65,1,17.19
40,104,6.32,9,29.02
25,137,7.75,8,29.66
29,153,6.39,4,19.02
49,127,8.63,10,36.58
37,130,9.0,9,32.98
32,153,5.89,6,22.63
46,159,9.8,13,43.38
53,94,7.74,1,16.08
53,125,9.41,13,41.87
56,133,6.27,11,33.92
49,133,5.97,12,35.02
42,158,9.75,14,44.3
38,144,9.97,14,44.67
37,141,6.0,10,30.87
44,149,7.81,6,26.14
42,131,8.58,12,38.73
25,98,6.72,0,11.4
21,122,7.05,7,25.55
39,85,7.5,11,34.82
50,147,5.33,6,21.75
59,89,7.92,7,28.41
35,122,6.92,6,24.66
55,134,8.64,4,23.2
25,88,6.17,9,29.84
26,144,8.91,12,39.27
45,130,5.41,10,30.85
31,142,6.52,8,28.48
42,135,7.77,14,41.81
54,91,5.74,5,20.02
34,125,6.1,13,36.99
29,95,5.8,4,17.91
40,157,9.34,9,34.65
36,149,7.12,2,16.92
37,126,8.59,13,40.54
37,139,7.94,5,24.64
54,136,8.07,1,17.08
31,142,9.68,14,44.35
55,109,6.69,2,15.91
54,84,6.34,2,14.86
56,94,7.18,3,18.5
28,110,7.23,11,34.12
39,97,9.51,11,37.95
53,156,9.3,4,23.7
43,122,7.09,7,26.31
22,90,8.91,11,35.93
28,130,7.45,9,31.24
49,91,9.29,9,34.09
27,135,5.78,14,38.91
49,98,9.81,9,34.92
51,80,6.26,11,32.89
50,93,6.49,5,21.33
55,145,5.01,8,26.35
45,117,6.63,1,13.09
24,99,8.89,10,35.03
58,131,7.97,0,14.52
37,102,9.71,1,18.59
30,144,9.16,10,35.02
21,85,5.62,7,23.55
38,158,9.31,6,27.74
39,96,7.49,0,13.43
52,115,7.58,11,36.25
51,141,9.6,3,22.81
53,138,5.08,13,37.35
42,145,6.54,1,13.66
21,132,5.03,9,27.45
55,90,5.78,4,18.78
37,89,9.4,12,39.7
54,83,7.14,3,18.39
49,98,9.3,12,39.7
26,133,5.25,0,10.18
21,118,6.09,10,30.59
47,141,9.1,0,14.93
32,121,9.31,12,40.22
24,108,7.76,14,41.83
36,158,5.3,14,37.2
31,123,8.04,7,28.18
40,112,9.29,4,24.37
46,121,6.91,0,12.35
48,90,5.67,1,11.5
28,138,7.24,3,18.43
22,94,7.99,8,29.52
46,82,9.12,1,17.21
47,159,9.47,14,45.47
53,107,8.1,8,29.62
27,132,5.25,11,31.71
56,121,9.39,12,39.88
41,94,8.05,2,17.96
54,119,6.87,5,22.31
43,113,5.9,7,25.43
54,115,7.02,9,31.3
27,106,7.53,3,19.71
46,93,8.3,11,36.05
37,82,6.67,5,21.82
51,82,8.3,12,37.77
59,148,7.06,1,15.7
45,145,7.68,10,33.52
57,139,9.26,10,36.28
35,117,7.52,5,23.71
22,81,9.82,7,30.02
31,158,7.59,6,25.37
52,145,9.84,5,27.26
50,157,6.3,9,30.81
37,91,8.02,13,39.82
44,109,5.21,13,34.66
24,87,6.92,3,17.6
52,99,6.72,6,24.6
39,158,9.06,6,27.77
23,142,9.98,6,29.18
24,157,9.0,4,23.87
45,105,5.58,8,26.65
29,104,7.84,13,38.63
41,136,6.93,11,34.64
43,139,5.1,14,39.1
49,99,7.83,1,15.74
50,105,7.51,6,26.02
45,102,9.14,12,40.41
49,143,6.58,9,30.08
54,93,9.67,5,27.27
34,117,5.27,8,26.07
42,119,5.21,10,30.11
36,136,6.87,10,32.24
31,109,6.28,1,13.12
34,82,8.68,12,38.89
27,147,9.57,5,25.53
25,134,7.67,12,38.29
49,154,5.67,10,30.58
37,156,7.72,5,24.65
50,145,7.48,3,20.46
45,115,5.79,12,34.22
34,132,5.11,11,32.29
42,109,6.82,12,36.56
25,159,9.95,11,38.44
48,133,9.49,1,19.2
32,111,9.82,8,32.61
56,158,6.04,10,32.04
33,126,9.34,4,24.4
41,111,7.47,1,14.82
52,95,9.53,9,34.54
41,144,6.15,12,35.42
57,93,7.14,2,16.66
58,145,6.3,13,38.23
29,149,5.29,13,35.92
57,134,7.21,1,15.67
22,123,5.21,1,11.34
23,87,8.56,0,14.04
30,137,7.39,8,28.78
55,118,8.73,11,36.77
29,129,8.27,1,17.01
52,122,8.14,6,26.66
41,110,9.78,14,45.7
54,143,5.89,4,19.57
45,99,9.25,10,35.15
52,81,8.76,2,19.34
57,122,7.42,6,25.49
42,119,6.07,5,21.53
45,137,6.22,2,15.26
21,92,5.55,14,37.09
56,102,7.38,4,21.38
41,105,8.7,9,32.41
36,152,9.51,2,19.99
52,118,8.2,9,32.56
41,121,8.77,2,19.14
48,111,9.88,5,26.93
39,123,9.84,6,29.02
34,119,9.99,0,16.71
43,155,7.28,8,28.83
44,155,6.21,10,32.69
40,125,9.15,0,15.3
52,105,5.46,3,16.87
30,93,5.95,5,19.38
21,157,7.04,12,36.64
51,90,6.24,0,10.83
57,133,7.03,0,12.72
35,87,6.19,0,10.85
51,118,9.83,7,31.45
48,94,9.6,12,40.49
30,83,6.28,7,24.49
26,144,5.2,12,34.26
35,114,7.11,7,26.55
47,85,6.73,12,36.99
30,145,6.1,10,31.72
41,132,9.13,4,23.98
39,102,7.42,10,33.07
24,152,9.13,12,40.19
42,98,8.05,8,29.63
58,92,7.64,11,36.11
35,141,6.81,10,32.18
26,87,6.85,7,25.3
31,141,6.21,13,37.05
50,135,6.81,7,26.11
44,117,5.77,4,17.96
42,152,8.2,9,32.72
50,94,6.1,1,12.64
24,141,9.54,1,18.92
26,140,7.16,4,19.93
58,125,8.74,6,27.38
46,113,8.75,1,17.88
39,104,6.12,9,29.81
22,80,8.22,11,34.59
24,154,8.08,6,26.69
25,94,9.05,2,18.5
55,126,8.49,10,34.95
49,117,8.36,13,41.42
36,112,9.73,6,28.4
32,128,8.03,4,22.3
41,106,7.92,3,19.18
29,131,5.88,5,19.94
31,155,5.76,2,14.64
28,91,8.53,2,18.07
46,140,9.24,1,17.85
52,116,8.97,12,39.54
59,85,9.66,9,35.31
24,158,5.75,14,37.91
54,113,9.31,11,37.02
48,87,7.77,10,33.96
45,85,8.57,2,18.85
55,139,6.49,5,23.07
39,105,5.1,3,14.53
55,128,5.03,8,25.88
59,97,6.0,9,29.31
49,93,6.35,11,33.68
34,99,7.92,11,35.97
41,121,9.29,7,29.2
56,144,6.67,1,14.59
58,141,9.15,1,18.18
34,137,6.16,1,13.73
35,95,7.15,8,28.19
50,124,5.47,3,17.01
32,118,7.19,11,33.81
25,98,8.49,6,26.7
47,87,9.11,8,30.97
35,103,7.25,2,17.03
46,95,6.19,4,18.62
29,92,5.14,0,9.33
55,109,8.57,3,20.97
33,92,6.55,10,31.24
53,106,8.39,7,28.63
54,117,8.21,2,19.02
24,117,5.75,6,21.67
33,130,9.32,2,20.17
30,102,6.22,13,36.84
21,95,8.2,14,41.99
31,125,7.75,14,41.12
29,123,7.93,12,37.72
58,159,7.27,4,22.85
43,128,7.64,3,20.12
33,95,8.8,10,35.28
25,90,6.86,2,15.21
45,105,8.73,13,40.45
30,159,5.53,1,13.25
25,94,7.92,7,26.89
42,137,7.47,0,12.06
45,97,8.57,8,30.9
57,148,7.22,10,33.14
40,145,8.44,3,20.83
48,109,9.14,4,23.48
41,110,6.41,3,16.7
31,104,6.97,2,15.76
49,143,6.47,1,14.3
25,112,6.08,13,36.5
57,82,7.89,13,39.4
25,97,9.93,9,34.44
53,131,5.14,2,14.09
56,111,6.28,2,15.89
28,128,9.95,5,26.55
26,116,6.52,3,17.79
35,150,5.0,14,38.04
35,107,9.95,4,25.08
29,111,8.81,3,20.97
25,120,5.8,12,34.11
46,115,5.66,7,24.57
43,88,7.7,8,29.07
36,96,5.06,6,21.07
59,89,8.76,8,31.2
55,96,6.68,0,11.72
30,135,9.87,1,18.64
47,90,5.1,1,11.63
36,124,9.36,10,36.79
41,96,6.8,5,22.15
32,143,8.34,8,30.57
29,134,10.0,12,41.36
36,158,8.87,1,17.94
29,84,8.14,12,38.04
49,156,6.7,5,23.31
43,149,7.58,6,25.66
59,121,7.67,9,32.08
44,146,8.34,1,17.17
42,82,9.02,14,43.64
51,145,9.3,0,15.41
30,139,8.22,0,13.96
47,108,6.96,14,41.22
54,157,9.45,5,27.43
59,86,8.35,7,28.52
44,83,5.58,9,27.99
41,129,5.25,14,38.85
35,100,5.63,10,30.87
37,88,8.92,1,17.26
39,139,9.79,2,20.34
45,155,8.58,10,35.51
42,91,5.35,8,25.68
34,135,8.35,5,24.07
48,84,5.67,2,14.14
32,142,7.27,4,21.08
47,106,5.89,12,35.56
44,128,8.24,7,28.68
42,99,8.23,0,14.6
59,108,9.56,5,26.7
59,115,6.04,12,35.67
56,87,9.67,1,18.49
43,109,8.91,7,29.43
28,140,5.55,12,33.84
48,80,6.72,14,39.79
49,114,9.23,0,15.41
35,125,5.65,1,12.85
59,97,5.85,9,29.4
28,134,8.89,10,35.45
48,110,7.53,0,13.04
53,143,8.45,11,37.11
31,99,8.22,11,37.11
57,108,5.9,3,17.73
45,122,9.84,0,16.84
54,134,9.15,0,15.82
42,152,6.28,14,39.85
22,109,8.31,14,42.07
36,112,5.05,4,16.66
31,97,5.05,7,22.86
34,128,5.21,14,37.71
52,132,7.48,7,27.56
42,130,8.07,7,28.8
25,89,5.76,14,37.45
56,144,7.51,4,21.6
43,107,8.13,0,14.39
39,97,8.31,14,42.63
49,140,9.19,0,16.6
43,88,7.31,1,14.11
29,139,9.86,12,41.05
38,105,9.72,4,24.34
51,122,9.92,7,31.31
57,112,9.77,4,25.14
37,99,8.09,13,39.06
38,95,7.46,9,30.86
47,111,7.12,3,18.33
41,90,7.1,12,36.63
21,141,7.54,3,18.78
52,105,8.07,10,34.89
34,80,6.65,5,20.81
34,91,7.48,5,22.77
53,136,6.61,7,26.29
56,152,6.7,1,14.83
59,129,7.24,10,32.49
32,151,6.78,11,34.89
45,98,8.49,9,32.73
35,84,7.34,4,19.17
40,110,8.47,3,20.79
54,101,8.72,8,31.58
34,155,5.63,11,32.47
50,145,7.42,11,35.07
33,83,7.08,5,22.57
34,109,5.86,11,32.58
49,102,6.35,6,22.68
46,137,7.25,11,34.56
23,100,6.05,4,18.69
45,133,6.1,2,15.03
47,138,9.69,2,21.11
36,148,5.46,13,36.8
58,86,6.71,13,38.7
31,155,5.75,1,12.14
49,154,6.05,12,35.63
44,125,9.21,14,43.86
49,157,6.58,13,38.2
54,142,5.4,4,19.66
31,118,7.23,6,24.34
40,146,6.04,3,17.07
40,146,8.33,10,34.5
29,120,6.12,2,14.5
43,111,9.97,13,43.23
56,115,5.61,12,35.52
47,82,8.22,6,26.07
44,149,6.88,5,21.73
45,149,7.66,7,27.91
45,135,6.82,8,28.13
53,147,9.31,14,43.35
51,147,6.75,4,20.34
30,92,6.72,11,34.66
59,128,7.31,11,36.09
35,146,7.02,11,34.45
21,126,5.96,8,26.77
36,159,7.69,9,32.15
41,103,5.98,13,36.89
22,119,6.42,0,10.63
23,103,8.85,11,36.82
35,136,6.02,2,15.1
52,103,5.04,14,36.66
47,148,8.49,14,43.23
56,142,9.61,4,25.38
55,98,6.03,13,37.56
59,141,8.91,14,44.25
44,150,9.17,11,37.93
28,109,8.83,5,23.7
27,144,9.22,10,35.27
24,81,8.44,0,13.72
50,151,5.21,0,10.74
30,147,7.24,10,32.72
45,85,5.97,14,38.45
52,143,7.97,3,20.73
52,89,8.49,13,40.41
52,103,9.88,0,16.74
30,82,8.32,8,29.1
29,126,7.32,2,16.4
45,159,9.42,9,34.6
45,126,5.72,1,13.4
36,135,6.06,12,35.02
36,132,6.32,11,33.42
50,159,6.24,13,37.77
58,152,6.95,8,29.17
25,159,8.63,8,30.96
27,129,9.82,10,36.23
33,95,6.41,8,27.84
28,83,5.66,12,33.88
53,90,9.84,2,20.85
30,103,8.31,9,32.1
40,110,6.08,3,17.61
52,129,8.78,4,23.1
49,111,7.25,14,41.26
21,158,7.98,0,14.29
47,138,9.34,11,38.99
40,91,6.09,14,39.16
34,96,7.15,7,26.22
35,81,5.2,13,36.2
26,118,8.65,10,35.09
22,129,5.57,6,22.87
49,149,8.89,6,28.26
59,130,7.73,4,21.9
52,110,6.62,13,38.31
25,104,5.69,1,11.82
42,136,6.3,7,25.42
48,107,7.56,9,30.72
52,124,5.1,7,23.29
49,105,5.87,5,21.26
23,147,8.07,14,42.76
51,108,7.96,7,28.09
33,158,7.23,10,33.65
26,134,5.03,2,13.06
41,159,7.63,8,29.55
34,119,9.54,8,32.88
45,84,6.96,2,16.07
27,137,5.07,11,32.17
42,140,8.12,2,19.34
52,101,8.19,14,42.56
52,116,7.65,10,33.46
50,153,7.37,9,31.67
37,110,9.28,11,37.64
58,93,8.81,14,43.92
41,113,8.47,9,33.2
46,132,7.35,11,35.67
23,100,6.84,14,40.03
58,116,7.22,13,38.82
37,103,9.48,5,27.12
59,143,9.35,14,44.84
26,96,6.36,2,15.09
41,125,7.76,12,38.14
33,110,9.34,5,25.7
29,129,8.05,7,28.23
25,129,5.17,1,11.04
27,122,8.32,5,23.84
58,96,5.1,2,13.26
58,157,8.89,13,42.42
51,149,6.87,0,14.26
24,98,5.92,3,16.76
33,129,8.0,4,22.18
35,141,7.24,2,17.7
33,106,6.48,9,28.78
46,119,7.71,11,35.61
39,116,6.42,0,11.83
21,95,5.15,0,9.65
33,156,8.35,7,28.38
45,158,5.11,0,9.98
40,105,7.72,5,23.5
43,138,8.49,4,23.97
44,144,5.53,8,26.77
59,112,5.77,10,31.1
50,113,9.84,1,18.29
54,139,7.35,0,13.42
30,130,9.12,5,25.36
21,143,9.74,6,28.52
32,100,8.93,13,41.0
49,86,9.75,0,16.9
31,144,9.44,10,36.14
37,144,8.2,7,28.56
40,143,7.56,14,41.76
58,97,9.06,8,31.92
26,140,9.32,6,27.51
40,95,9.67,8,32.34
30,144,6.09,2,15.5
30,140,8.58,14,41.59
51,154,9.89,9,35.18
46,143,7.69,9,30.53
37,109,9.42,9,32.58
34,89,7.71,2,17.61
25,154,8.07,4,22.26
23,149,7.02,1,14.68
40,108,6.2,7,25.68
35,101,8.86,8,30.74
23,93,6.78,10,31.8
23,85,9.23,7,29.18
43,123,9.31,9,33.56
29,142,6.89,4,19.67
31,129,5.72,4,19.0
33,140,7.07,10,32.32
28,99,5.86,8,26.65
42,154,8.51,2,19.84
58,145,6.94,10,32.62
47,94,8.77,10,34.95
46,117,7.42,3,19.37
43,84,5.48,13,35.99
59,94,5.99,1,13.36
51,90,9.56,2,20.54
49,130,6.81,5,22.43
21,112,7.45,3,18.64
30,115,6.36,7,25.65
24,120,7.1,4,20.25
51,154,6.84,12,37.46
24,114,5.68,10,29.49
49,136,9.27,5,26.79
29,143,9.21,1,17.77
35,152,7.97,6,26.37
23,154,9.74,11,39.41
35,112,8.12,13,40.31
31,112,6.5,6,23.63
26,97,5.12,9,27.38
27,90,7.02,5,21.53
24,141,6.98,8,29.37
41,126,8.62,2,18.8
21,140,6.65,11,33.99
43,159,6.79,1,14.74
33,135,7.19,12,37.04
48,103,7.54,10,33.62
49,144,9.4,1,18.41
38,154,6.18,2,15.0
43,85,8.53,10,34.97
48,155,9.95,7,30.39
29,105,9.0,10,35.29
26,144,7.17,14,39.51
36,133,5.6,11,31.84
57,141,7.21,8,30.6
21,91,7.41,7,25.54
42,103,6.31,4,19.37
43,118,6.52,4,19.48
41,153,7.32,5,23.86
51,101,6.79,1,14.1
58,127,6.94,0,13.91
48,157,6.14,0,11.24
47,83,6.43,12,34.75
59,108,5.52,12,34.45
33,85,8.07,10,32.87
52,126,6.1,0,11.1
27,134,5.24,2,13.48
53,134,7.41,1,16.23
33,128,9.61,0,15.83
52,104,9.41,4,24.83
27,124,9.24,10,35.93
32,87,6.33,4,18.56
35,90,6.76,2,15.63
41,80,8.71,5,24.49
32,149,5.72,6,22.82
33,107,8.38,1,15.75
59,88,5.84,10,30.67
22,128,5.26,8,26.07
49,145,5.57,1,12.49
49,101,8.35,2,18.47
56,118,7.71,13,40.5
58,102,6.89,6,24.69
27,140,8.61,9,32.88
50,146,9.2,13,41.72
43,122,5.06,11,32.06
48,124,9.59,0,16.96
43,159,9.12,6,28.56
56,120,7.59,3,20.1
49,98,6.08,4,19.75
24,123,9.75,11,38.38
40,105,8.31,12,38.58
25,95,5.13,11,31.2
31,101,7.19,11,34.83
22,85,8.45,5,23.71
44,116,8.81,10,35.94
53,148,9.08,1,18.46
42,157,9.46,4,25.46
26,103,9.07,3,20.87
44,157,7.27,12,37.71
49,152,8.92,14,44.45
52,119,7.03,4,21.28
50,154,6.2,5,22.03
23,89,6.38,14,38.99
45,110,9.4,11,37.7
48,130,8.12,14,42.59
35,133,6.56,0,11.48
37,132,7.07,13,38.91
22,99,6.22,0,10.24
47,110,7.75,13,39.62
56,95,5.3,8,26.48
34,149,9.68,13,42.72
52,122,6.81,0,12.76
32,90,7.47,0,13.02
43,127,9.44,7,30.41
36,119,8.88,5,24.77
22,98,7.62,7,27.11
27,144,8.49,9,32.61
41,137,5.39,1,11.98
51,106,8.48,11,36.09
43,120,6.31,13,37.43
45,93,8.88,1,16.9
55,114,7.42,5,22.78
55,81,5.82,7,24.69
27,92,8.31,5,24.33
25,115,6.19,9,29.33
52,155,9.97,5,26.95
25,121,8.81,4,22.56
45,103,7.34,3,18.7
51,94,5.73,10,30.68
40,86,9.51,13,41.61
42,82,7.55,13,39.63
58,99,7.69,7,28.07
33,122,7.61,5,23.3
59,105,7.09,14,40.5
22,124,7.81,5,23.84
42,107,8.64,3,20.95
29,124,7.46,13,39.39
22,139,7.83,9,31.77
52,119,6.98,5,23.2
28,88,7.58,12,37.1
36,150,5.53,1,12.65
53,119,7.32,10,32.77
31,93,7.75,13,38.98
52,89,9.99,5,25.85
28,127,8.94,6,27.16
52,94,6.97,0,12.88
41,124,9.11,2,20.26
45,147,9.06,9,34.11
40,137,6.86,9,30.79
21,98,9.9,10,35.7
41,127,7.28,3,18.45
27,107,9.72,2,19.48
45,123,6.81,12,36.29
29,101,9.58,12,39.69
42,119,5.08,3,15.44
22,154,6.86,11,34.72
39,123,7.72,14,41.55
26,110,9.81,11,38.52
25,84,6.32,6,22.6
30,108,7.62,2,17.6
21,148,7.76,10,33.15
46,145,6.7,12,35.57
46,93,5.57,5,20.12
38,138,8.99,10,35.35
41,132,8.33,1,16.13
32,108,5.91,14,38.92
58,151,6.39,11,34.51
34,83,5.97,8,26.7
52,111,6.25,0,11.44
59,128,6.84,11,33.87
55,117,7.15,6,25.31
37,108,9.57,11,38.11
30,80,7.05,10,32.23
55,82,7.5,14,41.51
36,121,9.94,9,35.08
26,157,5.28,4,17.97
24,111,6.26,12,34.7
29,102,9.49,5,25.62
49,105,5.65,7,24.44
27,158,7.73,9,32.0
36,117,7.84,6,26.3
26,101,9.43,5,25.14
23,91,9.68,10,35.68
34,142,7.62,7,27.59
34,95,8.08,14,41.06
29,137,7.03,0,12.1
56,94,5.58,11,33.02
43,153,9.67,5,27.35
35,84,5.96,2,14.4
27,130,7.4,6,24.45
40,120,7.77,0,13.66
39,83,6.69,10,31.34
26,126,8.78,10,35.28
59,101,8.51,3,21.61
21,110,6.11,14,38.73
27,108,7.28,6,24.75
55,120,9.43,2,20.46
45,140,7.9,9,32.31
58,132,6.17,10,31.69
43,95,6.28,12,35.63
45,134,7.44,7,26.46
58,96,9.2,3,21.51
31,97,6.12,9,29.34
54,116,5.84,9,30.05
51,139,6.72,12,36.26
58,108,5.3,4,18.09
32,101,9.47,9,34.04
29,133,7.41,14,40.83
33,156,9.47,0,16.36
40,124,8.01,12,36.77
41,131,8.75,1,16.57
42,137,6.07,10,31.7
21,82,5.26,8,25.47
37,80,7.4,14,40.61
24,134,8.26,13,39.63
26,124,5.81,12,34.78
39,136,5.59,2,13.58
50,96,8.51,9,32.95
43,108,5.55,12,33.72
52,97,7.43,0,12.83
49,88,5.29,11,31.52
28,155,5.36,13,37.0
41,94,9.17,11,36.3
37,157,8.18,2,19.5
37,88,5.77,3,17.21
41,110,5.21,4,18.17
35,81,6.77,6,24.52
47,133,6.08,3,17.12
45,127,7.59,8,29.93
53,80,8.39,11,36.59
22,142,6.36,9,29.15
36,113,9.74,11,38.5
56,144,9.68,1,19.7
28,90,5.15,12,33.8
36,88,7.68,10,32.15
27,86,7.82,7,26.81
25,125,6.43,8,26.8
43,116,6.32,10,31.93
28,128,6.74,11,33.43
23,87,7.34,3,19.33
55,140,6.35,0,12.33
56,115,8.03,13,41.04
56,81,9.55,11,37.98
35,124,8.65,14,43.27
50,85,5.62,14,38.76
35,116,5.17,1,11.63
49,136,8.22,13,39.23
24,155,8.27,2,17.74
54,98,8.18,3,20.1
43,131,5.52,4,18.52
55,110,6.76,5,21.43
48,126,5.86,6,23.22
51,118,7.38,14,40.46
53,130,7.46,9,31.71
38,134,5.1,12,34.7
25,100,8.84,8,30.44
29,112,6.14,4,18.47
40,100,9.66,9,33.11
58,89,8.03,11,35.47
29,83,9.54,12,39.45
38,127,9.11,0,15.82
35,136,7.74,11,35.67
35,91,8.0,12,37.67
34,89,7.1,6,23.67
55,146,6.98,1,15.06
56,87,6.32,1,12.86
40,148,5.68,10,29.69
31,101,5.36,12,33.5
37,114,8.04,11,35.46
45,83,8.08,3,19.89
49,95,6.32,5,21.38
43,116,6.59,1,13.3
29,101,7.3,6,24.0
45,141,6.31,7,26.44
43,129,8.01,2,18.89
22,139,8.09,9,31.54
21,106,6.34,2,14.57
58,131,8.33,1,16.15
26,119,6.69,9,29.39
35,151,6.52,3,18.91
27,150,8.15,9,32.31
22,109,6.42,12,35.4
50,131,6.3,4,20.11
49,117,9.42,13,41.86
32,94,6.68,9,29.03
54,107,7.52,5,24.01
50,138,9.46,0,17.16
56,119,5.35,12,34.0
55,152,9.13,14,45.27
22,84,5.22,10,28.91
23,118,7.94,2,17.89
32,135,7.14,5,23.04
24,158,9.7,14,44.7
27,114,9.91,8,32.02
40,96,9.34,2,19.71
39,98,8.15,2,16.69
28,97,6.32,8,27.09
23,153,9.3,7,30.18
47,81,5.23,5,19.66
35,145,5.93,8,27.75
28,128,6.49,2,15.88
38,159,8.46,12,38.93
49,111,7.56,13,39.36
56,117,9.67,5,26.67
23,105,6.68,0,11.33
29,132,8.48,10,34.9
30,129,5.19,3,15.72
40,151,8.4,9,32.99
22,148,7.1,9,30.61
21,111,9.26,5,24.94
47,151,8.08,2,18.46
24,101,8.45,5,23.89
57,126,9.19,1,18.44
52,80,5.17,3,14.89
38,154,9.94,7,30.69
34,117,6.06,0,11.09
35,134,5.94,5,20.93
24,85,9.0,11,37.58
39,99,7.12,4,20.6
44,141,6.0,0,11.83
50,97,5.91,0,11.94
33,150,5.75,4,18.67
31,111,7.2,6,24.17
48,103,5.29,6,22.41
31,133,5.05,13,35.07
21,130,9.06,0,16.27
24,91,7.79,9,31.7
58,147,6.29,13,37.42
54,113,5.42,13,35.36
32,140,8.45,9,33.46
44,142,9.02,9,33.38
57,152,7.37,1,15.45
52,118,9.07,1,17.17
39,155,9.49,9,34.71
49,116,7.19,8,28.51
58,91,9.67,2,20.12
49,95,5.78,13,37.03
39,98,8.26,12,37.94
40,155,7.17,8,29.08
23,80,5.48,12,32.88
25,144,9.65,9,34.08
43,98,8.94,9,32.88
25,131,7.73,11,36.04
50,123,8.72,8,31.61
52,123,7.4,5,23.88
44,81,7.93,8,30.01
55,156,6.01,3,18.29
52,83,7.44,13,38.31
42,98,6.02,9,29.02
41,124,9.81,12,40.68
48,112,7.2,1,15.38
54,96,7.12,9,30.3
36,136,9.84,6,29.07
31,96,9.74,3,22.26
53,83,8.68,4,23.46
58,87,8.72,9,33.7
39,116,9.47,1,17.07
48,81,9.83,3,22.8
49,105,9.41,2,20.7
57,120,5.12,6,20.93
23,92,8.38,14,41.42
38,103,9.78,1,19.11
38,152,6.13,3,17.23
32,141,7.74,8,30.0
38,144,9.98,14,45.24
52,110,7.79,14,42.44
56,97,6.63,4,19.41
39,94,8.77,11,36.62
24,103,9.94,5,26.01
31,144,5.39,8,26.53
23,94,5.63,7,23.67
47,130,7.92,3,19.77
36,99,8.81,5,25.85
38,131,8.82,1,17.85
50,156,7.61,6,26.59
44,84,9.84,14,44.1
26,133,8.26,12,38.16
54,116,7.38,13,38.71
32,141,7.83,2,17.86
43,90,9.04,6,27.77
56,121,9.51,4,24.86
35,85,9.15,13,40.83
36,124,7.96,9,31.99
34,136,5.35,8,25.97
35,118,8.65,1,17.08
32,116,8.8,0,15.28
55,119,5.44,9,27.79
45,137,6.57,14,38.72
34,86,5.42,3,14.91
22,119,7.03,8,28.61
38,114,7.7,0,13.72
55,153,5.85,0,11.54
29,93,8.01,9,31.03
31,88,8.83,14,42.57
46,148,9.4,1,18.45
23,118,9.33,4,23.88
25,124,8.31,3,20.1
52,140,8.44,7,28.87
30,129,5.57,10,30.98
58,119,6.1,14,39.23
26,107,9.82,2,20.98
31,115,10.0,13,42.14
37,89,5.11,1,11.0
22,140,8.81,6,26.59
44,147,8.16,7,29.32
25,116,5.16,6,21.38
41,103,7.89,1,16.61
26,113,7.96,14,42.06
24,80,6.69,6,23.44
29,100,9.6,8,32.21
25,150,9.97,12,41.14
24,123,9.63,4,23.7
29,119,5.03,6,20.51
38,158,6.2,14,40.31
36,157,7.66,11,36.17
22,131,8.92,5,24.99
49,80,5.57,12,34.05
56,132,7.81,7,27.67
32,146,6.13,8,27.68
57,112,7.03,13,39.25
54,90,9.69,14,44.49
55,120,6.79,6,23.82
26,147,8.09,11,36.06
57,128,5.95,6,23.21
56,139,5.38,3,16.73
40,125,9.57,6,28.29
36,95,9.96,0,16.16
28,113,5.13,10,28.64
42,103,7.4,2,16.58
25,87,5.27,4,17.03
25,147,7.75,13,39.83
31,109,8.87,11,37.16
39,132,7.29,12,36.93
59,132,6.05,14,39.53
37,144,7.86,2,17.92
57,106,6.17,1,13.42
58,92,9.24,10,36.6
38,86,8.9,14,43.24
29,159,7.9,4,21.26
37,106,7.1,11,34.89
53,115,9.23,14,44.57
40,146,8.39,9,33.18
38,135,8.39,6,26.85
44,93,8.44,11,36.37
33,80,5.6,9,28.12
48,118,7.92,9,31.66
23,98,6.78,9,29.36
56,146,7.0,3,19.74
31,126,7.75,9,31.58
59,130,9.98,7,30.77
41,144,9.53,4,24.19
57,86,9.98,5,27.24
22,126,9.04,10,34.98
26,86,5.61,14,37.14
25,152,5.75,13,36.95
52,137,6.14,6,23.7
57,135,9.99,0,17.8
31,159,7.53,3,19.53
37,148,8.88,6,27.08
34,113,8.81,0,15.2
22,127,9.86,4,24.31
59,117,5.46,6,23.06
38,119,5.45,11,32.49
53,108,8.8,7,28.85
50,116,5.07,4,18.09
35,86,9.37,9,33.17
49,159,7.55,12,38.72
46,156,6.29,2,15.94
21,118,9.56,10,35.57
37,97,8.7,2,18.11
59,89,6.46,0,12.43
22,135,8.7,7,28.14
35,102,6.52,3,17.86
42,135,7.69,9,31.67
40,112,8.75,7,29.3
49,124,7.12,11,35.58
45,155,9.07,14,43.31
44,113,5.79,5,20.79
54,85,7.59,13,38.45
41,89,5.15,8,24.99
22,153,9.9,11,38.88
36,146,5.88,4,19.99
41,117,5.82,11,32.43
57,158,7.21,12,37.26
28,123,5.33,14,38.07
34,88,9.36,11,37.2
42,147,5.97,8,27.08
38,109,8.16,8,30.05
25,141,8.94,11,37.34
50,112,7.5,3,19.58
51,91,5.18,7,22.97
29,143,6.58,1,14.22
51,155,8.04,1,16.8
51,114,6.85,0,12.78
29,141,8.24,1,16.42
57,96,7.56,2,17.06
26,113,7.39,5,21.57
46,140,6.22,3,17.34
30,141,9.75,5,26.25
26,89,7.81,1,15.01
53,129,6.1,10,31.19
50,151,6.83,6,23.63
44,131,5.58,10,30.98
48,86,8.97,12,39.52
58,121,7.97,5,23.17
49,136,8.9,14,43.43
35,112,8.42,1,16.42
28,133,9.81,14,43.99
43,134,8.72,6,27.11
29,88,8.37,3,19.12
31,124,8.03,7,28.14
26,117,5.37,11,31.87
32,98,5.32,2,13.65
54,123,8.85,13,41.75
41,141,8.6,1,17.19
52,92,6.18,4,19.25
56,114,9.93,8,32.9
45,128,5.73,7,24.43
55,120,7.25,1,15.27
54,134,9.98,6,30.12
39,158,9.55,0,17.59
57,94,6.01,3,16.46
37,93,5.51,3,15.3
36,138,5.51,2,13.53
36,125,6.31,11,33.19
24,157,7.49,0,12.5
50,107,9.28,10,35.75
54,138,5.15,7,24.03
25,117,7.47,0,13.78
53,119,5.73,5,21.32
29,130,8.22,6,26.35
37,148,8.63,4,23.8
32,88,6.21,3,16.59
44,90,7.48,5,21.88
32,99,7.47,8,29.21
35,113,5.55,7,23.86
36,148,8.48,3,21.13
43,112,8.19,3,20.03
38,107,6.79,11,34.0
42,132,5.39,7,24.22
51,115,7.12,1,16.07
35,120,7.08,12,35.38
41,109,7.32,7,28.18
28,106,6.39,14,37.81
56,129,9.77,3,23.25
58,90,5.05,8,26.29
26,96,9.25,3,21.49
37,129,7.83,4,23.04
56,111,7.6,14,41.21
48,102,9.41,7,29.72
43,124,6.14,8,27.24
51,97,5.82,13,38.03
31,101,5.18,0,9.52
40,107,9.99,9,35.36
52,128,6.24,5,20.34
37,121,5.51,14,39.59
58,94,9.08,0,15.47
26,99,9.9,3,21.97
21,111,9.81,14,44.0
57,135,8.21,1,17.03
24,151,5.37,2,13.36
51,132,8.28,9,32.3
31,122,6.99,9,30.5
37,101,8.3,2,17.59
27,99,9.93,8,32.26
55,159,6.35,0,12.17
22,80,7.66,8,29.22
57,130,7.32,1,15.32
57,136,7.78,2,17.81
30,121,7.63,1,15.42
32,131,7.86,5,23.41
37,156,7.73,10,34.24
46,105,5.7,3,16.02
25,142,6.32,5,21.33
25,140,5.8,3,16.77
58,141,6.43,9,30.33
47,146,8.6,12,39.14
25,140,9.78,8,32.8
28,125,6.1,1,14.11
51,128,6.7,11,34.37
53,103,7.9,14,41.63
41,125,7.45,2,16.82
55,136,8.19,9,32.76
41,151,6.74,0,12.33
35,93,5.27,10,30.14
56,81,7.01,11,33.35
22,85,6.59,13,37.61
50,155,7.32,6,25.92
48,140,7.14,12,36.3
37,115,8.82,9,33.68
40,147,7.85,3,18.93
49,109,5.8,11,31.79
25,127,7.55,9,30.86
45,95,9.61,3,21.74
30,143,6.12,5,20.81
39,87,8.03,7,27.88
21,114,5.96,8,26.9
54,103,7.18,1,15.07
34,110,9.98,12,41.46
45,113,7.75,7,28.57
46,84,8.49,9,32.08
41,93,7.17,8,29.27
36,116,9.43,13,42.1
30,99,6.23,6,23.18
52,144,6.73,5,22.64
40,95,8.62,9,32.86
29,90,8.69,10,34.31
54,147,8.93,5,25.85
51,123,9.46,5,26.29
39,140,8.07,8,29.78
51,110,8.76,3,21.04
50,148,6.37,5,22.37
44,156,5.43,13,37.29
53,140,9.93,7,31.84
38,88,9.3,10,35.57
41,129,8.59,1,16.31
51,97,5.45,6,22.5
59,94,6.56,0,11.65
24,103,7.2,1,14.08
46,126,5.72,11,32.31
53,150,6.82,0,12.68
53,152,5.04,13,36.56
40,159,5.7,7,24.53
28,113,6.53,4,18.74
56,102,8.17,12,37.56
28,99,8.65,11,36.27
51,124,6.65,6,23.56
42,115,8.74,12,39.03
39,125,6.23,10,31.38
40,88,8.98,1,17.3
43,93,9.67,14,44.1
44,122,5.29,5,20.42
44,156,8.54,13,41.04
56,140,5.48,1,13.19
29,101,5.84,11,32.43
36,84,8.71,7,27.98
47,138,5.67,10,30.8
57,111,7.22,0,13.45
33,155,6.2,2,15.56
22,114,7.73,10,33.96
32,83,9.34,11,37.31
53,126,8.52,8,31.39
43,152,6.74,13,38.37
34,157,5.53,8,26.72
59,133,9.57,5,26.58
50,139,6.59,6,25.17
54,130,9.92,11,39.45
29,92,6.81,5,21.82
35,114,6.84,11,33.8
44,95,6.88,1,14.72
45,147,7.76,2,17.65
56,82,7.46,14,40.86
52,141,8.77,0,15.14
41,158,8.5,5,25.89
59,110,7.7,2,17.12
26,80,5.2,1,11.13
45,141,7.95,13,40.89
22,80,7.53,10,32.77
51,112,9.73,0,16.45
50,121,7.99,9,31.65
35,144,9.57,5,26.35
38,95,5.28,2,13.65
52,116,5.16,11,31.62
34,131,7.7,9,31.59
38,114,6.43,2,16.09
55,151,8.81,10,35.54
42,126,9.74,11,38.88
34,81,5.78,4,18.15
58,123,9.61,4,25.11
34,132,8.19,12,38.98
54,153,8.45,7,29.13
42,89,6.48,0,11.36
36,124,7.47,1,14.68
36,155,8.97,4,24.51
36,137,8.97,3,21.49
58,103,8.83,1,17.69
38,101,8.35,6,27.19
43,120,7.07,3,18.81
38,84,6.8,8,28.67
42,83,5.18,11,31.58
50,138,9.48,13,43.04
38,101,8.66,6,27.42
38,139,6.96,8,28.48
21,149,5.26,11,31.65
35,90,6.22,6,23.26
25,125,8.38,7,28.81
47,120,8.81,9,33.19
37,86,9.65,12,39.73
52,103,8.69,13,41.09
58,87,8.27,1,16.13
46,91,9.61,5,26.1
22,89,6.75,7,25.35
48,90,9.24,4,23.1
43,99,8.69,10,34.9
40,123,7.13,14,40.11
56,102,7.89,13,40.52
42,101,5.97,9,29.82
31,124,5.47,13,36.09
48,101,6.43,4,19.45
42,118,6.57,4,19.95
37,120,7.72,13,40.46
51,135,5.7,1,13.91
31,146,5.74,0,10.61
56,114,5.31,4,18.64
34,95,9.92,9,33.35
55,97,6.96,10,32.28
43,92,5.85,4,19.21
49,101,9.74,13,42.29
43,88,5.39,5,20.24
56,149,5.35,13,36.97
36,88,10.0,8,33.26
59,97,7.3,5,22.69
40,143,7.23,5,21.72
45,117,6.52,11,33.57
39,130,7.53,5,22.53
46,137,8.96,12,39.43
52,101,9.46,13,42.1
41,135,8.54,1,16.88
29,108,5.5,1,12.4
39,134,6.62,4,20.2
41,159,9.77,8,32.67
38,83,7.19,3,19.15
26,115,9.5,5,24.78
55,153,8.47,1,17.73
34,111,5.98,6,22.24
29,93,9.58,1,18.81
55,97,8.33,10,34.15
22,146,5.51,1,12.73
26,149,6.91,4,20.52
55,88,9.67,1,18.8
45,105,8.77,10,35.24
29,127,6.56,14,39.51
51,98,8.55,14,42.08
27,149,6.79,13,37.91
48,81,5.47,12,33.68
22,107,7.43,5,21.75
21,157,5.77,4,18.96
57,147,6.9,14,42.0
44,132,7.2,7,26.54
55,121,7.09,9,31.02
27,109,7.89,11,35.64
58,97,7.33,0,12.62
49,88,5.56,5,20.82
21,86,8.46,13,40.37
50,132,7.06,10,33.74
52,158,8.17,2,18.65
30,84,5.3,14,37.54
54,122,6.04,6,23.75
31,148,6.34,8,27.42
57,92,9.46,10,36.98
47,149,5.36,12,34.5
30,126,8.73,6,27.27
58,124,5.77,14,38.64
42,81,7.21,11,34.31
44,88,6.39,6,23.39
28,101,8.67,2,19.26
26,99,5.23,1,11.47
24,153,6.71,9,29.89
25,139,9.81,1,18.54
26,90,6.48,0,10.98
52,100,8.67,8,29.89
58,145,9.8,4,25.87
40,132,6.03,14,39.93
56,101,7.83,14,41.24
34,159,5.66,7,24.38
39,103,8.16,13,39.88
31,145,6.8,9,30.36
59,105,7.06,13,39.06
21,150,7.4,3,18.2
55,115,9.21,6,29.22
39,116,7.84,1,15.94
53,97,9.29,11,38.39
52,106,9.9,14,45.33
56,153,8.11,2,17.72
44,159,8.53,11,37.28
27,98,7.21,12,36.78
27,137,7.56,2,16.85
25,115,9.67,9,33.87
34,112,9.1,14,43.49
46,140,7.45,7,28.22
21,85,5.66,6,21.7
33,159,5.4,8,26.44
43,83,7.93,3,18.55
40,88,7.3,2,16.32
27,104,8.33,0,13.97
26,102,7.57,13,39.12
29,147,7.52,9,31.3
48,136,8.27,6,26.92
30,148,6.86,7,27.17
55,105,5.37,9,27.02
27,83,7.45,12,36.23
45,100,6.12,7,24.38
50,104,9.35,6,27.9
46,154,8.69,7,28.92
32,110,8.83,9,33.37
33,86,7.57,0,12.24
24,92,7.71,11,34.52
21,134,6.09,9,28.78
26,147,8.35,7,29.41
22,88,8.33,1,16.04
47,137,7.72,4,21.91
38,122,8.32,2,18.96
49,109,9.87,5,27.47
53,147,9.8,4,24.92
23,140,9.79,5,26.59
40,146,5.48,11,32.68
24,133,9.01,4,22.64
38,118,9.55,7,30.82
28,108,9.29,8,32.49
42,100,6.54,13,37.34
42,91,7.12,2,16.42
39,148,5.75,0,10.85
48,102,7.97,2,18.82
22,96,5.09,4,17.29
29,140,8.63,12,38.96
55,110,5.86,6,23.7
42,91,8.82,13,41.85
46,127,6.68,1,14.52
54,101,9.97,9,35.78
27,131,7.04,2,16.59
50,84,9.1,12,38.7
45,159,6.05,12,36.2
29,153,7.58,11,35.52
47,142,8.51,11,36.5
21,155,7.62,11,34.72
53,85,8.74,11,36.83
28,143,8.18,4,22.16
52,137,8.28,1,17.04
39,104,5.71,11,32.5
56,132,9.18,12,40.73
42,99,5.34,2,14.39
59,82,6.33,0,12.18
46,143,9.81,11,39.07
23,86,8.59,4,21.64
29,82,9.57,13,41.41
55,122,5.1,10,29.16
27,124,5.82,14,37.69
35,83,9.89,10,36.26
24,113,8.28,4,21.46
57,149,5.71,7,25.85
48,123,8.1,6,26.9
29,121,6.75,3,18.04
55,137,8.5,14,42.84
45,131,9.36,2,19.83
29,147,9.54,6,29.2
53,128,5.37,10,30.59
37,91,5.43,9,28.11
32,130,5.89,0,11.56
29,86,6.58,2,15.4
25,141,7.68,14,41.57
46,138,9.51,9,35.27
39,119,6.24,8,25.91
55,129,7.78,2,17.39
22,119,8.07,10,34.99
27,104,9.49,5,25.4
29,85,9.87,12,40.33
42,143,6.53,4,19.49
53,123,7.39,0,13.12
36,80,7.9,6,25.11
44,84,9.69,10,36.52
28,123,9.09,12,39.45
50,137,8.34,5,24.65
46,97,7.35,2,16.77
55,124,9.73,11,38.11
37,137,5.94,6,23.43
58,120,5.44,4,18.45
30,114,5.75,13,35.81
37,115,5.34,6,21.29
27,121,6.76,0,12.61
22,153,8.19,13,40.2
31,81,9.13,11,36.9
23,97,6.47,8,27.23
40,114,5.65,5,21.07
33,101,9.4,9,35.41
43,134,7.11,7,25.82
37,148,7.54,11,35.31
49,126,6.05,9,29.45
59,103,5.19,11,31.73
52,111,7.57,12,37.58
55,90,6.79,0,12.45
55,89,7.25,12,36.65
54,153,5.96,1,13.75
41,122,5.93,2,14.34
36,86,7.29,0,12.09
43,127,6.13,2,15.73
31,156,5.91,9,29.37
34,102,5.73,12,35.03
23,154,7.11,0,13.03
27,87,8.03,10,34.05
31,86,7.06,9,30.01
53,89,9.6,0,15.64
39,91,8.26,7,27.58
43,154,6.95,10,33.32
43,116,6.87,1,14.76
49,105,6.44,0,12.37
26,84,6.67,4,19.81
59,130,6.82,6,24.89
25,126,6.42,9,30.1
52,86,5.51,9,28.31
46,115,7.42,7,26.88
34,86,7.26,0,12.42
38,118,8.63,5,25.64
41,121,9.58,13,42.33
45,133,8.06,14,41.99
40,85,8.65,12,39.16
44,144,7.55,8,29.18
23,81,7.02,5,22.21
42,146,5.25,11,32.88
28,93,6.9,11,33.05
49,159,7.56,3,19.76
27,158,6.52,11,34.13
26,103,6.84,8,28.08
26,120,6.74,10,32.18
32,151,7.74,2,17.93
42,133,9.81,5,26.73
46,81,5.98,5,20.35
45,97,6.77,4,20.43
39,97,9.98,8,32.67
56,98,6.92,4,20.46
55,116,8.94,9,33.45
33,100,6.97,8,28.45
45,141,7.46,1,16.53
52,154,8.86,4,23.98
50,100,7.76,2,17.53
41,122,7.36,5,23.62
28,137,5.69,8,27.34
27,114,10.0,1,18.7
23,95,5.94,9,28.45
57,131,7.25,14,41.26
23,110,8.12,11,35.48
38,156,5.26,12,33.9
29,89,5.93,4,18.94
44,127,9.01,0,15.24
27,148,8.22,2,18.33
53,143,7.03,10,34.18
45,128,8.06,1,15.9
54,83,7.22,12,36.69
58,119,7.67,6,25.72
41,155,7.15,6,24.9
58,139,5.23,4,18.14
38,120,6.64,8,28.29
59,126,7.5,3,19.43
53,122,7.43,9,30.41
48,143,5.32,6,22.31
45,94,8.9,11,37.26
34,108,6.89,6,23.5
40,109,9.31,7,28.63
59,108,7.04,4,20.24
40,158,9.1,9,34.55
27,159,6.29,5,21.19
24,153,9.74,1,18.99
51,113,6.09,14,39.39
50,142,5.89,1,13.5
57,91,6.25,5,20.43
41,104,5.45,9,28.11
21,87,5.87,4,18.01
23,84,5.45,2,13.93
33,98,5.99,11,32.55
27,154,5.71,1,13.38
26,107,8.87,10,35.58
26,103,8.01,7,27.45
54,117,6.48,1,14.33
52,155,5.24,13,36.29
36,110,8.84,3,20.47
58,150,8.95,1,17.3
28,127,9.47,3,21.91
41,82,7.4,4,20.61
31,155,9.63,13,42.71
43,82,8.79,8,31.28
26,126,5.02,8,26.44
35,117,8.85,13,40.14
31,108,9.93,1,18.02
47,124,8.75,8,30.61
35,100,9.83,5,26.29
58,128,7.72,4,22.42
24,128,6.97,10,32.12
34,159,7.76,1,16.26
30,154,5.01,4,17.41
49,105,7.44,13,39.23
32,109,8.25,9,31.53
40,152,7.9,14,41.83
57,107,6.89,10,32.87
22,101,9.79,4,24.99
40,107,8.98,0,15.35
32,155,9.23,14,44.28
58,143,6.97,12,36.51
50,98,5.61,8,25.57
38,126,5.99,5,21.12
30,126,7.19,12,37.41
27,127,6.48,14,39.45
25,81,7.05,8,28.14
49,102,6.2,3,18.24
55,84,9.99,9,34.98
59,151,6.6,6,24.93
32,122,6.1,10,30.88
30,158,8.85,6,27.27
57,93,7.11,5,23.39
22,107,5.59,0,9.6
23,153,5.67,8,27.14
34,85,7.48,14,39.88
40,99,7.12,3,18.5
24,147,6.89,0,11.89
46,146,8.57,13,41.57
35,110,9.52,13,42.69
29,129,8.14,10,34.55
23,122,7.86,5,24.34
22,91,7.3,4,18.78
59,127,8.18,13,40.24
50,107,9.5,6,27.98
57,152,6.24,13,37.32
37,152,9.67,11,39.85
23,118,9.31,12,39.85
29,88,7.2,1,13.78
28,112,5.24,5,18.58
29,122,8.14,3,20.32
37,80,5.89,0,10.41
44,157,5.23,14,37.75
28,152,6.83,4,21.52
34,89,9.29,12,39.34
36,97,5.72,1,11.95
38,88,9.65,10,36.91
44,92,5.32,5,20.06
59,122,5.08,6,21.96
47,83,5.44,14,38.5
48,122,6.7,5,22.22
27,110,7.88,5,23.82
54,104,9.51,12,39.99
47,155,8.88,2,19.26
54,96,9.34,12,39.37
59,145,9.61,1,19.73
39,107,6.64,4,19.04
26,93,7.07,2,15.97
50,152,9.69,3,23.38
48,147,9.23,8,31.52
32,148,5.57,4,18.84
35,92,5.89,3,17.22
59,93,9.6,13,42.97
59,97,6.44,9,29.87
35,88,6.28,14,38.53
56,123,9.41,7,30.38
23,106,7.81,7,27.63
21,120,7.7,9,30.76
27,135,7.11,10,32.15
29,123,8.33,5,24.14
21,89,6.83,12,35.69
25,111,9.92,0,16.11
56,149,7.03,10,34.19
30,105,6.01,12,34.32
22,120,5.33,13,34.62
43,125,7.99,7,29.18
59,93,8.3,1,16.4
49,124,7.0,6,24.93
39,105,9.74,10,36.46
58,86,5.24,7,23.73
40,116,7.67,13,39.95
32,129,8.72,7,29.17
31,145,7.26,3,19.19
55,108,8.21,7,28.6
27,134,9.14,4,23.87
43,88,8.71,12,38.09
37,110,7.73,5,23.51
22,97,9.75,7,30.63
25,131,9.99,12,41.08
41,109,7.95,10,33.58
33,156,5.49,10,31.26
31,90,6.2,7,25.64
44,104,8.86,4,22.93
53,105,7.14,13,39.08
47,89,8.1,12,39.06
55,156,5.19,9,28.81
38,111,9.95,8,33.07
41,133,7.12,5,22.95
24,104,8.88,1,16.23
52,108,8.74,0,15.94
31,114,7.39,5,22.83
23,131,9.09,1,17.58
41,91,6.67,10,32.32
34,127,5.28,0,9.69
26,86,6.88,9,29.03
49,150,7.94,8,30.07
51,132,5.25,5,19.95
48,147,8.37,8,31.27
56,124,9.81,12,40.86
48,112,6.12,9,28.29
39,151,5.25,6,21.36
23,136,5.41,4,17.55
32,97,5.29,10,29.37
56,95,9.51,13,42.03
44,127,5.92,6,22.75
32,120,6.55,9,29.67
44,142,9.64,12,40.95
21,108,5.35,9,26.74
48,96,8.05,0,14.49
36,105,6.3,5,21.27
41,153,9.69,11,38.32
50,158,5.01,14,37.59
54,110,7.22,8,29.73
46,119,9.68,8,32.21
55,128,8.09,14,42.41
51,87,6.39,10,31.38
36,128,8.56,2,19.14
49,143,8.18,10,33.88
49,124,6.53,4,19.49
29,119,9.88,7,30.3
34,81,9.4,0,16.13
28,132,8.64,3,19.93
22,158,7.63,4,21.75
31,134,6.31,1,13.48
22,103,6.76,9,29.49
38,107,7.33,11,35.64
25,85,5.06,2,12.68
27,119,8.03,3,20.49
43,146,5.26,6,21.86
39,159,7.17,4,20.17
39,145,8.34,13,41.17
39,89,7.22,7,25.97
48,82,6.73,3,17.83
31,90,6.13,6,23.78
31,104,5.27,12,34.33
29,145,6.61,10,31.68
34,88,7.84,9,31.02
54,140,6.42,9,30.65
49,138,8.59,14,43.26
41,80,7.12,10,32.68
25,102,7.15,10,32.87
53,80,6.53,1,13.94
29,90,8.77,3,20.3
23,159,6.72,1,14.71
34,108,6.65,7,26.15
38,86,8.96,11,36.88
32,117,6.83,6,24.01
43,83,5.02,8,25.22
34,89,7.42,10,33.95
36,133,5.63,5,20.56
57,109,9.88,8,33.22
40,89,9.71,5,26.07
40,133,9.48,14,44.12
35,120,9.37,4,23.49
45,86,9.51,4,24.51
37,135,8.57,4,23.55
32,99,5.22,5,20.02
59,85,9.51,14,44.64
27,95,5.77,3,16.17
28,95,6.2,7,24.87
44,102,9.2,5,26.33
45,82,8.13,5,24.83
41,107,7.03,4,20.96
53,98,9.08,9,34.26
30,137,6.73,14,40.44
42,140,7.07,3,19.32
39,119,5.08,10,29.98
49,82,8.77,7,28.68
23,112,5.88,12,33.9
59,87,5.9,3,16.65
24,118,5.28,4,18.19
57,154,8.12,6,26.26
51,121,6.46,4,20.49
26,107,6.27,6,22.53
48,108,6.62,5,22.03
30,99,7.84,5,23.5
32,131,9.76,11,38.54
22,157,9.51,11,38.74
23,115,5.14,11,31.42
21,100,6.52,1,13.39
55,116,6.95,7,26.3
44,97,5.03,2,12.19
54,152,9.68,0,17.84
40,97,7.44,5,23.31
36,148,7.9,10,34.06
50,155,5.88,13,37.24
59,135,6.65,1,14.92
45,145,8.68,1,17.36
25,81,5.05,9,26.53
49,100,5.75,2,14.41
57,95,5.21,1,12.35
48,115,7.22,14,40.81
43,113,5.88,1,13.16
52,99,7.46,9,31.61
38,155,8.6,3,21.6
55,102,6.4,2,15.91
44,112,6.89,2,16.2
48,86,5.41,7,23.62
56,130,8.53,12,39.69
41,124,7.23,5,23.23
25,147,7.68,13,38.76
46,127,6.5,8,28.1
43,158,6.95,6,25.08
53,154,5.77,1,12.56
46,148,5.18,0,10.5
42,143,8.13,12,39.31
40,93,5.27,9,27.14
22,129,7.68,5,23.8
38,88,5.25,8,24.41
25,123,8.72,4,22.45
52,100,5.29,3,17.31
31,143,9.76,11,39.12
41,135,7.28,6,24.99
42,90,6.34,4,19.29
23,136,5.8,11,32.72
29,117,7.47,6,25.09
22,107,7.96,2,17.52
48,86,5.25,13,36.14
54,113,9.66,1,19.09
30,81,6.96,7,26.86
39,123,8.94,4,22.97
49,145,6.79,13,38.53
22,101,7.06,10,31.82
26,137,5.3,0,9.59
27,80,6.87,9,30.03
56,116,6.33,9,29.39
28,136,8.92,8,30.79
39,90,6.07,1,12.63
30,140,9.82,12,40.07
53,93,8.65,2,19.51
57,151,7.86,0,14.1
58,156,7.17,9,31.6
47,86,8.23,8,30.22
49,158,9.79,9,35.35
39,120,9.93,10,36.63
38,94,5.15,10,29.02
43,157,7.66,7,28.16
21,141,7.44,4,20.48
23,137,9.25,4,23.79
30,126,9.35,5,25.41
27,115,8.22,12,38.06
46,157,7.7,12,38.31
36,83,5.24,3,14.42
59,152,9.17,4,24.02
52,137,5.52,5,20.62
32,139,8.78,12,39.75
28,151,7.01,4,20.39
28,158,7.7,7,26.92
31,108,5.8,2,13.86
53,144,5.32,6,21.59
45,106,9.36,12,40.08
37,157,5.71,3,16.37
51,151,5.99,2,16.24
39,86,5.17,3,15.51
35,159,6.6,8,27.82
55,144,6.74,13,39.31
59,155,7.04,4,21.41
22,120,7.82,13,39.15
54,153,9.11,1,18.27
45,121,7.95,0,14.57
58,114,8.42,1,16.41
24,113,7.86,8,29.23
36,88,9.13,0,15.5
52,128,7.19,6,24.65
35,101,6.62,4,19.94
34,116,7.9,2,17.57
35,139,7.05,1,14.8
27,91,7.32,11,34.31
27,115,7.52,6,24.72
28,121,7.34,7,27.4
39,81,6.34,6,22.36
38,110,6.99,6,24.38
37,99,9.77,2,20.8
38,117,7.07,11,35.04
39,84,5.97,8,26.61
33,151,5.2,4,17.85
31,95,7.68,2,16.77
27,139,8.35,14,42.75
47,82,7.55,2,16.71
57,152,8.22,0,15.13
25,112,6.77,5,21.39
28,149,5.34,11,32.39
30,97,7.1,6,24.75
57,83,7.58,11,36.44
46,123,8.8,12,39.47
35,114,9.61,3,21.78
36,113,8.62,14,42.28
49,116,7.98,3,20.18
48,95,5.76,10,31.0
30,139,5.06,2,13.32
24,102,6.43,7,25.45
34,90,5.76,9,28.19
53,113,5.82,6,22.65
38,137,9.34,7,30.32
32,127,9.53,8,32.93
30,151,9.77,8,32.64
41,147,5.43,3,16.12
53,85,5.52,4,16.95
34,82,6.25,5,20.46
29,137,9.79,14,44.91
46,102,5.95,4,18.92
35,136,8.46,0,15.53
41,80,6.13,7,24.46
42,82,8.93,9,32.93
25,102,8.34,2,18.18
36,80,7.78,7,27.19
55,84,7.94,9,32.49
25,107,9.91,6,27.45
46,148,6.3,9,30.91
46,123,7.72,3,20.21
25,92,7.84,6,25.58
56,151,5.72,2,15.97
44,104,5.95,13,36.59
35,155,8.19,4,22.22
50,108,7.07,2,17.84
25,80,9.9,12,40.43
42,145,6.07,13,37.32
53,113,7.28,7,27.19
25,138,5.39,8,26.16
52,144,5.62,8,26.5
43,153,7.63,12,37.55
30,101,7.5,9,30.71
56,132,8.82,10,35.47
37,110,6.18,11,34.13
47,145,5.33,10,29.63
28,82,6.21,2,14.78
26,125,8.4,11,35.49
27,123,8.46,6,26.04
46,120,6.85,1,15.29
37,92,7.34,11,34.47
57,89,9.93,10,36.85
43,141,9.42,11,37.63
47,85,7.85,1,15.35
39,148,6.58,8,27.61
47,129,9.29,7,30.16
45,118,7.99,8,29.65
45,159,9.28,8,32.11
41,122,8.43,7,28.55
45,121,6.71,10,32.48
27,119,8.91,3,21.45
55,84,7.25,8,29.08
26,146,5.88,2,15.34
35,140,8.4,12,38.35
44,94,7.95,8,29.8
24,89,7.84,8,29.51
27,80,7.75,4,20.79
50,142,7.19,12,37.22
37,153,9.65,5,26.77
58,95,9.93,6,29.24
50,107,9.07,4,24.33
59,116,8.15,8,30.62
29,133,8.85,2,19.53
39,90,9.12,6,27.23
33,116,6.18,5,22.02
57,117,7.0,6,25.14
39,113,9.61,3,21.87
26,101,6.37,12,34.85
32,153,9.29,5,25.94
35,134,7.86,7,27.78
23,83,8.4,7,28.48
24,123,9.04,12,39.6
57,84,9.53,3,21.56
58,159,8.16,2,18.87
26,135,8.11,2,18.25
48,98,8.65,5,24.78
28,94,5.89,12,34.69
51,130,8.14,12,38.42
41,104,8.84,9,33.06
49,155,5.67,12,34.83
35,151,5.95,3,17.39
44,132,8.18,10,34.89
41,146,6.7,13,37.98
43,123,8.1,6,26.63
51,117,7.32,1,15.32
54,140,7.25,9,31.88
48,148,7.23,6,25.16
52,125,6.7,5,22.46
42,139,7.09,13,39.31
23,111,5.18,0,8.95
29,102,6.58,1,13.4
26,98,6.58,0,10.53
21,106,7.88,8,28.59
42,113,8.19,5,23.78
24,145,7.19,6,24.53
28,132,5.52,1,11.97
57,88,9.32,5,26.64
39,110,9.07,9,34.1
21,135,7.87,9,31.19
44,153,7.28,8,29.26
37,115,9.16,11,37.95
52,104,8.91,9,33.14
34,80,8.04,7,27.68
37,84,6.69,13,37.76
52,130,8.07,7,27.96
53,112,5.33,5,21.26
50,132,5.93,4,19.06
54,140,9.66,10,37.2
48,114,9.61,6,28.15
44,114,6.88,13,38.97
34,106,6.28,8,26.4
54,90,9.32,2,20.44
21,107,9.15,12,39.29
42,89,9.9,13,42.9
53,114,6.95,1,14.61
38,97,8.87,10,35.0
59,84,8.11,8,30.08
32,85,5.49,13,35.46
30,109,8.73,14,42.79
22,144,6.06,11,32.43
22,147,6.26,7,25.69
26,141,9.54,2,20.48
40,127,6.94,7,26.45
58,103,9.14,9,33.7
48,122,6.88,0,12.19
23,151,6.03,2,14.96
57,97,5.98,5,20.04
57,112,7.11,3,19.01
45,88,6.89,7,26.22
43,131,6.34,9,29.31
33,90,6.81,7,25.68
44,147,5.71,9,28.94
23,81,5.07,8,24.29
58,106,7.93,4,21.92
48,97,9.94,6,29.66
46,113,6.34,1,14.23
40,133,6.37,5,22.3
47,90,9.9,3,22.96
21,145,8.54,7,30.02
30,110,9.76,8,32.06
30,123,5.84,11,32.38
21,135,5.4,1,11.78
52,98,6.02,5,21.47
52,111,8.47,12,38.53
47,115,9.58,11,38.94
33,150,5.12,11,31.28
37,93,7.7,13,39.37
48,124,5.19,5,18.86
45,80,9.71,13,42.15
56,131,6.67,13,38.08
22,112,8.97,10,34.81
52,113,6.01,6,23.59
52,95,7.01,1,14.85
26,81,8.46,2,18.47
51,141,8.55,7,28.63
29,155,9.41,8,32.34
36,98,8.73,2,18.5
45,94,6.74,2,16.18
48,159,6.99,3,18.26
37,95,8.15,10,34.36
51,107,7.49,14,40.23
43,154,6.1,9,30.02
51,85,7.35,4,21.14
46,106,7.57,12,36.96
24,118,7.75,3,19.34
59,90,5.6,9,28.05
35,92,6.45,10,31.05
57,156,9.82,6,28.93
58,151,9.63,11,38.85
43,104,6.01,11,32.81
25,120,7.55,11,34.94
45,116,6.17,3,17.3
50,93,9.17,13,40.8
46,100,7.87,8,29.28
23,122,9.2,11,36.77
24,123,6.99,0,13.32
38,121,6.78,5,22.11
57,106,7.22,6,25.16
31,112,7.39,6,25.5
31,110,8.9,6,27.47
56,95,6.42,12,36.59
36,86,7.57,1,14.86
45,95,9.5,2,20.97
21,125,7.02,5,22.33
46,83,8.76,13,40.55
50,82,5.64,8,25.86
26,98,5.5,12,33.07
47,108,6.54,8,26.57
39,144,6.97,1,15.2
58,100,7.23,7,26.88
39,134,8.09,0,15.27
59,90,9.38,13,42.16
52,115,5.83,0,10.62
21,118,5.08,10,29.08
45,129,9.15,6,28.44
33,107,5.77,7,24.11
30,99,5.07,6,21.3
38,118,5.3,10,30.39
56,104,8.71,13,41.29
42,125,8.8,8,31.85
26,151,6.06,5,20.63
47,111,6.52,10,31.69
28,142,7.45,3,18.87
44,123,6.3,0,10.33
40,120,9.35,11,37.96
42,88,6.43,2,15.93
29,156,8.27,0,14.66
59,117,5.51,9,28.34
39,116,7.24,0,12.68
21,121,5.24,12,33.07
31,102,7.33,5,22.85
30,154,5.01,10,29.6
21,157,5.11,14,37.16
47,95,7.67,3,19.31
37,118,5.05,14,38.22
37,133,9.02,4,23.48
59,106,6.47,12,36.36
22,125,5.59,10,29.62
43,153,7.55,9,31.5
30,125,8.92,14,42.93
50,99,9.45,6,28.3
55,124,8.89,6,28.4
45,111,7.9,6,26.31
37,111,9.64,1,18.92
39,128,7.24,5,22.93
38,126,8.42,14,42.26
38,119,6.17,3,17.73
55,84,7.07,14,40.3
30,141,7.11,9,30.65
43,88,5.12,5,19.7
42,150,6.22,9,29.51
29,97,7.06,9,30.97
52,125,7.12,14,41.7
46,80,9.58,10,36.63
49,85,9.18,12,39.73
39,157,7.47,0,13.36
49,100,8.42,13,41.05
55,114,6.76,0,12.22
32,137,5.99,1,13.03
28,128,5.89,9,28.36
45,156,5.33,6,22.68
47,93,7.38,4,20.52
26,147,8.97,3,21.77
33,85,5.71,9,27.08
31,99,8.61,14,43.31
58,102,7.43,14,40.88
26,93,6.58,14,39.4
25,130,8.76,8,31.35
27,81,7.37,14,40.7
39,128,7.61,13,39.16
26,86,5.94,1,11.93
45,129,8.58,0,14.12
29,93,9.52,6,27.44
40,99,5.34,7,23.21
45,92,6.47,13,37.74
28,136,5.65,1,12.81
57,128,5.19,10,30.57
58,150,5.44,13,36.43
22,146,6.74,1,14.34
42,84,7.75,1,15.29
56,132,5.21,8,25.38
24,131,6.63,4,18.84
21,125,7.83,10,33.65
53,138,7.69,10,34.21
44,88,9.78,12,39.46
25,132,9.06,2,18.64
55,94,9.79,3,22.12
46,83,6.79,5,22.47
46,113,7.54,3,19.16
25,141,8.18,13,41.46
38,131,9.16,9,34.01
45,115,5.16,11,31.33
58,137,7.84,5,23.33
41,150,7.7,6,25.92
44,125,6.25,7,25.8
48,116,5.51,12,33.79
24,145,6.92,13,38.9
28,120,8.94,6,26.12
53,159,8.37,5,25.77
23,107,5.74,12,34.32
40,133,7.07,6,23.92
55,109,5.91,14,39.18
59,110,5.47,14,39.25
27,87,6.02,7,24.36
47,150,8.66,13,42.2
25,127,8.07,1,14.62
57,137,5.66,8,26.48
21,83,8.74,6,25.93
42,159,7.98,8,30.39
27,97,8.78,0,14.74
28,101,6.0,5,21.29
50,106,5.86,10,31.37
48,155,7.35,8,29.5
46,111,5.27,11,32.09
54,150,8.49,13,41.35
52,119,8.04,5,25.12
42,140,6.05,9,28.57
40,153,9.07,13,42.41
34,115,7.99,6,26.08
43,89,5.84,12,33.66
23,150,7.34,13,38.13
39,82,7.98,4,21.85
34,155,8.07,6,26.32
59,142,6.23,5,22.57
57,89,6.68,14,39.52
55,100,5.48,9,28.09
21,117,6.73,12,35.97
39,99,6.8,7,25.68
35,94,7.02,13,37.43
45,100,5.44,13,35.68
21,98,8.95,14,42.34
51,87,7.33,2,16.75
57,121,7.42,9,31.72
42,101,5.78,13,36.44
40,155,9.84,12,41.23
25,96,6.02,13,37.37
35,91,5.85,12,34.22
22,142,9.32,14,43.22
32,151,9.51,0,16.86
27,138,5.9,8,26.58
22,127,8.97,2,18.86
28,106,5.19,9,27.8
29,143,7.22,9,30.38
47,142,5.12,2,14.05
48,122,6.63,9,29.8
57,149,9.64,10,36.74
35,107,7.5,3,19.87
39,108,5.33,11,30.99
50,97,7.31,4,20.83
33,125,5.47,7,24.76
26,136,9.7,7,29.78
50,89,5.13,7,23.05
21,131,7.85,14,41.11
58,106,5.41,0,10.69
45,97,6.68,9,29.4
55,120,8.63,14,43.04
46,132,8.05,11,35.43
33,92,6.56,7,25.5
39,102,5.41,4,18.04
30,130,9.63,2,20.83
27,119,8.01,9,31.71
35,119,9.51,4,24.86
43,129,8.63,4,22.19
56,108,7.0,13,38.45
51,153,9.56,10,37.12
28,101,5.44,0,9.38
50,137,5.97,11,32.88
54,121,8.31,10,34.22
53,102,9.7,12,40.74
21,147,9.15,8,31.88
36,81,6.72,4,19.83
31,157,5.46,1,12.29
47,119,7.06,1,14.82
42,105,9.09,6,28.51
39,101,8.93,8,30.72
26,125,5.23,4,17.31
59,151,7.15,3,19.63
40,154,7.03,1,14.53
23,139,6.4,11,33.27
21,159,5.51,3,16.35
43,94,7.65,13,39.73
58,126,7.45,3,19.67
23,139,8.01,8,30.49
54,151,8.0,13,39.87
37,96,6.07,6,22.98
47,97,8.22,12,37.49
59,145,8.32,7,28.07
43,116,8.94,0,15.3
58,103,8.43,6,27.0
31,94,7.81,10,33.34
35,130,7.39,1,14.89
46,103,6.99,11,34.34
31,102,9.95,7,30.43
27,126,5.82,4,18.09
28,141,9.29,3,21.02
25,156,7.61,8,29.27
37,142,9.36,4,24.15
43,91,6.11,10,31.17
22,89,9.92,0,16.15
47,153,6.95,4,22.33
41,134,7.32,6,24.91
27,124,9.65,13,42.04
58,116,9.01,14,43.39
46,88,9.5,9,34.11
50,135,9.4,8,32.63
32,128,7.88,4,22.54
31,145,5.93,4,19.66
37,137,7.76,2,17.58
30,132,9.98,4,25.36
36,102,8.23,4,21.92
35,91,9.86,3,22.47
35,108,9.05,10,34.83
40,106,9.66,5,26.92
24,149,5.23,8,25.23
52,99,8.66,2,18.66
42,133,7.07,2,16.36
55,127,8.28,9,33.14
34,135,7.8,12,37.36
50,101,7.56,11,34.56
51,102,8.45,5,25.44
30,113,9.72,4,24.25
26,83,7.92,7,27.92
47,95,8.2,7,28.24
31,147,5.82,8,26.28
56,107,7.61,9,30.61
30,101,9.47,7,30.61
36,87,6.93,4,20.1
44,132,5.68,10,31.56
41,88,5.02,13,35.0
56,121,6.82,12,35.99
43,133,9.78,6,28.46
41,154,9.31,7,30.47
52,104,9.83,4,24.82
37,89,5.46,2,13.82
37,158,6.05,7,25.29
41,148,7.63,6,25.95
24,91,9.45,8,31.48
43,87,6.44,4,19.81
45,149,6.43,6,23.94
52,80,9.28,3,21.95
26,104,5.44,13,36.21
34,124,9.21,0,15.92
58,126,7.99,2,18.21
58,90,5.22,12,33.89
36,141,9.29,11,38.26
52,115,7.57,9,31.22
36,119,5.6,10,30.11
39,150,8.93,3,21.74
57,84,7.51,8,29.08
41,136,7.38,11,36.84
35,95,5.5,3,15.5
46,90,6.13,7,24.59
50,133,5.95,3,17.0
35,111,8.69,6,27.53
33,129,7.47,13,39.48
47,152,6.48,7,26.25
43,141,7.89,5,24.14
54,86,5.79,9,28.59
54,139,5.79,1,12.66
43,118,7.15,8,28.7
40,156,8.82,3,21.88
29,130,5.81,10,30.4
40,86,6.43,12,34.97
59,118,6.81,5,22.55
34,156,9.1,14,43.23
46,115,8.38,14,41.11
47,91,8.5,8,30.41
54,151,5.92,0,11.72
49,132,6.6,3,16.67
52,140,8.97,12,39.67
25,102,9.82,3,23.22
24,102,8.24,14,41.26
43,108,5.7,4,17.89
41,129,9.0,3,22.53
53,103,9.76,10,36.04
44,101,8.59,1,16.62
36,91,8.84,8,30.9
52,159,6.27,3,18.01
39,144,7.42,9,31.45
46,109,8.21,11,36.56
23,115,5.5,0,9.63
55,121,7.19,9,31.27
59,103,5.99,12,35.52
38,118,7.13,6,24.35
27,117,9.7,1,18.94
52,111,9.29,11,38.45
44,137,7.39,8,28.42
36,133,7.73,13,39.88
44,111,6.01,2,14.46
24,155,5.99,8,26.73
52,89,8.25,1,15.53
54,136,6.83,5,23.46
39,155,9.36,8,32.47
34,156,9.08,14,44.45
58,158,9.17,8,31.84
33,109,6.88,2,16.01
42,132,9.31,9,34.36
51,156,6.68,0,12.53
50,127,8.3,6,26.78
43,122,6.67,3,17.45
32,80,9.11,8,30.96
34,118,6.7,8,27.88
56,91,9.62,1,18.34
28,129,9.14,6,27.22
44,88,8.38,7,28.41
23,128,5.67,0,11.36
34,83,8.85,4,22.27
31,103,8.84,4,22.26
58,147,9.34,9,35.35
48,139,6.81,13,38.44
43,107,7.44,1,15.5
38,131,5.53,8,26.34
40,99,8.27,9,31.19
53,142,8.84,2,20.08
22,109,7.8,3,18.71
59,146,7.43,4,22.09
57,98,8.68,3,20.76
46,100,8.15,5,23.8
22,119,9.0,0,14.83
23,100,6.41,14,39.58
40,134,8.56,5,25.59
30,112,5.95,4,19.5
41,117,9.17,9,33.41
29,88,8.76,11,36.72
22,129,8.36,11,35.95
48,111,6.48,2,15.2
23,120,6.32,11,33.41
36,102,9.43,8,32.08
24,121,7.25,12,36.18
43,95,8.18,14,42.0
50,100,5.19,10,29.86
58,142,7.8,14,42.31
33,155,5.8,9,29.29
26,149,7.65,2,17.21
30,93,6.17,4,18.67
37,126,9.98,0,17.96
28,121,7.04,4,20.2
29,107,8.12,10,33.19
54,148,8.0,13,40.22
37,105,6.81,5,21.71
42,131,5.85,0,10.79
23,159,8.43,7,28.03
49,135,5.26,12,34.96
59,87,8.56,4,23.42
47,154,7.85,5,24.75
59,82,7.93,11,36.29
57,145,9.6,1,18.96
23,80,8.64,8,31.04
39,80,9.95,7,30.12
54,121,6.97,10,33.11
34,129,8.5,7,28.88
41,159,5.66,5,20.32
22,130,9.35,9,33.43
30,127,8.42,13,40.62
37,146,7.34,3,19.71
22,118,7.7,10,34.01
47,149,6.05,1,13.6
21,116,9.77,8,31.58
56,115,7.84,0,14.73
53,155,5.05,7,23.77
42,153,6.77,11,34.44
55,114,7.08,10,33.14
54,145,7.1,7,27.42
38,110,8.96,5,25.02
56,119,9.24,5,26.27
23,158,8.45,1,16.64
36,112,6.82,5,23.0
31,145,7.2,11,35.57
30,106,8.28,4,21.6
41,129,8.18,14,41.66
45,150,9.26,6,28.55
55,105,9.82,6,29.4
26,101,6.59,5,21.18
28,145,8.07,2,18.29
54,95,6.52,11,33.99
21,104,8.15,6,24.82
23,95,7.43,10,33.25
58,115,7.7,13,40.12
47,93,6.67,4,20.2
33,119,8.57,4,22.63
39,88,9.8,1,17.13
39,119,5.31,11,32.27
26,150,9.99,8,33.19
34,124,7.1,7,26.04
25,80,5.76,11,32.1
56,108,6.71,0,12.23
29,87,6.07,0,10.06
43,152,9.29,3,22.18
52,137,6.02,13,37.76
49,98,5.71,9,28.46
48,126,8.44,7,28.99
31,106,9.97,0,16.59
39,157,8.84,1,18.29
21,155,5.09,1,10.86
29,133,6.12,4,18.47
22,148,9.06,9,34.41
24,136,7.46,14,40.9
49,134,5.47,10,29.85
24,150,9.15,14,43.93
21,84,9.27,4,22.67
48,121,7.78,14,41.96
38,154,7.22,11,34.57
33,151,9.36,12,41.6
26,107,8.62,8,30.6
59,91,6.48,10,31.95
42,124,5.07,6,21.5
50,113,7.38,8,28.66
47,159,5.75,11,33.63
28,137,7.32,13,39.13
48,92,7.4,11,35.59
22,88,8.11,5,24.33
40,151,5.75,8,26.94
31,128,7.56,8,29.83
34,89,8.09,13,38.78
44,108,6.12,6,22.44
33,128,9.88,14,44.94
28,130,5.88,13,36.23
41,130,8.75,11,37.76
42,145,6.29,10,32.3
29,90,7.12,12,36.3
31,151,9.02,6,27.96
36,100,8.16,3,19.75
29,129,9.85,14,44.25
23,150,6.97,4,20.26
56,88,8.56,5,24.15
33,122,7.46,2,16.97
21,117,6.42,11,32.47
31,123,5.36,4,17.36
44,132,8.66,13,40.29
25,139,5.73,6,23.26
22,153,7.81,1,16.02
37,105,9.53,6,28.66
37,135,5.39,12,34.6
40,135,8.14,6,27.03
35,125,5.17,3,15.0
24,99,8.83,3,20.72
31,116,7.86,7,27.08
43,115,7.17,0,12.49
21,156,6.61,11,34.19
24,150,9.02,11,37.92
58,154,9.06,5,26.29
22,122,8.76,4,22.93
47,132,8.89,1,16.8
54,135,7.64,13,39.61
33,123,5.34,1,11.86
38,146,5.36,5,19.49
31,114,7.64,7,26.56
25,80,6.84,12,36.04
49,121,7.81,5,23.86
45,144,5.94,0,11.34
34,105,9.95,2,21.73
58,146,8.58,0,15.58
57,140,6.09,11,33.79
31,124,8.6,11,36.62
52,159,6.29,3,18.95
26,157,8.06,10,33.72
26,112,5.57,3,16.07
42,137,6.33,9,29.28
23,88,6.06,10,30.62
39,98,5.12,3,14.63
54,109,9.74,4,24.33
27,153,5.57,2,14.71
36,142,8.54,13,41.83
58,132,8.1,9,33.0
29,90,6.81,6,24.37
33,105,7.64,10,32.56
54,105,6.9,0,12.35
57,93,8.91,9,33.53
26,95,9.74,12,39.63
58,118,9.51,12,40.77
24,109,7.02,10,31.74
25,152,8.19,8,29.93
26,92,6.42,1,13.51
33,144,7.53,7,27.69
44,81,6.7,0,11.89
48,102,6.73,3,18.16
33,113,6.6,13,38.04
38,144,6.27,9,29.54
27,121,7.56,6,25.37
24,121,8.19,0,13.65
51,148,9.78,9,35.77
44,118,6.03,1,13.44
42,153,7.4,14,41.87
41,101,8.48,7,28.22
46,114,7.7,11,35.98
50,123,8.72,12,39.95
55,127,8.01,14,41.68
43,129,7.35,10,32.97
50,138,7.59,14,41.58
39,153,6.24,10,31.67
52,112,5.0,14,37.52
39,95,5.26,11,32.18
42,84,9.27,2,19.41
24,123,5.69,5,20.99
32,93,5.27,7,23.24
35,153,9.71,3,23.01
35,159,9.45,10,36.92
30,158,5.35,8,26.99
39,136,5.07,9,27.33
28,149,5.6,8,26.36
51,126,7.65,13,39.56
29,98,6.84,7,26.05
49,141,7.74,10,33.34
27,89,6.94,12,35.7
28,135,8.1,12,38.24
37,90,9.07,8,31.27
35,157,8.82,9,33.85
36,159,5.6,14,38.58
27,86,7.49,11,35.31
39,132,9.91,13,42.53
58,147,8.91,8,32.74
45,95,8.39,4,23.51
32,139,7.51,13,39.16
52,130,8.86,11,37.04
30,88,7.79,9,30.64
44,128,8.82,9,32.79
24,115,8.85,14,42.76
57,88,6.13,0,12.03
59,111,5.9,14,39.08
24,136,7.45,11,34.74
56,136,8.52,10,35.51
57,123,8.65,2,19.51
45,98,7.67,9,31.17
50,122,8.15,6,26.33
21,147,8.96,11,37.46
49,143,9.31,9,34.63
36,92,7.5,13,38.62
57,89,5.83,10,31.45
57,127,8.44,1,17.7
27,99,5.92,10,30.67
53,85,6.1,9,28.59
42,123,8.92,4,22.39
47,127,7.38,6,24.16
49,151,6.95,1,15.22
36,143,6.85,4,20.74
41,158,8.8,14,44.24
31,108,7.03,2,15.57
41,151,7.27,11,34.95
29,88,6.38,11,32.68
47,102,7.9,6,25.89
59,134,8.7,6,27.91
42,155,6.59,14,40.58
35,107,9.33,0,15.85
43,126,5.07,5,18.33
49,94,5.12,6,21.85
59,137,6.34,10,32.1
36,97,9.31,14,44.05
23,119,6.81,5,22.27
36,97,5.38,2,12.51
28,153,8.14,7,28.39
46,86,6.59,6,22.61
29,81,5.68,12,35.18
55,130,7.95,14,41.73
27,114,5.49,14,38.35
28,89,7.25,0,12.39
55,99,9.82,3,23.14
59,136,7.71,11,35.56
56,153,7.35,10,33.74
26,92,5.17,6,21.79
27,103,8.19,9,31.59
32,121,6.66,4,19.51
59,142,8.56,9,33.44
21,125,9.8,1,19.01
45,140,6.57,10,32.49
32,154,8.71,9,33.67
47,142,8.47,8,31.31
43,99,8.67,8,30.64
39,95,8.96,12,38.84
41,114,5.86,0,10.52
41,156,8.21,0,14.28
44,88,7.83,6,25.56
33,115,6.15,13,36.72
56,93,6.54,14,39.64
35,122,6.12,5,21.44
21,155,7.71,5,23.15
54,102,5.37,5,21.24
51,128,5.58,6,22.79
52,80,8.86,10,35.09
56,159,6.38,13,37.55
49,129,9.88,7,31.42
30,137,9.27,4,25.06
41,154,9.43,1,18.12
56,108,5.62,12,35.25
44,81,7.61,11,35.47
47,95,5.01,8,24.8
41,159,7.16,14,41.56
38,106,9.28,0,16.7
24,115,5.77,11,33.6
38,105,6.43,6,23.68
29,154,7.87,10,33.75
50,86,7.18,12,36.59
55,117,6.5,12,36.2
50,117,6.38,11,34.21
59,104,6.83,11,34.5
26,131,8.52,1,15.78
34,135,9.94,13,42.91
49,129,9.34,7,30.37
52,151,9.73,10,36.92
34,137,7.88,6,25.95
40,85,7.97,4,21.29
29,108,5.44,3,15.29
32,146,8.26,2,18.23
34,115,8.12,9,32.72
43,85,5.12,6,21.79
54,80,8.05,1,16.65
36,158,6.18,14,39.23
38,108,8.86,7,29.05
53,158,8.87,10,35.58
25,91,8.5,2,18.31
59,135,7.36,3,18.57
30,85,9.49,13,41.63
42,138,8.72,11,36.83
53,131,7.24,4,21.32
51,116,9.54,5,26.85
26,150,7.45,0,12.61
56,121,5.34,3,15.71
23,118,7.01,1,14.68
24,118,8.6,9,32.6
47,134,5.66,1,12.89
58,125,7.64,5,24.17
45,147,9.15,14,44.17
57,132,5.2,2,13.72
47,140,6.58,9,30.22
56,89,9.71,10,36.36
56,156,10.0,4,25.74
27,86,8.07,13,39.39
50,114,7.49,6,25.69
49,148,7.29,4,21.68
25,86,8.42,4,22.43
26,117,8.52,12,38.8
27,87,5.75,9,28.44
59,122,5.52,11,33.02
52,121,5.49,4,18.78
35,105,5.49,5,20.11
33,85,8.23,7,27.22
38,137,9.63,11,38.17
30,89,9.73,5,26.21
31,152,7.88,12,37.78
22,91,8.85,10,34.74
47,108,5.96,6,23.38
28,100,9.31,6,27.06
58,100,5.74,9,29.22
36,121,5.44,14,37.99
44,155,6.59,7,26.19
43,108,8.05,12,38.98
34,93,5.05,3,14.06
47,104,9.42,8,32.48
30,118,5.86,10,31.36
48,138,7.38,3,19.81
45,151,6.67,12,36.17
22,141,7.22,12,36.23
53,158,7.64,3,19.9
55,106,6.62,7,26.07
33,84,8.94,4,21.98
25,83,7.72,12,37.56
25,131,9.62,14,43.78
42,85,5.6,5,19.53
54,108,6.62,3,18.05
21,134,7.96,13,40.16
37,146,8.55,14,43.12
29,115,8.53,3,21.37
30,96,7.74,9,31.79
35,116,7.45,0,13.33
49,128,6.86,3,18.39
45,143,9.6,11,38.28
41,136,8.53,14,42.93
37,100,7.97,1,15.87
47,145,9.57,4,24.98
48,90,8.77,0,14.91
43,96,9.13,10,35.43
59,140,9.69,11,38.84
56,108,7.95,6,26.42
23,156,5.64,8,26.7
53,100,8.65,2,19.1
27,148,9.9,0,17.4
25,130,7.99,1,17.33
46,107,9.4,10,35.91
37,94,7.02,7,26.69
37,83,5.19,13,34.24
23,117,8.74,10,34.22
23,146,5.21,0,9.3
54,108,9.74,3,22.67
28,90,7.66,10,33.18
26,130,9.71,3,22.42
57,115,6.1,9,28.54
42,136,8.98,14,44.11
53,84,6.72,1,14.12
27,95,6.16,7,24.31
39,104,5.2,2,13.65
30,109,5.63,11,32.18
43,130,6.98,7,25.91
22,82,7.2,1,13.89
41,116,7.14,9,30.84
44,150,6.12,8,27.04
33,82,9.0,7,29.08
25,137,8.4,6,26.44
38,151,5.36,13,36.49
31,100,7.11,0,12.24
57,97,7.04,2,16.05
52,137,9.41,0,15.75
48,89,8.73,10,35.62
42,99,9.74,14,44.92
48,119,7.93,4,21.6
21,108,8.48,6,26.78
26,115,8.09,5,23.93
31,111,5.93,14,39.32
53,149,5.25,13,37.19
36,98,5.69,8,26.41
33,147,8.12,4,21.75
41,154,5.6,0,11.86
59,149,6.63,0,12.08
44,91,6.07,7,24.65
47,116,8.07,7,28.56
57,125,8.0,10,34.15
23,110,6.84,4,20.34
32,96,5.75,0,10.12
27,83,9.42,11,37.18
40,94,6.83,3,18.83
35,124,6.94,6,24.1
21,91,6.24,0,10.04
30,153,8.57,8,31.17
34,85,5.42,13,35.42
35,101,8.5,14,42.57
54,141,9.17,8,32.4
45,120,5.5,4,19.03
51,95,9.14,10,35.5
30,151,5.36,4,17.76
57,125,9.95,3,23.01
26,141,7.49,10,32.5
26,137,8.21,0,14.69
48,115,6.04,2,14.64
58,82,7.11,5,22.31
34,108,8.72,6,26.38
33,82,5.69,6,21.73
33,130,7.98,5,24.25
30,89,8.03,2,17.8
36,125,9.9,11,39.79
59,85,9.8,1,18.4
55,111,8.96,8,30.58
35,147,9.58,12,40.43
43,140,8.86,12,38.73
57,143,6.09,2,16.02
28,143,5.08,11,31.46
46,118,9.24,14,43.59
42,153,6.49,14,40.52
25,80,9.48,5,25.96
54,130,6.7,4,20.98
47,133,9.48,11,38.81
39,99,9.08,6,26.76
55,116,5.22,10,29.43
40,137,6.61,0,12.5
58,80,5.71,7,24.39
33,133,8.52,5,25.46
38,158,5.91,2,15.12
38,92,7.78,3,19.69
21,81,5.6,6,21.29
52,119,7.93,3,20.21
45,135,8.0,11,36.11
41,148,7.85,14,41.7
47,101,9.65,11,38.53
31,138,5.08,12,34.62
21,134,7.36,7,27.33
39,94,5.0,14,38.26
52,156,5.17,14,37.56
28,109,8.32,6,26.7
39,104,9.37,5,25.52
36,118,9.09,1,17.38
55,113,6.8,10,32.14
22,128,6.9,9,30.55
32,132,6.89,2,16.49
49,117,6.95,0,12.39
30,129,6.8,2,15.39
42,138,6.14,6,23.72
54,141,9.41,11,38.99
41,105,8.79,9,32.88
57,145,6.36,0,12.55
25,141,7.62,7,28.01
26,131,5.84,6,22.92
52,141,8.37,2,18.85
23,147,5.96,4,19.2
30,154,9.01,6,27.97
25,121,8.84,2,18.6
44,92,9.05,6,28.01
40,115,8.03,5,23.59
57,148,5.32,12,34.43
51,154,6.94,13,38.85
37,106,5.53,1,11.47
