CGPA,Package
6.872700594236813,9.503309861338863
9.75357153204958,13.141692787593914
8.659969709057025,12.586373106000286
7.993292420985183,11.005014242029205
5.780093202212183,9.492428995256269
5.779972601681013,8.900406976602047
5.290418060840997,8.391299024981459
9.330880728874675,13.057870390845663
8.005575058716044,11.993113989731114
8.540362888980226,12.640015410664777
5.102922471479012,8.291034141730899
9.849549260809972,14.10185366592579
9.162213204002109,12.888611009842316
6.061695553391381,9.54513616752418
5.909124836035503,8.922010915505702
5.917022549267169,9.101542870201802
6.521211214797688,9.688131583074076
7.623782158161189,10.919929320133829
7.159725093210579,10.2471142129918
6.456145700990209,9.981219893117693
8.059264473611897,12.326420324741008
5.697469303260209,9.422514149747032
6.4607232426760905,9.124585223238592
6.831809216468459,10.842772585465587
7.28034992108518,10.57734065449325
8.925879806965067,13.011422275930878
5.998368910791799,8.744935026926552
7.571172192068058,11.156396587418673
7.962072844310212,11.711349004620708
5.232252063599988,7.536400080360159
8.037724259507192,11.949402694580723
5.8526206184364575,9.696112246042905
5.325257964926397,8.302985585070862
9.744427686266667,14.373397288934004
9.828160165372797,13.698945451721153
9.041986740582306,13.275176354222076
6.523068845866853,8.718397632064674
5.48836057003192,9.795421573695036
8.421165132560784,12.85312728169442
7.200762468698007,10.498602210310768
5.610191174223894,7.746184895746763
7.475884550556351,11.115075644820367
5.171942605576092,7.484368353154432
9.546602010393912,13.678349181251438
6.293899908000085,9.758462749182243
8.31261142176991,11.504432121622878
6.558555380447055,10.430749968343655
7.600340105889054,11.523195478469951
7.733551396716399,11.76817334470396
5.924272277627635,9.113555584987608
9.847923138822793,13.109745733130497
8.875664116805574,13.139733076272256
9.697494707820946,13.50180794981724
9.474136752138243,12.674074030969557
7.989499894055426,12.263419555853673
9.609371175115584,14.580949170389955
5.442462510259597,8.510330947821915
5.979914312095726,10.255457751816516
5.22613644455269,8.317021097768905
6.626651653816322,9.76175403249641
6.94338644844741,10.016834511044154
6.356745158869479,10.446635394639745
9.143687545759647,12.58235311421769
6.7837666334679465,10.50815461514903
6.404672548436904,9.406025140594679
7.713480415791242,11.026023117662309
5.704621124873813,9.360670196833357
9.010984903770199,12.623163461379562
5.372753218398854,8.244906172368477
9.934434683002586,14.487723968190506
8.861223846483288,13.432167262390756
5.993578407670862,9.514638990847152
5.027610585618012,7.70574781492964
9.07730714227417,12.637464321080214
8.534286719238086,12.281101694955721
8.645035840204937,12.534508039208752
8.85635173342973,12.13368912504579
5.3702232586704515,8.805786880194473
6.792328642721364,10.193551036085436
5.579345297625649,7.837360197831714
9.315517129377968,12.714157314023195
8.11649063413779,11.487724424139516
6.654490124263246,9.948959304695368
5.317791751430118,9.32598949946814
6.554911608578311,9.984979583363787
6.625916610133736,9.530713987211168
8.64803089169032,12.487952472181965
8.187787356776067,11.64930095440434
9.436063712881634,13.48565557522473
7.361074625809747,11.123573394489503
5.597971229691509,9.32218079924178
8.566223936114975,12.267325475502956
8.803925243084487,13.384190555501302
7.806385987847481,11.821674516685071
8.854835899772805,12.272083307321271
7.468977981821954,12.067701411060577
7.61366414690997,11.299894232927013
7.137705091792748,10.14768385816518
5.127095633720476,8.97897128607978
5.539457134966522,9.686237354559049
5.157145928433671,8.172062482260623
8.182052056318902,11.566637337394884
6.571779905381634,9.79994840773113
7.542853455823514,11.408790010747065
9.537832369630465,14.084327171071815
6.246461145744375,9.780997040325037
7.051914615178148,10.513159142449663
8.777755692715242,13.282312716410503
6.143990827458112,9.216370756423974
5.384899549143965,8.97733912815621
6.44875726456884,9.594477318306968
5.8061064362700225,9.182839202529472
9.648488261712865,13.52140463166021
9.040601897822086,12.820796186060097
8.167018782552118,11.611729280331437
9.357302950938589,13.901190556716655
9.018360384495573,12.455569442340419
5.932850294430179,8.749304227041861
9.46279499244989,14.415850773862422
7.696711209578254,11.72497723382107
9.037200775820313,11.652084081637858
9.480456499617466,13.093918429935757
6.590017374859319,9.002026181050155
5.550259622638384,8.184966200458433
6.139675812709708,7.79835364213463
7.135538943131282,10.494151942910566
9.090073829612464,12.337117685954302
9.303652916281717,13.194336127936278
5.034760652655954,7.229152153745882
7.553736512887829,11.105939742051413
7.0870550157438945,10.29700787983251
6.110539052353651,10.08362334541868
5.599326836668414,9.424870634874909
6.68807585701814,10.418363829926907
9.714548519562596,13.49415133314451
6.616014660103776,10.931907789754678
7.59395310871683,10.336226091540285
8.515094794475889,11.516334438589235
6.81814801189647,10.139886064331233
9.858910413604804,14.957711550786323
9.812236474710556,13.673514316217624
6.258911479126821,9.419071153347543
7.4862425294619275,10.262535857298408
6.504391549083849,10.278234651535808
6.424202471887338,10.185631093429482
5.184434736772664,8.615859284827152
8.047821669899484,11.3427756674557
7.5133951161443076,10.662720755186665
5.257393756249947,7.66231138229745
6.393232321183057,9.713815036300135
9.541329429833269,12.909391651160671
6.197809453334862,8.84866309137719
5.7244743604561155,8.657523874092
7.447263801387815,10.69213847407327
9.928252270553003,13.644913460252624
6.210276357557502,9.685553927489133
8.360677737029393,12.07233718551041
8.808098076643589,12.425639676716747
6.188187719961999,9.517331728110138
8.641081743059297,11.87353457111884
6.838915663596266,10.25933810827036
8.161529152967898,11.869136229983793
8.167648553804474,11.049654834886628
7.678873420373792,11.71249498163373
5.451448850272041,8.10102176771295
9.17651247794619,13.056969873138645
6.603900324858679,10.50688626009805
5.932592551999271,9.581949441256059
5.20387570777382,8.261817543613
7.954464715941209,11.364108157688417
8.387821809211413,12.53914212534148
5.082939144639281,8.436874462471447
7.560465291496405,10.76337583977362
6.1324788759896895,8.961527827686782
8.225863952047249,10.834859151608699
5.871832145024957,9.12321449487174
8.45468869051233,12.104277556105597
6.933676731502687,10.888507765124496
9.683649943683672,13.799907479160591
5.687604720729967,9.492240261962303
6.705331755251293,9.697715992343465
5.567367606202946,9.249916292927345
9.623468091392814,13.28370352011905
9.386696766904905,13.652834151182022
6.289708138575778,8.818270570025586
8.299920230170894,12.077471925888167
9.08611100100608,11.91098923048434
7.776004057997312,11.197636126625897
7.648252891780032,11.398080467074996
6.209261454502259,9.190629469787162
5.465513839029496,8.03339779245741
9.486078789766633,13.806353782367927
9.502090285816653,13.350776948056522
8.16550728636634,11.553823420124273
6.6951489552435035,10.055126706869341
6.746047873063304,11.413592018648758
8.629778394351197,12.932485498112207
9.485551299762886,13.963948393809382
9.435432121325587,13.540291705086887
8.899377729288119,12.762495911434316
8.21015823077144,10.654148732760518
5.4206998249752445,8.165349616738728
5.808143570473069,8.729485077966444
9.492770942635396,12.453879099138708
8.03214529829795,11.059866462849822
5.045985258083149,7.06476407423846
5.50735771433016,8.589667339347505
8.317508845540278,12.390393600072741
5.025307919231094,8.583756762389477
5.804040257087493,9.17224053954461
7.743668946832931,10.810704565600233
8.459475988463467,11.185338606896181
8.259806297513002,11.033333207314852
6.1213465473027995,8.71112456813611
8.56089610673768,11.828645479067378
6.186245437484001,9.343620275985007
6.626998490796339,9.445316079892121
8.73245702559012,12.648436377542275
8.248164495236074,11.781660642883551
9.24611705247089,13.10061331883558
8.288064461501717,12.515802630137662
7.841543016677358,10.819735752912644
5.468373839140463,8.77140089611474
6.838579015297167,10.199308204118564
6.326011838408627,9.424471065605506
6.219948216895418,9.906566020707482
9.865052773762228,14.277570405793178
6.965488623333802,9.885340950006348
9.460232775885567,13.261199039133718
8.155693129986314,11.92743759727561
8.974056517708242,12.632364447238597
7.513185465525961,11.308333224775051
7.884519423131795,11.602019316713292
7.462588469094319,11.87138678309119
5.976214938990222,8.406318358823373
8.612260576307527,12.273494696695334
6.403861812204279,9.23038291888904
5.121579832157269,8.447949526308244
8.227361479535839,11.064247830420234
5.8855533970352445,9.235820431554735
9.70229292176457,13.327727290443313
9.769642885012937,13.356490528955018
9.574321951102242,12.765937239552345
6.850793501277222,9.988414228432164
5.077283082644337,8.634989964318667
9.641592812938626,13.557317033761612
7.140920741586571,10.882945098841123
9.833274095218348,14.632249825245154
9.818099885446264,13.913597654946804
9.265047277336802,12.838656946772991
6.4722444603479286,10.000319460008908
6.9254886430096265,10.038438298454405
9.255683357584285,12.854608687452558
6.584610025781388,9.141585631128173
5.847463733430462,9.480085225658751
7.784006312291751,11.147806286925382
9.680773870803904,13.707977767872615
8.480148983374864,11.658197815746517
7.850305850446825,11.638340835393924
5.485882468853843,8.20208834355707
8.07503613349585,11.619188999344107
9.950269250521316,14.379236116245142
5.7004200761826205,9.23588374753541
7.591648261818683,11.098962877923949
9.386865359639778,12.380172915214374
8.703843088771022,13.941016991555546
8.48507870497634,13.055023931108176
8.512420419935546,12.576241916366804
6.797455756098776,9.780345016523045
6.467959221322467,9.704754984735978
9.046805777392567,12.584456717982821
9.050566973395904,13.49260833762328
9.335361592900519,13.333685356906539
9.566202762782357,13.087361386158912
7.556711994304689,10.832676843603235
7.507581473435998,11.56969183940815
8.991475894833876,13.58981999721089
8.249819653888826,12.663949366409714
8.509834386288517,12.59031729607321
8.978963347180505,12.648443582215286
9.450026709087831,11.719275138240837
6.689975784257679,10.176550953013324
6.87791476319972,10.252583336417613
5.469909699204345,8.63388268720589
7.89140070498087,11.496629519493647
5.17971136898371,7.5525225618058744
7.327990090662301,11.072292387220353
7.713223173537883,11.571975965261384
6.432706260641422,10.060416903799535
7.954166302845054,12.018288065200759
5.152501249695247,8.485027322095107
5.186740943746072,8.019074426725831
9.113002803298292,12.900184939999905
6.800953207056315,10.206706282094267
5.635302563259424,8.81621280046462
7.611216300274021,11.63256838831469
8.849967765493055,12.941795695102911
6.079105137484216,10.333597884766037
8.114452379095,12.840577344856337
5.42673732496884,8.55190958126957
5.258408605843038,6.391762552781962
7.65677315784074,11.806544022472522
7.7031756080505325,10.973622560167112
8.187149507491032,11.423837448073735
8.630456668613308,12.157325364841284
9.879260397312674,13.631790953367904
7.581501741505976,11.403936994859867
6.61478236470623,9.158020948084364
8.975930973843518,12.23225679571642
6.3541612563103715,9.796572784671152
7.1948571035281805,10.94530053944047
5.39228190671133,8.791509110521602
5.126753717077287,7.758586321026095
9.813242073389626,13.28675766343443
9.17990060256103,12.762563306179276
8.479871030468491,12.295781612704552
7.044764722071349,11.196456351121892
5.866471600354229,8.0160473275397
5.78218521335543,8.828257877547333
6.251214490822976,8.835118168474969
7.746133323530602,10.469238649559978
8.572979613500312,12.771053858872781
8.300986883588656,12.233496547556056
6.399669484729714,9.904320139649288
9.774326403315971,14.189704603844662
8.689484583478842,12.187522051791541
7.771770262557004,11.10980555690164
8.058603731171761,12.7631897857674
7.09800031213895,10.394314847436952
6.238654947505787,9.85395199353399
6.779863393256308,10.139026842389226
8.789230552321845,11.622947397747007
5.071967443148779,7.0640464298779
5.580363202534581,8.406943733071545
5.230013210108764,8.804066477965511
5.203644011594851,8.638518642231823
9.277302920055035,13.589802086178059
8.518289296900118,11.728424066811984
7.370869145436626,11.652979219585108
5.489170803255007,8.104558313812815
7.458079375584162,11.056107450035979
7.367358853902829,10.835654479729525
5.866009349550076,8.952274309302798
7.169258246189865,11.272405964575642
6.992523671986867,10.03847314630126
8.079250490261082,11.020297960457333
8.175468254338218,11.820559648309072
5.226520048860222,8.071910691489002
6.873063073132356,11.93636714730015
8.129299578571182,12.093413232505405
7.515681292900439,10.814147263871213
9.28244920594161,12.610883262536388
8.293468158094726,11.012017584429278
5.8146721354071484,8.464997019619862
5.352843737002149,8.480883370282145
8.212096391031578,12.568179995035278
5.132556552708109,8.71991243444369
7.928877906367316,11.629200903463968
9.701151207124788,13.479797615698503
7.877370889379395,11.587251245461351
6.940849631032609,10.069700558496843
8.216441092211767,12.718911308536057
7.291264452457583,10.65492225231156
7.728083946579675,11.230531806772246
9.707324043882625,12.540877640148816
6.930513189003872,10.218898403543262
9.805952819119572,14.185385451925956
9.526753209780319,12.89824256321711
5.978955673946482,8.799386641489372
5.346806504375827,8.812523314117826
5.503890006887133,7.866339396505532
5.091109128257749,8.638231457680257
5.472214803779642,8.300585819449019
8.415033867081785,11.903756530252542
5.355943242301145,7.865192688198576
6.594878151468807,10.10287691197651
9.224376554847272,14.299187858331416
5.116359678679129,8.530380234145271
9.072342412944678,12.454668264563345
6.409273873867,10.258938941386138
5.590824138108282,8.550649192762812
8.483685826820754,12.867665482898683
8.14471423389942,12.176995281761485
9.387360067635264,11.793261298426449
8.67535521901943,11.908386446345803
9.017404651924242,13.293078193726785
6.410172862856532,9.768036071500347
5.887197718898614,8.55275928882441
8.753073758204291,12.186893752098243
9.034173696336321,11.887890125558895
9.952525710003368,13.898844208240844
7.063088384557132,11.581050924476441
6.860090428963916,10.634575210122863
8.882064803709984,13.753686265046191
6.704017701265089,10.486019786413095
9.653786628017823,14.098283625297732
9.29206375921506,14.137515854930584
7.1449701368750915,10.762595793921221
8.754355338957486,12.411612745995543
8.772714370423412,13.0435860028191
5.5156193441796635,9.345663331576537
9.512764533397833,13.175335118721296
7.526261862239286,10.670729693517128
9.13228733053871,13.028172812861891
6.600248005153059,10.3360470396495
9.477616142481002,13.772184895307984
6.946008393670816,9.623126272311179
5.054188257401492,9.02082894241345
9.52690988209632,13.111709393817158
5.456433383930667,8.41518756227251
6.596568187952075,9.464554645548578
9.750309835254026,15.049536220273374
9.753035734687781,13.824678216769321
7.86718944061643,11.015139788398933
8.159186060848995,12.222985048000018
7.242227609891598,11.075241021524935
6.466053858490323,9.665401118398444
6.64332272684958,10.392290628611187
8.362592280385192,11.622464756046798
8.761872647188401,12.267788039151453
8.957895218629243,11.74436593507206
8.94809071397277,12.075733314657542
5.456030515243452,9.451052021127486
7.472101523512907,11.787236142076644
5.287793800083222,8.378246884424346
7.747644411618678,12.128639017537331
7.207652506866885,10.569145764936108
9.4385209137915,13.204519945265845
6.754575062760393,10.133745399545251
5.585335082138029,8.639941300903851
5.714958410264179,8.750351930536924
8.80755315858736,13.14076284387961
8.091090316581305,11.784376206875667
5.505613380613951,8.962976938953643
5.420534030574987,9.020331099328649
8.5048456572956,12.399907686582088
5.363815031820968,7.951442375231041
9.109300296451782,12.254727411260118
8.531211135782481,12.31184368034263
5.406743903209499,8.402464531438932
5.42418857042596,8.552721998971212
9.933197892505877,13.911810451382758
6.8713539787806015,11.537411604620006
6.8532107353344545,9.558739754580676
9.063997836287513,11.881824268634452
9.736242886919293,13.849679881062956
9.930005319114354,13.727795105643127
8.766890926294709,12.678303046418627
6.881297927654579,10.549499024327496
5.417503583493344,9.14305664778146
8.885734579637184,11.909268585372653
7.792021248679025,11.072066549486248
7.1211100462348815,10.75971268492224
9.53177192547368,13.823358108412028
5.555987411530757,9.7639096689811
7.4631255214542955,11.433602611302087
5.0567682238370955,8.039727570661375
7.343303209970632,10.366745975493426
5.2815163784091865,8.055674727731516
5.594089581340359,8.416556086129876
5.587631233885524,9.032774294919507
8.246051510580319,12.023760535489298
8.730224396327117,11.81444449017145
7.916843825485798,11.282261856037742
9.81086274237271,14.211809067572961
6.87435289761852,10.425054654629253
6.428560431409304,9.998594825697548
9.3429956409473,13.403055624165393
6.117979192597263,10.154790398421145
9.816112697203057,13.897356768555852
5.0607723734490815,7.8799154492035495
9.849394133538194,13.361395439679052
5.215799559752881,8.383764200808312
9.455715568490355,12.126506674800885
7.638505545431499,11.074062153601442
9.964823980596503,13.854868846755132
5.368982823676994,7.760543961603753
7.769271422006604,10.858992787079925
9.846512678095495,14.220643978788713
7.615489220850744,11.253942939558375
8.146993190676312,11.827285995665237
8.478743444923087,12.327665900873715
7.272705323838866,10.7735601825811
8.137790400420318,12.386779761933537
7.921571559615501,11.567600462390425
9.505790052454945,12.677841506036557
5.227231901707289,9.087743264485953
6.4048159479611515,9.870949271217805
9.752057420382794,13.40784203906182
9.451318919454582,12.714881844197988
7.278283763928565,10.9318976271933
8.100662989007684,11.662209584322033
6.386905914905663,10.451360490903
5.940605798618806,8.955773318009154
7.318492024699911,10.363500034798658
6.766761140130264,10.56801147727428
7.91828055925436,11.964577617463648
5.388673184824924,8.550733505595005
9.871974038330833,14.184547369834455
9.931053722398016,13.8984209065065
8.490808570098725,12.305902834623094
7.680481831720602,11.799073639346684
6.547638081431639,10.169824864728719
9.068975098534743,12.798132899075378
8.423655862769397,12.784568308286353
5.813084696724457,7.793273949673593
9.554635922469213,14.491599762674023
9.112686214615845,12.082243910093645
9.74899956645962,13.385253067365397
8.6285975419418,12.333858282732626
8.06707597967895,11.60725084025066
7.091215181453094,11.012663737756991
9.663642416770067,13.067452590818963
9.330319447502042,13.326766745743981
5.226093350530947,7.982205971527259
5.13183487248626,8.305772336652222
6.882316834390248,10.22639407136936
9.052766653909163,12.909787811032485
9.936380646574722,13.648694359657494
5.752084455517641,8.647469371573127
7.970653576760675,11.708420549126524
6.904454283155108,10.757202892664152
9.849571989073016,13.520346719788696
9.210594615678543,12.618329766527795
9.19164352355569,13.336702311102748
7.343465798974851,10.795907012240976
7.074097511688326,10.904166081018966
6.367035359653531,9.187543824898663
5.281877483254636,7.448533517193846
9.323611881275266,12.921832216617151
9.064505045650389,12.494229750147959
9.998588366430653,13.958911839676633
9.983184185369527,13.661398415308238
7.777158528013137,11.703098709283989
8.844937075902553,12.469849359871805
9.723828649412141,13.74383162868152
9.248236953387057,13.17670162328494
6.236740508715988,9.581566156665279
7.252720676550467,10.691200256633074
5.645797075757475,9.030256836114127
9.770255136293612,13.32647859663943
8.0308731722544,12.336756770032222
6.143214027517313,9.253588141336508
8.358503422029283,11.374429537485799
8.09064120228948,11.802806121243261
6.790813590164202,9.7233860669733
5.567787960998145,9.014012820452212
8.357865977963998,13.134241961577986
7.601538504518967,10.728560159643834
8.861591958678197,12.80009651702583
7.6008175055599665,10.243228212319647
9.260907501592701,13.340041616631915
7.759534193872428,10.868584132747069
7.804689857676932,11.053210519995076
9.383268013291726,12.709278371030157
7.017414331061985,10.78697281030175
5.670076142253204,9.307743549440476
5.143913381566695,8.184388665209289
8.775686278368095,12.098610181373854
8.101547756767324,12.51661882617272
8.520398840496117,11.849273544718013
6.064820807544553,8.196768819089744
5.681857377933849,9.047423358499152
5.07272332833941,7.534880657186533
6.752937794032984,10.597829749589168
7.949588434273165,11.348937272791089
6.9612202254986615,10.655320890870492
7.1873746101186455,11.325599705418453
9.520793472468743,12.82052273465213
6.741277335116502,9.8065642366936
7.569947445799054,11.046101398630332
8.918265063705714,13.470693735964028
6.982713911606351,10.050065334957399
8.110433501139367,11.435268353392736
9.311818543733725,13.413252540258375
9.747603118288211,13.408509379090567
5.7353674046451895,8.958703827023035
9.632938125807472,12.783757040484902
7.460581465397691,12.059862729755528
6.291221941494792,8.875611714639048
7.295678781191306,10.593938185434464
9.900162876427386,13.863954933791815
7.463090469964348,11.912052631135614
6.6437580514375405,9.310086771258678
8.167004271583629,12.792257193639731
6.200728093890966,9.81946212322017
5.37931664054332,8.663727630863606
5.644398609553246,8.280961487954919
5.640229194788862,9.05384565476567
5.759513467561471,8.549672849863867
5.694135863247051,9.466293662495668
8.204373724016072,11.35971745426542
5.909400421995724,9.034701259166829
6.728336416619316,9.796367155936593
9.483942049530059,12.886968978222574
7.3698082013143615,11.21442975003119
8.337788692605136,12.27307580483098
5.861599356008149,9.638424326660278
5.961445094043354,8.263796558747941
5.204343081332395,8.777297048769395
5.844675315360822,10.266334831111433
6.392951695159793,9.44572148960328
5.885052421383734,10.009637211714965
5.443512668785278,8.40063456651242
5.603179355503004,8.037610357822953
7.303893840163629,10.611856386992956
6.0316685920289625,9.762104294272394
6.8213493052403775,9.766530925122687
7.5170863542742845,10.720334295625898
8.451974143146828,12.439138687922789
5.196560699205495,8.23740289741588
8.997051994545213,13.088773869697626
8.139501947454539,11.886317107324615
5.4087951597443595,8.730366851469018
9.367893120533886,13.025321151735891
9.604362002659066,13.641099874206075
5.305389799274319,7.902781256281216
6.384388240736019,10.305482700134915
9.031006398965307,12.520070320349712
8.741298451918292,13.053981886076645
5.922605096781886,8.990322635646832
6.046746616683551,9.357095445398922
6.85236051395691,9.975350341302942
7.422614925955107,10.399140195562113
8.09127385765148,10.837148435379126
6.8445681978488615,9.685819758122404
7.31267358066574,10.613253870190926
8.737354690668782,12.59076521821698
5.183416014452989,8.72528887398522
6.262184721720104,9.291742936165699
8.566747929422762,11.839117133173728
9.476034188435996,12.649883633121838
7.5583872105783305,11.310096461646049
7.660567426326578,11.884278169256564
5.53586005669888,9.2761972020168
7.237061834117274,11.039440575014348
7.663086332275116,11.514975257363938
6.212352518173648,10.303634911663048
6.346216154746905,9.781500116404692
6.886420815523113,10.586769816639821
5.100355988888632,7.960035255740359
6.610395827915891,9.25145330807169
6.057240034982723,8.926763591729479
6.637486760889573,9.96040459380016
5.598810659096256,8.74896547716616
9.452636403699476,14.306306611867067
7.967962267770243,11.602193305119826
8.395511595722448,12.66403563687976
8.945856193036692,12.517488810855872
7.492210994645286,10.834815250691726
5.434601440437119,7.857017909912818
7.685532709092739,10.851475244472999
7.934205590104396,11.78453740380715
8.727197370921651,12.476416935303048
7.158297731148397,11.061426587326693
5.637901513977819,8.856108790945907
6.418879528993623,9.526428568973477
6.815411481993175,11.25264221028529
8.229586206658006,11.828551663633084
7.85389152334456,12.006170312866123
6.780483629489231,9.935975752114738
9.932576243964899,14.273891232449662
8.028874096784435,12.098656745717165
6.186133958679973,9.527606735703756
5.508912363102018,7.43345337437412
5.7642956959216605,8.92628106553405
6.229788641922541,10.090976394187038
5.803406866297778,9.2278286560712
5.932835120256529,9.342321581922457
6.425475843469235,8.849442545184324
5.866867976473774,8.680014036431
9.483827123132127,13.586271363334271
5.401168728308211,8.6865941123633
7.622556947851273,11.754401727487979
7.051984134948308,10.389947584364922
9.911893084543031,14.097183744788545
5.560194510840262,8.680420533973962
6.989277995228708,9.89366222602367
9.847352166376844,12.688926934104838
9.327535629469901,13.40854760142892
9.085360354746399,12.989406029902085
6.2895141352246995,9.238329441219555
5.854437936950329,8.215738996082463
8.343216099622154,12.326729076750953
9.646879945637929,13.443295897667738
7.783814465069649,11.619014719267652
7.858063447349499,12.361700402025278
6.399895468301421,8.609159121801852
8.847464665959684,12.267157194800438
5.935218742787617,9.017574684689183
6.618396182021218,10.669488505498785
7.127182193082084,9.734417122095259
7.538051893422275,12.013592784947033
6.212048662075401,9.522386345273626
5.574184123696018,8.641020617568293
8.053100212208163,11.56469037304034
6.443152766201279,9.51365180335152
7.906191107113061,12.011487708170252
5.771813576371011,8.391915914603993
7.405700509274087,11.059547701950832
7.662947162757929,11.003445762456026
5.259117684112135,7.929874496677514
6.6830213909696035,11.312613257005472
5.672073384694871,9.016013429010574
5.3168748523638385,8.686882595167178
9.949801161949726,14.508649784674002
6.611769224873615,9.223448097189063
9.049372229273175,13.735392629688825
6.273203273818819,8.273365339335044
8.407513611119647,11.704633128324316
8.801139299448433,12.33185132274867
7.978193703039222,11.864694126132319
7.357880942750792,10.938816264371694
7.059204570736343,10.387638114534415
6.744341332714976,10.08721092694411
9.64764572123913,13.08816335372567
9.153097038938647,12.23510024948429
9.825134553332564,14.153417275167106
5.6214861174277235,9.092636397181359
8.654337376018221,13.177452038800393
9.69170228410519,13.235034192518624
5.9061653308283,9.433806002144422
5.3324813368338875,8.2571242400183
8.705603246450295,13.041961388337095
7.8723655658995595,11.957820067418542
9.20914388379136,13.15657736016186
5.698861883131448,8.668869181424743
8.976336559299451,13.252069960463471
6.008136600238723,9.53321618191475
5.818279714328522,8.639715456151135
5.8213289896549645,8.32169545084624
9.07287360115691,12.743181871047394
8.325986103481,12.748890231851306
7.615327123845597,11.711636127981235
6.794152420617513,9.596819169905723
9.386002704065541,12.67932453692869
6.962225537113177,10.992012569375555
9.082997197357885,12.331778684450548
7.195674542851092,10.889457113242313
6.884722147124538,9.953630968881285
7.3133989283480325,11.584601176278479
6.50688937082071,9.423054845415912
8.738046900881255,13.05733704616042
7.513601950462396,11.108751667585057
6.161063475734086,9.519373597998046
9.497872866372841,12.41229314897171
6.919456106866058,9.20189065163641
7.717764305569943,11.151034196550276
9.532360554822734,13.562285697495588
8.12118997956996,11.182829061615092
5.5844902035418205,8.157041539012013
9.699160618067376,13.919729056593917
8.13854026535709,12.047675558657073
6.674528073285431,9.940563157748553
5.696360363316936,9.22573329657336
8.97012594635148,12.177049987761702
8.100363779642567,11.542469077027596
7.667305459881607,12.024705354749765
9.469462915254788,13.397516563275655
8.942986056122653,12.794739524640683
5.758374398663756,10.063022571380376
6.558610338977742,9.170661323848904
6.242445699072329,9.889150022207849
8.719731462863384,13.29567089534011
5.167662173678897,8.038765645165403
7.8494484243565825,11.849153502655323
8.812293428703452,12.083742365838688
9.383828183808747,12.917227622786822
6.710408743579537,10.244973700319262
9.106286523360065,13.326827164587373
5.553158684776037,9.224258677934365
9.23226145867259,13.863528043876856
5.637443311659912,8.731208694714304
6.986436452801836,10.980529620948497
8.986476828897768,12.612619772952746
5.749587136743869,9.350550219886776
6.146256976163207,9.47925277032194
8.611262841965331,12.556354363899358
8.600182682730372,12.531973156287464
8.205738164426487,11.044533292412877
8.469742222335501,11.601629737372214
7.713622216737981,11.307617379994339
6.258995294534763,8.667154813621131
6.728479967519597,10.489781512623393
5.9079885840071285,9.525364283952625
9.542252806668142,13.614288644440665
7.916958973830602,10.939783762217761
7.0042570838181994,11.095177970016097
7.310029018220663,11.790640141723975
9.736416698059077,13.75723845139388
5.766757015580401,9.1753761079221
7.9311491600839865,11.618248319498806
7.52944339442233,11.300516667806196
8.05727117717324,11.60894603429469
5.090550919104203,8.091378983003143
9.360619544720757,13.68560225391359
9.66059141241806,14.765521775849894
7.825665917946045,10.690763484334385
8.483254119384462,12.127998701059871
9.612496905886479,12.944766044447734
8.536193171566993,13.039444255168434
5.762695214571306,8.621365272825619
7.881441800834066,10.736129764107982
8.03357523191428,11.959383777721424
7.12065335651193,11.416939585185872
8.682221178123614,12.750464348028718
9.671835073845074,13.708601027255046
9.627842564533882,13.757981538828655
7.254196857020661,11.41245655983757
5.566190229203777,8.242328640037458
9.924205994811672,13.85312364173085
9.19449043222967,12.807043444420838
5.623313406016334,8.164043433573747
9.604209413086862,13.360863665995833
9.349481810310643,13.773238720363995
7.5941902856303605,11.396329416952796
7.9563771787246464,11.869807864523676
6.9950135193506515,10.46725402904744
5.273808194110156,8.590231724296482
6.675986208229505,9.610888278701353
9.014267242990057,12.662365748624453
5.023160115023014,8.123794256511957
6.667495858455721,10.139752959587812
6.990843467954717,10.549106089006596
7.686978014689615,11.155205976619348
9.599278082063803,13.3304219979114
6.7317299718298065,11.656961607717916
6.734766009481138,10.535112847843564
8.687506240548743,12.631581226634802
7.261089704449036,10.596703396235645
6.12302411469991,9.122019524167953
7.262197580663467,10.649236799932682
5.704285101898999,8.99155654407214
5.8819349325311165,8.118104147005798
7.4918388636973985,10.205511838749535
7.094627247522739,10.195111502557808
9.5742295053405,13.592645124797885
6.811969495583165,10.054726821123872
7.902941751390218,12.222590714718004
8.161321439597652,11.052387334019297
5.065472282941668,7.702894004728315
8.317686860083553,12.741270102595815
5.890179834348757,9.13377546355608
9.805351587347275,14.208843196217309
5.7433136387655646,9.917599838153407
7.0731206186351185,10.14084253341123
5.426748340393219,8.462440839575848
9.984371259229736,13.845032060610247
7.510975051656213,10.035873559745818
7.976925086600219,11.417111702042279
5.335382386942137,8.842989958020897
8.74980235199589,12.770057593301187
6.049527965477929,9.568975143267519
9.490271447203568,13.200571246324532
6.025698202410036,8.902789224889222
5.953438603318332,9.778754159931308
5.182748339240474,7.970639433909733
7.360334725549996,10.979442690056601
7.824205666313082,11.470714139914469
5.328543197141762,9.125110344698673
8.877638083475052,13.138871879006242
7.266444173740139,10.072103698154606
7.6219513466379,10.55256503257796
7.20381373469114,10.934031390663936
7.00381530437663,10.372409541562373
7.79820165654109,11.130256095872426
5.776201229653562,9.43925541758151
5.909640652476355,9.185298474016081
9.308928105067587,13.196942419525826
9.730577310668163,14.06660709317932
6.866546581398765,10.052301400206737
6.353723365717769,10.4087275315976
8.219997716195078,11.469973447817589
7.0436708554904826,10.780869559759623
5.126931778301724,8.869234553291992
5.780762986830952,8.248267839561091
8.579861144236988,12.12416578515816
8.294619709550757,12.524647347903688
5.135479962517417,8.741198228886413
6.109860809664747,9.246085171403575
6.1553739829403575,9.01911323269
8.359463717993641,12.50932437275775
5.098552688771821,8.710037777816988
5.520542909922869,8.042319817651245
8.999580426865947,12.197539687755945
5.892723310271668,9.1838963133178
8.263730539259374,12.231156963825693
6.190913905233632,9.27956214366533
5.497206963796726,8.936295266547244
6.21586095499727,9.103964842578034
8.611334659278295,11.276254791597086
9.27848234053143,12.922228272471417
9.151099322834959,13.012935260658502
6.985917648092274,10.2451811977625
8.34042568285323,11.429209187594132
6.024921477079105,8.322081284555516
6.465738651305067,9.50184197938213
9.4816790926056,13.826842796951592
5.06500961755368,8.706110260771258
5.42754265427234,9.106907877196036
6.039431275730136,8.839362763301887
5.132661019369099,7.582340061427738
5.907177175448987,9.336929918028734
7.91520780484846,11.815799371617114
7.107122752962489,10.728632106155235
9.463358555384875,12.348998629342969
9.087217808692206,12.471219077988914
6.70908675848938,10.036059715044267
6.297117167156463,9.800149697902969
6.898462040836335,10.661808130304845
7.951474712574038,11.613896416229865
6.340318204114381,9.773773748206375
8.12074453924567,11.787326176275357
7.047058260956202,10.799279600256684
7.760235904259901,11.468715910857336
7.180632645676583,10.649628004835543
6.472328797709588,9.632610157682814
9.742266534810783,13.731365554294179
8.818028970798803,12.823930454378202
5.700565878832263,8.974416749047746
9.342339879489565,13.401221064560104
7.437155991247568,11.595948120172675
9.472761134470456,13.49989532273784
8.999276279736577,12.474632275447314
7.126067522346167,10.993084419812485
5.112346541600587,7.451716681086245
6.34338679692473,9.071357465940032
7.708171073304335,11.417728920325237
8.167391099130736,12.059067652850173
6.2894384271660115,8.924800500847216
5.69678037036412,8.64472770394357
9.174651183996495,12.706539504685963
9.92201090351776,13.663074922780513
7.628450911513429,11.625939981952587
5.858396429241518,9.383328446863448
6.361536632596845,9.62428286918936
5.0919533827373336,7.837363095727335
9.571494032802494,12.810968004252922
5.588755414450706,9.41659896673182
7.882582377571268,11.75515580322798
6.37027610343603,9.290996772086666
7.770890012578967,11.684867763907205
8.257101941759322,11.873410519823873
9.148709018536008,12.834896069812038
6.032106358803016,9.456133394708422
5.054979143292402,7.6952258469945205
5.684428150344036,8.64943552065779
9.500093209240525,13.460842383188403
9.369450387812577,12.993614868932486
7.987065510851542,11.919021218155612
8.002584302168266,12.53763441444105
8.325183372731278,11.613070980973962
5.876856393117248,8.219665023588677
9.5720597296248,12.485601591811628
7.093852624460366,10.437389078604948
6.915692641247487,9.967248874433892
7.594588526414188,11.217436482230566
5.234829833875275,8.34809463666338
5.8314168437803975,8.196091789229428
8.690168082131851,11.520759783817518
5.413993339625632,8.644758627723807
8.01576054733194,11.686627074158306
6.226745548406605,9.25918565890465
6.946478070209883,9.507201891685709
6.443468683853499,9.967858052006694
6.7783635823247455,10.769986071501664
8.595229525921226,12.453266651214932
6.485608578115875,9.358993348456517
7.8320232014844855,11.420703924566958
7.380252010995498,10.173245372727756
8.31835582681324,12.511007349095284
9.68414869662379,13.661900603213317
8.662860486051251,11.511354127384886
6.074701892953784,9.139305091322699
5.1559156753064235,8.418749565484823
6.311320221499125,9.407060455311187
7.975389653501274,11.432519723481441
5.257129067421252,7.696353777381865
7.481831236006181,11.261467976748245
7.984214244584447,11.256822493491768
6.671219454084804,8.927240656399249
8.85456101872911,12.439844537139734
5.532991265668859,9.130164376587807
5.375688908679043,8.257361967114878
8.640943781018017,13.23812502978338
7.477456581030992,11.18743187151145
8.44201198213868,12.2997934597066
7.174136693018731,10.544764898663672
6.2320101661955345,9.444269095552494
9.095511588370998,12.782902088485445
8.997079394844896,12.645360577772612
8.473482354272134,12.433612406160135
6.360725686149813,9.164955208484493
7.9511533343454355,11.003437086852394
6.804869484700134,9.604245856202471
5.457910366633171,9.572319713798382
9.586567877311214,13.769052903608747
5.684093154594807,8.97315788635384
9.751186769104013,13.172666787778098
7.230028864789778,10.987705788085147
5.925664644193098,9.052511899805054
7.709504736891791,11.358490154836023
9.364729179382042,12.749364857326672
8.661124432047806,12.473483747166156
9.03280573930725,12.627450118065457
8.293916833553586,11.56989462174921
8.461382822589263,12.52071255501074
9.245978257826597,12.326320005126915
6.248340044295929,9.78039618531219
7.447124818215702,11.27879284863534
6.106047209098011,8.887434813141994
9.938340039983235,13.515843817413646
9.720296698433067,13.552843197486478
5.197134056842529,8.377578973442144
8.527875862578442,12.157023539187017
9.62624158707833,13.768271134589934
5.902876725636668,9.9649418970327
7.839726152763147,11.15381299874092
9.57744148794021,12.63533980017654
5.169729892928994,8.61663766303012
8.4871013362342,13.026178891444804
6.486745036862754,9.980478225760866
9.621980976882652,13.002502834582348
9.85529122582684,13.764403289374608
9.72133244556717,13.106337192574786
7.371071083287319,11.166713046926256
9.310213254946568,12.496610704586663
9.22274699267535,12.917231997796321
6.595502366216278,9.41243392631258
9.144577370753387,13.036905187471545
5.185038173577463,8.038874969724077
7.981349392410265,11.66600032251745
6.150044186438516,9.391228301209402
5.6028344288863945,8.230071800801618
5.384766008146046,8.775157741539765
8.4814438793907,12.153349829347281
6.699374818840331,9.544985278675448
8.623833857643808,13.469063907275466
5.326781703994712,8.630353128152217
6.576451689153052,9.815111750284007
7.697456461876686,11.944550017602936
8.953615824194818,13.665246793727086
6.59376251466035,9.839840306435477
8.129456882185046,11.929047001839436
9.429888741180935,12.821865080415652
8.079315940911522,11.621582753709822
6.1647973737681685,9.298225571641867
5.12200390778269,8.238818206150055
9.350494369504649,13.386973482724082
5.106347054251936,8.407530689516353
9.373508363420997,13.367031364255176
7.6446856701360595,10.568251490848688
9.695338492564481,13.165172638206833
8.993916178868327,12.519495604910157
9.989670552666688,13.84648436723841
6.753559077258551,10.629658037946317
8.835941444655635,12.021660240160305
7.00965456804621,10.232877957570102
7.399378101519544,11.355758470930478
8.13752731609185,11.615094042061914
9.368385570931693,13.472270510039442
9.920417345996476,13.83472979373182
8.84136706932259,12.73803211184947
7.088833910836669,10.392364421099233
7.106785011385351,10.861674750026598
8.687911507944458,11.652965605830131
6.1938857288415115,9.251006870415543
5.5523705656569735,8.811131017135521
6.773110788203883,10.394580569847756
6.436194958270409,10.469910261301404
6.48154060227995,9.582336389303151
6.168038755249549,10.141387387229894
5.21046594818181,7.923047224488336
5.089369673667069,8.771566814172806
9.938611948680158,14.335067901765376
7.138865668679312,10.109909512599062
6.921633235798408,10.459479501584001
8.39823641346535,12.052265778392323
6.091269439325321,9.622315624027884
9.749805919751127,13.588131309484698
8.93172507207776,12.564446973662447
5.4470550115612975,9.221013305254983
7.087903878924642,10.456124207481734
9.395591537810823,13.687921007468871
9.72366011145705,13.55571639122636
7.337007556249349,11.63774069711298
8.067056946053539,11.3413010205965
5.835169730460376,8.69513191092886
9.955843130684883,14.709270347379812
6.158358506917217,9.167557012853035
9.713658870675628,14.45692779789295
8.248233244961842,12.343800183751616
8.038683974394296,11.569095915992738
7.563442555082543,10.169484330090473
6.153349058588793,9.374359718170634
5.882640160027542,9.10998321879976
6.102431045350877,9.906526121073238
5.932191310721272,9.912853160985582
8.897922367833766,12.335013251828647
6.7506262958336505,10.501342436994472
5.289213382816982,8.729757137387052
9.845513150704058,14.351322132050091
9.41892942481713,13.552060265848326
9.638761415976065,12.595264853690393
9.974539113232176,13.89173571961473
5.869476246097436,8.465517707858465
6.981210094513294,10.276149226956916
8.791192378520456,13.039432972291495
8.480103090268962,12.32869912626024
5.769479531699275,9.497420871237846
9.079165624953088,13.065875710300475
6.122202859183304,8.697480461185512
6.119088074113115,8.08248218564937
7.684872114467067,11.296250918200275
7.964699674208516,11.450676375874636
7.900431039189056,10.992044377335926
5.457434186988774,7.6986073995608395
9.387304313151901,12.897393569045928
6.328000212943531,9.496354513099849
5.647574606414021,9.11002843955002
9.443740399344886,13.426804019997853
9.778257491148768,14.537942612964887
9.310638086327252,12.654963675570006
9.04758037362439,13.297625894377983
8.27620990319511,11.955101255398494
7.754286853045697,11.652478785714127
5.434933799557051,8.303663127835689
7.042266065353493,10.986559465369487
6.86344258506157,10.383743481246505
6.298768918801631,9.218800210103081
8.617100568442925,12.334508667674916
7.479378675393854,10.855476481004075
5.40523107953824,8.730866470764784
6.1009160097490565,8.731210837011615
8.41629381829798,12.08487673089973
5.380654297451501,8.654438783266468
9.256034570243845,13.12375313788913
7.475732635069871,11.644349784278344
7.40293288663324,11.270530850995414
7.9620389232975874,11.550706309586731
9.123404829625745,13.05643034429973
6.739046039510965,10.234688023154158
8.390080762795318,12.269746717437794
7.828659819978956,10.481562786142444
6.335141350847106,9.451406473131854
9.39314993177579,12.529560384034234
8.987130108034641,13.423696603371312
8.292259173292127,11.920286247949088
9.252908645471209,13.006819899725638
9.336471004799012,13.652163871775432
8.541814883575174,12.461340259015147
9.18506664181836,12.457762712992427
8.487357308346418,12.149376088752016
8.400703858801503,11.91326114394861
8.093056891075921,10.839401824988077
8.763583197788206,12.171161720727243
5.793025526465368,8.859860470750208
9.404353795994641,13.227749089447647
9.359217638726161,12.489945454632739
5.146236415172796,8.751316489731092
9.129083752823814,12.903848973942855
5.644349337367226,8.791995743170952
6.67559427129571,10.21103394472477
8.71754128145804,12.06701141079781
5.803799480241541,9.192737362856196
9.08983512059531,12.724264821705281
9.16067088978871,12.544512297422855
7.537338668804181,11.331530149242717
5.031929358584168,8.784152159701906
6.435190665874564,10.084643485792393
8.08463459187871,12.163050292824668
9.905930890137117,13.62680176488339
8.159067635083343,10.992071297515782
6.299017905320799,10.303890247434877
8.170028515498057,12.831291663300048
7.699926898579277,12.011315665179975
8.899226975755719,12.511179401416987
5.534903194134792,8.064566663597327
8.80513951251014,12.033326066102383
7.7063328933805515,10.405733188249638
9.814960019294972,13.724262713948944
6.709360830193431,10.854071975273344
8.163109465669741,11.724900042867567
9.660140527550087,13.743330083234243
5.512548639953396,9.302856850096179
9.686142436182255,13.421323267502506
8.439428611504066,13.145080062164677
5.339185295525859,9.403069558379759
6.504817834734081,9.740225732340654
8.540860443226407,11.960265399862081
5.336753007343859,8.752722632007787
7.910852300881366,11.31926028979821
6.729415284764784,9.497020733184073
8.104577588837385,12.366112433366352
5.228710169062564,8.882675896513616
9.357684030761881,13.306976638796037
9.867444845886984,13.209501438200292
9.844389276428458,13.198504006105457
8.748259158714625,12.551525634667126
5.65043120065316,8.530581923531278
8.791315979645113,12.37903270950333
5.1229345822940076,8.65850307628281
5.110617757644986,8.499330967885262
6.618051095747706,10.630732655146053
7.443215952023329,10.436547530739364
8.852037089038966,12.450848722503402
8.416476883032527,12.479263107369087
7.229513531883741,10.899455408766935
6.3681333314083295,10.407950188983806
9.985622500788555,14.1930153538983
7.130906511179864,11.481142365468614
7.256935121648377,10.978331046839623
5.8181191059583455,9.512826650944344
8.974047743749647,12.607099819107349
8.468411128907443,12.169236960630926
6.103848063943802,9.7800898786523
5.411905228079213,9.300775358991583
8.402496510373565,12.447614287103654
8.272556071405676,11.8854813997195
6.366297634991047,10.328224676753427
9.75431781125205,12.60919204536252
5.755289458904501,8.195230099931964
7.16167400521301,10.934825918089807
9.718079600837994,13.668749699132155
7.098636584630611,10.821120727118817
8.192629738320427,11.863359447200484
6.987971989813971,10.6710392350787
6.37107601174335,9.238089803595424
9.91988823979914,14.189108930798813
7.046670031575215,10.95321130199405
9.470496018395671,13.974870524040423
6.149773029455431,10.386504782670865
6.065523520125416,9.400677445901692
5.1556704144225565,8.323760040730658
8.258334126879426,11.148414720168388
6.842631718618806,9.945452361773356
9.321791249198185,13.089608462034516
7.366049533457786,11.364419216287521
9.840967139573609,13.503660005443516
5.927627578515605,9.511323104093144
9.343115839778054,13.210928149251973
8.882984263958708,12.570997059193068
8.85460922322026,12.74997805243094
9.22391614058444,12.873121182574904
8.805119954714995,12.35162532161166
8.131101608157078,10.904928976893435
5.656224388411938,8.663492162430382
5.16263089745626,7.955173003873148
9.604239239078435,13.267096592219582
8.08325157260369,11.908338418419447
8.98268645488088,13.108539722252312
7.4076117575627505,11.005231361396463
5.586540944811972,9.201556728999103
5.625928961012752,9.038895716130483
8.427826436144857,11.965863628471007
7.1515294744973135,10.350407226539586
6.002623633501684,9.359559478585442
7.457972733707185,11.236450835399571
5.3210446853756705,9.084175775966553
7.909857009571994,12.08741493395644
6.344967022175489,9.343223923357002
8.987795503185941,12.734351463759497
6.551809794617869,10.197680656000328
7.276100745409006,11.265319783520294
5.058102699540504,8.539207973800998
5.362234438972794,8.402742410351681
6.962467782033424,9.72795001222585
7.399694173585617,10.380164820179944
8.000102740596517,11.736440045875527
6.458312893546516,9.921088261967991
8.474909430632714,11.620551630042064
9.300611985946023,13.183019188579864
8.89925494446675,12.99471811184599
5.198094126741786,7.6620996233365695
7.4025347362891445,11.43554028444918
5.524650892090874,8.440815496229137
6.210225079312638,10.08107665146349
9.933312966335732,13.653249336714929
5.712477714507566,8.34166051596699
7.49444076725678,10.764260425787276
8.090778671590595,11.661360344370054
8.51232485272052,12.020549869878883
7.798243417434571,11.249891390134927
5.048854237095918,8.225607659353196
6.632306541219959,9.87317816456575
7.588558216923557,11.073213663332265
5.439332495724167,7.672585795267702
6.753134656045904,10.29961059526032
5.166015543956833,8.154617003902366
5.3928924857751035,9.27661747317156
6.98461638100798,9.911757073582596
5.6635787702153015,7.892146860008603
7.83770424130779,11.71427933653437
8.447324845686328,12.310053323980094
9.002933495545413,12.299303684388923
6.00075122122405,8.436026987966814
5.837412911295349,9.773593858896563
5.522839201672001,9.334462237309792
8.182151247718183,10.574853117908754
8.532378632434506,12.009742844293156
5.15793072412821,9.021612896345802
9.68106123121845,13.379242198573207
5.259856418257362,8.066521584895508
7.706481676505352,11.106398347991739
8.545302597254583,11.693914629821421
9.354845618730428,12.373426870362492
8.570434660662139,12.810795248161941
9.00864041534896,11.888900045294914
6.69725096271403,10.160336881311213
9.074125568732562,13.332240428857899
5.400574231923375,7.755075928857471
9.474083280302638,12.90676573506563
7.737961880768681,11.892143851118211
9.086488849812469,13.170232479888481
7.261591422591501,10.405266853670357
8.217888475982624,12.462590672859735
7.632013304680566,11.761683827343829
8.65794760877666,12.524063477039844
5.4081499101529475,8.039699778246707
5.301760419952819,8.155388152207486
6.235516170050732,9.625812776038574
5.797723400565942,8.862970666105387
9.358917832961009,13.700179988670635
6.096069936790221,8.550396884093596
9.879326279095658,13.10805977038167
6.684478958855534,10.111810306367856
5.9105895784434965,8.846935287228742
8.948492535712395,12.424666735506003
8.29353887750438,11.068218293418058
7.490978582265695,10.998947221117925
7.776817754688157,11.305803751625405
8.596008891361318,12.64195016060945
6.142273706656494,9.405181514548278
9.98166958028371,13.911701457220202
9.873965810733916,14.437259291275867
8.251628431734684,11.245720466357346
5.997712254645726,9.465449314998658
8.401141212156457,11.245795872190072
5.360992044895879,8.014009513874653
5.15326251102903,7.5775864469231795
6.288414442556069,9.93706859879324
7.313114783696582,10.743032623638202
9.341362527041902,13.202883410153794
8.635845348831541,11.809647924733124
8.713532605999905,12.306392379233442
7.127466672240377,10.171227355033897
6.729674962734815,10.267337462708886
6.855193814923013,9.730687010241809
9.938247818680289,14.590794565018884
5.200545957062412,7.402864923662848
9.335157480612242,12.79892906050641
7.893377042861967,12.310652706417407
7.193077095947952,10.414123141156525
8.626288302075682,11.694106630288614
7.433344707123514,11.02954942981705
9.367116190408304,13.002843307382692
9.503509320056292,12.986276056258397
7.108604634367277,9.982390155841372
6.384138986175258,11.04515358622328
7.961751642966811,11.428326021468104
9.561816728083455,12.511396393533706
6.053310945028333,10.010828013536766
8.114832917817413,12.04333495393618
8.157801100462603,11.40612810504523
8.665565112076404,11.932118590148614
5.6578384256362995,9.126142508842673
8.579124823410442,12.171490624347804
9.545162603328205,12.491206214771294
5.898415544351209,9.971718635523786
6.187716624619388,9.208264718435288
9.856975470208198,14.57615643249105
5.904884763547448,9.725079195239795
9.271925466847897,12.62580578797607
7.461389282240174,11.470262070869783
6.236155372015885,9.15766517148722
9.353749506362558,12.291149114233098
7.2265262750133274,10.459532447004921
7.574086769648451,11.287722874466281
6.796166846998828,9.924031892400425
7.964754257174637,11.404180938147015
5.817619362925114,9.552926257974441
6.955407683258803,10.399736210055611
9.847061611676438,13.394824778369248
6.2906671635056375,9.899815758040427
8.28368332270646,12.039257770724875
6.625950321123474,8.690337984617146
8.867365628433003,12.855015211005327
5.654368303591749,8.98115631816815
9.849105225392723,13.828986835261698
7.268947706918196,11.168587538836622
6.18025231673232,9.080105987915532
5.367483736650064,8.609230378390528
5.848789525437704,8.235067744941569
7.598869742780089,11.32218888303552
6.685015882156431,10.998548906357666
9.144416829413046,12.475872019061885
7.1544376183090295,10.205424075976946
6.24357136293815,9.137277914080002
8.08572493302015,11.76786903252498
8.533886084427229,11.709145164885815
5.835209539504749,9.212875136751189
5.838096081441588,9.429135270464487
5.183357134667715,8.48720216832815
8.682010075328202,11.534204377574806
8.319022638109026,12.480410998310134
7.373154378749069,11.316468961625722
9.220852244845986,13.480103379988334
9.028350764750266,13.020442042028233
7.926771821983761,11.62222084348308
9.341356402566294,13.725822382142752
6.029206050183841,10.196804004022336
5.55959809698864,8.194997484703944
6.348748057584948,10.157560366999324
5.285434280446574,8.299412587532164
7.65584764000516,11.122180641991891
9.683028461474807,12.85136880857875
5.196717703342548,8.09366653925336
5.610549570050134,8.234027005075953
7.260995141417176,10.481266954947637
9.669375087639525,13.054156913278355
6.580780524883752,9.672482436203998
7.536174043441962,10.840353673618651
5.2078642952519605,8.297814613521753
5.741716004810444,8.082684274626867
9.933150614794235,13.19702166388042
9.825593482180228,13.971669313981536
5.024699904672048,7.6309208270714075
9.759058927116195,14.2481356076544
8.195599689077502,11.947354487900526
9.33959147260011,13.510890842223336
7.273699278169295,11.433785294013601
7.577980142896251,10.938720765572215
7.444232901284601,10.645836128833382
8.334321287730521,12.437036838076033
5.698256273781564,9.09266431050272
5.14986794936339,8.086176384325418
6.539649707955954,10.543308633025116
8.523403813683235,12.121962421499916
6.009267260614742,9.22750753151558
8.367162166624587,12.051205925366633
9.849560230536351,13.352175329194386
5.469503578947092,8.602196989479706
8.363010591125631,12.733992798050002
7.218751096522856,10.884985473515515
9.340711271887526,13.224385239464496
5.885748947236929,8.98201509610148
8.463129761130823,12.321189227560163
9.190576448240552,13.403575052133254
9.723071097370116,13.972304732289015
8.41624014144823,11.933555738826884
7.485873820042137,11.145439381105621
8.08923620100607,11.947053311781422
9.34452492239359,12.709832413108819
7.853048733194148,11.507773750424825
5.151935298484184,7.101670415029841
9.65474347753489,13.826959027952459
8.447633755157806,12.467332033470708
8.382566928886233,12.43285337755671
6.078375761988585,9.096527488301518
8.294427351163286,12.107836238907959
6.969322028270792,11.075163356695533
8.256164885207461,12.614282686394581
5.532965151539954,8.624971832234666
8.28922652301518,12.016731642982997
9.997068628853333,14.551937926991215
5.24106019430278,7.538871225532249
9.885870921106587,13.701507233989393
7.0345398036143525,11.109232992105602
9.353767251686296,13.71212097286594
8.911927420291367,12.878944793174592
7.835081304933339,10.649181363254694
8.692246046256633,12.40574013898738
9.39257780650674,12.97613566968312
7.020701608255164,10.590361381314803
6.635165807816193,9.557525626981992
8.337966927817924,11.492698615894204
9.039229709706293,11.81464301280573
8.811425673883079,13.184613151148044
8.989068244293172,12.586996637430277
7.177916574064665,10.692072780728866
9.089171080875108,12.905886238813038
5.601045276853042,8.187537365743403
7.722445489804247,10.637402132041
5.028793302490608,7.531894399990112
6.622929149501351,9.585930759986924
6.83230767435699,10.38207233273529
6.980863458046277,9.979177317895225
8.477336033449312,13.046048555936485
6.942790506351729,10.84492412556865
7.2434681131126535,11.096341510568038
6.187720654371637,9.365435334009389
6.8662589581467,10.996651117636281
6.136348136315757,9.254614948018347
5.365979618842218,8.423544835533537
8.01724296690689,11.705678830162903
8.341063992775082,12.360188311601771
8.097451730048073,12.03539611555918
7.317470219002862,10.543401623581133
6.8989289008961485,10.012217821362402
9.316668247859127,13.499953376006994
7.59540892568109,11.472109002762924
7.395909388148655,10.67841570336695
5.1282103290321785,7.360258359999387
6.7062391381307815,9.943828917752814
6.900978093929285,10.59293661212807
6.994113904484502,11.295645108591293
7.900861846136662,10.882055234193663
7.668012733634392,10.988329653945984
8.039525463967223,11.45272877599798
8.824416307710642,13.26720223896852
9.064928693580468,12.860443682067245
8.590615381132473,11.855075177672834
9.777618479774674,14.012489817190517
5.091162913381808,7.907076236037697
5.978889928417731,8.5624742774223
5.0378143748907105,7.598990596230777
8.237373570773014,12.751869262138927
9.490152744749935,13.580287904524653
6.217411482881497,9.514773807184067
9.635172723981533,13.437260400871816
5.301336951447804,8.507678762796765
9.67218013402757,13.746734133834332
6.7581134361981725,10.25582053754147
5.5071041422460825,8.665947515834176
7.429358795931629,11.349629724270729
6.28388283860254,9.552211579323414
6.424364509809614,9.220267993995217
6.536449824631433,9.537528344107287
9.015129489163318,11.828646040251124
7.695806383376272,12.248376218072721
6.556538495780018,10.299223490912365
8.051668916554592,11.24696745230089
8.580753371115968,12.155981620640611
6.363120003667669,9.317305767297986
7.067745507626757,11.252568214839167
5.609430466684738,8.021377977886221
5.905746747673401,9.144134126617471
8.405589269824914,12.032443202507473
5.907191738478135,9.50204940152832
7.625816918335301,11.098975688140012
8.545231308612163,11.375173132006879
5.534384615473719,8.515702621247243
7.836561098144518,10.917792208801758
6.282813918506819,9.579166475486462
9.8146343761879,14.494649769685644
7.4177282335996235,10.031561258203409
9.029962748875791,12.435843930950998
7.751132710781309,11.02501277604582
5.217062664274096,8.06965964942231
8.16575687797011,12.168971085616754
9.757016711033284,13.621647844459247
8.008059100731657,11.817572283738212
9.09594429713395,12.602246634694852
9.42103231674204,13.420200952799416
6.140398859744662,9.757377447132452
6.060224199541134,8.906119264580814
8.05490494425496,12.056564993009209
7.055142349033524,10.492357203204012
9.199306514333601,13.561897937441447
9.500115616990055,13.299428790349578
6.7671068965135905,10.311150603397358
6.18435279487241,9.400920238007625
8.90262757621931,12.635046960442882
6.37403017774068,9.778301427401662
9.113071592568392,13.204089645694522
7.118691268243814,9.917647065930574
8.337749496457352,12.722116200157762
5.477676569173341,7.643380362733112
8.119296623382866,11.40074989318999
7.258838393686146,10.663471537040923
7.933042315877371,11.725828763595818
5.840071038724317,9.79617151033987
8.68436872472091,11.492096725552539
9.313985387716142,12.922935401064514
6.083699000453878,8.23702205664502
5.478572777600808,8.590098320076095
5.118192930231682,8.277673308528033
8.20985750221633,12.647226873745222
8.035470180443903,11.702881596979411
7.73348706357035,11.80219704100561
6.159735480579878,9.683601117465383
6.954529979527573,10.127811876930503
7.972381675930865,10.862377637721018
7.483834294295847,11.11810230230092
9.938927601074436,13.180662112716641
5.682198762783665,9.46624205167522
8.475722770237969,12.08983627326715
7.021593840521461,11.02350131438146
7.140998074628074,10.329090472487488
8.587988828290882,12.440011987149555
8.462180756621848,12.259291336613561
9.956279968510941,13.925013903207667
5.641971447270626,8.554035980026454
5.520548246920832,8.820885905540258
8.621694085643705,11.882951271030842
7.891934585032045,10.865603837558924
6.37080333279903,10.26637744602225
5.397096844944933,8.84010020837997
5.428291247982153,8.546895301879703
9.470954373320591,14.197716439256599
5.959336623593715,9.017321188950035
6.616857810577604,10.601580982687615
6.1332820111349395,9.447725455824838
6.774981529159687,9.61760245995343
5.347119213730467,9.340563152361984
7.595298954541352,11.609714168761666
5.338062817961075,8.345164866048508
9.001782539111808,13.165724676701144
6.168560409552165,9.200420774463643
7.700059573022553,11.654646005156835
9.40039543780729,12.084935242726768
8.25438684523597,11.395363547435867
7.664788932756677,11.687376591451494
6.621668765576878,9.821174749582793
6.6650095652909895,10.10178262579356
8.347434775990951,11.343528900131425
9.970696806105838,14.888769665178057
8.309195949246893,12.56629996095511
7.788917086850125,11.246357895032485
8.65325255119623,12.181555133003812
7.32602806141859,11.306035854412155
5.300711713003926,9.352089280689176
7.811484079389549,11.850661023173135
9.7881264225269,14.83165304073058
5.876514711788298,8.590641989614998
8.450024454103328,11.730335929674599
6.004668443295282,8.611131572927663
7.679138422365407,11.435846431663226
5.483382248233598,8.667860472782504
7.251854681290926,10.626250055813118
8.78081664447623,12.941609287433126
6.737857621194911,10.701593448041224
8.32455862243609,11.226639142279886
8.977249803948645,12.474213750787815
9.635889097397264,13.973138713938246
6.173210409277267,9.17398314920343
6.996579579046541,9.99679245667677
5.7620800666520875,9.423764793807702
9.962417510791877,13.310150978088261
9.635004839621477,13.41121590365022
7.699785651402798,11.404064794585762
9.210166471882106,12.765289809303468
7.60478988636021,11.51732569163884
8.117928440013799,11.457075640417873
5.445622160580083,9.239056339419058
8.77635210248404,12.468749374232962
5.638567418176174,9.101915970164086
9.130338151262642,13.329417758006578
8.91014043835193,12.378398524650278
8.543723488714882,11.225724912129913
5.180801902623811,8.39734016048049
6.515641779726643,9.854914309234406
6.315562849554214,9.85658843325262
6.800682037357595,10.047554708637696
5.438213733819193,8.310642631182672
9.684789115155315,14.625983443677228
7.769011203561881,10.586636413518868
6.527621553290118,10.20012110313026
6.984907585371417,10.094588173354003
7.236012702524178,10.5153259341588
8.002971666803086,11.44501458387672
7.578397138482488,10.692359429093358
9.596959866072087,13.801963944404623
7.484817414529151,11.677102695409959
9.960790074116563,14.187954919563206
9.257124788725479,13.160240744576623
6.042552571786679,8.757842836594392
9.65297607321958,13.841983920775721
5.58183198942738,9.776373203177506
9.087248542455958,12.714350939049602
6.9031164673829,10.095747971183545
9.389871602225348,12.98730135717992
9.340283450537251,12.96363302339749
9.029627000588107,11.462902623869535
8.950152181535307,12.942700310770224
6.523395695490204,9.405298746410939
5.404596415256261,7.680384138911613
7.014900893825807,10.794476047457241
5.867622574932543,8.500138197398082
8.474755444512308,12.00037200647289
6.730498632688928,10.809819554821003
9.878051004299575,13.149053306147234
8.20486038672666,11.07953334677311
9.112402818171805,13.069536476587336
5.662623363709242,9.369891718456275
9.310072411363112,12.384916034769754
9.613785952566971,13.740388011498954
7.435309594094679,11.212871282894461
8.031264688754888,10.607937384659705
8.824049004514977,12.988109474371582
5.874193136302063,9.487334703483565
7.512830382317212,10.859503672152641
6.993315138861566,11.018151347782883
5.731869960811245,9.446471740135918
6.837672111457657,10.25676549660779
5.340861546927468,8.183311161150495
5.129059534747435,7.668457495405444
5.675831445774114,8.79221598024584
9.81557555794587,14.063570129387132
7.747647679475085,11.135088784849781
9.8291108057661,12.696182464288304
7.162489391650659,11.229344217269077
6.559080665426298,9.966008409434004
7.5307093142012205,10.847038928703048
7.197558443164551,11.065649326009106
5.52832342130872,9.396307403811841
8.204131573451031,10.44400210339729
6.080190912547998,9.513360920018634
8.097939774489149,11.004203123981805
8.251005461990767,12.15076180778839
5.76012426564324,8.976112719959177
5.306748135553341,8.685961025884284
8.9038079303422,12.434945709163312
7.299002118846601,9.822182486706346
5.290818977527379,8.12379867740452
9.974331585848836,14.172621720588493
5.288902804981833,8.854379530315812
8.475176144292766,11.584295722915055
9.918394626317067,14.41560376501699
6.195900521079628,9.111144480472293
5.711246843435981,9.034721152920438
5.606924697112144,8.473362660101756
6.516375737837977,9.910736199261622
5.505229055053233,9.052213683349017
8.46080670847066,11.539461011520523
5.311458990650314,8.033797840406962
7.547110640748949,11.149014062569783
9.983484269264885,15.180972953633036
9.069851347530093,12.452226760952698
8.076097191155053,12.711383572384523
6.5312681039330585,10.839733376557255
8.119479181458193,11.694719442399034
7.635207319558258,11.01317252036996
7.130416919451857,10.210467704009881
5.653551883700997,8.750160995274861
9.433021076202333,12.61626557516302
7.248923244106613,10.660588384267635
5.973112559103825,9.916175207850017
6.838796754386448,9.901013574025377
7.070648762644636,10.364416363179037
9.137689477834371,12.114657136267624
8.66807190280701,12.588717327433935
8.846524468206699,12.748070204323724
5.055156322143236,8.098038766454767
7.0807699908988075,10.388510463967497
7.406720758176618,10.741685950425714
5.0959613841152835,8.366103777788675
6.299066043725171,9.544470951675894
8.801449115610675,12.719224874510475
5.685548528644995,8.930149643101267
7.6765506572629585,11.77357443226343
6.0760093600861875,9.629708280790952
5.060603873219466,8.169155569438455
6.206007287997707,10.206419760923337
9.879368774550269,14.065376793988602
9.007685559414949,13.461704015693147
9.797883221605167,14.060931170119519
7.439270219631812,10.006164724092402
5.548680993387517,9.310834573724685
7.739797444868465,11.355345054513492
7.271886672799805,10.700286621909376
9.221785413698079,13.206816670182482
5.490412903921223,8.416003903726935
7.441205685108891,11.04296125232514
5.750243323469921,8.604353954992359
6.6233796344503,10.585191690707546
8.686785386938999,12.367348407516273
7.380090646843833,10.664816854851383
6.879441425728847,9.792866803014979
6.972381392850177,10.501245565994532
7.297233842029933,10.850234160498466
8.925082719185284,12.904311569861093
9.460423444701172,12.83888218988884
9.77667343251964,12.931417519617781
8.934516931276475,13.03421596878505
6.577034478740064,10.63476230542633
8.440673530432711,11.615631425324306
7.18801562027696,11.4203393861132
6.273353110230255,9.669979261644496
9.204357897129613,13.041698024280121
5.192131744811625,8.03178374550106
9.508809960677118,12.718312943100042
7.30738732312367,11.262729045710703
8.186007384041403,11.435405680130883
8.296769611028914,11.566220195365897
9.475588703532683,13.866669599182696
8.183348410836036,10.87852636966738
8.06966792380031,10.921802603226288
5.33326020280345,8.390845121610097
7.59204010972602,11.25709034617365
5.750845004085209,9.143381328886713
8.687168843607427,12.273703365630787
7.561109604063372,12.338516359196891
8.401138896041767,11.967420395867203
5.208364503011921,8.134644327562944
5.423960080229016,8.11025876186788
8.581616940313411,12.359893736636629
5.360421679993367,8.739986632015427
5.356283638826293,9.02932939385828
5.060542376174437,7.328008719189215
9.7825069914974,13.616010720619029
8.687541797295035,12.648401962158614
6.766257042510321,10.413037218309652
6.482677906438276,9.782487816628201
6.748516148729248,10.369431363241148
8.87326765590591,12.243439240624191
8.306853055352072,12.747176382581664
5.92597783933734,9.607487458694523
5.870546676670422,8.372192118471919
5.491978248566987,8.052822374222005
8.301513598506691,11.438355443154576
8.821863311108679,12.925220958778677
6.32523214162502,8.947914686741289
5.104724805154564,7.9601575990814375
5.410858337382137,8.72038220306695
9.839300174225151,13.774077241796963
6.477223887387101,9.902112422720874
8.846115739190669,12.082437531354422
8.12331784427132,12.045408599824205
6.909698198264479,9.985031891679377
6.028436310977776,9.071813735974361
5.606932090797033,8.84718437290943
8.075064840194333,11.741616918998623
8.87316890318894,12.659792693334524
8.219521267705654,11.488112110258406
7.651510666245791,11.032038093895354
5.209756117158181,8.252799136008335
9.84244388797192,13.123390048982762
8.993570958272873,12.561018666770757
6.464110183504824,9.95077215972221
9.899851646794254,13.241103674230434
8.009407948181611,12.189580363615054
7.912113291036232,12.1293425805434
8.740365897147662,11.865863788597151
9.058848940450687,13.549428545065894
8.282393036657513,11.867080849632949
5.640478731831,8.977831757775727
6.6913375299724915,9.781279509902866
9.640418201630249,14.030024255569678
6.12307805921926,9.550740680487445
6.860835119187566,9.825925514726277
7.16038441472098,10.009860297682533
7.1970249484722615,9.906278720562103
8.064697912472628,11.77160838318353
9.715379188723539,13.944690732358115
6.203463559162525,9.769639110384752
5.60750688150459,8.670017710501819
5.987352449299687,8.606324711327442
9.434624501046347,12.980512002243724
8.229054063276031,12.4510391954122
6.4295339461958,9.473126453134919
9.079734694843086,12.967390449152441
9.30684998181718,12.630394736393173
9.23257169345139,13.247377554871187
9.594632668197772,13.284716920997788
6.261205100866808,10.03680247792805
8.775209643731392,12.917030425581077
7.3026974863707,10.515384010357389
9.209992764450307,12.988659303666537
8.642453385808066,12.095385942949365
8.882237232498623,11.948968080725841
8.280809188405357,11.508249811312819
5.8871438473485345,9.16368128067865
7.725134594484691,11.43279126249642
9.92334869762254,13.982292388943367
9.686940332485594,13.473461872003396
5.215868678985059,8.725575717642561
5.824074078647186,9.020659846657091
5.65864386727281,9.141999554775344
8.629899549926478,11.468991893810513
9.088926649284726,10.9455118533325
6.067556831553359,9.422962211783071
7.529263464759145,10.322733330850228
9.203515140056,12.937992316710671
8.664007723831253,12.2457607480852
7.711186027459242,12.047123534158859
7.951738452293864,11.74208441922444
7.5418027345814,11.133092794897015
6.487742256594103,10.20378628522976
7.8251099642950805,11.574380750573615
8.444426510250453,11.904473315806328
9.366614579304038,13.775675460292126
8.18145676989624,11.262873059931351
8.80560768521579,12.728352816025728
5.800358174772865,8.18664491265928
7.307787372098949,10.871316775276735
5.046658099135467,8.152484539849025
6.233394322608115,10.318300668087067
8.632308575565023,11.576283343957137
9.959049756746818,13.650416120169275
5.495890497936079,9.006409810810366
7.007471579306442,10.576624523366384
9.000354843495797,12.890578337863708
6.020178173144494,8.746145956294122
7.7754247465114315,11.035100521768003
8.665356480148374,13.020948280289677
8.079927251300894,11.670158104684107
5.940123673077081,9.315828255764734
6.7769228434286966,10.074713247726196
8.918958922426986,12.1112079492875
7.771132570660083,11.792264297829597
5.026148067714564,8.282993873523724
8.804953800140469,13.718762978852157
5.176556774701195,7.704077439816162
8.728668913656161,12.885689156987635
6.012402800826187,8.559111377972926
9.790367400596901,13.82711416455282
6.839703756510422,10.695897802344088
6.634658081690396,8.925522139980231
5.7444402516622235,8.790862064873863
6.528021077451074,9.552020425919979
9.383253809141003,12.908925921821643
9.981671688136236,14.17061235189316
6.841547652534242,10.770200036252387
7.243053154772713,10.625024428112676
8.610354691013686,12.435168842996434
9.430978902325371,13.37432905932007
7.9652216709339205,11.55916775829891
6.957628490889147,9.804482870210922
7.063109204243119,11.02995334595319
8.478090732484034,12.32130656306026
5.0160913180213935,8.216750326626961
8.097946687299203,11.314281210246252
6.777465052206787,9.903347863653522
8.97098665638542,12.677116888807117
5.46495319911566,7.790881492214366
7.941011334741953,10.685196439091504
7.404864449430619,10.585463373997458
8.211627629526138,12.11521353865256
5.324267972414842,8.062552871932839
7.899918937140656,10.97050012577343
7.807422939797618,10.961564701138306
7.8033004720808545,11.136289354924369
8.017438332982273,11.443996518168674
8.382339686131811,13.141568349461451
9.02494499840385,13.357244312328278
6.3491036006410715,10.13131137691015
9.12524705090031,13.534586643217063
7.491278411317268,10.490123658913696
5.385291395671656,7.851167367312367
5.292754646219896,7.7978704296968475
6.671191593480303,10.672682978845284
8.924484885557337,12.43578596822756
8.538404673704578,11.62040751732585
8.943074823362032,12.516191687924533
7.586345282208047,10.984311572792343
7.200994989777453,10.775400624580223
5.73726263353142,9.010190670593726
6.640963768046557,9.555066239719114
7.170096830869376,10.946944393300106
5.443002148398087,8.212005811202623
6.103059763556056,9.245533547914745
7.991126470318694,11.932738799634109
8.678315571195949,12.093067983462968
9.991737556964749,13.705409356567129
9.66556665671779,13.894514012907912
8.212825997675957,11.426524608908638
7.10624026647036,10.335092307962396
8.180886823541163,12.09493527727084
8.92825809040116,13.74095592919938
5.591680954616937,9.012719397921696
7.049524448481441,10.695749219672734
9.199011428178085,13.304214505650068
6.91916475966522,9.76640257456474
7.859361356135933,11.489031996703073
7.938846804310991,11.511732921004988
5.9223812656681964,9.267649788988214
6.811177208261442,10.231666676151665
6.672556443709661,10.19691757116015
5.130983542660324,8.00144665374279
5.120958819456776,8.174455042034026
9.158485218378868,12.376267979026144
6.365354049864062,9.478471220835416
7.590393831194078,11.803889371521215
6.493627867943865,9.951757611346766
9.703396225576704,13.633614952000507
6.296483794328869,10.503842191321816
7.148284063694676,9.897523387283071
9.36365125242301,12.6816537251845
9.209667833959044,13.90795710638899
5.930507089231386,9.139588975102132
9.013216548978551,12.694568340629365
7.290934433689463,10.149519157879533
7.414844360426776,11.121661365709638
5.667399862079719,9.073109769259394
5.403007568785624,7.9363619021253005
8.639696534868825,12.297498049067377
7.482305761776499,10.811008998115264
7.184253513075898,10.749092788900464
8.647541143261984,11.817424250804057
8.82756449495555,13.219051121203238
5.794540838346768,9.411360896814925
8.051125747388205,11.479763117499438
5.676770411388428,8.703915137846927
8.756875430145229,12.440039441035465
8.284775781335698,11.552576661099586
9.78307310541729,13.517973017383232
5.344790081782106,8.278612914301222
5.285273605756272,9.148762512261092
6.410935373466001,10.166431602324419
6.30852841867953,10.037561456083747
6.234893995359999,9.666835600934194
9.531272902605183,12.878863978660602
6.247730999247531,9.476531646808347
6.359748630643155,10.116942586578476
8.796991312089819,11.927257259824138
7.2486992122527,11.016715658139871
8.883552784775906,13.82156795436247
5.326830787821926,8.923105268381176
7.437855968366922,11.632441729821299
5.1680680009164135,8.310850976320777
5.3132660172767725,8.85988519511462
9.532187266722055,13.079698112889448
5.696226855587976,9.233404132876185
7.662103411376085,11.521718160681683
7.055478013003533,10.611529202623071
6.736716631294213,10.742063667412305
9.499166728436363,13.12960765519994
5.109116983877447,8.037411622416107
8.318948430877946,12.030469137732682
9.816972171067752,13.265561119736601
7.80084091730921,11.474475072671176
9.68411231016546,12.76146956572163
5.261289396430119,8.837024542930248
7.093966595370807,10.536078597727952
6.300788954810256,9.300500293820424
8.654104824903648,11.967738983736817
9.906485452486233,13.770493028173886
6.282650312221239,9.883310230051695
8.270873007370373,12.198917098213226
5.990488163798701,8.835816822919211
7.826651272858049,10.968961691115842
7.319662433441681,11.112044273289841
9.860026648157685,13.470858275481708
8.042636363482334,11.681118523218553
6.747531860434094,10.15891555378305
5.570478924439667,8.840605775190967
5.756234143674673,9.336616187500544
6.126584649756175,8.720420111273748
6.2548333067014905,8.550220305411544
9.25308028920569,12.819972706432651
7.806113941412624,12.268100933611242
7.616954556871832,12.151432518289887
5.573844359346087,9.604201798998249
9.300698466747175,13.064347476216264
8.614071516042419,11.445828278258489
5.338341809500008,7.234490620574089
8.539175486148842,11.939991502603904
7.717691086713231,11.162192488981196
5.408626728733891,9.140664775008648
7.291503207643283,11.183706578943161
7.423481435650235,11.021880262276092
5.828872700816379,8.549724855509083
9.728490735001412,13.193799102879249
9.24987685740331,13.226916072419689
8.345111686645541,12.362659513394513
7.311477805003036,10.969713997126433
7.058827707922543,9.953294269703724
8.25486733575477,12.231174617301766
7.727159347034528,11.485546699992138
5.311365529409428,7.8383054321962256
7.562513243851658,10.68285540747186
9.032018086164197,13.182669690677818
7.296199387984791,10.638185498008802
5.259782887771342,9.10631311614384
8.931390996920165,12.968233834336486
6.006818910679872,8.964867098721212
6.293104174440193,9.546622209132765
5.823531767161479,9.019929816912633
6.651075324357487,9.61709523260813
8.783757528443175,12.084214935042997
7.5969292975196865,11.467010103928372
6.024406370753563,9.651924293425322
9.389150390760204,13.568871203688724
9.397909274757646,14.035150176871076
9.352892125230035,12.952583932270242
6.193981056907696,10.269912651324802
7.25619672090494,10.256975505808851
9.924948280704376,13.403595155161005
8.860062381549952,11.752095416785318
5.135837106127799,7.94010687043995
5.32602295630246,8.139366379148225
7.319656884061664,11.04655690100132
9.5461010293078,13.577266705979586
7.693508989763571,10.635724102206717
7.489062540171451,10.790511928992832
5.527368499783153,8.447111189195942
8.28390052362147,11.05268950486482
9.110515803001128,12.442145600094669
6.902100037537812,9.897113229738329
8.878059254626638,13.37048361546244
9.822383269504058,13.882585281383546
6.018832295638445,9.553683131739884
7.6166481559737065,10.390660038593841
6.435689790422877,10.319934990014447
8.964272095169196,13.407677545715082
7.887966829405787,10.466387711714631
8.172912087751518,11.454836143343897
8.98957079807947,13.03536774420312
6.979852363312275,10.69801706274382
9.575450342035216,13.151293045198647
7.6651443362307,11.045423471950013
5.7897741141767405,8.649038406489515
8.479495590844012,12.230603732485873
8.966306752191272,13.358157368360482
6.583808385337633,9.515048983834555
9.285896284993765,13.643485790876724
9.530716273828832,13.046023492421154
6.3845224368890445,9.23761331801841
9.91760736357611,14.310426145462937
5.703557640243792,9.305237357296358
6.01007834201245,9.637798978796267
5.921124196190131,8.447450331319086
9.469948550039351,13.130962771011196
8.271462761624809,12.33724960995143
5.760521416111365,8.933396619615586
7.2016170918417455,10.105094087111363
8.076490125349011,11.920947119981534
5.417320424946917,8.143380880440564
9.412081842036693,14.191760634640136
9.018017677207677,13.594041943858342
7.526033867883191,11.333289354637614
9.835633076295853,14.48326304393991
7.088804896375498,10.538961550712289
9.920551595182488,14.287380661406493
8.339599994018135,12.746380140472798
8.173356366269708,11.930776980420806
5.829774476478925,8.86813578601757
9.40963879152322,12.439255570739306
7.137448439603076,10.523371364662944
5.811167028912397,9.385112026976033
5.063037599878795,8.548461833638367
7.798778418191913,11.6107166346895
7.636998110613382,10.893748185254937
8.596768111845794,11.327710949741157
9.45129026508901,13.093940769104444
5.397032923215147,8.324267072331201
8.657482451701812,12.232514458447167
5.937059720487911,9.433749843074455
9.29088526578582,14.141900524450403
9.09531756930828,12.976145684090483
7.703968774927722,11.136396635335034
8.551213993116558,12.131845885237823
6.571750565918742,9.948293062556347
7.355839494664073,10.412860513422688
9.108184488552357,12.989920665635855
7.296325985866069,10.980997351205183
6.788991326627209,10.251632623739894
7.4710622362515,11.19404565050419
9.141246262186092,13.186369319297578
6.676040236854364,9.125299943102016
5.868807965678719,9.361004638012165
8.560070101653903,11.936576699153456
9.12989106354041,12.407949694746511
5.503187392617667,8.051598957213702
6.199370563779723,9.656015481771933
5.7098599488049695,8.740544474953538
6.739707057910833,9.246664077500293
7.251754894527063,10.941124781028618
8.744131684816532,11.773153956380424
8.25573792440837,11.97679618854915
8.104642837392156,11.844820867707114
6.761874733048272,10.557038220505447
9.2072377654238,13.939527711741984
7.356435836990823,10.145384841438716
9.895524690075773,13.848392700059403
8.170710691478684,11.666685182252312
5.631323707822514,8.974463292367496
8.380887810377171,12.164899757919414
6.625520077158495,9.774350971221883
8.431635983430487,11.897512085811156
5.348205740812029,7.85962146138241
5.874407185879797,9.54321941425901
9.278686294528931,13.36402564423448
6.135897785117574,9.821961441038658
9.1852056262147,12.867048683219881
6.3963804422720525,9.347238796379248
8.214409550293539,11.318133927037632
8.470752867549155,12.344362232929315
7.563273765725265,10.5560319066062
6.526553383483656,10.756195594663662
6.063221881855481,8.622044967679857
5.165946772812131,8.335966186980807
6.519732006203619,10.607105761051235
8.265813952656416,12.218521622819603
9.691524092242414,13.717665766936786
9.35602241131526,12.742985070097363
8.830323882676513,11.905504064927964
8.942236716266493,13.115709113978584
8.324924517379976,12.742983041243445
6.3014342878300145,9.342296150156931
9.535975153529149,12.873639430426802
8.35366155952917,10.795309156160496
7.8022031549022,10.87226136405137
5.554947346067405,8.609108394031367
7.235277719032127,11.48189488325692
7.301791356009631,11.098716473328041
9.32281804761335,13.339924359489395
7.733241100938942,11.079829490476165
6.902002744852048,9.990820435194479
9.884001642553297,14.56362576981794
5.553602966631578,8.764692830337088
7.112742141559723,9.483990223911157
5.210123375857027,7.91537822707981
8.699520603834651,12.010316708715768
9.590382760995753,13.23532730860617
6.400186647752447,9.961679307445479
9.291708383995605,13.0963276198976
6.461091152309489,9.714876679269556
9.553850808219575,14.12135755052611
8.76980951798392,12.175540876687359
9.024533884207193,13.761540423992306
5.090032778002272,7.772385537917183
9.814051785370129,13.82146124075044
8.633354960351616,12.219424154720555
6.523755476930667,9.890216139067281
9.146973324294235,13.198663986689645
6.40760599207465,9.906044810534016
9.363769197830639,12.859964372086477
5.562901952059685,8.114025003747836
8.518429887303979,13.47370176021763
7.703492383224551,11.002198690069184
5.482672350977204,8.928813040508636
6.2094691412941945,8.647542314291435
5.062020181386574,7.934617857711551
7.34383982732253,10.749008100795814
6.506326303800002,10.04399909952392
7.9917874214887945,10.228917835290584
6.4861890385430865,9.866497152790869
6.499595557534923,9.224643941357963
8.715965993658017,12.621332047987082
5.240714179891767,7.7706924174510394
9.514474975959935,12.989628623189132
9.261319371955906,12.976769441150452
8.339023416132033,11.480663364556841
7.966107850536922,11.321562197276627
9.461512490698262,12.757127104566255
5.926650897643572,8.195395851322923
5.394845810954143,8.982793499359651
6.1975508495476905,8.789036673045265
8.972891393500952,12.678129228397149
5.173351333632416,8.584467141105792
7.914034175417449,11.189368959242916
9.97718758095655,13.56004214727509
9.278480469187697,13.247295607358947
7.607228445217947,11.687641045625112
5.318204546433211,7.7971878231766185
9.156867571928549,12.91316717030554
7.9948925408860525,10.727623751579598
5.574664985297834,8.492997480516307
5.469286424116781,8.580246051209174
9.548134097182963,13.030448595742023
8.346001314690392,11.786705660715855
9.146433996583777,12.271607411746807
9.394894501411336,13.31241270738435
7.858861760241611,11.958481236731508
7.587231758775206,10.556106175645017
7.152137051604951,10.27122857864975
6.584732938955597,10.152952649973805
7.172979804293559,11.213621124813637
8.869398278650781,11.89668302827647
8.009617155075658,11.527148217382813
9.46261644977423,13.49670515088884
7.216900071895939,10.609251890960701
8.03544789359377,10.404141438873978
8.156537765459944,12.038390323206318
7.958485811531627,12.309851149383274
8.51316886542758,12.274133514097848
6.187167341874032,8.909047783601705
7.561818887728953,10.817619042092602
5.521124014041739,9.510305350677882
6.922556638224062,10.762049236299154
7.438335343106322,11.24601572091975
8.261121297727362,12.091551849040021
9.752655262931018,13.372617759421736
8.00325533274178,11.503620808962252
8.717969580882798,12.422602129220099
7.531330297476014,11.312383515003438
8.170520156881658,12.55908363539144
5.354661080668867,8.984762365199204
6.271957904209235,8.816657307153061
6.8092654660256935,10.283116043681357
7.362466775032567,11.20334180262303
5.228243727511918,8.583322638086619
5.700120487766588,8.525527703626196
6.384071538956529,11.117940454632016
9.857663454505253,13.190653864240744
6.656735035515254,9.44648781928528
7.4102052905604125,11.009043889303284
5.9804885636919645,10.234987803912283
8.053900355378842,11.246583001102524
6.403416077579871,9.551185110272348
6.034962892192134,9.780602307138407
7.582863142229895,11.090504693232006
5.027528995802104,7.8657328676973775
5.0383201632461265,8.32880064683871
6.095344045509289,9.450671849725943
5.183606812504106,8.735547567823321
5.540128770653457,9.293888969316829
6.694303246693758,10.18666542603519
9.012928397899064,12.96138044016803
7.860243216846504,11.53934735135887
7.563338629782082,11.32057163406314
6.467444116040609,9.78851825818446
9.658768597164082,13.590218075435754
6.985075206185958,10.98040380783677
5.435463833978858,9.280614690952149
8.085332580589007,10.948622624390097
5.5691919673830075,8.688040936729893
6.72611571400846,9.726991640087535
7.537059693589044,10.888985899063815
9.37111262342588,13.446593252978715
7.467732901700593,11.295998667811945
8.511293830158321,12.157489374384312
9.964084194995351,13.00023086663302
5.657445599489908,8.306411929099799
6.373657627597598,10.096638988217201
6.972880377988232,8.99724324256841
7.109140892694157,11.124682647073989
7.055105376327729,10.726741446915545
9.538055012782774,14.10375405610434
8.570163222334282,12.184911273360658
8.039526070453519,10.61672857253277
6.546863589313911,10.071417627929941
9.118951921106474,13.580068867346938
9.775302557424943,14.192723971666643
9.105991412751132,12.59584395355734
5.007825525957364,8.05277116888016
8.182006850917034,11.551990086710479
5.255676907210503,7.897179056557919
6.2880361016686095,10.023337607592255
5.297623501738858,7.75838204645405
8.018977264746939,11.17586450240552
8.432949567463034,11.567526664219447
5.5724381903295255,7.9418020667459075
6.919194415224897,10.376240444191177
7.28118254477771,11.31817057797424
6.845265108804583,10.121879752442865
5.605125002425965,7.973276102629075
7.094738950937377,10.933659010995866
8.75589023904209,13.349919163867995
5.355038322666277,8.102924825126236
5.400900070409517,8.241802951132561
6.773856459179921,10.386458066057603
9.708628558094626,14.461291143606077
8.34286323361457,11.751518807474872
8.393349783362824,11.405794849536287
6.809599954189325,10.487229248163393
7.968303956042693,11.96149878382238
5.050655920138717,8.063852829384075
8.18048023204771,11.537509648628527
9.566434737881185,13.976911050953445
8.062867341724097,11.939458812342897
9.368492967331726,12.857973802346324
8.619865277330469,12.368385698449398
5.602792082018452,8.047496732409819
9.512266536429209,13.75766507193401
5.332219221778875,8.26754628144322
7.669837362738819,10.985949419094215
5.710685618967288,8.836385500184528
5.0585330536545206,8.09039351405055
7.110171300638195,10.979670591548613
6.475203538270781,10.065789511587548
7.430002468988015,10.837798323389215
7.885999433672755,11.845033395266803
5.218695361544737,8.46280306069949
5.615016475618728,8.524719952599455
7.793211982252126,11.289495299584308
6.715836765863291,9.984892674614388
8.64586743774724,12.627671596883788
8.261458242959698,11.730238584190817
9.228021814949534,12.878421584728624
8.462464133346126,13.13933561473233
7.149655386950741,11.04945420521444
8.364833111972162,11.657499402154023
6.376905871277092,9.93775754250361
6.531567493891064,9.897056025496866
8.944925799603967,12.929686547154807
7.232097582007911,10.747187760692045
8.991901702591763,13.385103365852734
9.112111868341392,13.107344414335394
9.28781168830642,13.11432967686056
9.583176179206037,14.020906703538753
7.154926102566481,10.702553843623713
6.594334091605694,9.973940199591361
7.910993732970569,11.65020378080774
6.855862117188138,10.180230028942583
8.005370834001164,11.611058497299132
8.527929313219122,11.94016788148201
8.442025092460685,11.754846501140882
6.872764435100606,9.748032128879508
5.834301008493764,8.30516956679398
7.152646692311038,10.143317350080967
5.712970720409544,8.76843134725799
9.450485175919042,13.392141002325669
6.729387303689287,9.939616482853324
5.772298736116619,7.748906738276263
5.1272387995287545,8.939979738315676
8.22911193143242,12.418174379164096
8.184511587273716,12.044293830337024
6.703020832906459,10.997370335764385
5.358559444238255,7.941589274344049
7.04814447447616,11.401585929684394
6.556087475316968,9.384697932005086
8.385603198675046,12.182092801055733
8.028896247263452,10.99775683414904
6.8229686409877,10.194909416957422
6.089462771274951,9.500438574529134
9.940179830777959,13.850870631366273
7.270008105980574,11.080948449221758
8.441371178901186,12.17915263942505
5.702764837891804,8.58211044128141
7.427948498296989,10.630131539055217
5.137683599347327,8.57067720552464
7.52727558955225,10.705859692559216
9.82008703558851,14.24180592794868
6.921033564929001,10.916596174330765
5.194980062874558,7.399619144276404
5.1547789545967175,8.752197939166578
6.939933799734348,11.358131908903568
5.80012468231597,9.08615149938013
5.116760481640929,8.439654670616525
8.781068069750884,13.05578434588564
7.2926150444094535,10.613396895701833
6.446223859863273,9.826608743604861
9.500415915082403,12.743399333287329
5.580694801002628,8.76615127546838
9.779594144776595,13.984568971554186
6.569833586886764,10.141881815727352
9.442018361543406,13.863134395650876
8.014714382397308,11.230256169809005
9.133536798707437,12.693940780112177
9.920065816052322,14.851832652258464
6.442027189093729,9.65526844003062
9.805677427037965,13.866829806101721
6.947409474512102,10.30338634855191
6.927559523684612,9.902231015269022
6.701935521272528,10.854087230972937
7.707038036737925,10.984594938125207
5.770725215892435,8.361227497217456
7.768557426790056,11.09689877349669
7.70852406205002,10.249375873597257
8.80950906302435,12.24576714313763
9.168249809687929,12.51783547269935
7.20220675156212,10.951362417338206
6.511666246757469,9.477292376329027
6.296674486585472,9.99991135169199
5.97311918352436,9.866985016763891
5.288237910995124,8.73647316133795
6.712239894173567,9.946993728578242
6.351238460653916,9.692043401137497
9.832086929332036,13.036011845126414
7.7885441312502195,11.279363271239644
6.736385195152538,9.653443000149629
7.90233800496848,11.829968796536825
5.695983506728478,10.121556402696411
7.220218746011015,10.914173313200122
8.131171607105319,10.76183585404905
7.4444891589622575,10.752771894297522
7.008894003271621,10.471918266613171
9.969241944498492,14.006769046028323
9.401573810744635,12.916482010089187
8.1170297907972,11.863081620275109
7.846886805911414,10.795013748634002
8.10330239912292,11.251508517604972
6.006560539112167,9.530771467736455
6.975688716321593,9.862994844145998
5.197297664454497,8.505863000091525
7.377730187434134,10.16854433759293
7.715122919788316,12.140560445641848
6.1387486805160485,8.97936345541723
9.82014423582757,13.672339797091361
9.54727305468621,13.622034296168655
8.61071617727953,12.050184436484889
7.666933143826813,11.272022753127828
9.349845798238425,13.507493320146173
5.653261719117315,9.264220679192519
8.952548971374425,13.138807483635787
5.6241040698342415,8.663019651899752
8.971053312747028,12.691948088274632
6.378837841256785,10.829159688520658
9.385452905090943,13.737488020233778
9.72021046912699,13.20334073479228
5.743979847025578,8.942769898313468
7.313378025326967,10.608482061003263
9.904936890813426,13.818257152014555
7.4170371798657335,10.285697036984837
9.317737612572726,12.975323517894294
7.943657610656599,12.438167019384874
6.876649539598009,10.541517597955362
6.428917777629351,8.469120629079493
6.016115455430437,9.827700292765497
8.808990956888486,13.115603909720763
6.93270253411514,10.139600388784958
7.5563773110037555,11.426284545096113
7.461627400005909,10.52425327459849
7.886395146165656,11.228546317265607
9.327885728122762,13.942736054082241
9.903696717917146,13.74857104156572
7.037921042869085,9.510639420465406
9.137594610531515,12.933461921247149
8.822638973273587,12.547872571471126
7.8676447572778665,12.04035799342017
9.780235718059664,13.743451072759477
6.002372577642014,8.992055937450269
5.546321051548107,9.17811333447333
9.26980983477711,13.184166917983088
7.195749083168741,10.259887559019631
9.234844271035303,13.659311905513173
9.465451025977075,13.45537211343089
5.312287968095357,8.376208545054148
9.417323814930302,13.38974277362219
7.241595276847111,10.154580146508234
7.552162445021161,10.798768045936225
8.132962555466051,11.761346367475651
9.631913033650434,13.460963792868181
5.0955804721488205,8.750910757986881
7.3842173415890855,10.969763736270405
8.438610212152803,12.553784215901564
8.613534788491142,12.340939423477296
8.46266215768554,12.683338831095709
5.672175647040609,9.005374654735308
6.496977941858406,9.803083772924317
6.793577627085067,10.14565160802257
9.022186038397525,12.349403932931548
6.393799362072765,9.926017094555473
6.053524819336015,9.24412741593503
9.78724009519048,13.493692134137973
5.044316425567344,8.606410596086848
9.98910427840989,13.361817121144467
8.384106494286979,11.849679845428158
9.142346497245585,13.484675171084469
6.473096981730966,9.925477848537286
5.0715763883353,8.061962202175982
8.68934759280765,12.552718882944253
9.17072298500338,13.094574667528475
8.702380659767595,11.684525518578154
5.714251436504193,8.68247078113105
8.767139611284845,13.328828360798688
8.844613910538204,12.28387462525726
8.292702578350275,11.792092586968161
8.83057966397793,12.325885215118923
9.22960719838866,13.032021026407323
8.068020571187292,11.3900632697626
5.443023569848395,8.774999034897105
7.438139048336055,11.0244235641484
5.388246673358025,8.85266981558314
7.037715155162154,9.919787603100104
7.035532445628139,10.272468693312314
5.330049220701208,8.28319774903538
6.744102669847397,10.320746658861173
5.554990493956574,8.269377994144373
9.041176050046111,13.307238162184506
9.738440129822354,14.27933595104563
5.361582376289693,7.93946267772984
9.775576036458506,13.485254796303424
7.612882996683726,10.869493841874425
6.497828389769369,11.113587170061992
5.384310376380817,8.246222399053039
7.503121340352089,11.842558329500573
8.972577722453742,12.133777269391185
8.53543238633349,11.747693380518006
5.251130057319869,7.958053802859743
5.364509176839517,8.014566356484158
7.014366413163185,10.283290328716571
6.476452470239717,9.41735386292691
6.161921615280239,8.984635141969
6.405022494543568,10.265262991688944
9.017413716484423,13.432793271037891
9.64614026815927,14.05001657097878
7.025513472637832,10.692615644957563
9.530555010662486,13.483037545684757
6.60747850623941,9.680458862154337
7.3821849317189585,10.382043165685204
6.130144989079999,9.537671838612342
8.20238021087922,11.256041056781664
9.894905575874045,13.376926226461158
8.017465480216893,12.197415204362676
6.789070420567745,11.097209025542337
8.239087229952641,12.083552245026409
5.614603392326938,9.290752646939648
9.443295401326992,13.2090303228704
7.515419753899182,10.349666611635175
7.24674871019821,11.002184261547145
7.929323942267596,11.799833392356145
8.123919313947013,11.784537453676537
5.358879031132565,8.309467108306523
8.413086106117012,12.576808616630963
6.209658401577648,8.958723565179438
8.569763162532949,11.89682550559421
9.112673971920984,12.431155512924967
9.019792537762601,12.866237526633036
7.762504837039446,10.771059298392705
7.600849461553755,10.778898263606884
5.714379806697059,8.504377986922872
8.876730752015678,12.521772736251835
6.357046902233572,8.884769059478298
7.483477114089733,11.023775032926313
6.421370464637583,10.329296382897438
5.669141814998466,8.870715864156539
8.147788484458683,12.548006753751078
5.271660174114519,8.992991301875884
8.743226170631,12.880738928381128
6.5879339763055835,9.942863692885142
5.000673465022427,8.012058352149632
7.555645696186149,11.448674721605009
5.234259542638016,8.085276146413602
6.3808477891044975,8.715756971191665
8.534882437278581,12.487860951785777
5.31344810810933,7.810603414763709
9.196692461780012,12.554960340040822
5.019099613292916,8.023031509949393
6.2341193460095115,9.433380776434678
8.704520280760358,11.739386533754615
6.581350748646534,9.980366680442412
5.509461940330068,9.094424158826607
6.80116959400214,9.597232727669676
6.351966431922627,10.25860138373153
9.213559510802774,12.276186000398356
6.566739587925715,10.938749577696335
8.944662358880036,12.527964615414302
9.459360724053674,13.424041367277855
7.169087097882647,9.656887731216342
9.54971571927196,13.428590829891698
6.886590269815964,10.378149412638253
9.82039208245054,13.741389446890901
5.446447622627865,8.25419660862725
8.435096332516213,11.648833339755548
7.469070202284644,11.528147552510227
6.938244027278236,10.341296400232858
8.163559393743004,12.566647460749989
8.519285458171655,11.959901372408526
5.021816348251545,7.808782271215745
5.834765443735994,9.409515654781273
8.565230253171594,11.46678882280413
8.331927067891032,11.391580801392777
9.830237525643387,14.345027516448646
8.805188951253914,11.9802597768931
9.75386353865669,12.795110738736753
8.512702507674035,13.149506603245388
6.490261043197216,9.091404427899556
5.526824611254282,8.724249232669223
8.909119316724677,12.725485776431746
8.22074610737958,10.459581170546453
5.240930061966481,8.155457562775874
6.800252329504891,10.384509420145424
9.78399907742143,13.917953583665147
7.502005728551007,11.45416721616296
7.163645680098523,10.40262915866551
7.2884980257964695,11.102449852001843
6.044413620025819,8.908631809990947
6.843535854323976,9.507009316982383
6.849066279935883,9.570015348082444
5.261775100937362,7.583074893527126
8.837838142589591,13.110198755053107
7.082522159519395,9.741739836893995
9.110899434082118,13.070098741223193
9.251740005599476,12.969125909683155
6.05997027349329,9.220640041466632
8.286767410850644,12.625924540620622
7.361409020814909,10.614477141370255
9.400783689607426,13.586741208303753
6.07870339588227,9.31322575074928
8.389066001550221,11.990869749043917
8.038760611263612,12.796497295709571
6.476507387859164,9.051137992573311
5.6830045182558635,9.464171339625757
8.258198802386383,12.238041845608647
8.692987290661653,12.191822251478092
6.57813671881675,10.708423321300906
8.224163020111568,10.944940567939614
6.975654538057516,10.109902117019484
8.566034416413089,11.67500019756117
5.996076374470266,9.401333381800049
9.451075013180873,12.784757965223458
6.437047982327899,9.940989552164138
6.8389299387807645,10.11349771862614
5.290459760401749,8.108874741154057
5.557561061606382,8.863396896944314
7.579309513561641,10.960860604304937
6.337963383639858,9.061238638838308
9.177401128710972,14.413567849270654
5.073466943274769,7.8445767404151505
6.89547024335968,9.165759751955608
6.686727733845464,9.603023935753862
5.096638154588005,7.4823274413192395
5.621841995002551,9.15928320202332
7.068213374593176,10.642682379307603
7.464322922237233,11.156543907579852
7.021448736274346,10.240727250610592
7.65468839206047,11.045950946944103
7.9756583745284075,11.385324497630256
5.049619105639178,8.01894633469928
7.32047579726752,11.20223767440344
9.81749620443794,13.949033151578202
7.5951614006477435,11.364250095587726
8.387711337294766,12.31503305887832
6.5593192895844155,10.313404366192167
8.869956890763813,12.788023289686704
8.864607409380575,12.816952927596148
7.606480238270695,11.72217940652141
9.880069116396069,13.523559980673726
5.627751073813267,8.325429998600166
5.084738324447905,7.508725189744059
8.850791058785479,12.712406552352702
9.035777686824414,11.916067103579735
5.601036145602881,8.952320422753296
6.327914164793031,9.538900450501359
5.087761816833145,8.672634030110302
6.466543053902823,9.423893009450893
8.865709369593358,12.537192100803276
7.589802638562895,11.668864832922157
6.740477965841441,10.780141382398806
6.858696474531651,9.890359586562072
5.006768128577341,8.099012370586388
6.499002637826179,9.94601265423344
8.232293708189653,12.065579152638158
9.870972219081786,13.713878833240331
9.235304134919497,13.723056660965213
5.117974823227645,7.196718046062401
9.492803023374197,13.180798510648495
8.91599206649313,12.92315584617823
8.901880617854902,12.910869147400554
7.289978795017857,11.42435406932881
6.990026464772514,10.98714445432766
6.514578644165963,9.674723560345544
5.328474294771829,9.044104775491498
6.141176817468495,9.012391309073466
6.233018174890123,9.945065501264066
7.420385348551008,11.809723657471705
8.73722203298347,13.092138493007647
7.369049141989733,10.895744162149741
5.289222247235803,8.181177310796903
9.78894900494102,12.982443157799581
9.713621595470562,13.811615733521775
8.925947715742042,12.153528644904991
9.956639507821102,13.551400077578354
7.7224116640013145,10.671521096433242
9.81384175126603,13.546413935190909
5.378025203083753,8.439645536457013
6.828403741306857,10.330891780151081
6.126906340033829,9.052034290333612
5.97916542067135,9.709640358003211
5.704014744463381,8.740715064361073
8.112068207829983,11.34062063276322
8.906609278736525,12.801077268105548
7.891491997101803,12.451566813294072
5.734813547941048,9.049356540796817
9.055618849667354,12.68531480591402
8.179773535818642,11.051997564923019
6.9408285306349775,10.219288076275939
8.370651477680315,12.162245835760435
6.299524896214164,9.36563942982921
6.725961042471052,9.238460931844761
9.587429215659952,13.079632364040226
6.452522528357102,10.4702962644724
7.349941340789683,11.53693011081285
9.450705686980072,12.897527239773787
8.538606751337637,12.582706495204874
5.311016130823514,7.783932964603129
5.736515221394852,9.585976406671296
5.039207953859584,8.16966746857862
8.154608951145818,12.260351490683247
7.238367127052092,9.82849387887124
5.671374254511377,9.144467656376097
9.789670605283852,13.74376769449837
7.6482986197280995,11.60392287906914
6.209466470564446,9.908793663726259
7.503017855773537,11.03651377166562
8.39810166367554,11.77730717686269
5.381196089867823,8.847283398931134
6.37351907523946,9.618145640584789
9.034827454419968,12.40540046854014
7.2983243520133065,10.297913106687124
7.732885710161474,10.540880644037578
7.164080011047346,10.341750433475283
5.219499713215026,8.81474567889522
5.82874889910078,9.083413578773653
7.2277081937094545,10.408365979489824
6.045927327039639,9.657540761537605
5.249895143298394,7.883635861096379
9.218248320259118,13.10957312147733
9.90596264582058,13.797339988621937
8.965714369983697,13.148422556774612
9.268924608523335,12.334095344768253
6.2098856515852265,9.026763908994944
9.803134877565999,12.94463902353193
5.984628522267142,9.051755865815936
9.757149051809161,14.31429261398721
9.974096469829755,13.71619215896894
8.558614028730243,12.014994865378466
9.90571865895911,14.322724602843
7.847698897835518,11.951513456630272
6.297708915880452,9.512965165422147
7.184979428328104,10.964332741018671
7.96780467689393,11.022888341833744
5.365407810135075,9.127476539124796
8.111716323086231,12.808412734672004
9.905889183811473,14.147674916168128
5.9505382489186385,8.098480088030966
8.962975581441917,12.476455566531408
9.539493968898096,13.753805423512375
9.718507964101104,13.451468058338143
9.800678022027236,14.396912903557732
7.60729819360736,11.422836464546764
9.886539539957518,13.510609697566123
8.786551035672193,12.559993648192258
5.808357181184809,8.523112007102226
7.38450053233985,10.770108199601598
8.59165587686002,12.032690432015748
6.236701579095417,10.07142279503102
8.203075917744437,12.901697129708822
8.333002395233096,11.284008707661838
5.81349871904283,8.014590319746521
7.8254265622637815,11.267925663790844
8.858134554893038,11.870553616457304
7.49447832267971,11.01647978905111
5.060515583880537,8.447086757559607
5.045192345396461,8.801301763109166
6.7851467198500615,10.242873343177715
9.63097034215891,13.460586798165902
6.143383898018044,8.38286821933511
8.171818444358436,11.819274707823023
6.110379353466603,9.368098854434653
6.608349948297743,10.249498345063662
9.24021044800742,12.734008486844358
8.644307211349734,12.15564235350175
5.476996386566054,7.83339453622717
7.143510104932168,9.426565722476568
5.145848818226322,7.620770036473195
7.404450733015045,10.100177972491545
8.312170058505341,12.142960217916714
5.592513117990758,8.451948713255481
6.444424694545829,9.464191068417598
6.989183127510785,9.894813229925335
9.597655123280248,11.90090343168008
9.966275077114819,14.713685466911558
5.22455649497808,7.769332532585302
8.805039617476961,12.359837506047398
6.858620332011716,9.502898315769404
6.9622909311474,10.840714289097196
8.771324866735114,12.597304308600798
9.592132160727044,13.097375950239517
9.754642972512741,13.509456761343277
7.885612930191604,12.30182547729236
6.785605796502514,10.106242239862377
8.937745429293896,12.634427746344722
6.255006916311501,9.035317556504168
7.820370144167589,10.437153597764954
6.792892307624365,10.071451432359567
8.283155368539381,12.102528998409566
6.201994564467535,9.992185709524875
5.957964728674129,8.025309407159126
9.591195433377186,12.946886356541107
5.509018414747684,8.320451552418994
7.529789538674658,11.034007022122989
6.104263914815045,9.252599852013843
5.1946498166283375,8.17273543711037
5.180094091457132,8.420160939033531
5.876108860529136,8.599684077245408
9.33385177253,13.667692848152848
6.4123937198851335,9.9115986847119
9.752295852876479,13.542838891387733
7.908111464945968,12.290187753879618
7.183070948843831,11.397893156398482
7.900444173347273,11.94698068561363
7.583491926131339,9.59091192607371
8.793881268786626,13.34213006890294
6.412480329864261,10.09235565707308
6.765251958001512,11.121506668458283
9.470471512666254,13.983298111066274
9.732282565752026,14.467910417651074
9.462791137432372,13.794676790009035
7.097239969786568,11.191034563066637
8.901827515034409,13.679254888408511
7.381678666505493,10.966291768995696
7.487699260730511,10.199123840837547
6.023400545286419,9.074350204336133
7.9556515162925825,11.741754619242817
5.93067948876674,9.154259178705868
6.657823495335968,9.366107211323449
9.275151008099677,12.31464739712212
6.035379046054276,8.871873520947716
5.355791425867164,8.830819489032672
5.345037963064081,9.204215441088381
9.70392260251554,14.102990929907499
7.534602189809173,11.570236271328076
7.0470603590850915,10.41606464432033
9.054392905039592,11.994230257194527
9.179129639552581,12.787345277021744
6.660955165578023,9.863763992757438
8.468090287368977,11.913182101424932
8.855614079259432,12.65408432779863
8.273253434329773,12.148614001142203
5.757975374000496,9.336078042922344
9.379415417585285,13.116238568919174
7.695472763680043,10.282687613593755
6.412362131850019,9.453395698574456
7.1261409271884695,10.573224311122155
5.187855451994537,8.836830503460147
5.639334006112088,8.483296886242451
8.827733752579304,12.849552317294865
5.00005817377683,8.145113758349911
7.082829142411461,10.521345237455446
7.612550905427942,11.600327746175827
5.273172100004862,7.997385921629543
9.865390814861664,13.550875753012237
6.13062665624836,9.35080157595092
6.520993598181404,9.505119065270835
6.519712561275137,10.077661219057463
6.152083310586749,9.025903820521034
5.007369110431557,8.121995036390436
8.646723970439982,12.325982380134601
9.834227498996427,13.908535981184066
6.121467416425226,9.115890202178752
8.315235959017112,11.80873900355712
8.709481634793576,12.499382595750816
9.242126895452625,13.191589527623806
7.113145985068046,10.533674224386077
6.514654528202146,10.670266612099118
6.6264756701151555,9.456402344767543
8.563106665492564,12.24362610111472
9.083897332528181,12.113862287975325
5.908069838783013,9.275724545873308
6.854705040788826,9.668022780758182
9.50970098374575,13.272486052556612
9.033467598473695,12.65412895550277
9.92429201381238,14.049595979875441
8.771241298410404,12.249094099319894
6.965976005139611,10.06151835732054
7.953189169973189,12.261755236010776
8.305071271236601,12.108368920721183
5.392279081585619,8.19020947189161
7.722484795519326,11.141564918717574
8.546604142363048,13.07860244697103
5.836606520005302,8.886345384880812
8.903158587127786,12.339151992977149
7.918863902570559,11.160138608021475
9.761108928487973,13.438767473690778
5.212111491034459,7.957284928027989
6.326630687777335,8.95213290115818
8.007769396499121,11.047223227325455
6.482799561029653,9.364699286054899
8.572120820356211,12.582330493654002
8.795026412609655,12.363413051495149
5.512579820332372,8.511514939851827
7.569272321033838,11.718170797868053
7.5444527779552795,11.700846908515544
6.846403851077705,10.074622149724378
9.66462431284836,13.282117420076329
9.137531599366106,12.532822762402558
8.486046909548184,12.52964417631194
8.571633178674988,12.18360619764884
7.308580719065596,10.577049417717319
9.604972605482878,13.119134839010679
8.472977136266426,11.782739359014016
8.644905308279082,12.53391546568152
9.308454518936726,12.51242628978044
6.370357946710955,10.141863882947115
9.035354519333515,12.575503101292757
5.9762030147824605,9.096625645613056
6.7267097612244395,9.403562734399049
6.678052271349213,10.007479756497874
9.892627341945703,13.706992338989563
9.282686118739633,13.114183043059326
8.505849307951298,12.942873618722501
8.63528380807695,12.451189592587461
7.810363972012855,10.975107174342524
9.735453335542594,13.32688404737783
7.481293764411808,11.275118110251054
6.902588549349472,10.932452904716078
5.815176684657955,9.11917103196507
8.93102826130529,13.061590285843733
8.672219660377957,12.7115324541219
6.921775192620674,11.01566243782357
5.125967069796147,7.17636539739236
9.194986638590054,13.367593435960329
5.0570899172703685,8.560375922676222
8.518498898145255,11.55283682470652
9.851285548630285,13.378708566353133
7.188306640741017,10.200576594575145
6.174867024979764,9.045445331787025
8.524355050216908,11.988367534792527
9.085640710077925,13.02407025862098
7.732151580389237,11.71141922205077
9.835176376280732,14.342870130421145
5.258343608289805,7.891100799363876
7.52397799152264,10.606422090475677
8.59226973661275,12.96863460394341
9.313202355745894,13.499214794604395
5.89627805953895,9.116966092381238
9.000017408818408,13.036689228359574
7.763535378592726,11.30134056338555
6.982768409949816,10.641614433463586
5.658575142895468,8.622256823221692
9.326478794544563,13.326177020673091
5.786366040898577,8.188366223893544
6.548939296045496,9.51483500784188
6.450227659812184,9.401767603379449
9.357070170954271,13.041289188541668
8.36351497104449,11.572961337863513
8.983406985956861,12.513316570236693
6.252339493962495,8.745600361555933
8.124370498034995,12.023594835839443
7.858729915718744,11.389219139406794
9.164151883941354,12.144378456841617
9.530435302406303,13.019107407614227
5.060783857386934,8.241241342645402
8.370099595293963,11.772608541159862
5.259178995598645,7.962544064649326
7.74429332538678,11.255855651960097
6.438163645218391,9.897595141851177
6.533882997610706,9.122483368613267
6.764792517261783,10.392815261323078
8.10646224524805,11.327608053493972
6.670249828343846,9.995335809887717
8.663495252951403,12.378484233195929
7.022636927869348,10.163631254323331
5.341766001549793,7.898289328794393
8.918799212420536,12.559715780858511
6.42879162296353,10.527215102093834
7.163834397996313,9.91576376236376
8.427219416109509,12.958819808883849
6.66228078574356,9.864876357354005
5.282928280733578,8.357199645424615
6.869605235064068,9.700170876384517
9.722242913471517,13.28105678782708
8.20867198649279,11.598951558772338
8.357395743336035,11.506027406564286
8.1614107681882,11.689233943140403
5.994960694797184,8.990444887853235
7.0916693205114,11.435393755831546
8.754698991816591,11.922651697339678
5.506864487765796,8.659582643693248
6.389263880448562,9.791039797489185
6.3815955423292685,9.122754376469203
7.16009463797253,10.935527313293456
9.901843704710926,13.683048939212297
5.33751273341911,7.158820454311398
7.593504971902975,11.442130772335853
5.896823410061052,8.517717650022082
9.853382727048722,13.300171799388915
5.566517523637321,9.023772069810985
7.018005011807956,10.248025272960321
8.68942492417303,12.886195984283386
8.522772140137226,12.83240961584733
7.1136431844696615,10.213907591202444
6.732620839763591,10.475776255693823
6.988061892764353,10.007943870620782
6.321381315793197,10.702215537517924
6.0266646935339985,8.88551912997519
7.41519848779445,11.411281905833343
6.342668780338037,10.033097549346431
6.437308324486251,9.882813900437966
8.283780317372784,11.605264800138999
9.84268665849946,13.735525244228647
8.018186002796876,10.545029146883975
5.3848973353248315,8.574086821580922
5.3779180692703346,8.628309348638593
9.75711610422783,13.775289034604082
6.486453951536668,8.297091656197724
5.460334930412377,7.919583693949946
7.995222935751908,11.220222031477958
8.11824389145133,11.88772213633612
8.24252410059344,12.035698373533622
6.337010139287706,9.519300271159658
5.075553421072375,8.40828687358883
9.82507684727236,13.276971029075382
6.254465228455512,9.810475776993613
8.380131440262737,12.29352878073523
8.533149349393547,12.428556585691211
8.050037085397427,11.569024286934084
6.564536971068241,10.79281627769752
6.355481268820329,9.873175366829335
7.988341413513515,11.10184176458944
9.330478168058457,13.320726539538141
9.733668644616978,14.056644062077481
5.529529022018788,8.341380526960391
5.7741430629886,9.473607799051868
9.723681293915398,13.859434405556483
8.682676141673962,11.247972201176081
9.414969124148865,13.447798937647601
6.013163170676716,9.012781227605702
7.937929355547009,11.79410513392728
8.505697972087368,12.678944986630748
8.400559427234864,12.178252336252745
7.04075845433349,11.281536262172535
5.076974458456542,8.003015907866102
7.914630284021316,11.809965252352516
6.265507695898044,9.921080521896325
7.251271230714451,10.652852492410975
9.787905075419086,14.134873244491793
6.995176588212173,10.096875412273523
9.199008033322134,12.827525430475951
5.942703028746256,8.474999289327352
8.362302490125144,12.155467546335196
9.885034772194718,14.024667564560833
5.509465504364684,9.200990184527233
5.0415997111359605,8.445489655541094
7.1679139631630715,10.459098977471967
5.463127415256836,7.966663054641065
8.741921748381156,12.706731299317374
9.572743319242795,14.042668569298675
7.170104863543794,10.981718323154524
6.293558210777205,10.09450861536129
7.172016595033049,10.500475148440538
8.617239089250006,12.107377423012185
5.045270807901855,7.685874293366328
7.947269947423486,11.508775703601385
8.066458424436895,11.640454711339865
8.188441234479678,11.92946829564517
6.210110399904386,9.387483751367508
8.570263616890633,12.217502475405373
5.456957431658882,8.160001891504587
5.996351682334004,9.66643152557655
9.38735023327241,13.303079311048748
8.693615753632832,12.345116937216757
5.068727770056726,7.70875869744347
6.241881301849001,8.824301007023259
6.072032414965823,9.940420994233659
6.354031640184862,9.902157322287739
6.2377988513994325,8.673399700394334
5.312631478714229,8.756728924811902
7.294702582984102,11.214883684697476
8.663667373930826,12.458588909867457
8.033658623587183,12.439445796180499
8.3643583429904,12.14558983264992
5.405745892681196,7.778483307242841
9.757453550883936,13.891528761584883
9.192459169215123,13.153399653914512
9.025451592478314,12.528893486584899
9.114919025208838,13.224682248689318
9.663552540663806,12.762430415701136
7.721269830568488,11.76080721040358
6.00141008933813,8.76263125540303
8.083918039262706,11.20822858455673
8.714407468339695,12.400376575853896
8.689586966770127,12.64399082414597
7.607245120834401,11.210656176797997
5.34229359666789,8.039422733115279
6.855564692150639,9.973632984984823
9.603833042316786,12.958078477091412
7.9222445487871305,11.39435350772962
7.691659716278567,11.767502266789734
6.344267571910968,9.610989617471223
6.842244599582894,10.6404006468792
9.476730445765845,14.099777203782109
8.332315237634178,11.70476902564253
8.936935133761665,12.631035533986315
7.271727115338276,11.811668968937179
8.15123609728079,12.503655022726921
6.241918043716037,8.654099389553068
8.527304151417432,12.426339139731372
7.138006668516686,10.56588799838987
7.212727574073728,11.068499644317853
8.246611622884409,11.523444563718762
9.681403107344632,13.197879542793222
5.320031733043105,8.046002722004921
9.123716186735038,12.66249515098283
6.461915552060965,10.161960745877664
7.219597272531889,10.072916140463825
5.109566643875045,7.820173022670394
6.505230389171565,8.911770271755158
7.513156213150652,11.519346367486968
5.280880386737195,8.972571513800203
7.455478646915825,10.783037660867096
9.635553144292135,13.41368909074395
5.526966090539026,8.85897025978828
8.822203640377522,13.323885372142154
7.048355266879963,10.662331694037913
8.27586857262169,11.58227131590847
6.301182989926147,8.752008301918156
5.797461312706791,8.399390443916406
5.802313071356132,8.999385410783592
5.352459728215723,8.095287912258472
5.928233524506215,9.211364082402836
8.321096924944841,11.708854301815693
9.408453059217539,12.761070455413842
9.070628427955809,12.296238297820434
8.42567154937242,12.891983113933518
5.552159317055513,9.107085055058437
6.445937231479749,10.600383653689677
6.549034376612345,10.128816702312363
6.249784731988106,9.284745974078307
7.575028298548616,11.751704419503307
7.677769074398363,11.19678888859715
6.784429875855551,10.251736736171837
6.76894579368218,10.101322762880857
9.142777989530407,11.49788147779448
8.946464241598427,13.538124596065538
6.538979158403729,10.09227696306335
9.568942219366296,13.647642193673809
9.76407508501253,13.686002070879756
6.6337127101502045,10.04216916237331
6.772124743965274,9.827910224835204
7.528170767109794,11.342094596685389
9.705604062668368,12.993175703002475
9.381597165711558,13.350950815089142
5.5128398129179494,8.89619451078709
6.963653716357081,10.257049892717045
7.766855948748859,11.505661034734143
7.5156623627577,10.523127639192115
5.969315339684464,8.680265022173373
9.294083855840773,13.271259187522125
8.384703914984186,12.400919525291549
9.189541874259017,12.090017421359965
9.293821396747362,13.413595993652217
8.741779268328699,12.21853437180627
7.196053006248587,10.538860563844597
8.052733775077122,10.993521568310028
5.801827030598716,8.536383816625104
8.368227087374539,12.5249351676146
5.8962662786964035,9.091951221425791
8.469747952550783,11.97230834220616
6.147990803769844,9.319344788208296
5.5877565007511,8.949913713233471
5.826422450714787,9.211954188939414
5.009960676095352,7.974439311116022
8.59369808926765,12.858917262569515
8.662005245291896,12.879637612803608
7.574666749566298,11.296286114044754
5.806814005276919,8.995482697787336
5.417771687553449,8.829986572623907
5.095644832186435,8.271907509524315
5.828740884826104,9.524889097694297
9.454277674915733,13.794913898268033
6.207684208508409,8.940094099501227
6.771356636086079,9.582646377932441
5.526727422406666,8.28144813468596
6.111806523740851,9.822237173522483
7.596122853901026,10.327192926295607
8.038763415478263,11.843894793127912
6.226761570831055,9.653385430543748
5.288660796125586,8.927716984693799
6.955164345636993,10.436366560096335
6.17101685463167,8.733615530266054
6.09776961614901,8.83764605905475
9.799314013567276,13.168179055331818
8.081502429628621,11.428830932387774
7.784392215860479,11.249819875320611
7.078875517616609,9.911929858029403
7.144721667150721,11.308996995907009
7.704525019190404,10.582789337052263
8.482149035180537,12.851630554147885
8.510730480909148,12.805458092810648
5.858469538527248,9.479314721077216
7.500563760383135,10.653793208711386
7.05979047517051,10.642974009793061
9.352634831346922,12.584476230840998
8.157094606091881,12.243967044827132
7.662520332079909,11.158032007727757
5.576973210894587,8.487707745780162
8.028189446617057,11.021954912612333
5.586019528401167,7.464470374766892
6.68603287782876,9.503969024876634
5.714209824071659,9.413450886692443
8.460368235121845,11.951025167908812
6.031260569180763,9.152848254459391
6.95929686594013,10.678933418272383
9.478373888093893,14.276883104770803
6.021581916994851,9.88840062786664
7.539025319793895,10.56066288184458
7.09635830583011,9.544344681277428
5.090620205228649,9.28855137582443
8.963790567864063,13.891044487266601
5.345229531572999,8.50850223610224
7.371275104884768,10.210286003070811
7.80339147469475,11.845683036580668
8.142132283072936,11.716566896681218
8.443158146539378,12.075299214293949
6.266361917613575,9.966863722688853
5.049893883292247,8.227060033387344
8.61721831177456,11.747754518622
7.678282996737893,11.051568628544485
9.180588516036245,13.347282683574168
9.106941814503472,13.183456288606674
9.216630838939416,13.190965293906537
7.425473299897701,11.377279437115174
6.668141979184329,9.820911881112561
8.95779101295685,12.838684103157755
7.256470565146275,9.01997512808673
5.917210982017172,8.8758280814992
9.274870097807373,13.51179557165667
9.412799383861737,13.100162027075513
7.33154878070085,10.564744840982463
5.378498636548938,7.933471887971317
6.939130449584656,10.82863948586616
9.017688297313017,13.095457593545904
9.508870142731144,13.823351470188914
6.017363712487979,8.35772947400663
5.334868060126357,8.321616650518813
9.386752265664192,13.124047214922028
6.947024694894377,10.196143780573975
7.708804821337816,10.942552013746402
9.840329060253794,13.635342736414545
5.332823639571115,8.824210758838662
8.241590037260478,10.933482368038659
5.370527112874336,9.33327991946443
6.877344642332502,10.494734133312233
9.019072725967234,12.801721323330575
7.167361163778172,11.05425046972027
9.985911769514752,13.257176750833485
7.795296424733011,11.022005257104105
6.605810763179767,9.866435199620444
6.100556629523766,10.003448140644608
6.752602671430809,10.079874915153692
6.862666368797754,10.460226978149878
5.343568388619805,8.117492568375702
6.847870997133866,10.460866231044383
7.321192598696125,11.624050914922577
8.613688761194023,12.834189859269886
8.28364742360804,11.899648914440707
8.54382827614577,12.590339355007659
5.041818409384286,8.338940568564748
6.0883369979026805,9.559298233331853
8.308421441999283,12.526082410829343
7.419946840898736,11.456175060997216
5.0265673783417295,7.9683015555726335
9.022473212159111,13.147907385329818
8.864047866451687,12.445309979162126
7.742095814967813,10.828978779803586
5.332316628881361,8.26403307680564
8.832575247662923,12.560951221325716
7.918567938656819,10.671491031799187
8.909799885789795,13.121926142656113
8.758734961979203,11.126819243073845
9.015010359789185,14.175420901490183
7.590040332023124,11.858987965325907
5.701622590967575,8.711442747074933
8.355787366898443,12.031658020560018
8.102368925259853,11.874328647105465
8.711265935995435,12.158938929200051
5.849405030253677,9.115595610097879
5.974875999501446,9.097851210550903
9.452047586096644,13.29532074470049
8.749888992260354,12.590597322452744
9.541142443501615,12.79260703302494
8.793576605819604,12.57207678905035
7.98577652995151,11.664655709250551
8.270663685139368,11.9892212328452
9.44563961970005,13.226852165921981
7.894033772559703,12.04176941505633
8.161956621641938,11.617521668529548
5.782383580018003,9.052523249433197
7.369606100580514,11.492176087659388
8.581985559790494,12.258694601738437
6.354713491581827,9.732887823631968
6.011270902622675,9.165332764989762
6.569134041122078,10.501645746128291
6.207503139964167,9.320141487163854
6.0745631851819795,9.931153110862477
7.124254214340435,10.49731110988499
9.53919256941767,13.017301221577195
7.535298233693592,11.38204446571937
5.939601904076615,8.975188368014111
5.3848583469043705,8.772080465834826
8.480780725689627,10.812234678365686
6.913993822181939,10.2993952175658
9.109154732926797,12.701183030133416
8.29755384320385,11.425435268578982
8.981207252706842,12.500828202328309
6.359730197092244,9.344824664364367
8.46179461230529,12.130160637341056
6.320309923468594,8.900708677519834
9.695342397251459,13.792547766831607
8.181871407666872,12.50135308180314
6.622559000876711,10.087535049525966
6.347559311461364,10.02156547836814
5.954632925358218,9.692840737736761
8.47320479446864,12.786090509454455
6.093578064989637,10.247363024398217
7.9765163296374455,11.32221859642697
6.323175134626787,9.228568168971586
8.309844723969343,12.363546492925579
9.074698642702696,13.243771481071935
8.890126215723265,13.055989108675762
8.804256654653908,13.509749212709817
5.93861202846126,9.13201938855276
5.441924734922593,8.743387961730205
8.494744142436929,11.703498845182576
6.841736068971756,11.277743844754085
7.161731132016737,10.425804897815528
5.155745463966955,8.032786592679932
6.297882246375246,9.384083750146173
5.16838201937232,7.879610493924614
9.395928863006239,12.91039611118366
6.216983416092653,9.198527957866421
7.786685847865041,10.661125053412578
5.1948966033056525,7.841216963835162
8.33423695652829,12.975565903557756
6.615136728770469,10.305991646345248
9.48959593478833,13.850467210109855
9.440590944670179,13.917313527312672
6.626453091808739,10.868810992351682
9.504804478452339,12.520054098420884
9.980788367493894,13.362004483349402
9.127078320619741,12.550632154296347
9.224356738776144,12.834363188286574
6.24504368054545,9.343767721361916
7.8835119942887815,11.236725616743518
5.336279569836839,8.513189940370234
5.474589684108349,8.587155316302626
9.994463060166453,13.631938274610617
6.633196247129555,8.872061108061681
8.740919560244231,11.992669119603729
9.033325265134081,12.56537099150461
9.290116355036146,13.024599907639514
9.988141487010783,13.420936054757671
6.207482426284339,9.203575678292998
5.201754134298499,7.676611266915405
7.05595758997293,10.40423943219335
5.650403349144735,8.243938354792373
5.112129445810275,7.710103006787097
6.802134135707431,9.508218897354347
8.918691255376181,12.625679158666527
7.8309034561253545,10.963860262374226
6.56388994605177,10.330060068599838
8.271710027463598,12.128977166302766
6.160090901544054,9.357183147761043
5.071907230360425,7.687545927760615
8.821766932182136,12.776380471276715
8.118715424320046,12.087808953858373
8.811513122504799,12.645159953106573
5.194690083438328,9.03547902785946
9.18559813915326,13.252536426021319
8.097631000181517,12.173960809001837
7.816976753563201,11.44715481204383
8.123070240572659,12.08551651531568
9.322166234341822,12.788208864875598
7.934682532794535,11.292419857747046
7.904751899440896,11.660384056070265
9.95339578532883,14.115124683173285
8.78365083534284,12.794186913883031
7.211469027255676,11.203959278846176
8.536985000164638,11.531896414289859
6.946152358458942,9.848156556345582
6.144377312417495,9.48803909543812
7.984259384438797,11.218929445424827
9.640910490569757,15.25797670932839
9.645697600077312,13.832696929677843
6.709526390527452,10.012266244167863
7.638387331108475,10.908330160788239
6.058179492849306,9.029734249822644
9.978155547494417,13.988856987650887
9.90558953933968,13.942698413518244
8.247544648537236,11.668704005897926
9.022070298387366,12.689908234804887
8.5755008064185,12.962743255319497
7.965791095197341,12.251201795562327
5.266739984944488,8.446104971900823
7.273821712763305,10.057956191697595
8.373931510837053,12.317969391323984
8.387658069418423,12.84233090410762
6.865613092111918,10.92362626151549
9.708459933290154,14.017364846353018
5.836785161183905,9.715353671063598
7.501797231077803,11.028848813532875
8.454419882754113,12.459355344221787
8.485679029459046,11.842427052188265
8.243194783844078,12.03796646869075
6.376441067259301,10.316496402696423
5.78103284343311,8.642527706376285
8.179701634133554,11.384920246228122
7.996510580697189,11.644557166348475
5.896780051446205,8.962804959873447
8.525695727852817,12.55540873395859
7.275859958668282,10.504402187428417
8.338802958015766,12.865783357420277
9.186835398850754,12.379364429640376
5.848642142884616,9.645237964571406
5.095724339984184,7.732444593826968
8.895512931978935,11.77662415108271
8.04848712576308,11.77712212909013
8.498197848110609,12.070533424725788
9.190774874943212,12.47412516598034
9.014054674122502,11.97617716308937
9.804600734644122,13.761340487937218
7.679675394260591,11.703528918924617
7.442478163299526,11.223450542502654
7.00943599945365,10.439676523764014
5.768455214221023,9.161570043674093
7.863036164410112,11.422036331103206
6.385062621629894,8.947213024440686
9.606537561064878,12.81739808066613
7.915954021385488,11.397560561170245
7.964200902540551,11.476714439865624
6.774623304385051,10.555039304515443
5.259946759888537,8.690588223753618
5.158718826864943,8.493029100117406
7.116675720765988,10.399869508380595
5.422826890486189,7.8170661835283575
8.034234777700696,11.847117301773848
9.404865028198287,13.548422690469028
9.41457408259361,12.10322316787349
8.295227050661161,11.537103367502061
6.056159157364656,8.921863800140638
9.31498415679436,13.23715608871495
9.43046717656604,12.914880395496402
5.983267924764793,9.16085422530543
8.687130428853386,12.319289044447567
6.432597744635615,9.639542557793874
9.01320156176465,12.457644727267207
9.986189499518012,13.663934872388277
5.1501300266469645,7.640022502086009
9.48682932895466,13.574228915032506
8.11315266799329,12.021334515887633
9.866913095824106,13.454986739926259
7.325047587632138,11.550377153167087
9.236939652856869,12.927026859707219
5.311970342991386,9.139457223487945
6.6763952503914785,9.690610713553973
5.335082688756049,7.388810338207541
9.876715667395352,14.053157713330599
9.084869536359184,13.026115996190514
9.262737106229853,13.132481425129615
9.68982615716947,13.30667514938137
5.425517430598926,8.493334803975802
6.927987962566666,10.057955826145236
5.355174445220011,8.275034551098138
6.053965507750143,9.685574737182709
6.146828885188362,9.468303276991081
7.345536055237893,11.119618959951461
6.342810837268213,9.49543875140896
5.504890534088806,8.434859968004181
5.837455445470539,8.428205269120323
5.736377817760455,8.698635075028447
9.865383989561492,12.177903509679222
8.796462534592369,12.260644058358025
9.83880732634781,13.76563170302195
7.198702432539543,10.92027974618253
6.391842408313283,9.53587195121346
8.991465986045934,12.96359595437762
6.631269590205734,8.867629177551757
6.496916868526741,9.767881816128615
6.162529961039156,8.555284556790285
5.6483948911211765,8.173922111515747
6.28231530508383,9.445195592168666
6.776598742369439,10.770050484780104
8.369971040728652,12.229568630609412
5.312824211097258,8.384504551885268
6.052534698326715,9.253276443258505
9.045118201458383,12.497327395147824
5.734609617918854,8.609539834816283
6.7132257326126075,10.269558901870527
9.3232946092907,12.495273271926594
5.774626555717213,9.226078892002167
5.41368417809095,8.302167480149713
7.422689975400054,11.320006507914847
6.512097556392682,10.295063796287259
7.81704182241927,10.543908180650254
9.019024452417376,12.532038961287242
5.685742440763716,8.395127084946147
7.9034954227714245,10.577830524789137
7.527543801949319,10.516785924234478
5.720393930065998,10.085100638711868
8.119992427644913,12.048745861280116
6.368202089303859,10.600486491467507
7.439171592720062,11.341555131273243
5.41136162138531,8.122712365158133
7.297920286068115,10.566618744944716
6.532317340214101,10.132998898377075
9.111906055926772,13.153040368848643
5.284893634986841,8.053201354130042
7.09303637459165,9.756647064220376
7.2921571206571905,12.394469138482998
8.625030381495593,12.279461621623309
7.871437875451055,11.282856003949956
8.336061685970906,12.059941255117739
8.885246428258782,12.540931419255024
9.311014868290943,13.234582295801873
6.569377483612353,10.526726623393033
7.690113526819514,11.165861992340204
9.200540392196,12.459293250971319
9.947255654825282,13.855884888551033
9.447596555218816,13.104914975557623
6.857336313121884,10.940753044369686
5.975832586093252,9.756558635680689
7.4469626870329435,10.990117724654931
8.708207259180211,11.810480783606625
7.462845353766488,10.342468292799813
7.4159043165683425,10.906646810674287
9.191152105409003,13.197544011151443
6.807018895335932,9.98111126474009
9.298973374058228,12.918683256766256
7.034024004758618,10.144429189121018
6.6411655283916975,9.957701653948062
7.269949555998495,9.53255829116166
8.812234793374342,12.024018437664356
5.630010139319971,8.44248674446029
5.982096079360087,9.782266892708064
9.75722412831546,13.301762133014087
5.877458136906787,9.143183835203747
7.838636589655273,11.519635283051825
7.896572333309689,12.124845052802007
7.4481223102512235,11.569035475783544
8.223726242884092,11.839720007063452
6.149133628988093,9.14121798419099
7.7633113388837405,10.984057055247643
6.860866276234486,10.112507920248493
8.308336298145946,11.752986880613335
5.706117716865747,9.124154964918011
7.854387084197381,11.635419409779459
5.9263517769166185,9.40752272787245
6.393215315575182,10.301500234408302
6.093549001617916,10.243693362641588
5.914188899344086,9.15935837591668
9.128554757803336,13.50399759506183
6.428537838304452,9.538415314048235
9.635618909322247,14.155246182978203
9.849632626725954,14.350313730659067
7.856302349685487,11.93177080459408
5.715005613328632,8.90504165659012
6.872741216897906,9.913110378282044
8.98866131674107,12.089129361156544
6.836953643485352,10.184325768421873
5.435086091513944,9.288609580941323
7.78392455464094,11.185787014887092
9.225604257480175,13.463288401706237
8.979631935717512,13.19753402312048
5.875615700651766,8.908895730318532
8.363823072062333,12.69476010523456
6.102521317178235,7.86869520837363
6.091037672760861,8.697870067943946
9.370358866525926,12.78661449165188
6.248344763701151,9.088156205007687
6.316236732590056,9.747615554701014
5.003266953806498,8.148939246094749
9.353345170627588,13.421009490840609
8.962974066045675,13.053609626321053
8.13664467545339,11.288921325971241
8.751328819694212,11.892506550229394
5.760242837122459,9.110451245550884
7.291617972937877,10.434825530702232
6.756096936743905,9.3220788014087
5.468882631285083,9.04833129981284
7.43065242607462,11.614333864540693
9.603698251713176,14.30301834690514
5.200295595253472,8.333858575041527
6.457304567468969,10.061731528949215
6.037704681028517,9.930179728915176
6.190733268328481,9.10817202698246
9.542172759396877,14.005946153303299
7.340345271171451,10.946112442477345
7.331497064699094,11.254652303810207
8.802878212276411,12.65650036516966
5.772461020024629,9.575081578903553
7.436326770500254,11.035354005871072
7.149926070605298,9.837921754992648
7.98455345273328,12.307427459437298
9.997788516252193,13.523580849016575
8.847244470410235,13.243222469614238
6.989328515087136,10.342072777384402
9.137765261370234,13.553323806243133
5.853541816562401,9.591634487308262
5.152318431544801,8.397853605011447
6.022241862321366,9.480957893599205
6.702057780571298,10.25378364528184
7.552903787297799,10.056572166616819
8.075645702705998,11.749939952696298
9.55302858607211,12.905602215250584
7.549270047752288,11.144717629175577
7.506378223128647,10.43618259456277
5.2512150491149105,7.708982088324856
5.174557763281119,9.011936566814295
7.755799809581861,11.841683465560328
7.190893066241722,10.627000387017988
9.195901974901492,13.127466695006301
5.803397923559226,8.840119495399566
5.124858310585248,8.434768160692057
7.2451938396506295,10.356205424306353
6.187392783761288,9.921741471947522
5.248071866694187,8.171142819525969
8.622991434238145,12.137666223170159
5.557964999786237,8.680414508985907
8.041597500038858,11.354343585083825
6.405248750834446,9.850639675749576
5.86748025177511,8.772295007473431
6.898757614596587,10.512770938925323
9.007228881114768,13.41667792679346
6.960467884522863,9.99290061802335
8.753848246055279,12.439330166618747
5.627431483995753,8.983583137312614
8.863857098325395,12.41869984049977
6.184666624533243,9.653760229853223
8.386965649444363,12.342058209659104
7.828907774204982,11.93632021719313
9.645723586058438,13.271873280227668
6.93661258987657,9.852547487736647
5.330825944172203,8.243202438224772
5.095777427756264,7.631056743533966
9.134292804863765,13.243400467860265
7.623678188307161,10.567538175880387
8.876220259174747,13.817972520136042
6.172128000057573,10.054517530855964
6.7254187275661685,10.07679035787956
5.1505193610565945,8.614320479766901
9.80746162287056,12.950553015289277
8.339339533504067,13.268894105904659
9.666025438796531,13.304123220455592
6.327482037145362,9.532729737624756
8.057318056128304,10.740815023759748
8.392499841463188,12.314143462126273
6.587748501287942,9.352126123006975
9.240546175078151,13.139483290876795
9.735807314501239,13.410831560939217
9.424275588480022,12.770258738710854
8.695334879696862,12.032221104754925
6.38732339862477,9.777682095392484
6.4080802105281585,9.048950766199379
9.81680160223019,13.405756087164438
5.05142247967846,8.393343666246391
8.580249866210723,13.597539776890024
8.531230812776311,12.476271385108076
8.113447704748987,11.27750642461014
9.950544230434328,13.757095991485038
6.559397178818626,9.88707111765864
6.699859318966241,9.865118707441635
5.3946970147327775,8.9251655010478
7.213990682718688,10.765525560769538
6.305242631174241,10.020217349864023
6.7169335108882215,9.90309831791705
9.172858951278139,13.670180851394393
9.677422567637478,13.5296642890242
5.928665360025928,8.628803497462117
6.862544657767329,11.323713779841906
9.643152810576971,12.659294499211807
5.309042303446113,8.001481401482874
5.4618026405568925,8.240649242753074
5.813954946031147,10.230899071765656
7.976064170634373,12.474706446834503
5.752361355029987,9.649797697857084
9.840381907253668,13.643128957516236
7.233572636292601,11.89337616547201
7.507589801750832,11.193283764021484
6.233293079027033,9.968583379984
7.354801262173668,10.915609205161504
8.309568163185057,11.946748510160443
8.755885684770213,12.381173484761067
8.769340413549564,12.418388499549895
7.889455563470442,11.77159250050357
9.521798874969285,13.609758549350836
9.087039236530547,12.888711398734815
8.785240573493127,13.29705068454118
5.2780276084023034,6.8502565957123975
5.034389811098246,8.296211397278492
6.062236385977364,9.633553016502328
8.317617969567262,12.554622997608298
7.055987444412729,10.434749212768592
7.012031296496559,10.518397589487849
9.422934441148069,13.800495521035042
9.477814240659193,14.11896029093112
9.54587632026793,13.30478359173213
6.569390382575136,10.016756350653944
8.45527906369631,12.98562185860995
6.358165906371848,8.567785549706793
5.953049165372249,8.798652698539406
5.923162286736846,9.840712733385699
6.71053810431797,10.598914641985715
7.1497880988991085,10.840968324142278
9.154745855275342,12.761396589775849
5.59945546736356,8.278437311343561
8.674629236974472,12.11394727474818
7.657274570946527,11.962733595545178
6.4397267133799625,9.413450711478282
7.4640979226641235,11.007628989316776
6.499710348885113,9.422798596231262
7.9804097761915305,11.99787874647935
7.169219614276221,10.333700396958244
5.822027645394393,8.937636229396066
5.5829153727784835,7.8578073808127655
7.73347841036065,10.47348997433031
9.512065166430517,13.418314796377373
6.719788432788428,9.401167541747233
8.665000536113116,13.450543963002989
8.293306774698834,10.921206573582477
9.657774571547405,13.189241836524833
9.104905086495705,12.934236537428623
7.833026294527315,11.217065084534886
8.285152491170535,11.390110261072683
9.491932332920175,12.911354879756574
6.997593922934674,9.901785668771987
6.633973529288887,9.817407387736631
5.054055418175982,9.04083104656989
9.132755370957321,12.99827509342789
9.004903502016823,13.39733444711395
5.522272590500757,8.880215281514978
7.884286905663501,12.01807548578731
7.319908490834437,9.383908037704531
5.5935454775455575,8.560025562480554
9.902841135303618,14.536977073939699
6.073479437316777,9.002307413405466
5.336170900452806,9.284641662978173
7.974236897509548,12.311029353895337
8.694333385665164,12.198634704734465
5.162217230235935,7.9430789167599425
8.293588193635111,11.4455029111849
7.661459379757272,10.878954139776827
5.516325044375242,8.003295521165834
5.86261938473181,9.249548851894675
7.839871486580403,10.679822537223266
6.481788067566442,10.080012189174841
9.69157864325658,13.943933720358022
9.093701147420255,12.081839174312345
9.917836032568315,14.676312542246148
6.29835419475207,9.814829680910096
9.848618163989885,14.193190807510295
7.156169348957789,10.20807061797796
6.737593976568773,10.396302331119086
5.251747634846766,8.865293886677152
5.263826289298013,8.267287347655275
8.460056279733273,13.153028765304109
7.289644972170139,10.769606284060636
6.132608130180529,9.929522656442872
8.069851531626163,11.830326241580723
6.264290591250556,9.8099094759291
7.888158771722113,10.630124392249149
6.796043734913452,10.340779351003823
9.117761133059094,12.57382580904228
9.103480803833897,12.500977811711833
7.386751990612007,11.736153980967396
6.754095546675078,9.998029531978919
6.8127989827954725,9.673707863866818
9.02857262834109,12.654721339954872
6.6408974139880605,9.318851782324716
6.04529686853423,9.97129847633921
5.423441709376534,8.160289679168582
7.333465604422042,11.064808692278284
7.41066049459921,11.570845950624214
9.204543552014535,12.795375921810077
6.10619348223032,9.593443394812777
6.904956368341999,9.770904614558184
9.042028694468454,14.073319217918986
9.118118053744867,13.409931731802152
6.923055379893841,10.211363236492206
7.295620116433405,10.368327274275604
6.516429454246415,9.762717068675885
9.66277439209656,13.425337409340113
5.593218828707902,9.688334871449236
9.66874711500735,12.989729176901367
8.419332259176716,12.17059942265716
7.657860763433656,11.180263882803532
5.16329530392248,8.13724921453454
7.377980959110042,10.79926882346288
7.038740525013662,10.388453224956152
5.806094059875613,9.403845905016786
8.282048017503286,12.24294984425016
9.85575453684143,14.036361249896107
7.810944055322626,9.856138185314515
8.573766382219729,12.438417095745256
5.342252262830084,7.582883035311061
7.088334979084974,10.829162056469881
5.58179242582248,9.435399594772232
8.063979177682551,11.213655456924785
9.692410791070774,13.500002588113576
8.308888662358193,11.670988542303332
5.384015241572108,9.07853417776493
6.773331024925414,10.175511172546534
7.753316897204257,12.168144966928274
7.0160387806662605,10.626123638273206
9.168220052375862,13.123089153168944
9.073355023549947,12.922129419561355
8.059155100516108,12.079982170247996
6.867289725663526,9.37190457167356
6.276681868816221,9.57469022033972
5.5293715910656465,8.600222687414794
6.77448841743277,10.492095514498207
7.065862586038598,10.3851843003093
8.379114625520367,11.535570333543106
8.290799121487868,11.952634283245292
5.350540698206284,7.879228573413369
6.976296577155789,9.408924786293205
5.90889433608681,9.454234444046918
5.784063526584029,9.230407018248169
9.13651074868623,13.197358370420265
5.209576083581288,8.90295551127045
7.0959143795106066,10.182581310260765
5.841018278832591,8.29366486321348
9.39665107839237,13.240966405666821
7.785202566375176,11.168492929797257
6.15690318188424,8.967135959876053
7.5121364358318825,10.974639146254361
8.657431798515578,12.083115585116401
9.790590044597169,12.830705411838187
6.102230021227095,9.102087680075634
9.430908860646726,12.748903049424142
9.671520570837451,13.721648720810403
9.58210272266033,13.17050588807207
8.177071784309549,12.368301878241985
8.149103272173539,12.58085696024218
7.016053165919114,10.758954485608891
8.76198941151894,11.738874202831067
7.6564700917546595,11.940362109545111
8.387190356141472,12.85248865255665
7.1422895192439775,10.580142678746743
8.657482320215696,13.050441864426599
9.122357588022744,12.670991536603953
5.73218128301408,7.945494572192103
9.16464857787114,12.617436074134572
7.701482658951536,12.106429623764221
9.223329545451122,12.32245549273561
7.156508531705073,10.587570879011833
6.895202426915175,10.291314858968315
9.575303662586112,13.233877273119429
6.255846337742007,9.285254805371851
9.221061626430716,13.10139851883496
7.4201028625470205,10.623042264089062
7.570477212756298,10.373543406723591
6.54234140744742,9.958325660408631
7.865211003095078,11.97493649493658
6.6260559813810564,10.386053436983978
5.196347071208262,7.830748751755007
6.35999302672178,9.006377674377298
5.031895217032954,7.896180319362154
9.891773935284284,14.654024477238973
9.828736049098737,14.117282298398257
6.975776487361525,10.722914123230947
8.64185427169823,12.815153601930623
6.729030492052125,10.285219871721843
8.35546578542988,12.086863216322644
9.027150215229895,13.163733706599858
9.733781223461204,13.407454416044434
7.00106137924836,9.69404214941487
8.91648991478024,13.06128636504845
6.3296422531605945,10.214439756667327
9.95166151896824,13.382877853083873
5.128847993821756,8.565578333794056
8.017644032505604,12.46155569570082
8.297529908256635,11.955912789029401
8.440227785370645,11.7192722500739
5.601937893945445,8.783834809497911
9.692648917365652,13.355911716738433
5.905916395250414,8.778734619322297
8.113767016199205,11.953112453074818
6.113380395615424,8.534191737223562
6.536082085106354,9.12133404088151
7.732292708640622,11.288396690555718
7.085967092822882,10.492006241931243
5.801128004882531,9.133130894379006
5.8546820121042416,9.963231108766784
7.090723940813998,10.561125747014707
8.786414891377504,12.8427839448204
9.489823234238942,12.900021413279415
5.420638311296914,8.888734805314565
6.965519537797006,10.095428012801067
5.5012278186143835,8.637183798627808
5.082962403162989,8.045130571261007
8.308593413219782,12.486799213320754
8.012247209832939,10.959708374612028
5.8150955690744315,7.836495365581797
6.16906416546532,9.296160650014421
5.118538768222592,8.376512150319673
9.174736028472019,13.085817922070172
9.873452980242757,14.464245694998263
5.677297683973454,9.031443557857978
6.1573760688264905,9.106927116661858
9.34204761973467,12.047747066611763
9.632318989780924,13.440126670639499
7.098136914034052,11.031743797969762
5.25311236134537,8.107710942280889
5.1969591684640974,8.250511133995797
7.869749330345052,11.654379323567417
6.964475544465895,9.849724466234164
5.143262137888272,8.483532513785335
7.916261961562784,12.318075248876193
5.056512682945113,7.981408543587433
8.936859790746364,12.159699537979487
6.532164113516858,9.805296422709242
5.20129001504616,7.129355963750958
7.941761104915766,11.698564957887227
6.988422072165274,10.612243675422617
9.869002066785747,14.680620627065677
7.720993312518511,11.1681945787389
6.376195905185042,9.855677755295284
8.547194323169874,11.825989136610897
6.357460012713556,9.450738454993727
9.521216457037825,12.66286703011429
6.873609852536882,10.150937012402641
7.749342813881026,11.14655679989795
5.252865519121144,8.45303850598982
7.130606189761154,10.244928987547064
9.161817698304976,13.035853913453515
9.02824402681671,12.667202804376219
6.121592794267631,9.1801616589714
6.130395355052814,9.39665558904489
9.086526561066183,12.924093344437924
9.651992100846627,13.962977540541772
5.476804606365018,8.511844010573103
7.250293197131127,10.52540916199585
6.687271394821145,9.93432195124176
9.353442277287197,12.866798674324139
5.417624573400094,8.321193941296777
6.0556297127901875,10.28233501188484
8.762341687932471,12.058470645171031
5.256469244906078,8.168434926947638
7.462676903571446,10.761467952650891
7.2105351733986005,10.52905640195612
6.6720058949437435,9.840787419493294
6.972861576594619,10.507053942524042
7.649702934651165,10.3245559708855
5.806836791941915,9.4867898865963
7.859979391417964,11.748266669522655
9.02716164649993,12.211158182768349
8.800804648950795,11.426426942264753
5.769499523468868,8.43486335509194
5.746247348707369,8.77416358773528
6.340871838724567,10.899192155814866
6.805373631705186,10.438076840533359
7.042277907042413,9.546938663860166
8.398486084166727,11.7333555485496
5.283402160829177,8.313476374858523
5.173363521130332,8.334878002505446
6.959552814719546,9.694088947508243
8.485818460689902,12.115487038839351
5.967176714782413,8.801792488933625
8.207522406281258,11.297147606236353
6.299140689701497,9.688766650991273
9.430430544067582,13.703455239602508
9.478449721333082,13.794660304080507
6.486436021406632,10.070916401254895
6.149968769816203,9.131277757209313
7.056519860331156,10.82509871312914
6.202657925900743,9.597716730133035
8.361919216458517,12.101274001226226
9.130323422741426,12.650541546438813
8.365460654556085,11.790114721796536
9.121752236246747,12.983046151558375
6.984960811037371,11.601890206737595
5.781584853544304,9.088523064298858
8.689754736987961,12.12211143326041
6.802372525707769,9.7466523083646
8.356354126145662,11.781741645046694
6.353219709908828,10.712510375665126
5.406148174033364,8.287749485867057
9.962908977438817,14.408926040231721
5.781007539652997,8.749244924847918
9.942104969817406,14.0611182344207
9.886399662832236,14.259552232403044
8.969090519540199,12.476957198543277
8.297114810409987,11.6359819454156
7.889035251255423,12.296277148734173
9.330507726889174,13.688905719714906
6.44719760809744,10.131973289062293
7.338406062424385,11.199725421470719
8.096949846832509,11.946127560354544
7.055952379347455,11.476030761804477
7.13743227045134,10.586872875480186
6.651423337510423,10.270339188612967
7.82115908342268,10.65993443581021
9.25287264007558,12.690966824795076
6.0076418900315645,8.608760768120357
9.672165193767206,14.243630024278723
8.445438268741148,10.858255846479002
9.11636606340015,12.73848426470382
7.780953463150058,9.840290854449758
8.897583507120316,12.261456260803435
5.081001986697336,7.851727909170869
9.091902123897675,13.602718095574232
5.200694295426833,8.439147124122927
9.449566881814313,12.922909496512693
9.959813736193215,14.484758343297772
6.470337310883889,9.773320900325546
6.051592781428968,9.280694767068386
8.826816819290205,11.99084442926225
6.2651317046012664,9.023151188569951
9.327811915861018,12.780825649060459
5.5142129607873835,8.640286189521955
5.629775981896791,8.794674041766488
9.895757775503078,14.646955662365716
8.369194491350022,12.235560973588944
9.234436122144764,11.727540499737662
6.62164688675759,10.077297258044952
8.382418747603023,11.33389431903986
7.971209136542986,11.082465501545814
8.015750600614735,11.212815984874517
8.412662297688609,11.76352559547018
7.876795865645493,10.764580342754439
7.14531184651333,10.676115217542138
6.379613471902735,8.9501350237378
8.84290665456601,12.789821789104135
6.131362150015931,10.47612011854993
8.46177153077207,11.489446307459453
6.166664113246633,9.257741783726349
8.12665084977227,10.490252338470489
8.735391335645144,12.332001956289105
6.093569444532696,9.633641909754976
5.2997165043065415,8.719979420846483
5.6548687149708705,8.824524323107093
8.029984836355126,12.08061351600564
9.247232031128679,14.36970570532581
5.224984106177121,9.126133271131344
8.670756295208232,12.143647089545059
6.70659322975026,9.322359882466943
7.392641849597613,10.668094511230233
9.644297749227828,13.099665916264719
6.659857523679227,10.217502802347388
7.32668466969743,10.201424833922168
5.0684120738034055,8.045683272268915
5.4079936000241915,8.908599347297184
6.29295795567392,9.501201610400116
5.139261204105372,7.693956533552548
8.156876630241255,12.375658985082351
7.131991784008113,9.618899668432821
7.74072601364011,11.1249736884294
5.873235929481647,9.02705310368731
6.479660147183081,9.783546505819512
8.319122374263625,12.07319487715539
9.826513618152,14.097036251687145
5.252083868011046,8.28479692209058
9.45192160427633,13.158276784059755
7.884406006556042,11.257492535537404
7.8195978337781185,11.077759499514565
7.501392676038802,11.395442873409994
5.346970429520917,8.093100275686844
5.449384258680803,8.962646664921085
8.00456002829543,11.61497157508445
6.704792857177791,9.785124025185283
9.586340332888403,13.81281200733815
7.032952686797361,10.075816261795273
5.716407293513205,9.178780772579952
8.57359416751018,12.394676061608108
6.466767107205049,9.461958184100098
7.627351536779466,11.417139251802638
8.489163927525851,12.46029157587534
9.501320556010352,13.980344470117402
8.96095597400838,13.236220675014703
8.38180533936362,12.303803417599486
8.398165911975717,11.514003618766479
9.729623220160432,14.899841358279547
6.47912048748268,9.073136479443312
5.005560470980937,8.481304152318277
6.359772796990994,9.847369264832341
6.0894568981337205,8.720277091519907
8.30917292556999,11.908857041244739
8.168557998827644,11.762893155470852
7.967306913523619,12.213559654133604
5.081217216047269,7.740805209116616
8.643890272253238,12.241695823491707
6.6176520624274575,8.773147672402319
8.325279945033156,12.857717330601574
7.782892142510766,10.804236449502884
6.713654627139536,10.21984098468703
5.672881335520539,8.756753687763714
5.472094488302405,8.517512902571216
9.157591665561117,13.394040991108778
9.591987710407789,14.346016482641163
8.248940233821498,12.024475115556795
5.517170574302417,8.948143697978162
7.0101360844412035,10.576609069692966
8.644696000525787,12.882400912596259
8.89910442005034,12.447467114317245
5.591093111455443,9.24700701095474
5.000153594226912,8.555434245895986
8.560685229403024,12.814090779625083
6.782980879931028,9.809503122248994
6.272406658091301,9.442719172590966
5.064487348947627,8.197118313127369
7.701497033807499,10.556375418154497
9.25575367712991,13.9043645165989
9.788158231362939,13.739651610884437
7.828724753066446,11.536433647482095
7.572306638699471,10.798265746575764
5.425281927446205,7.846899533251934
7.744364007712999,10.991221866518213
6.899895394826974,10.389476567609163
8.035676404417885,11.97952609167831
6.943631739382734,10.41325385756064
6.201495617251833,9.615156748823175
5.474826376141882,8.401278464029572
6.574592222944479,10.137634950656087
5.483224171438762,9.321285438919467
5.88448475411992,9.413776426163398
9.936680792897729,14.328787895603744
7.220517784533094,10.811629541093028
7.659358832525083,10.4396530642303
9.368092643686076,12.719377907107669
9.97784450245344,14.200851303276048
7.913572246723408,11.490817170088047
9.062369105220858,13.094764369501444
6.634705121683377,10.799857854942088
6.528719787236455,10.197481744298413
7.013518604972801,11.045665428838772
8.362536313368246,12.08238427077726
8.410958446275494,11.689542296788373
6.5761971732472535,9.862503528289533
5.666049620683143,8.396883637960205
8.161981282327542,12.573525017179275
5.641629310943823,9.165150711400322
7.89246254114665,11.73121129769012
8.467110640281545,12.778504369451905
8.503057481972258,11.193640771105096
8.767360553297983,12.814901639628909
9.364297107828323,12.5818336372418
7.499794959823943,10.9961261025559
8.651245947647856,12.22564134094382
8.095863676829183,12.045904718243493
5.933199698988413,9.233933283266575
5.128448224347041,8.826696456022344
6.4227069283846685,9.406299733595295
7.2151685316880965,11.012759432842358
8.085529722143281,11.783747275021353
9.249796652516027,12.282110847983455
5.981228583530828,8.718166070975478
5.627748949492386,8.678359722629779
9.817399737371638,14.33702590979183
5.540222796882036,8.880128885037001
7.392455350535946,10.287196008702777
7.927818643966509,11.443224258736231
7.706872104537191,12.257149749841144
5.430160785164716,8.571804609618088
5.285134570018097,8.178498696485518
5.527417137305179,8.878770385144325
7.927938419363063,11.89522264302666
7.721724438171606,11.037985152065897
6.168703960183722,9.653732139406182
8.188870709227958,11.662200102738145
9.100337510278248,13.280068813248615
5.207894799232969,8.334320338065206
7.490649717740212,11.2297635748147
8.44655206051345,11.756270699532388
6.261559635348435,9.103228370381691
6.538854526465745,10.319374084088592
8.06818951494692,11.642129227243556
9.489676467218684,13.530129131712103
9.049622101514498,12.706348808274136
7.915651095497918,11.948144701604322
8.651108588786247,12.077425316528668
6.824112351038993,10.12113420129635
8.20482764049379,12.238789574944112
7.330907955637785,11.383573396347476
5.949680682287805,8.877737173232026
8.508691369386286,13.190271634241485
7.78232318674411,11.495408670939739
6.793107909767957,9.63026536081718
9.556695950393154,13.652561164766768
5.104670589133667,7.9341050997186695
6.57886575624748,10.111673151088564
5.284406988888232,8.319860262835709
8.832636581108137,12.636300742424835
8.510537270568964,11.756848036389682
6.656761093681585,10.483143927776082
8.378314511035365,11.475913729666921
6.979686130979749,9.8212409094732
8.781268957112172,12.721202923108349
7.270918313683531,11.52652410000922
7.061398639158328,10.29738181845779
9.673649577441505,13.958865654281789
6.254395499453501,10.041944687775974
5.602236699982827,9.130026258626426
7.922715566297291,11.351654534969908
9.846609061420894,13.270407515108035
6.8891960686359335,9.163261499527442
5.310183818143908,8.240800332041493
6.696526336547837,10.624875288138492
7.529658271597793,10.473506933536385
5.8096150331610685,9.321642963552664
8.290511090282461,11.473537043313016
9.988746945051002,14.039532622254622
7.258697379907219,11.064332662966171
6.773642783651063,9.798623621962061
7.003520834172333,10.489467341355256
5.575730891976006,8.483331402008544
9.416368007131119,13.652215938026432
7.07412827760676,10.606612517370431
6.936372057124206,10.35190030576368
8.298451364652372,12.737316617653835
7.210167104655618,10.983353596770892
8.24116734403923,11.54422487978393
5.307231450653937,8.325745790385843
9.068616718611137,12.844390669793533
9.702519764397014,13.68318350358902
8.24382693079693,13.154846955260064
9.772829644294053,13.912821519508363
5.757161571849816,7.890642601167392
7.387080947401769,10.593097651023639
8.009033669727236,10.644654359924779
7.908683237105933,11.325520756004199
7.007308895445217,9.415115559671046
6.690422046831307,9.592711220663354
5.634120112752094,8.000583370485453
6.958712252811391,10.542534792357406
5.813304075527426,8.97623457194735
8.671828382461092,12.557675212702675
6.0441546774729495,9.200709918683275
5.292826526422669,7.654242956604993
7.761830689086171,11.570957511530773
7.976148663597008,12.532490676451134
9.359565306402526,13.436084656986305
7.884908062088409,11.248927374847309
6.727404268617229,9.358851534287952
9.015059407631602,12.36403780377794
7.701394465937105,11.468193187410556
5.396401423155959,9.012240721186837
7.829252801566233,11.525536449240468
9.540092727108313,13.848054917382965
6.9815631274911025,10.731714875002943
6.481629009499001,10.031222007091758
5.7173472850901,8.531579944477492
5.757227609676787,8.99563488759972
7.1638574217090945,10.172440004109845
7.978399120807648,11.582793421448228
5.403077025848009,8.649124196551066
9.697842945125828,14.47680343784442
8.77566808722598,11.87593571748736
7.933119591418313,11.760497325197628
9.142193354694953,13.71125032144574
5.400933784060566,8.860544423792078
7.384194388665621,11.277505987811267
8.150465634308317,12.074406212103886
9.143264530591447,13.621084681597445
8.917347800246338,12.157078276239421
6.385346248566998,8.969452165295275
9.704400847796022,13.642113947122597
5.621729207154352,7.665493996799367
9.37566809310576,13.866124613815918
9.854701248023094,14.435999095375433
5.885767616113128,8.84624586179349
8.610330321018926,12.147011086892457
5.201427593889992,8.205539375092656
7.027114125695775,10.45854727605474
7.58141649598837,11.161286754783186
7.9032261295481705,11.762987408896956
9.679686241242798,13.529310312987118
8.361253436470975,12.505100775504067
7.4063897560961856,11.110641595878075
9.048375181329448,12.554568494659017
9.752664104772045,14.370753259628502
5.110330743411454,7.453268399032501
9.912606361280194,13.849044728125493
5.430660695318402,9.000251534919814
9.071933896343808,12.524784123156495
6.401673762757063,9.83678633869205
5.660898288769359,9.064747745022753
7.199278198569175,10.20887190429239
8.219782897238067,11.827500616888663
6.904759225117375,10.207459155036243
5.272827041413494,8.051523523780046
7.997305698293583,12.747604263977685
9.512016380553373,13.032866479941308
6.916076829736259,10.801757342717451
6.081663888154135,9.10159615734439
7.212886729664077,10.112145981154251
5.241813555243905,8.341583387870221
9.102437922401375,13.2474721990754
9.131704054750934,13.41829965323396
7.940002317148142,12.309135335905305
6.765514444691947,11.591240478597886
8.998916822228917,12.923957288552499
7.773435123941836,10.996576061817509
9.129661542750082,13.182031014697543
8.157293962915103,11.655646280294878
8.922027366063986,13.169415904202898
7.992814966088799,10.942795811123698
7.070705341078331,11.669013680494215
9.789729299630688,14.175699206944582
7.7055691243942235,10.404680940374984
8.025447592702692,11.276022660085744
6.102438197073746,9.730966358545464
8.128253947136383,12.342076764649386
7.8580382474147195,10.793527083281681
5.9241919897351245,9.465543312898625
5.297935486765718,7.3838526477879
8.021796598573856,11.581487985553103
8.818461346751603,13.138177037153527
7.617006854610041,10.864650360480558
6.133863126598229,8.607174602348866
8.332609883465175,12.07223925834699
5.400528633048011,8.178274926339874
7.2091685240097725,10.965781411844645
5.816833791992101,8.53753733428149
5.922295255299417,8.72043586153275
6.011469745791018,8.2032625345111
6.9335352852198895,10.405214697789608
5.255751028101988,8.226448764584086
6.9889672046454905,9.792568310204553
7.558537235573504,11.16714403957175
7.4164714248316255,11.413300860120021
6.913920502015203,10.188920630708768
9.195733040353762,13.168963123335502
5.72663346210252,9.008615779315605
7.52848371890687,10.432015549098763
5.310207084782771,9.400541412093123
5.3557783943895485,8.191509158206316
7.8693292483854815,11.771253198992714
7.830092124439105,11.780718187941451
9.390167564222285,13.198403513508866
7.789368378300366,11.650639566490257
9.798955102024252,13.881655733337297
5.243474241999649,7.583349211785876
5.490038423903705,8.421909758059401
5.220329307851907,7.958119718245257
5.9263842516677006,8.880788581328176
7.70635055470839,10.595619076731749
8.22786090713714,12.436649946937582
5.2279257897433435,9.074507274998718
9.729854449227997,14.1648268270728
9.210826883251904,13.688256871975856
6.4830624107854655,9.607357474438482
5.385937651132339,8.14499676386579
5.849435366095286,8.630028915908488
5.634722068774863,9.083698944008448
5.616418896494734,8.853234202365755
7.5928084433286696,11.07275927619519
6.229237212467002,10.122658927058072
6.790698582645723,10.351308976082539
9.947526666921611,13.517703181545642
8.421571244626724,11.765431078984221
9.744903335235007,14.03488065190908
5.712782775165578,9.37620575652599
6.910697374162846,10.5686769651234
7.773659016411772,12.276835193630166
5.38379030944369,9.278051954198137
5.020937218139789,8.245642579193127
8.352171668984587,11.603315673040754
8.209097584007177,11.195923344942727
7.053944049998059,10.271041987490312
7.448220380160163,11.314471179400273
7.077215002960449,11.405981543208508
5.120025224224444,8.352753786274732
6.676858031087312,10.596591034420392
5.885411276986449,8.939839789289838
5.492120945506843,8.901929697221988
9.783602169446748,14.152001018074685
7.996798625210828,10.60636121232673
8.643281421183014,12.165218304231361
6.576818716330587,10.367032651735638
6.965735647470076,10.496116944782374
6.1846199694836175,8.823286439304875
5.4848283548271235,7.366732837928869
5.895158187207919,8.891299451998497
8.987570226482429,12.749291425331975
8.38772902591888,11.623313356188483
7.734644379927385,11.353115724426859
7.37544936433384,11.103732610817055
9.612171418280623,13.869949287299862
5.363674738893342,7.25845022420585
6.403004066189579,9.026462330523435
6.7496892678535705,9.947315797246915
8.91212906106394,12.980641438795459
9.962573100809855,14.199704727746845
6.203352573785765,9.679958062481257
9.371536670685403,13.054135033838017
9.153113802158956,12.819919843935766
6.123286988208833,8.983779751639728
6.996662900996113,10.780092545248259
7.048364346462596,9.997792821885325
9.891103342632793,14.294342208754136
5.904459506894492,9.189278027342212
8.99578985552391,12.772425587401115
6.670963570865549,9.676801085150425
8.654351728880801,11.707451144074897
7.1000550214783145,10.196239647584953
7.8917988155827,11.305155144386797
9.163058866630656,11.81115848416616
9.02082782491942,12.72631581223597
9.332115917698502,13.660717785251205
5.298086626723295,8.64131290478489
8.460252765198724,11.904200380367715
5.699936883608815,8.863392409538191
7.079092840092055,10.216829123399465
7.742942075273442,11.365910856995978
7.013697423734154,11.186490820352999
7.598058379015038,11.601919456130483
9.982631543993095,14.23955500563809
5.676086568564274,8.564861426085269
8.377280226682128,12.427705468490972
6.980004831928076,9.532567322627163
5.665048994536644,8.671882052448526
5.793683816871548,9.244276290157831
9.746365531228085,14.065849244497576
9.39800748355881,13.612551225378443
9.535209802075109,13.589667107094977
9.957663879136932,13.851334165422376
6.0415769500425895,9.518880324964353
6.777196686820309,9.65620550389122
8.346095149624333,11.592975547902574
7.419012699303236,10.933682577394032
7.0919476668916674,10.596936021624375
6.789056246677966,9.234059906731234
7.968903159717261,11.790256982135471
7.87796714320041,11.839924760800187
5.807289170321201,8.930104385652294
7.358699187592196,12.01767216675263
7.767358881049249,10.979363104101507
7.851434693656953,11.241178050694907
6.0505359645617585,9.063109704410506
8.711356961261433,12.41553454786821
5.125995474105348,7.986832162443272
6.774159277715813,9.425585860956538
8.901063242678168,12.408001743095562
7.819464605277012,11.334547178445376
6.305812162554301,10.18126063609616
8.474765596715239,13.270840352744743
7.836954720780367,12.072082613861769
8.981218047281935,12.389772141902018
8.675125930949116,12.062246311825856
8.050539610181174,11.580983243462732
7.44088837655407,11.821345496291675
5.665910628337617,8.716380727914194
6.306665089426919,8.904244362043586
7.095497364585427,10.264008269025993
7.996496435031943,11.974323722948041
7.568539276076525,11.427217269739874
6.440922629797647,9.628998822511349
5.032321788948552,8.380493483518277
7.4811961095040695,9.840849230131468
6.428129942811216,9.765670548889808
8.673041503552675,12.837992514947524
5.119731326352418,7.727245954045633
7.924139056528954,11.090797599586601
9.707371187530327,12.715621348654656
5.872046335557497,9.841403400074343
7.358247453752977,10.469819955992788
5.457109959085691,8.669053589833885
8.128409561306764,12.056049994309804
7.752658402981128,12.05922405814808
7.036827621064162,10.367244258284178
7.606885107368706,10.858547231953239
9.482873292345051,13.465981775099339
5.981471511555335,9.819805952137544
5.112822558526736,8.050300804531693
9.308324423495506,12.69255476740257
7.885585411939532,10.692323590169757
9.453292277309213,12.733302040468443
7.984726117065863,12.013867089182368
9.050805449798514,12.70065430160481
7.14836681677574,10.274279725170533
8.749299656441345,12.141175976137642
9.56520733444928,13.520771731439227
7.860614818611031,11.313010235450445
5.903925752811897,8.94814483151465
6.343988075150991,10.287447654086558
5.993222884487029,9.96087560231525
6.234285137978665,8.6761313291199
6.532077246755182,10.002289061677697
7.775668933765942,10.942371671208434
7.939958147319164,11.40382421985245
7.132498736209305,10.713637676014514
8.077103899104177,11.586164720459553
5.407874628056829,8.604679493982012
5.438941185290799,8.863214525364917
5.859147301788292,9.17826516241611
7.590387490201724,10.785046836158257
6.069973393491567,8.969368268704718
6.416422017462887,8.979853772646447
7.00156418086497,9.974916868277605
9.059330620051899,13.852230925011542
5.069310679564301,7.687171028429539
8.246894101183113,11.299583515197824
8.344382655203427,12.173223117166499
8.993278901783182,12.736752302493889
9.663764695301566,13.498721015937265
5.100689244746449,8.825350076901783
5.768918527566081,9.197265570858479
9.430856470279966,13.052031298484222
7.292592810935076,10.5388734143262
7.822953194667317,11.136250576647939
8.315136018615737,12.415533033129012
8.395333022478187,11.920325812247254
9.658702016582541,12.693865668671975
9.984747087058349,13.957536665102845
8.600787304654702,11.552431765021677
6.436106046025754,10.815442556108357
9.398762011471717,12.795680456842446
5.246104572703808,8.214393104565703
6.155404264372481,9.515586484597545
9.486928587318573,13.239985224442673
6.280957572196774,9.392133885903032
6.103255298108742,9.534820000810928
5.690626465701236,9.591859738239622
9.295558788234583,13.538425086790149
7.500291295955433,11.739606494433291
8.374466015270773,11.526049664278176
6.195331920375148,9.593079621077857
8.790202105056082,12.625865552096437
8.800027724810493,12.735578915610958
6.562990124541501,10.563704134767587
7.053413165051414,10.35370122316567
6.048451387151005,9.055389981304163
9.882805116614522,14.126356538646759
8.228012885292058,10.984514098567546
9.672719403577577,13.488837259732003
6.516927718145666,9.753214417132073
8.909454564984449,12.231166169827876
8.829293219423711,13.123681368986743
8.458278259332708,11.618813752527608
9.828194876334003,13.725897327418906
6.9677766805315775,10.507910629299376
5.653586617948786,9.461029722276601
8.358544296220304,12.024974938023936
8.646549002386031,12.843935599927342
7.8753028672940735,11.800661139391451
6.034089465666981,9.30263613688495
7.522279708346777,10.481978945879405
6.5609486828456465,9.155847988962602
7.137332640833446,10.618051869709728
8.22609287922332,11.599963018116677
8.726073713454173,12.930919001985654
6.161123454506716,9.766276404457347
7.026626803234767,10.339646666663194
6.345807854958146,9.03611296397914
5.993158069309345,9.44715745797485
8.916936099979193,12.191348596907455
9.546263472184961,13.07628420515652
6.851160928422884,9.731685244999882
8.756394621868834,12.438423035272624
9.484976446822056,13.967067903221746
9.230621052651157,13.074224828069624
5.914066942696129,8.875270985021507
9.781459407566807,12.974943824057545
6.883382202147312,10.536120934941696
6.696203305869181,9.645241664078704
5.3121566363889015,8.433346773245729
7.430868270524416,10.739932616670979
5.545068078204643,9.073170303645291
6.24269910463713,9.41262072955028
6.584713108836407,9.872192553342163
9.04413161745842,13.095831514677833
9.377443251979482,14.30640199350697
6.512331587307348,10.259021369948094
9.29349060622287,13.107885674293138
9.286154686848956,13.14498461952639
8.823254751924367,12.325475972147022
5.733475570075908,8.405172832331242
8.451614234503644,11.865561687871212
9.725120322902843,13.28406990562744
8.412702393835785,12.421927064500885
6.65808424553917,9.45410366571251
7.502896587154156,11.67008118527501
8.228625216755269,12.250373451915737
7.552852043642518,11.073673317054856
5.599764708654849,8.719876956118352
6.560320223260103,9.593743613104847
9.011980152768164,12.949418388995678
9.307090230477588,13.7125545081774
5.686500163577851,8.472221965165517
9.761933761993623,12.94762446993298
6.644113089243047,10.324544834520028
8.3115686936536,12.13606541950622
8.759125729783406,11.950851475019498
9.059731173189416,12.50498172237024
9.728748511129652,13.244946076330512
6.564597740144113,9.51525115365581
9.292532272757771,12.989197350288732
5.6584345171810355,8.65684776847687
8.525204531767963,11.904848610587324
8.70988864756993,12.072784467333951
8.388616206006603,11.951947275248232
6.261573680675765,9.597734184240698
9.365215735076017,13.080110613908797
5.844292316851975,9.59248429189302
5.268173957604154,8.575852606335378
8.58732495305956,11.509367015242125
7.377378576163668,11.114718174103327
9.245490099793379,13.397360111044847
6.916985705291294,10.083015362287457
5.8413929425385644,8.262072737394698
9.182210962349348,13.022686534524786
7.744548158200359,11.289603464099308
5.9459789619517744,8.574351636075532
8.601919992932228,11.596694383388705
7.555568192447502,11.022905057710283
8.0215649112016,11.509339297416508
7.30449169103291,10.556757346578294
9.143544919090033,12.930548535534758
9.14781357841525,12.42598810718814
8.546944109121931,12.038922624513258
5.527006886982312,8.899070779685948
9.194269309520344,12.858138131248769
8.355064902664548,11.19009164730118
8.485120830021497,11.94579885716401
6.814914202019358,9.642817810669799
9.396397780785033,13.409245485172907
8.626858001174288,12.511648303099356
5.562952332645972,7.84615548663215
7.038890172030813,10.826174691728069
9.431901809800708,12.76218902112157
5.235983508486895,9.062771355425449
9.807083098210247,13.744111585601988
8.395812841597813,11.451778660647793
8.156879888216883,11.217262830513919
6.352796282439957,9.797403184821622
6.243958943695885,9.297100787485874
9.710291097442976,13.604022362122501
6.491362271170614,10.596024841753255
8.877526483594997,12.303409748199458
6.9656089910353955,10.388712218090326
5.69627035392352,9.54544666839475
5.053576488476795,8.199548523905353
7.7212866850762545,10.462242654412503
9.878894092744662,14.107367417159663
6.845680969046022,9.633315733963505
6.785961669965224,10.846557768324752
6.72045808924721,9.653115904597664
7.602719186524292,12.608017777701981
7.203324417121468,11.377677294709601
9.399573133635073,12.881181475548098
7.527603958617451,11.043131652841746
7.538789190942844,11.423369169948144
5.691857973602783,9.222059805436693
9.913697704551929,14.117605375450413
6.249864454344149,10.125916863696032
5.366820337298013,8.378699931440432
8.315731244876044,11.795518659563236
7.976831850784363,11.39876622697893
7.0757282699637285,10.920060539942538
7.1109611694033905,10.71574392343539
8.925319605232156,12.856025359123715
5.978563200498245,9.571892965226484
9.101266594724448,11.89599370974241
8.24373556947509,12.047517095307683
7.094848868897622,10.623103087114004
7.290143082919343,11.582575740153565
6.283236035930479,8.77558925198474
8.760571663484875,13.291279312370229
7.564373711526339,11.114953018293939
6.604272713749218,10.169622021829083
7.9802505788047515,12.414260088370389
9.978672260256616,14.254787346310726
7.176311398282769,10.811757822670604
9.603457003893098,13.645293997572876
6.725084199622831,9.828361972050208
5.273663534624929,8.314151679294717
6.0212105318421445,8.867696255149198
7.093475716638421,10.489887410253363
6.098174642972845,8.149844223039864
5.001135191091278,8.215882013093307
9.575007688737635,13.42914059959335
9.219397056154644,12.89517459905219
8.711461157434735,12.563632430891753
5.839072978230143,8.29010561239345
5.60181788104993,9.686816455570558
5.338023747361916,8.3542447660905
8.620145943864607,12.271252916151433
9.644039803439426,13.09014965906085
7.152679104565185,10.595188116702852
5.595703359980241,9.408323977112929
7.561964103660532,11.592315029108656
6.74415953729315,10.520210320322057
6.8741246217499885,10.522149021933622
8.106653120778535,11.548712481152938
8.593590566311011,11.587227096054862
5.5530179943658045,8.563102207305647
5.177951154032382,8.09560565257202
9.971651513428574,14.490379035949909
6.16364174457776,9.55106531472322
5.269152624542295,9.129138913402526
5.9493766454795995,9.737996244594607
5.194789231742321,8.005499273338739
6.959054473085859,9.453300769393095
9.012008922256621,13.507198323678685
6.7062222487886025,10.727159310161696
7.2209170343918325,9.981994645819086
8.377933867837193,12.808140651318382
7.5444703503494015,11.244423005715541
9.30722843010662,13.24901686519077
9.330178375228783,14.003605677398204
5.049553477455769,8.731806759562229
8.890231532415996,12.993943314896796
7.3036680012083695,11.001010134356035
9.944202706518315,14.241240393087157
7.4161603793771755,10.699363738311346
9.934479726941488,13.893824947463626
8.772846806028683,12.076257589937148
6.243024423066531,9.325109419810378
7.691974896434788,11.04705293638728
9.960678197392914,13.635161152060665
9.287653038759618,13.213556897835774
5.486834468956106,8.422210937397038
8.53185998404998,12.489349341035963
6.727897929354065,9.262317208577995
5.034911309401741,7.985216174228438
7.0174048451349975,10.486661634250744
6.173772108624856,9.253211910431387
9.094346352602358,12.827019273218214
6.6866530442288274,9.231360647709664
9.137618469769086,13.143380716057647
5.002989694173976,8.327390624292306
6.5390957501305955,10.093683547258598
6.20582607153881,9.966354815567664
6.167836805343055,9.502168969302916
5.340933098827313,8.648460308918246
5.935621352052508,9.200790991691438
7.777747849428099,11.677072779109965
6.456805364188723,8.959551618960404
7.08697391164574,10.057578209985882
6.884334401735943,11.054651110599677
9.379524624999473,12.025211638951264
9.526494995052577,13.36170502915042
7.4647848582793,11.543879309739193
6.650779751578022,9.934305369122745
5.534003520011818,8.438298688288834
9.767014396910476,13.785128114700221
5.3011347245014875,8.184801579400562
6.488251387841402,9.801326411788152
6.49033100585002,9.44670668875996
6.602006430701074,10.476744926819151
5.8214342163620465,9.697353520167287
8.915807154618486,12.632273424486371
5.612489309829946,8.041742461450314
8.174533295765814,11.54751836976228
5.619230133529087,8.651081830183422
5.3526781879647825,8.675983264009343
9.547147518429384,12.95257041052992
5.950643831593529,8.75619143859116
9.106250772798521,13.18283899628763
7.723154355535679,11.737239642662594
5.389282598043848,8.156342095067275
9.777240957190337,13.066080621652906
6.234805834959463,11.123826102595297
9.298226726763033,13.549524190659996
5.844050028922821,8.879358153823867
9.269714410709264,13.558172930616537
5.06614406452647,8.017144562574552
7.558902282847404,11.504261183966978
8.847212897107784,12.696352075417451
9.673977587463916,13.654409054040485
9.546010681032435,13.398421883123527
9.098124347738224,12.194058550554324
9.44095674830652,14.298195547664394
5.996098429185382,8.724551154888587
6.420921478558643,9.025093986115074
6.444842624605292,9.627381208148167
6.885269655008495,9.78158767925494
6.966603351925944,10.334067627030997
7.722776623273377,11.611213872208937
5.799398816832207,9.45693003046326
8.456233318929947,12.554845343526777
5.837832696522533,8.852583208434199
6.551542410522737,9.886646806458078
7.51672565303077,11.224010309085669
8.982202807617387,11.899749657169828
8.697346166193636,12.722107749492293
8.22767178205261,11.144556494671216
5.778866302900851,9.954812862934265
7.735226728077889,11.080014531372619
5.437232508999427,8.432241422202017
6.886815883983254,9.879325511160976
7.067582651449795,10.16611416581191
5.199057197228769,9.375915421246143
6.369940497349859,10.11411344113148
9.778247336332447,12.959295581025017
9.768163039148448,14.473902097320751
6.761635271262696,10.710583463085952
5.21550054474162,8.1179944225458
5.895474696640908,9.227918106984008
6.961088967167701,10.345834720890704
9.73889848984615,14.672968140038845
5.705995317685924,8.449049286727064
8.817579218341061,12.654100366897136
5.54341269687346,8.438022570751748
9.906287886956385,13.171025262038734
6.908082495545675,11.385518122182303
8.876172694495281,12.060623943843131
6.712955414055659,10.165611090610678
8.138344385794044,10.895662959762683
5.960080423700184,8.952561238818673
5.730105096484813,9.087110526498504
9.690320697840656,13.216017847657605
9.588236389522168,13.799284592794427
9.437344701064411,13.190293095333253
8.127167250832967,12.332641957198867
9.041341056081391,13.530489723967781
5.345184684556875,8.120849241103246
6.673945209453396,10.047100681040554
6.568515623785781,9.973945861779052
8.178226609763065,12.123546579433027
6.7797888673532025,10.142937638945975
5.742533908218404,8.986146169533505
7.982335377067718,11.457099215083701
9.071919603345407,12.943923457500498
6.910617472299866,10.941711063527405
5.661343575492409,9.116653911196817
5.983440986564116,9.530757003598623
6.1874165258469205,9.786434993084093
6.4994879649726816,9.722481169026699
8.213975352531545,12.016183944827619
8.004727422688596,11.063086068058443
8.480399307835196,12.810882997560714
6.812509922657566,8.783531691017469
9.119988259399891,12.900411715112156
6.020438305778802,9.794973955509699
7.3452037375907695,10.132310518294252
9.004693607707152,13.005522288057007
5.900793238663097,8.740568663106203
5.549315568703915,8.474777049850262
9.418419838439949,13.775074286447657
6.71464831379598,10.15660643949775
8.41935062454516,11.08604281551201
5.126743021319692,7.66387885571783
8.450234442047249,12.627949197901078
6.580506557734853,10.121079228378322
5.278704267937209,9.208512907786792
8.049063807740584,12.50020036629535
6.204019080365866,9.273700331365642
6.9340362102594,11.572462354846024
5.402904061432568,8.495724708645037
5.7358162554747265,8.401645239365159
6.489886177479219,9.471043480019775
5.448797502800786,7.410194450716233
9.554131323431577,14.268467092242533
5.030235215919892,8.833663253625803
7.419301094321558,10.39540759377921
5.616237290662757,8.625542604604357
6.5383954473897425,9.893878308923979
9.630297799091327,13.076180832838535
5.808472766369935,8.09261630400834
9.829161598591664,13.68981511642154
6.028971884947109,9.074226547206907
8.707830542334147,12.25519103030659
7.733386324486559,11.391421620684353
9.422393637983795,14.021632194843551
7.769966277515655,11.172413173172922
7.6727960957815435,11.292576814298533
5.977290001841999,9.536183264082867
5.831146810258294,9.274447635566327
9.58244575557757,13.191723144469162
6.63919099425017,10.015217754657222
6.86041127481448,10.506263439861902
8.79911829214194,11.99476628181494
6.6941174121140365,10.664710399935096
9.760312233195013,14.42816913244107
8.689638844994,12.066176486270553
7.9871462128671,11.681410464614604
9.404475802723763,13.60651009160403
5.248029541747414,8.02482837193252
6.2853134609460435,9.783183075979299
7.32518167110455,10.871845818471543
6.134892697357605,8.627912148009726
8.71952593651076,12.693011781802191
9.596040155268625,12.96517697818683
7.118850599654617,11.012222145416562
6.7106630005594745,9.717190063104423
9.807753660687831,13.688661675994824
7.224262164137704,11.355254053688531
7.445242002246416,11.182481225960121
6.758249361709527,9.57016227426416
9.547742365060692,12.94983255267329
7.844777416409254,11.114081505379243
8.810872935908224,12.7703695647682
9.059033591754432,13.0499902175717
6.709245209586291,9.629543099172114
7.1684716566019,10.018561245115102
9.242358872031323,13.231622348980503
6.816276758379051,10.08860207715978
8.969675667259256,13.842218744434977
9.704961612872186,13.66425576372816
8.116051865340035,12.64638865225818
8.708136437259444,11.864571925659163
9.025486560205675,12.043977402465956
9.225198244483213,12.510195327117088
6.97526668928398,10.964884917867508
5.256317295879991,9.185631549902755
7.009381356183697,10.02016790044412
8.368781148920448,11.812254363824758
7.251751928903964,10.117611859578506
8.744815754301992,11.587958981603197
6.784912147343319,10.501100425700297
8.173720705520147,11.919974998105257
5.932099024269873,9.123762820460785
8.746847183224784,11.79618835128805
7.728479844065129,12.094154153792484
6.020321942733003,8.972707962254868
6.459555867489036,10.01828025339508
8.743043542909161,11.764371548868631
7.4130061783076036,10.800344819159106
6.080157201965362,9.441875870477725
9.836355951851488,13.967164751248438
8.57562509908444,12.368074390519642
9.785674162698982,13.990070241263163
7.135525226801716,9.997370044145578
7.375501703458602,10.949288346870153
9.489776080925097,13.444610138850255
7.625246701226923,11.266132383569838
8.536394559528336,12.279846080093593
6.26086438747765,8.87643087801648
7.233632343513203,10.021458936161356
5.617249329051775,7.633565101919856
6.029900179384809,9.644647470184418
5.004717076338156,8.419489246473388
5.196325258243301,8.65736545550302
9.886419115884646,14.0170979202923
6.211768475683812,8.387562561961518
8.316553547520009,11.466509011131377
9.195498493998057,13.119805901594225
7.753302296182821,11.371721756815282
5.7657225004197805,8.807492893927726
8.640582186680831,12.55315722547112
8.001257050497916,11.607334314440122
8.656252946736876,12.447888768859933
8.848733114285436,12.298947070726514
9.877051838423725,14.343467699169265
7.86781640013355,11.225993875820068
6.708205563453009,9.384522134633297
8.242322784501185,11.505287834992059
5.34220354621313,8.236411159774768
9.48698659160793,13.88138530411394
5.596905056690984,8.695152068811785
6.639214189429091,9.873982917832084
9.078726903130605,12.27014057137541
7.986561891653559,11.97661556489906
6.968177601387211,10.035837044652961
7.367178296875107,10.79060002677946
9.272736966010902,13.867375897654014
6.70002193029946,10.294407981884005
9.348248424060856,12.403771085015439
5.440672154883457,7.644051467683913
8.883992186043153,12.62863539819216
9.237738165273683,12.478915490891017
5.9090882641866935,9.41517929084053
7.151732661861002,10.603210726715691
5.827498873318278,9.075691032493866
8.533020644971089,11.88625318314413
7.676738840308284,12.082778436013292
8.176616733541605,13.233236944255156
5.982434834781055,9.03962943985891
6.058729310262097,9.446994796522016
5.207486627549532,8.297692624591592
6.6103376759786485,9.802561779453843
7.798723306668375,10.94243273413565
9.289674569986644,12.605125490243733
8.334637237293403,11.433766051989322
7.1769816169987575,10.81499795317308
9.765600571970689,13.458883447263007
8.59622600287916,11.026324778384726
9.65082601431275,13.803420327474463
7.637939866360828,11.146397198400916
6.294521373965698,10.226762149459411
5.26413343182361,8.503521316733837
8.630424257419254,11.617172310747955
5.60651499002767,7.612979667668215
6.513875641359836,9.456914577462834
7.662354539419487,10.88227173695656
7.822082938898738,11.85807912717857
8.00291598493568,11.59906371577803
5.831276651748503,9.564376231147456
6.898687024108243,9.616007901078575
8.085971135584833,12.185797554892023
9.849094323168924,14.179407764518169
8.638155688498443,11.356669770482533
9.613018785469789,14.196931463194133
8.811060291570886,12.620001595768239
7.958584844462003,11.746324065288656
5.960116845681723,8.719692158603857
8.333428259462565,12.637737417816064
8.116897829799536,11.147351231140007
8.012345852286332,12.03086103193057
7.448929339941204,11.34901894588378
7.643283019946378,10.684855909849542
6.672212635590521,10.99834196241991
7.596563463211516,11.231640395962579
5.987779528392391,9.512281739206381
9.025871986801885,12.067485986494384
5.9288847734935395,10.173526729696528
5.424831449447332,7.897519269224252
7.181230131785787,11.12991937452591
8.29153719753031,11.452458778070525
7.188584124667707,10.316806548177407
6.383770659756543,10.054901813650574
7.790855919452204,11.862803460180222
6.735011677060999,9.446371887916147
9.664338450633165,14.142442225288296
9.61322569801786,14.05836108518803
7.5118590998604775,10.545254215410125
6.639419970091293,10.766627760905106
8.685662069783195,11.694365669615815
5.183564717415333,7.907891369509593
7.373845030218256,11.088115348307902
6.6816169713516675,9.591157223270699
9.602679425512774,13.655124853454998
5.060015136363413,8.192556203037743
7.764074378591745,11.223352119348734
8.70331790533313,12.860181755695034
7.425089937620206,10.795927528815428
5.427015150813609,8.628188715383232
9.862306950139512,14.408004278911365
7.590052156880489,11.503405693269507
8.070931221595057,12.078126111321172
6.183048913537537,8.845068895136654
7.4174904255340195,11.163384798391485
7.145747459791609,10.135647556265178
5.374479210009919,7.808667562122889
5.530801767737336,8.601108948142318
9.187362598093873,12.572687524386852
6.199099761032951,9.83422857265953
5.974791357493153,9.577017358839447
7.524557256250697,10.078155589285116
8.843735656812566,12.198331518386635
5.30973259289494,7.641785775514927
7.884039598191279,11.229532879533089
5.596052214202867,8.942850491977852
5.182305254128092,8.097622255864517
5.263719760811087,8.021584092639737
9.170820541042207,13.655072912657218
5.589862418140308,7.555406315470224
5.225756822061459,8.889344133232862
7.189499435714561,10.35525517627973
9.219967359710123,13.024906326595753
6.312041882446509,9.310768590075758
7.108563087629582,11.301719757925056
5.1996126628187564,7.624045946979878
7.24539257067438,10.700339269670224
7.888065403185669,11.7293978097528
7.854535268760724,10.619940938570284
6.662133460871826,9.534611067823114
6.577665903315678,9.8191098172297
5.533118094682989,8.1964091962774
6.8339916032313415,9.792994038268034
5.497473344364823,8.42203668169957
8.832979723560257,12.924366334095396
9.83137148874093,13.626286898050044
9.850372283333535,14.359659837236714
9.32535549687697,12.691547704922685
8.003960746698095,10.978791765800986
8.5043284862194,13.168366886323845
6.42602901340207,9.382255752249728
8.153852100863103,11.129166517499645
7.278247747199387,9.86287032575335
7.410086698884663,11.429655765566064
8.78888280187579,12.376007104920918
6.409591777986258,9.56465526605031
6.590198058472599,9.828636814373798
9.623208955643182,14.054322189106708
5.281121474254861,8.247580852117874
7.428171492066702,12.085832679896356
9.564004002039308,13.543685089474284
8.051815039090785,12.193070430388103
7.73203537106066,11.681062374224995
6.248720896146776,9.480241415247113
6.716377445322241,9.766167441376457
9.260242079023465,13.278272459111435
7.7960906588422905,11.610358156214383
7.5737109687838995,10.802160138477415
5.497898567700145,8.680647714215503
5.080140782275616,8.714271427860536
9.818425943435246,14.817085001657134
6.884930836434208,10.689101663895759
8.016065310497522,12.550658215787168
5.398575365936425,8.163603333520483
8.415571428615234,12.449626840367928
9.662833543529803,14.2646600065264
7.878326264987098,11.00582485149852
5.630576611877053,8.513896878229957
7.908607637367384,12.359281545758485
8.831736065523263,12.110533850734445
7.032082682870094,9.767934203116258
9.39918873970734,14.043017274468562
8.243414766786822,12.490479332634404
9.496244591446013,13.6115536317271
8.117526556236687,11.71817649016111
5.656439860024121,8.568465579226455
6.548458555525945,9.99912470353566
6.008974741262285,10.000673168215517
9.544132488584312,13.572242049372212
8.802000336437413,13.645880037348379
8.38199184455003,11.60941922063992
6.504831598158108,9.795957540625594
5.920223860251068,8.917739298469323
8.78225543994456,11.996135756352306
7.370789729395399,10.76840580876965
6.128947760753146,9.563401963733996
8.083109890826375,11.961846958967666
5.20166926069226,9.327229202302991
6.6308512706412674,10.189255259631299
7.342784972955673,11.386410369386615
5.739791670547029,8.920797127805924
9.923272387954198,14.746954665771334
6.045486822948071,10.453808830331718
5.651765650216328,9.047661345747569
6.0176743694344825,8.724879735595588
8.845305665798621,12.33996428756976
7.127528296359214,10.694001107233637
7.82707969876269,11.62074465614055
5.105045784931804,8.475267509110349
5.172156542866572,8.436686692054908
7.229127749135081,10.678445757090065
9.083276216008118,12.581832238608676
9.426194393537827,13.512002402877506
5.433532837978201,9.44773308431417
7.691815510505114,11.740142915320014
9.566148431396353,13.746730092493724
6.939863771989431,10.842619988298694
9.147829157141842,12.791862974119784
5.668478271997181,8.548041353354956
9.676972448338994,13.238474385823801
8.757116587656514,12.445896593803097
9.706671963934507,13.437003408366868
8.383086167762531,12.663840771641107
6.817019659997134,9.942761883155466
9.690905862623612,13.227726177035876
6.377833881545892,10.624689247270386
6.660862610308662,9.767347516829723
8.504042090008701,12.281614736635616
8.82658149762693,12.817559209524022
9.647017419245769,13.008074343634515
6.024012045281047,9.846556339088792
8.98999017609612,13.106547731520957
8.692730266984817,13.210468326322172
5.3189727812679894,8.043156368912538
6.936115706051035,10.37290174349932
6.413827285300493,9.716270619857688
6.5224521217701525,9.958886793299193
9.914734397773504,13.170373903039625
8.21388706739964,11.91208267022568
8.588380788967498,11.592824991049126
9.883088186575046,14.038872859488515
6.886008912288194,9.198886132486571
9.009200842264029,11.885247593571542
7.172654816522477,11.016460138046972
9.347668359074898,12.943782803292486
5.903287706556516,8.5900162110517
9.738430885321398,14.32153987292345
6.093858542054399,9.476443359129487
6.631102534904658,10.39336813965248
8.780961170533903,12.454032368480268
6.968775707827033,11.702345196342442
8.041056883832233,11.347011330318782
7.222867505347143,11.539688781096515
8.71184968544891,12.423536602488735
6.141656261843054,8.542732316755293
5.292289936184385,8.592172296295317
6.499646987365331,9.956957665565978
7.371543324342151,10.320191082090966
5.840100260963393,8.547010674588712
6.773986448281944,10.116434916395837
6.999915091467843,10.574772017385401
5.286959218441368,7.10901942068994
7.9165362409210225,12.026404215367128
9.421717139856437,13.058811580920235
5.7587145647652624,8.244583735519226
7.98904006700757,12.05738135613505
8.32369602455423,11.976626239755849
7.0966734020964415,11.124090970906856
8.50548793682135,12.425561655675498
7.05365771745506,10.46363200947205
7.523186439887175,10.951458755374532
5.036765222772135,8.28547464760463
8.458600570673443,11.943555055403467
8.306713394723623,11.541769779295096
5.192004386631723,8.53535982528539
6.841250536975665,10.137256723648584
9.895159203958336,13.890974868784506
7.1036828128430844,11.069109293489005
7.509727025659209,10.95473412692318
9.549650790798593,13.467097911729205
8.586309379328782,12.003746499469072
7.910350655621118,11.707790753736266
8.989023406705362,12.961742044386478
9.321831332279867,13.636585164631118
7.284440358686334,10.451764011920162
7.375541824659177,10.621741704795918
6.930254678259179,10.71237431348375
9.833530700092304,13.926343341792197
8.485831271451751,11.729888462645754
5.416115331040362,9.152615431115683
9.314798116565093,12.328532455677987
7.402799704181341,11.275502021649483
5.343769532112438,7.779917420535828
7.748586275816555,12.241197789222628
7.0858213948785105,9.7306858104014
9.388747024313124,13.842621755112123
6.019973018046937,9.183150441650703
9.132323047460915,12.775486372033726
7.788443455927263,11.438830475346597
5.273051516067345,8.64361198885972
9.859226506627422,13.378871556787471
7.563076220516,10.667797602034913
6.454384271157912,10.070063557945936
7.34703420994629,9.962769575110748
9.289288917587445,12.85503215450889
6.5245156219253175,11.349762223390101
5.963381982433502,8.672051896625561
5.6453562346544075,9.348328877465164
6.489296991951056,9.49418100598436
8.900240435200217,12.934811094638833
7.358131825976308,11.156936036469679
6.1374080184677,9.929367989752713
5.830924998048746,8.896983084252106
6.663647382551895,10.9908191784397
9.699621864428543,13.34487795502166
6.715133562950122,10.175270482339926
9.940620379773176,14.051382921836614
7.42615227882678,10.350398674617429
5.8958195914507545,8.932047382251344
9.455700458967547,13.42759730038026
7.301776865674134,10.546071717244251
8.548356717522623,13.478490043755414
9.91855791604576,13.482957662455146
5.25087675159987,8.890764335990058
5.483472798937836,9.008397265299795
8.60228370731378,12.315809381524401
6.409125016477359,9.258345492846708
5.921506984750495,8.72168072150471
5.1968093990986475,7.977187629310122
5.109233559931009,7.238209630944078
8.872428015598954,12.1451809058191
5.67216713684775,8.065362306535478
7.338603079855755,11.479261197415765
8.029484075897415,11.944612087271006
7.141759002844231,10.963097852845806
5.135533261681165,8.457055889788371
8.917507512939544,12.784492827194534
5.052566122708267,8.79341951331449
8.80944947188742,12.265958038399036
9.466522468940614,13.413161790412259
7.164199605285861,10.970568940255095
7.677712365488992,10.552650222658725
7.384916963088269,12.410194803777197
6.9460430931171935,10.349534593129425
9.437122676851802,13.39554193750996
9.469667553349954,13.992040079857405
6.679081823207673,10.472375854354318
8.07534877007349,11.709457533786416
9.63453781072932,13.626510091924205
9.810292494706758,13.02027672817412
7.544795202110238,10.775521353607298
7.264124026421634,10.97555393978544
6.393471579642629,9.894112315092597
9.794359365952051,14.363814114144503
5.714071522364337,8.79663529772554
7.899147880238625,10.785334199570917
6.412751337593194,10.223666820499671
6.395041451738983,10.392094415177787
7.024842936880942,10.878933810685245
9.993964679078273,13.91094077946518
5.2748315341991105,8.851990866977221
7.892709091017657,13.185706148225295
5.412860790176386,8.5530091054319
5.772604149952595,8.27125663382055
7.1978147088644935,10.344235125861315
7.552300656732207,11.375498788230674
6.2939620418226205,8.750352294738112
6.582285654372081,9.983444322702532
5.434835101279665,8.711970446693538
6.516098919221252,10.586879572971828
9.83279219690272,14.454448064310412
9.723536908362409,14.100536685910775
6.674391450684925,8.927930235564645
7.8542696813938075,11.885650181696532
9.547976955554722,13.81032903969579
5.030919113204483,8.165075124384552
9.053417851687959,11.998990358952808
9.741847763944595,13.301830362139983
5.456628671667786,7.9645430212343085
5.807238430164605,7.961181896443981
9.803731513856777,13.763020240920735
7.687700718201731,10.826329801120687
5.070983172358618,9.397832596964797
6.288159993817645,9.461406022862219
7.249718371344298,11.346538623546138
8.464544555123839,11.372903953801995
8.665801890683998,12.133917475818363
9.97710756462728,14.020978015569893
6.437555996918795,9.27099022199872
7.691100509342377,11.01822026880848
7.666617739298025,11.090965834035861
7.028226297236188,10.316917563960978
5.845809469212101,9.942530649572195
9.887282815919214,14.053852521818811
9.26658593333293,13.359658401470167
7.491665141471186,11.259825556937958
8.016227113420149,11.925785724772734
6.136305267798312,9.322122829420541
7.718935351958734,11.102349236611056
8.474850665607379,12.253228828487995
7.575835141932944,11.66940414477627
9.951425852924707,14.504830117727842
8.056708281238631,11.54785069964215
6.854868562960846,10.609764122887071
8.86076013807919,12.535619834175193
5.85231255790821,9.039710344207473
6.922579068531332,10.070333191460499
6.734794751887929,9.990931132812397
7.159035475538886,11.261507605421503
8.908899129643633,12.736889529241978
7.420865160817037,10.972679447256603
8.970072251329814,12.040477811966797
7.88244451569933,11.304311465022831
6.710347173287777,9.931759156072967
9.049893718417362,12.44530071937913
6.191448352765458,9.44057072917033
6.121914898998977,9.131706733684945
7.522514620274179,11.067015471950805
6.3042462298104445,9.625846980682
5.045435174756082,7.576645030795975
8.241487636494007,11.690434272551213
7.55546910736199,11.105250070214804
7.227589072465806,11.26525660253733
9.834842573091578,13.930170674107764
7.855995919814569,11.096227513818768
9.317157888946923,13.380091846358233
5.697251181025801,9.690475861891843
7.846032315647138,11.873592015071075
9.339898133654515,13.481641025603226
7.91552878639949,11.861429631420547
8.590070890635008,13.028062089476325
6.860217839061037,10.770074803882073
5.462247585185333,8.838077292781227
7.289501475635357,11.28172288055747
6.972396954194288,9.826050796901114
9.335300911894738,12.451228468103546
6.219976511762361,9.542521139436749
9.833671137675541,13.834745720035919
9.790690599022481,13.476873692070347
6.238158215357194,9.898716193342487
6.740259777386602,9.156879939638303
9.477778704369424,13.105948317214407
9.833111104480537,13.557255552937837
7.21719551418022,9.842483724466534
6.604985228204489,10.67334777748004
7.63047006625771,10.47696344517759
8.438846031828675,11.832445209540566
6.367372576874899,10.094836971152445
8.682365873095364,12.741861719428803
5.258286785573205,7.755856794445472
5.246472463822082,8.637011561216816
6.931438525727726,10.462618470202383
6.767365960303603,11.287356933420057
6.578166076835761,10.095769500237067
7.45509881334455,10.875497665479193
6.6036679115578565,9.496150515309717
5.96128959234046,8.781425827330764
6.5473477454430045,9.443932746797527
9.874521364051175,14.53497504381737
7.055567084974243,10.475665459477327
7.2235638842916785,10.950900223137378
7.8827249497556995,12.216393739697283
9.916703842071133,12.720812539381626
6.208006382178815,10.089044540964766
8.40641055266217,12.11539111908627
8.579923467708621,12.513432347070568
8.03662208396533,11.229744889884271
5.44289169818322,8.153907838595606
8.384361379137882,12.305656599871952
5.320473555180877,9.576867166382787
7.980713247749485,12.078512553706833
8.697905886108714,13.070248524039727
6.054849453099752,9.169818708588991
9.20811003771387,12.749629932963831
5.151769027665021,7.791720357408529
9.21906431829153,12.81874031960149
7.301645253213826,9.735583087271328
6.0879396996582225,8.943067968144065
5.66889072496984,8.522492291933885
9.766535837911864,13.632163918296815
5.363327937905783,8.501868580360584
5.995467099679629,9.375785953928359
6.73911173716523,10.079471398376795
8.101174244805602,11.430687550595344
7.724005426380492,10.28712719002383
5.62821746206157,8.466206650272985
6.4486399186910734,9.252142583585787
6.19375885543012,9.665544000655446
6.067714272451707,9.735900825288894
7.055721682399936,10.936151552409893
8.520157262958286,12.602665083613854
6.08726466108618,9.237954725577172
6.833394398514907,9.93909549547994
6.954587134205811,9.97195318421344
9.88228264717705,13.104989718311584
9.773331784395344,14.22392499152834
9.00068791376038,12.713469977547469
6.208294604095926,8.826783378104672
5.340186570458348,7.994978196694901
6.584520688603124,9.46793809810747
6.333972747169154,9.622279539110549
7.529629000731969,11.569288726413705
8.888639550338965,12.492372685608967
9.29161469439429,12.023670875881324
9.224320427052543,12.974594344883592
6.798377806115338,10.079956417289807
8.436171717303415,12.010945945296337
6.5641709876211,9.56327460190747
5.3045277161759135,8.474152799774016
8.507826328014712,12.242462151192155
5.04913776284894,8.046550158355405
7.045912937292442,10.661416205472413
6.6468963465103785,9.761359204238527
8.466887692594263,11.91697239626279
8.831227363801894,13.287534481354971
6.520473179856419,10.10424552068542
9.058135072224268,13.28323511714052
6.469583802524669,10.376552855696636
7.231631799932806,10.940930250231768
8.63509263507067,12.826305501652888
8.464601146123943,11.3678487943136
9.936842361561,14.026287769871214
6.12580512107966,9.259606914388426
8.311589567697911,12.812749526687398
8.048409541378888,12.121914215556314
9.575492272450148,13.175368131543589
5.781810708224375,9.124569929133854
8.758990817934665,12.594629648246219
7.841343081343842,11.636777414188725
6.373329348939527,9.138573984040107
7.37217457073587,11.026617717502157
6.668882985348989,9.88858390777467
7.896567013942304,11.617105298758565
9.445003054073329,12.97181108232691
7.84652492206101,11.123298320774913
8.15861209163292,12.377255520142855
7.593739235573548,10.586713303518176
5.2558275322273795,7.818115838151831
6.164292784380471,9.371360712648777
7.460008647160414,10.56606518899952
6.551176418723523,9.418897386336829
5.908817988805971,9.143119572171312
7.520664209592192,10.272264123058777
6.614048967239252,9.432877643230283
6.290538215867073,10.57569365050231
7.319927087201904,11.013650034126789
5.666421290410866,8.426423872358082
9.638728665377037,13.775581937585542
9.338510489596196,13.48987782600875
8.538102928702678,12.742930724488332
5.531069137942281,8.573704950802371
8.879386272348466,13.143512378204603
9.039786640545096,11.828520706213029
8.838823088571688,12.07843364104815
5.569829435596206,8.765731023583674
8.219539785338824,12.028264508810484
9.171623978746993,12.550057630662069
7.886767006098339,11.593830402949585
8.232036876140445,11.566524127024904
7.291817397131531,10.611701329444253
7.643536599420263,11.68463081963682
5.1718842917586265,8.660729898554651
8.194815109866422,11.335247968158075
5.407236064455796,7.960057546336903
7.175072971701117,10.404500868264682
6.46327548833704,9.742557435417984
7.727139751058566,10.943618456982907
5.667081677616036,9.320819234539078
8.45821700986659,12.323555332694186
8.975057684642351,12.973111776508036
5.8167722487157825,8.346857283986454
5.521565436759411,9.209523882803182
5.727577413936796,7.463008485603811
9.385637809492508,13.679793097315693
7.640946308781781,11.636291439373522
7.336304980037513,10.587365382406034
5.533559095511771,9.276726023237837
8.247780033784808,11.865787264064597
9.33999795947545,13.239213403034263
9.140929346617265,13.138879609642824
8.130273544904007,13.349615709790335
5.376393583258368,9.123889253951543
5.5619851358800645,9.024947763412536
5.246544935549124,7.839451679358352
6.2873960824623465,9.616670211694561
5.678307335801889,8.407406756039073
6.300240201262169,9.971343665156008
6.925290278594808,10.380581822181197
9.714913920355677,13.095635864619865
8.051880298908461,11.702818650399404
9.174868928414812,12.585133979239622
8.55175750356166,12.337717114942764
5.5625156526331585,8.245480124977162
8.679602031869745,12.4292662549241
6.375494407795622,10.025828220322293
8.195539234973532,11.808121086005686
6.704809868214943,9.850327708271736
9.988361316323296,14.087671690116686
6.31775739748389,9.929900187377093
6.395652353871348,9.121191189704739
9.653361277811992,13.714361610726991
5.123222023181613,8.806636837326634
8.483444939365985,12.466962408877539
8.626631953679391,12.380835417748884
9.181892887051998,13.338140217811844
9.872196553192378,14.072884091882194
9.878009595783261,14.23041206951982
5.326383787832319,7.379694739907309
9.109196613764514,12.154307869685784
8.231549668286906,12.380274176685905
8.236710671865456,11.131413218157826
5.6417496330734735,8.97086887754777
8.250935832228267,11.725098170657773
9.912412903006238,13.396800860809488
9.559092847697235,13.64573629581042
7.195653304024253,10.735300716687387
5.1997398664304715,9.294859165764755
6.811467450001024,9.861355337733285
9.131951558002775,13.678396929637918
8.50749550732583,12.385206065983152
7.296718277969783,10.425550992792383
5.275507675794156,8.730232439711608
7.134473639116513,10.84423761916679
7.345124698589418,10.832071285736326
9.64277766447068,13.704480875585126
8.205430517910797,11.54802310597019
6.558264583273244,9.45702393730064
7.626591322253606,11.53163067361562
5.3302765391108,8.284362134776321
9.862841178248683,13.795367914773873
6.80029950965363,10.300270209556494
7.389336774565679,10.999848301870719
6.776419871184613,9.417040609934503
8.412558650581001,12.73819642392463
8.311160791647964,12.033984025927897
8.576611552645678,12.190607231763739
6.340716148059604,9.824282380256399
6.5783424058203295,10.012281983791826
5.626256155481039,9.135038731322098
8.277549859230563,12.202051667152144
5.1989856366782625,8.597705878512048
7.988411677617295,12.261590966004512
9.34847942425817,13.659987583595289
9.454160741448167,13.264749779573519
7.2451888018498085,10.132775984181354
7.296518441065369,11.5897210957807
5.384845915040087,8.342953411374546
8.353825127215178,11.788036445977951
9.106297101864229,12.059193113354855
6.223275273023566,9.637166880284333
7.106504408166823,10.602248591777073
9.194196683826352,12.27547855246688
9.38560233831144,13.489359827040316
6.21589990132113,9.209983921234636
7.752853172706821,12.648581310892531
5.962465753179135,8.870278307769528
5.509393820697783,8.393675918738442
9.555602506959787,13.02933489622456
9.102537521160546,13.56198328591364
8.80017450901587,12.373821513586666
5.243831594065702,7.930140835996093
9.218643963551287,13.415850261221815
7.190220379526918,9.938087987725709
6.7119756164792985,10.366926012899631
7.732381805126883,12.169558024452689
5.4567662136177795,8.83142337275888
8.783232746761994,12.858828454244355
7.912175384441479,11.929640569783516
5.932950484365838,9.974394595576763
5.941160998845228,9.734340178623826
5.921243257863371,9.325326770572557
5.28501193775967,8.793960025629604
7.938992246858424,11.083823233497553
9.201740887942542,13.43023586090471
5.087491069936943,7.602211298332459
5.245023224856368,8.110516660511827
7.863851383434729,9.895340572550055
9.097478426930262,13.117688942000045
6.633694452843168,9.638497337857624
6.748071994038611,10.653259000448564
7.98173248748388,11.773175290283357
6.3710644456207355,10.207325282095695
5.133041830388421,7.617851924129836
8.67614259050798,12.930564127189394
8.128249564707266,12.806827649830383
7.9037799952782954,11.866615144299901
8.708420644959116,12.845279278297083
8.376154187810187,12.136183863569691
6.029409940891606,8.972957538787245
6.762405234716756,10.495482468010861
5.630550708393125,8.003619394870716
5.649285067089405,8.570264518046876
8.380978731782696,11.171646076970644
9.29300053491249,12.799772453237447
9.813662919305695,14.097418049113614
8.141735587747222,12.022779393406898
5.920506616804785,9.13006478793348
5.528251727244654,8.719102569724589
9.064254857683789,11.934173520288443
7.893782381799996,11.286257717874538
8.091425105068598,11.369034322864712
8.907310443773547,12.359242687270985
8.516386138662257,12.519452680301585
9.172291264280483,12.576495853883925
5.281069527299392,8.034943007695565
8.737603183732524,11.441589197624271
9.254263786610476,12.958054953744487
6.430675212291572,9.172891480893076
8.202236369966265,11.88228510830434
6.570810319184861,9.4094183596506
9.78985533241227,13.800097521669331
5.167117862177519,8.12819855424185
7.898964219164775,12.31477794951889
5.832517735247576,9.247630272523686
8.561101025885794,11.353502294781801
5.8794514170933105,8.422897278460619
6.176916309491788,9.439903575886312
7.471854055228791,10.501300892078223
9.57417474998439,12.004825484863343
6.058571860739854,9.945059389804698
5.721200105590517,9.225552135161324
8.794884159270154,12.81434942787007
7.5030976616696545,10.700055671268128
9.558925561908858,13.684549059795593
5.733072785799211,8.527507180848612
8.229639465115197,11.97799600824708
6.164395730759075,8.936983263992651
5.783802143258196,9.698706797187842
8.417147075786353,11.3154581639027
7.968423099543666,12.178249634207814
8.774137291811655,12.54842266418265
6.547312882230912,9.6120419610061
7.23985828191095,10.771331399141008
7.027358381652093,10.7995040615716
9.920447319832572,14.587910152146286
6.461244783696939,9.910065252003092
6.474086191733834,9.323555387449462
6.772741044143037,10.155104314854537
7.822970406451608,12.295961106073117
6.261613721318726,10.187775508338783
9.576449701896369,13.946121381337822
6.3284278243313175,9.991956899258774
9.479078657800972,13.724619434664438
5.517375318232923,9.200227799134442
8.282813511998262,11.711061821536962
9.534927592191218,12.76437007774196
5.843747191991148,9.046998380757909
9.841634800496275,13.401170967206683
7.264416802077559,10.189789784804477
9.728575542205123,13.314151362352181
8.384100218150234,13.303577224047123
6.5079343493677575,9.87758353627923
5.941512624585532,9.310769067683133
6.518675231125497,9.21122887384847
5.465087046313375,7.636227976179735
5.719339831716649,8.453681476500575
5.523302201732406,9.347060434683263
7.114717718707789,10.704798995487605
8.977891881287931,13.072767803267713
5.7069177710817005,9.217584344899072
5.6516021658616795,8.486247909134876
8.217144747586653,12.554556489090668
5.985914909840331,8.866694092197307
5.488050190544958,9.288776408285226
5.8342428910278885,9.222242547301136
9.61865697938388,12.647865798137495
9.107356263880954,12.554822773356877
6.77032281177547,9.231918107694511
8.279103836636963,12.51656567036146
7.68637836834019,11.211286331607027
8.38562131741282,10.948574360920492
8.413355762313797,12.283900355636385
8.143670075299966,11.503821959165798
6.3305068426865425,8.854705283707188
5.195032103814091,9.073021443061258
7.2778339099505445,10.787043624988943
9.45486942345352,13.199127606987567
7.84748629259288,11.217271160618447
9.16195520850954,12.23770651563256
9.95812171480614,13.297471607975313
5.818081020691381,9.6241556172672
8.45888819570991,11.913724399959033
8.371467868500122,12.056795292668578
9.899777236791392,12.857567446049133
9.928003669764003,13.25455838581905
8.433393058620648,12.424977930282154
6.218073959910972,9.650544631950082
8.992779190652996,13.668022628145753
5.53514567105519,9.31365297108184
8.903496520858143,12.56884033878736
9.550980620723482,13.697653527224814
6.9141669738421765,10.138698647159075
8.153176474915401,12.811216679217805
7.150713660484131,11.155363740607157
7.188825274940642,10.711432875357646
6.5518544455406005,9.962422727086896
8.810648102251623,13.29520286633185
9.680882820832526,13.906848308555954
9.703754296172306,14.42381916394181
5.8739064243746695,7.951863746120166
9.373718248282831,13.479076028688796
8.687157207135611,12.16687121622204
6.264187003451447,10.395213397955732
5.3364230646075725,9.176907021124002
6.33998633442189,9.624401505856921
9.561041183907628,14.24106491009467
8.16589337447886,12.690629309370886
8.605273304489359,12.363531301350305
6.2857617555454794,10.778880992870503
8.596940777874101,12.30065835711406
5.140607531389619,8.061468562499588
6.8766067288650685,10.684864368930253
8.133766742711657,11.583624725682832
5.730482827706601,8.919249281145369
9.115017872234674,13.642738658707064
6.175156494059593,9.419797218980147
8.261405564092232,11.066177780423025
7.025985712876649,10.614842549376576
7.980217977388236,11.228114783339686
5.537252763144541,9.077338894420722
5.0845639996080365,8.449571657442766
9.547822136901505,14.193086738365068
6.348150043835914,10.071546202999444
9.098385013902295,13.463184158511787
9.996751502361,13.661553422764344
6.0571562899945555,9.670580795938717
6.325853705916778,10.575250091780276
8.314298938173328,11.632833771489612
9.827243173003106,14.692560953467277
9.579071740953719,13.220211043543797
7.514377600327924,10.591267497868522
8.975551412633624,12.918761916837768
5.678729265499506,9.172430326663813
9.88719092102006,14.320504167210204
9.821766170179933,13.305238193829318
5.818644789395854,9.19964379590217
6.497115624015533,9.453761463076889
5.500774987533835,7.8564688570053125
6.3585879944908985,9.165937435622686
9.079778947076033,12.52028455351333
6.8915780358262975,10.53069122316781
5.441984835733792,9.106488634414886
6.711127623894523,9.316749833735793
9.9069166712064,14.064280542551707
8.148417976296015,11.189752478669764
7.0808047320307885,10.811508382943945
5.83269256748635,8.687865790481746
9.930883986418474,13.391396274690528
9.104245046315643,13.32492631325256
6.407386512254597,9.395402511982969
5.350343478605947,8.262430198650787
5.28312778688779,7.229758800487159
5.601890747527669,9.19554457774494
7.903842918072108,11.895065762271084
9.643817106027463,13.575309449373611
7.483717140029922,10.216670097358028
9.214727412280986,13.662357483904565
7.2294330992990385,10.342188025978452
8.542917728839125,12.024824549556655
8.659363686432505,13.547258451898772
5.869818529516693,8.691964013365418
6.806080294879059,10.53840133506812
8.18651078269012,12.104859070269452
5.353483040921831,8.61926574554624
6.807700938814783,10.310241397854995
7.673997331405962,11.396991078631755
9.981122465223194,14.113317253738103
7.372667813112203,10.821242196346613
9.080283785571618,13.651982104741313
7.160336425333089,9.936073430000068
8.981953613098543,13.28907338772594
7.9770740081005425,11.983659959064427
9.432977207511993,13.668772209679092
7.054712761750549,11.024145027920722
8.021522099107393,11.579526821294674
8.150093403094136,10.845625045799524
7.086914709002366,10.468151320945596
5.721560218437408,8.370275153312612
5.467797034561678,8.195426836544982
5.0833577529981655,7.478819466681593
9.367671321226073,13.002533156249369
6.182374561193473,9.120537626440443
6.05753374640884,8.080255580727055
8.680177002130328,12.766323358197537
6.600080565436959,11.030257607526792
7.530223462059183,11.339386751219163
5.812555326487281,8.873604413517622
9.798728607309847,13.731101130933709
9.257907000086186,12.898995466096835
9.318948114825016,13.227758529723499
7.033868742860026,10.422138444395415
8.811806068535864,12.15364306704389
5.719380776948901,9.704701126812596
5.043095012958902,7.308136897695798
5.09986466289014,8.479003367065292
7.933008687022802,11.469011610768597
7.276974526239703,11.682785339020516
7.590076744542599,11.278524393075228
5.037315702086097,7.864826073911692
7.113433098287128,10.412266118727304
8.590340806004304,12.328362314465046
7.213468509837179,10.084766864306415
8.661096031561112,12.009880475314377
6.165094821984174,8.50564180178508
9.065710022408627,12.417363577703304
7.942156202267261,11.57754068355094
6.053815497149531,9.414666121221698
6.183602379269164,8.430658007624796
8.140152322847685,11.699576935895122
9.149697966062217,13.261342534685726
7.078138910145776,10.412310595486812
6.291502145637962,9.232908251876653
9.335058034553002,12.995989068939496
8.346341458754175,11.745228073016397
7.2404274364153824,10.370147644144431
7.439500976396509,11.014312934298236
6.0212823396819815,10.379382921486103
8.13401315032422,11.388965821936473
6.793712552714443,9.993383746926618
9.978225883371746,13.94802209035848
7.400917576309439,10.537423874392179
7.429428030948066,11.464431538899392
7.82925893705336,10.209668037810811
9.583780015593733,13.235006433523141
9.004090499298751,13.214065467318482
7.255650348989207,10.559733264592731
8.59349632986398,11.901776116411629
7.931177493903808,11.73779136990395
7.461835243506245,11.40737390990607
5.961578863921753,9.259212359313631
7.319681317274455,10.383007400822903
6.229092935112873,9.703013181711318
9.574210749258274,13.288028248972534
6.677034067481735,10.385034321924996
9.761320072666862,14.45521352962853
7.665276450473556,9.895543362724
8.157721893380803,11.84480000865478
7.714702222446639,10.389775698462152
5.646903084833505,9.997177994465092
6.879106095039704,10.02086504714955
5.49573056138812,8.968063294578432
8.11477022091691,11.720065835302844
7.234370976002195,10.279702880843104
8.889924857854684,12.206883305836906
6.102352404996849,10.115662472546598
5.822830292146675,9.465365380665165
7.031661154818839,11.409785429471388
9.632926916091906,13.587238966889137
8.55210907506206,12.406490700697471
7.094618123964594,10.379945965929869
7.586360848771553,10.960091916968357
5.421065055885491,7.984334600823907
9.922879481880566,13.949460473718855
8.332036523474596,11.603820530726416
6.427020342317112,9.933378871862637
7.929041971076222,11.59985547478157
5.54741183034497,8.800735218251825
9.829183344037919,14.632584982690615
5.873924939416829,9.0298509524174
8.24015159027607,12.266545409757999
6.227272312694652,10.498481507276372
8.587806913242678,12.958676830538737
8.884106836201404,13.237513052669108
8.367098644557164,11.887174265708346
8.072497301275963,11.801818289315053
9.46234546976006,12.695676417697099
5.39313355494879,8.721217466420754
6.6545738289009755,10.122718683488092
6.24143739815423,9.501417440363166
9.940069810327108,14.441681166513959
6.946948898334368,9.732451266789042
8.663063496201993,13.213107621022564
8.423625819405023,12.55923332725617
6.060406187386889,9.23717043503828
6.194988401057756,9.35962128736061
6.40642281776517,9.928012988942502
7.055636391296896,11.227189285588166
6.1716253282526345,9.456754253248167
5.098257413734239,8.189924347470699
9.396965284035979,13.28541757965611
9.82804915690442,14.684671044636039
6.70785193515784,9.864980770720896
6.692534397127364,10.016287477243301
5.035459063871855,8.774268703776722
8.401253441651871,12.155009546788676
9.127199478743144,13.521168804514533
5.733041501800016,8.424009773708539
5.798331746835753,8.855351835388646
8.950416249857188,13.482716519048738
8.081453741770723,11.359574632243094
5.224302788138585,8.193513825881448
8.112734952311408,11.863624558219428
6.5445886142188305,9.358929078066103
6.84362577735423,10.005445873514129
8.848657091484402,12.674706850694102
9.054675963363053,12.888952023116644
7.001783134199153,11.04231577145755
9.735764680031775,14.453646213454256
7.032313589760362,10.01073387171198
8.859180176150549,12.686650470964402
7.419386322821295,11.240387741597937
9.48766163261042,14.143367692032102
9.538806218250894,13.805812610559636
5.437084039355419,8.669957548022667
9.682466656551128,13.95223125385267
9.127674207602078,13.290093466290624
8.956553571563335,12.284007139733818
6.004556698427612,9.301867434366269
9.025596043773325,13.560295749622336
9.250663673425183,12.997118023763218
6.445751672270754,9.799625327998626
9.76130039181162,13.592302245410933
5.249300731995821,7.142231130591548
5.749546266235698,8.909750608100179
7.687905690257572,11.376382793635521
7.878962355611549,11.198508131293407
8.225750416504518,11.293582025363056
5.084845646577333,7.661511546001973
9.801833873110652,14.144294455800566
5.22294046367072,9.253790942928317
5.715309763617012,9.54958838679313
5.070072587630285,7.411914102741067
7.834292166470473,11.82846425503992
9.661334419604861,13.262020115621189
8.32973583040232,11.704549465228396
9.113287342402137,12.704957011896921
5.0664060172929,8.432720695679196
7.71007649239863,11.731718479102875
7.297814887527609,10.708362329393237
7.494839721103965,10.953272294820746
5.3610659266759395,8.665410983629025
8.422176805346538,12.390609436177966
7.516102074293173,11.60743534253107
8.82574424930632,11.948707111412984
7.4264531703085765,10.921757474272306
5.74690818113216,8.362277629413004
8.241284770389111,11.86407058493523
5.861931810525832,8.921230528790616
9.361972816774074,13.210992653177538
8.065581195346208,11.278825990360183
5.786019417784772,8.199578404738011
9.811690287406034,12.726809581529789
7.5918273166766035,11.044602702879503
5.364492259358275,8.22189015831346
8.134164522075336,11.42302859408849
6.265994535064051,10.180467673492693
9.018467259386512,12.392441617866158
9.089110367830953,13.615349482466545
9.894736779273309,14.6856060072626
7.509347655122518,10.035766952752331
7.274784398638685,10.775932007865906
8.767378027232404,12.32100538726089
5.662353281709633,7.3389219656929265
7.734577568965621,10.559172456224537
7.731238000654255,11.664953654339342
5.447365614051936,9.546438363217954
7.089920427534568,10.959243584391105
9.26642399283601,13.2815250276597
9.280768109973302,13.126255541152418
5.496188324598405,9.436757446842142
5.453604413739154,9.618444897465805
6.313477385009676,9.282751522249518
9.373830312769968,12.248603095168816
5.644512925367494,7.724321778805393
8.599984013137231,12.980921311844577
5.505828098065516,8.583464447291426
8.115689268739127,11.83044807771631
6.780336495595725,9.241078298236513
8.944569814829336,12.356889321400969
6.168452244126819,9.254402286001792
8.196009146949798,11.939130168021792
6.178412672879425,9.21479918799843
8.568301415560768,11.76329859952225
9.368390172803743,12.84978471106323
5.6340089956338,9.364972437734176
9.332978442977517,13.32196644137477
7.967876272071489,11.867529929963561
5.635552454335119,8.313226039763478
7.13770927679856,9.08833938945796
5.804301467425489,8.703609607468339
8.501739444332848,11.768802055986669
8.79434067208975,12.72771494082174
5.528982601363995,10.277640978477715
7.530699263473222,11.384422124976995
9.073125280129586,14.255730415847248
9.680815207754982,13.901363096975702
7.567589333708851,10.766164081664263
9.751396118057034,13.875633380728882
7.678444852280149,12.104453122475032
6.97095247299954,11.279924265760066
9.241015642764477,12.801550087295832
7.4649135522904455,11.084488110598183
7.359512552822615,10.116781623551564
7.451562447049142,11.354209248804684
9.233925009348727,13.85738736074642
9.15970770844026,13.011548977186319
7.017599962201055,10.087427927461203
6.666499299352625,10.17986463486193
7.459640120195647,11.160297659916358
7.863862548685545,11.477206974347464
6.191686053139985,9.519380825935958
8.969775423577953,12.676823083058858
7.432413828662114,11.41687405850774
6.670227742099798,10.37238701310232
5.534104964819953,8.149374384211868
6.1942258020180345,8.927775660842345
9.74640585877992,13.568499822022622
6.525498434097633,10.199016682969749
5.844296446835177,9.087184443147619
7.303363958274966,10.442461544868632
6.535438716801243,9.973285758524405
5.175796251355971,8.045550241866028
6.615726086397086,10.379114533788568
7.720543119697343,11.431180961170336
7.758561860099835,11.15263513839373
6.782794605884444,10.255112913084563
7.236513781263003,11.341340567277705
9.827589591173833,13.50829247113541
6.886742386151559,10.465419354205451
6.2911340662999145,9.5141307093269
6.2173352203338,9.67429410633161
7.28882306352067,10.419305205426939
8.79760074358472,12.61228860888135
6.029940920942366,9.789840746339241
8.54648063570384,11.787273272221555
5.105749116747082,7.462196388433958
7.094664889919731,9.867870085660195
8.879325326013934,12.069859126116626
6.693664778872157,10.330059378592921
7.818685507226997,10.679492765739663
6.024896164129554,9.080927724583699
8.70997695563086,12.761116998412387
5.261395516343798,8.522004149886854
9.262713224377503,12.92247637927176
5.99098193210834,9.28464018440756
9.371990158541653,13.299960855118767
6.762646206502587,10.00305497002901
8.613417872372434,12.230684087519629
6.596126488930942,11.03306550409561
9.529558356173238,13.840125479373537
5.633185627591872,10.000148211866318
5.892598946362994,8.822637169175342
7.465150625794012,10.91569745250874
5.409692195190731,7.825567751590553
5.97990092350881,8.771097707165785
9.718831911060072,14.613554867603336
9.882448305739436,13.597920821966445
6.8812966466521095,11.21719662605476
9.616430105069679,12.918034995743668
7.724123378367159,10.742213537003952
6.348712329368835,9.447839184730892
8.511993605402992,12.182517365644001
8.294509032874286,12.414954485674208
9.945626595543667,14.160137123245534
6.325236437046416,9.382126095783685
8.360297513308677,11.96569911271136
5.260118775147235,8.152611070284333
5.568230193483597,8.22454936451745
5.019591874755466,7.579528781405749
9.997303405298366,14.510706032074744
9.011368485737389,11.899559718921296
8.933615073667704,13.529017437123773
7.548630376440899,10.886859338927962
6.5003354145272,9.414148194236558
5.75632142231338,9.27746535212469
6.4233736942323185,10.45065672515234
6.879856109645695,10.814643552376811
8.78155048490147,12.788786606561708
7.698308944515762,11.781402478279832
5.387418132777413,7.606652970760964
5.0901450447945615,7.847258783009399
5.511660897670316,8.158408047191957
7.052493568486897,11.075311647791864
9.665964585245092,13.407418492832166
8.187012406046108,12.247118165646357
9.009129499377575,13.07888387049741
7.331872972522743,10.36709409894545
6.808330415975214,9.876517394182114
5.542001863583113,9.2973110817071
9.379665110931025,12.867856808775024
8.915800145139514,12.761393979265156
5.840590487988625,8.617437942423129
7.561302819381303,10.916587289799633
7.4368740396062245,10.901167875542484
8.125457763432642,11.359116060970425
9.730934469956306,13.196897886955625
7.898857208812398,11.621765318963599
7.701086333893093,10.818934896276124
5.25161466467332,7.896608819758649
5.31453738009012,7.90791828425716
5.936733956633945,9.085126724795073
5.162353858458742,8.666675447350409
8.716764477850063,13.21338169157621
8.616651519969816,11.97702278096689
5.680281172158215,9.891492803255463
9.180394503976405,12.514120974418288
5.77393017423056,9.470490470740607
6.505877934986794,9.44620529497643
6.244884495806825,9.058399760033183
6.861535492865238,9.861464513046093
6.27331882944981,9.501758745515213
7.444754632192261,11.223691644147518
7.037039406773427,10.779381307080524
9.932847453896633,13.447424437002015
5.279631750641128,7.84072845701372
5.710906881936758,8.394768911642336
5.264129469543012,8.26127816225886
8.12920597491188,11.64996936779882
5.272546387068598,7.851967933447418
9.182198686880618,13.153440271288362
7.559693153409639,12.202916188259225
7.635038122907669,10.909688016571627
7.807972538560971,11.152811135671397
5.854068531531054,9.304713022999449
5.988451515572438,8.906733672818525
6.594086614365024,10.247386178097118
7.967482079109257,11.201707141541588
6.050588879701072,10.176766459429937
5.581658635666306,8.870377849095714
9.85058443209216,13.510689843972235
5.109909074048114,7.837545039123099
9.013487026680108,12.559284555662112
8.94017574787511,13.414585730574567
6.48607056922548,9.148909179269934
5.678133080036567,8.479788860814127
5.728143233527117,8.592941601769827
8.487158086185962,12.176745720044686
8.214032955430868,11.721284700193644
8.913728371256934,11.950860129813087
9.687405861995522,13.424975692596893
8.45963681633296,12.101788838007067
5.779257682757217,8.62106030176877
6.217213083827053,9.804043445116296
9.210968654365573,13.512866599615512
6.046530379171043,9.216643105140555
5.362611584772407,8.550404695152254
8.516400270211253,11.13915232557887
7.012631777450711,10.204606746859938
9.600200262729519,14.022651161154378
8.251275355468309,11.689812134972332
5.452094888958304,8.173883028553984
9.739282836268304,14.82598386653743
6.292786318201229,10.460882176939378
6.686062452031429,10.257062398678793
7.01130206841771,10.983017787841275
5.256121482021566,7.1943780694468416
7.482577111153024,10.585316813069275
5.616592455376461,8.504932009865177
7.004851633441759,10.287831910696637
6.753548939960421,9.859286717465524
8.864200417132517,11.362027354800848
9.015852558163655,13.012035379150666
5.76706441194544,9.192304358474832
6.832755936896131,11.000256520070348
6.866765805159158,9.845964333803508
5.757052219680425,8.473381084726558
8.992267525255953,11.450728787324909
8.536141641677116,12.096586551717095
5.951908931485174,9.592846608313295
6.833609542968995,9.894447520466436
5.529025124282571,9.706552558410909
8.14103298546522,11.640942164663501
5.606859622743098,8.801727689435994
9.929670843124589,13.234053471458708
8.90341037343931,12.827702620714811
6.9511927479199755,9.351771400077622
7.892819661396772,11.8182325711827
9.556709081082044,13.830264985416159
7.7704964019791305,12.004241394543213
5.872492431989776,8.537006559003887
6.893516777905797,10.352501192635666
9.215724325148727,13.340777469871723
8.22106507994809,12.086418915102863
8.253621921669001,11.471696668435376
9.334107428442445,12.004937969352863
9.469865287312523,13.537318493217269
9.598962858897181,13.442505591521657
5.47424596626578,8.285759863038216
7.720630009815505,11.646728693636337
8.702547606091592,12.420597358232694
8.784634225635068,11.881963544378182
8.03358100985002,10.674571067271913
5.833936675918371,8.43624237853546
8.987102769708322,13.98102947103338
8.600556667574729,12.68205638805606
5.430678857745182,8.611120800281723
7.319049123371881,10.692028484453354
5.869886997609018,8.920167927157104
6.687385228564859,10.608460265957378
5.0904054610284275,7.863188682282396
7.001649342053791,10.690439415806695
7.749384605781052,11.125047551791464
8.097912964135434,12.687573872880051
8.31745172564355,12.352086324561412
9.181456565512299,13.64052628595657
6.07731453637865,9.00057255631026
5.60240911219234,9.251958990914519
9.257685859489628,12.95293431869021
5.783064074463249,8.994694301322323
9.873800406680976,14.6660843233269
9.212691146993185,12.533841848013612
7.504383029447996,11.106883500990294
9.907107124610127,14.107531178791515
5.486883645540021,8.84426256504843
6.515328805875509,9.593002320503878
8.191122075203058,12.872478540647709
6.750034342365893,9.45257526816894
9.641862759903958,14.299678006200985
5.328130440889088,9.001289331862726
7.747059160304823,12.246915387167629
7.954331336975573,10.751084055016777
8.263640618886122,11.48195299871849
6.278331116659072,10.279968869571707
6.822832137599322,9.248878987804032
9.218402648324888,12.25885372746966
5.9747138448507995,8.925502720465213
9.134339235866811,13.057203977351307
7.813277114513712,12.17204507424084
8.81093755597041,12.480492109699313
8.568036831317357,11.97752462354856
6.037557476924395,9.400763941157486
7.844063682169365,11.647674660250438
9.338615764025462,13.42695882791569
7.160581184009647,10.503704316835904
9.832953851116583,12.822001564380825
7.26107550050859,10.254482606057142
5.713928183339424,9.566849362641038
6.947173400388366,10.43014254945434
9.758512031952685,13.548953378789694
6.598604246699271,10.477409370226113
9.340490799335313,12.6435306430179
9.406253408409448,13.174830023234833
6.750932621659805,10.169998348578783
5.416288290253161,8.27885719665648
8.622789545794092,12.397728866403709
6.55756149506993,9.775226828373032
8.914618071287862,11.997870161652495
7.213274241302166,10.746668030502127
7.426333711713108,10.247424558299294
8.889547033742684,12.75026400303958
6.911816655308139,10.98124789844482
7.215636726614573,10.518252473299459
6.880952343848111,9.67140124763224
6.8367025763864,10.14054918506119
7.6297328845072965,10.73969390736949
9.043997222505753,13.150051168322639
6.808841559612829,10.096615497773968
7.621273602688683,12.000409949058707
8.353636627213003,12.605858750494273
6.347197231518275,9.540096425581229
6.387614024511963,10.0229413634009
9.667065635117275,13.403860557559307
8.617672866655443,12.358185882569115
7.885933381116544,11.282402959164695
8.23860027210306,12.269548306448526
5.146497215517092,8.8922907969753
8.090514827808484,12.107941896965752
7.547544366121009,11.518021539987888
7.728748398897178,11.736014797294478
6.7971191341540855,10.432170922152258
5.40736948856471,7.919200306672517
5.966696168060261,10.010521161380563
9.753723566063359,14.606673692625243
7.04349781135467,10.335257571968919
7.333415779154321,10.614749977377093
5.263548949267195,8.622464565578323
5.187831147719903,8.500803794855635
8.585907235233789,12.202115647904037
7.690473320605556,10.603555156932865
7.543529921081333,11.205086500672488
6.2156226521133435,9.734465451623784
8.723753658149612,12.831414963798933
5.84118289554246,9.184065860828055
5.9496737183051005,9.004050887785166
7.3035608567413774,11.261274047842791
6.431399310559705,9.750603421454604
6.237314906165732,9.252316380216516
8.226188222766659,11.781099176297129
8.254858726092722,11.032845955073777
9.122585348999646,12.855981506710306
7.08854283486488,10.85046966177519
5.365425455130751,8.608402057226517
6.368331924607288,10.402330396019337
9.900027315984085,13.74854532217305
7.9812928761635105,11.82120803292287
8.5486854240051,12.654792596959005
5.036789148127073,9.21557548189619
7.591028660912604,11.181617138653946
5.187643287659015,7.703078355758808
7.84615106045724,11.83934564922633
9.603854248180376,14.457488775800678
9.842095652502039,13.649240427889136
7.70276337694462,11.663856821636752
7.29102402626108,11.363592859127756
9.725085471242469,14.17863533747604
8.368049159983475,12.104438253216959
5.324496397692047,8.040158798123883
7.328627888337488,10.753713691998191
6.201225092321519,9.670770337724637
7.349021607243408,11.272937190737954
7.277327860031809,10.899765956037688
7.91072401407371,11.302914833618162
6.783852451746256,10.41831277017039
5.82135224727964,9.415665230606978
7.518597172949781,11.212121635746978
9.15101442172881,12.563123748805408
8.320061140338012,11.893370351047018
6.691839329626079,10.504117583757528
9.677615113794285,12.921629232180905
9.56103785624591,12.426656416299512
6.046741996920494,10.010131821376604
5.1970879256018145,8.492213138233119
8.706543541753812,12.751217251364626
9.138051306745766,12.427253081281389
9.839322829756776,14.175951427441401
9.449181970441554,13.476642708314047
8.002673841032074,10.811044820314288
7.650261696061904,11.892455742411213
5.139205256312931,8.246387969384882
6.233282234223889,9.281896698029033
7.298073758664632,10.56869363740495
8.142519500417839,10.763412447785218
7.786259166592053,11.640179299726146
8.713179948408452,12.586744541713005
6.398834654435204,9.581561519155697
7.8247630382623665,12.028958249640676
5.440711216953961,7.836923950846829
7.068327617916035,10.183606903315434
8.750804164773005,12.075960870347412
8.46700426714522,12.021007630688487
9.953213685860895,13.977591435661685
6.38945562993878,9.882353517832213
7.4909464958698955,10.815649068491314
6.647652068869983,9.538504615066532
7.203015570295873,11.48662215924027
9.28475064934694,14.347520875110611
8.421045375942434,12.176897787071931
9.412205956737909,12.916256964575057
6.017555541659432,9.958793715512465
9.366805589207189,12.516788153884393
5.298811370891922,8.191186982717893
9.442996402185763,12.983537156949764
6.64536889730364,9.394674901539123
6.572938167070332,9.747513684023515
7.5604428834933195,10.640445420605001
9.70345093861616,13.650468358413717
5.238906823407027,8.300276771924665
6.761154875353727,9.802719988663481
9.282859943416678,12.95417525380308
6.980272387177333,10.260902380660944
5.995784487985335,9.599864416142116
7.123970906657059,10.474550387456377
6.927762507458347,10.725665879343063
9.577081007333518,13.78540370057755
8.809671878715486,12.857371602908954
7.525577778720032,11.724616319637025
9.941852833607856,13.37052796045647
7.326387656379616,10.555073634501982
5.291189154101376,9.231076385071436
6.311371609074925,9.444987680595275
7.180352401096563,9.20886103636295
5.7845131207306,8.83993157330278
9.737825631620215,13.752860523025882
8.834244489088865,11.292536828191034
6.341436002138863,10.276691022510608
7.954022667589579,11.187970969174694
8.60724578554786,12.49297650025119
9.70639464453399,13.534682800768756
9.408176745877054,12.645636385450443
7.575961130691068,10.55589928951157
8.873263098965088,12.180374300544331
7.810723769137925,11.915704477557329
7.763519450227701,11.242454246223165
5.573709791690959,8.427518991753278
5.63068829008076,8.289521491801796
7.647668075112287,11.775276800897807
6.3443077248950335,10.345269906135833
5.105184512302343,8.718593364116153
8.614196019501062,12.583253892978357
5.162432983450825,8.339834601076346
7.976384205520272,10.963692137636375
7.695968970636572,11.112253201408356
9.844073452889022,13.470958041793608
7.421065696738208,9.992522781593493
5.318007181888987,8.910130327849469
7.758439839032309,10.962212833642631
9.205480853080507,13.644547977414263
9.9842464214072,14.421968906068646
7.151715868445363,10.860418030451145
6.6014937124837125,10.228234490862047
9.533266484759995,13.132262840675141
5.956210645380607,10.07637785010206
8.077144575164633,11.714136205674084
7.028572120904739,10.585252387645038
5.2054118247777765,7.921956022950012
6.736442371528488,9.618148215445705
6.326142612513372,9.830019139420758
8.430455769717433,12.225303671630313
9.743952488459591,13.298066803200221
6.340235936893189,8.889069764884123
9.057329695758408,12.233834091246315
5.276799084692048,8.930225760176011
7.690605050199066,10.922099152913843
5.352750318549473,8.253846109421449
9.670164955653195,14.329368076163366
8.83175640278695,12.037032402601133
8.289749556022961,11.584202054369024
9.119481908123321,12.558994875467638
8.237598977850816,12.694153014003998
9.844721985871455,14.810358133336953
8.569789739323857,12.659529299889714
9.623293047911233,13.939644019570599
7.58565946005319,10.812613850637462
5.585322064909313,9.676050721343316
7.640888607115086,11.302914455717433
5.6343641403154665,9.18779210060343
7.962467395882025,11.502198405672953
7.4124653026383145,10.760942069502171
8.112876989163908,12.566973516794748
5.0502349052741575,8.330143726198143
5.974202458276821,9.894730680467374
7.4566521595606545,11.075646677345308
9.752517807945674,13.278838101323263
6.918045201775792,10.009982775691705
7.121860130268173,10.597714777554112
8.57348044503311,11.97492642601807
8.01896378643059,11.069025839402862
6.494630750491666,10.39426541648351
7.054081977837139,10.19246333799281
6.088498994286162,9.375295167039054
9.830107295651043,13.944195549724055
5.653171907786799,8.489729726683874
6.859183922832097,10.956420440552886
5.129194861100056,7.596462952717762
6.108897459667732,9.461489583391664
8.902355691900775,12.80588568346922
6.005876161444397,9.179924092301203
5.400317012644828,7.831924108537803
7.372265899222617,11.282127854998873
5.049846173672592,8.43157074357441
5.423830772131666,8.17081266226239
9.038129347814875,13.19949882098053
8.857366724298032,12.816293912308026
9.57569410202448,12.850526849748821
9.272577179553748,12.700128158178817
8.41587781619909,12.668194101883698
5.261664286503314,8.468705236375003
8.914243089933287,12.41494023501463
9.227554054202802,12.643826919457041
8.995410728859772,12.536795975574016
7.542395176540131,10.828634446909305
6.164509193247408,8.974429515582264
9.226649878443634,12.20109779794071
8.635814048700691,12.932983501641221
9.903805871944257,14.36988388263883
5.778462988779665,8.297527860632167
6.128322915260275,9.422143146094164
6.0589907494075135,8.819669797931633
8.962698838106684,12.624454994114753
5.934536482250591,8.94906048876388
5.333299149116531,8.1860418710809
9.992804032928143,14.992838381551914
5.124086057225746,7.9287404263328005
9.176220300794327,12.607332448419731
6.826834207753264,9.810910334555393
9.208077298789076,13.571581236747768
7.7731024560557245,10.501671781420402
9.508156147431801,13.028475918700401
9.630964932073134,14.280569338543527
5.04549090640388,8.176582181683479
5.377060879963941,8.548434058474786
6.251793647854278,10.568225607496984
8.346577081817507,12.139066474655257
9.44136098255753,12.975540098389246
7.299709756469814,10.618613179325601
8.034865581371328,11.074122543130308
5.942499263977806,9.758967636781215
9.024834169408427,13.11708186205847
9.83664055676735,14.366175743106263
6.342994664572988,10.218085561762269
7.474129758002732,10.761850319139512
5.430580552531869,8.044320237033798
7.795683282314842,11.328963383123787
7.513917209233403,10.580320115685815
5.722182420775388,8.949097342634978
7.210331065590375,11.218445719125793
6.670523260432816,9.920558089494795
7.609154376525947,11.205982796785007
7.9282716771439965,11.467003204461113
5.042477893036048,8.452337257862105
8.805029914747777,12.232144700553187
8.565071459308705,11.179862620348896
6.831431931032611,10.433152746926822
5.264679677844091,8.811532824066905
8.774662698925251,12.752782361089569
9.775875802390662,13.410935715134787
6.200757980110071,8.87340352703905
6.617623068685189,10.188396448312387
5.919064447409075,9.173616813358226
7.884680616724198,11.398720426239873
5.774206973237275,9.840280039381625
6.780969717306897,9.663763613677611
8.485065069671315,13.06959659416931
7.800579915046741,11.37658785049141
6.932312821639677,9.400990147532175
7.101248009037709,10.43189628368568
7.810554413116147,11.852413334039095
5.029323639435806,7.852660850920481
5.392549342268049,7.733669940102462
9.406290338815058,13.205291140679986
5.389394945456454,8.038687747601891
8.534017981052525,12.48672877780701
9.600190820545263,13.906928892688121
6.353418021508656,9.095966421936334
6.852457185297571,9.87004659479926
7.844607029223582,11.791849667621767
9.408544848192923,12.860831678682027
9.709527936302102,13.110354455648524
8.69781624055634,11.84803392276948
5.43309880427347,8.695737871607225
8.345770777674254,12.169503792967836
7.05151860936331,10.119799316046452
7.353504997455308,10.826748695010485
5.245741951725885,9.058456534148629
5.955310696731791,8.65934275761904
8.95256803766824,11.767210340696662
7.269794165239299,10.951290786147345
6.508311208155744,9.754772867836097
6.920095369824791,9.949101900382198
9.2719975666284,13.452437198631534
8.744995087024785,12.913606676764138
6.361576985905414,8.52975337314645
5.5875092010618665,8.378712086608497
6.259991108220358,10.670747445462858
9.603782255273668,13.816241164227497
7.907944189248777,11.827584846247108
7.667401043723914,11.787328391784436
7.9819679984623075,11.586896010754632
6.8301413287325765,10.5945116745249
9.035535101597564,13.201673143835677
7.616431246501249,11.409238244177878
5.583739513843978,8.539481431304072
5.645325624145315,8.860420210157505
7.684295732513092,10.92697409686232
9.682851090354195,13.62582846070828
6.541760608380994,9.265867284007557
9.34770584429609,12.821935017518832
8.820477932894397,12.443417498510811
6.239062214534535,9.015021941726403
5.181703741581212,7.965535854524867
5.509236325711914,8.529120602476539
8.642469669237201,12.57209477541683
5.998348690203233,9.672647079170336
6.856354602526968,9.995733337343308
7.508495830032125,11.677747304672861
8.627340842250813,12.82211455001372
5.566156116295627,8.931434255526721
7.031832026387308,10.515022996313078
7.425364545713477,11.069997875790444
7.7041353198576985,11.838487959162428
9.091803206976083,13.521953678250936
5.858390975216085,9.697542534451124
9.039157259133113,12.867652126898237
8.46439213848326,12.434754148679218
7.779354070994797,12.006998138504782
8.49763935201286,11.885309204957235
7.0600886947582815,10.312898006850785
5.691987929840623,8.838403847315485
8.328826201326837,12.444390810581908
7.6233615334281115,11.605619915473044
8.196874002713876,11.720816747657684
6.68999390514245,9.273687958981085
9.534332886699179,13.564291436186998
7.936849342877885,11.065061142789261
5.42701242145437,7.7674468034251305
7.249019953522144,10.066888163859714
8.781780273718171,12.701326832384586
8.970672808661362,13.44532605086004
7.472985263818794,10.987029574700674
9.473737854156505,13.474175752310789
6.338342185971488,10.197458092604748
7.052993486191333,9.691364728887821
9.49298455284485,13.651669674213956
9.481283582357895,13.371745406670062
8.428563844123405,12.397305342364119
9.2949027356111,12.912141328531412
5.4438663347811636,8.123670956524156
9.324974881038882,13.26022430938946
6.603099532751134,10.748315100968593
5.891657562141082,9.50044412684003
6.196849181710231,9.182372632962231
7.089842540069435,9.837325030092682
6.255960023022336,8.666118385777908
6.6028379300824955,10.581455242024235
5.67489243035821,8.332329772361938
6.480883827794992,9.614303886856522
7.861419072710006,12.094308450290795
7.209268540455319,9.844171520806887
6.733593806179556,10.826444822152997
8.73226064428557,12.351892546196433
9.467549856966588,12.786768170740537
8.783946114511984,12.417059873839923
6.660003510588396,9.630705822005336
8.722210839187769,12.687062906478179
5.759900912370256,8.587814877900419
5.6515899404564545,7.826086823088224
6.728135185180795,9.963480955012459
9.038511845220285,12.167941688121072
6.231741236211509,9.58024942544797
5.316267044493398,7.785955287250417
5.658547676031775,8.546250809652086
9.2937248426479,13.243763713284649
8.168916423736437,11.696470345966588
6.266005816849884,9.644422121720382
7.776479126640907,11.671918534827967
7.637898112126752,10.586510884686449
8.277179892203307,11.900417100331614
6.165937772108082,7.734373427775634
9.322014935971989,13.310084574007648
6.546842810400064,9.705804307292656
8.470658269881184,11.673065042118436
5.0806232318610745,8.254607589381552
6.863285649470736,10.822291567957418
6.758549089794041,9.872250033953378
7.717422142915073,10.788499326377227
5.363681308885982,8.518930201882533
8.950656868630542,12.07298490903347
6.088904008837843,8.976494125337641
8.38518907441005,12.673427970117311
9.016060616220466,12.850362354370702
7.809384781207566,10.431528255475996
8.704416033609927,11.546803416692212
8.309301561075028,12.052204719613421
6.777648985760038,10.564374070870889
9.044292695167826,12.044340504888316
6.47350684942764,9.99306452306142
7.856064588757586,12.092449260253963
8.726988695707698,13.416315928828556
6.894779549062537,10.439346838804983
6.513838038087125,10.070006942980788
7.296730050864113,9.689483847222863
9.089817471745768,13.957657240092916
9.649608815728325,13.291785472325929
7.725417064299451,10.80376489794682
8.30733102661826,11.841194164722099
9.51636811119457,14.175478440526199
5.492734257064712,9.69530413224943
6.160392889330826,9.455175806934912
8.544500031257911,12.75244212381132
9.118722309561498,12.96406879581655
9.28514514165289,12.623276433474375
7.075535884274663,11.22901489652374
5.446699511459334,8.224975673573006
7.1889073864981,11.39445425048366
6.153672951035269,10.033678206126863
6.455982274983121,10.054196861958347
8.86133778418753,13.548092719152212
5.377635430129434,9.56933553274819
9.137906087403511,12.877865623402057
7.138345429120845,10.161617455736797
7.980319655502975,10.644248667975333
5.448261156178395,9.660254515129202
6.686795391786398,9.804313465684453
5.448504595074229,9.105723942639944
9.807718614405548,13.398634653531914
9.036308246631252,13.61270271641352
7.298163771782301,10.407737730231053
6.118012741618355,8.745755723133355
9.667275526249261,13.496477416022238
6.7229829786348585,9.80169172388101
5.804922158436874,9.264056482854855
7.815821942269775,11.353288867127468
9.718870601724081,13.976495919344858
5.019151452501613,7.877471006459288
6.190624216269994,9.096195374014588
9.692238202052039,13.33890556851441
5.85542983428581,10.048985200158485
5.566217258199099,8.792046175952386
7.850936078999022,10.429242190072305
9.30921911647415,12.91095843304194
7.385549088469631,10.911091922401495
9.972821283422624,14.890085380732337
8.395858497689964,12.589379555172906
5.370374536052239,7.98359052502173
9.964160658409877,15.16617066687808
7.039471183900952,10.431785238280405
6.437012669227412,10.347580108610366
7.789395917889427,10.769770852767362
6.521537959104322,8.626764003299737
5.432287535600762,7.814529297536733
5.007141715395884,6.383403320377207
7.247916764601312,11.75354478114803
9.184317111132962,13.128446992802763
7.8615759281503825,10.971569104556442
9.996036494717204,14.221555808650706
6.434233228236,9.815746891973282
6.402275323800277,9.993197086367328
5.798747301169721,9.5632624619718
5.820317941326676,8.839420953079502
6.42593298005024,9.271199923009794
8.964200226367636,13.170927878827122
9.52878395318224,13.83570713276092
9.875435848538405,13.90089092230676
6.161448270482263,10.482515018919102
9.40648772807046,13.068874212253723
6.641275446386685,9.519601549846389
5.564202722584422,8.886088980854609
9.350124627600827,12.882680624664243
8.180528173218093,12.06439206993416
5.823654480405309,8.57188124856665
7.149156287565013,10.378866403612074
6.436288474385338,10.668966379281988
8.683972843550984,12.217973733887343
7.267081153121341,10.32107161173696
9.946399725531926,14.52101906499156
5.273724911297975,7.802948918414224
6.775076330681234,9.783619981743946
7.409500835549887,11.17968156291436
7.515667773741599,11.488007040426565
6.579679111928184,10.505853129854357
8.646201245487841,12.001830578475166
9.373735367444873,13.546486777426907
9.693596509889314,13.399261712095086
9.02546688399763,12.52773244404184
9.252900986532996,13.705087574985738
7.752726503099978,11.02849460579018
9.129441132134072,13.094431656571377
6.517519545739761,9.89881318950303
6.992393810546072,9.855495384486035
6.584565069092721,10.384524510589426
7.336936677239628,11.08446445952703
6.427898081193182,8.720332391496608
9.808057211272235,13.908379209145352
6.564223140028341,9.4905810509507
5.490222690554699,9.136804881871953
7.634085830252067,10.438203077912101
5.285495392225882,8.164355986356288
5.552715831542903,8.844271273345715
6.096946945981232,9.343506482248417
7.321751249410708,11.167580627649835
7.166254661545139,9.840294600849521
8.998459310013956,13.624108340450436
8.697373269420567,12.699420252698815
7.131591469953507,11.237768870444656
6.66852103787815,10.4393453300704
6.582343920307493,9.89300764714147
8.869975436470046,12.001871418308475
5.260362031106348,8.030657846703267
5.064108247553029,8.871711563494925
8.97772195963324,13.465985242388077
7.385731879945246,10.55307826588245
5.65440569276788,7.376134688220368
6.177829672972506,9.307050740414448
9.662519765486913,13.451172274519736
9.29751487812449,13.032131547729195
8.548925251119863,12.522979902259536
7.4111261516866325,11.33145767168479
7.601618130956929,11.617091530698078
9.876222676419793,14.074321781771435
9.828852219421435,12.894237312344403
6.0763452289291715,9.121014408368358
9.055522831526591,14.018672289606505
5.986213330835084,9.37056436440334
6.067687389419757,9.465134651525641
8.380465170822884,12.23630117487439
7.025005492937742,10.637696402778285
9.6577220355326,12.397710352096158
5.445048674480044,8.414296250920518
7.557628204047465,11.050207428959613
9.592607652215605,14.151876882285432
9.520568302397525,13.448518410188177
5.782646067078706,8.115919587193476
6.833188500482282,10.414870778664614
8.095607000233482,11.312816076158805
5.7969744238570104,8.347976488087703
9.840110860228695,13.391053508916142
9.573746643638302,13.75974808719822
5.834750895172346,9.631081694086848
5.605777306304927,8.968397740154707
5.427042414041327,8.828462508658104
9.547218320183156,13.693184620638787
5.968119048977304,9.212406447203
7.081424642721774,10.846174888747507
7.244256828260015,9.483720460377308
7.995055221067838,11.649610440933822
5.358676718737125,7.907949545173424
6.13379308700258,9.942002990675167
9.65745193459463,13.515364668905125
9.542050536342847,13.465934687745332
8.906453237028462,11.935207947307251
5.097006228091077,8.624822918215717
6.63503384248051,10.275704671113516
8.13979367671454,12.046226353227699
6.375951058867378,9.244629844556442
9.547933475268888,13.0707002478536
8.169447309162209,11.915136498217603
5.359533586582228,8.084191098774648
9.545027944178514,13.671480014352886
9.788833290881112,12.666143647673973
5.388562091958628,8.222502232147056
7.661801174306575,12.092538141881136
6.516821411070852,10.039928607282905
6.964195382407012,10.44043129115391
5.89825608977671,10.070520575567729
7.890360510062063,10.300455802673756
9.789896766244453,13.340220562099288
7.515363001358045,10.817849015755959
5.414572906972406,8.926663104869581
8.100006667387042,12.157836182478569
6.701114972256285,9.608334612216227
9.27962594795649,13.634528298619063
7.173390741582351,10.406411506237967
5.964198044711228,9.762857466478057
5.955528113455725,8.630312387085842
8.843820903605803,12.550929284793883
6.3279379915368,9.348441932155879
8.836166970796114,13.131415550738193
6.029436553832997,8.973933256316512
6.608431843506547,9.908893947701976
7.327434862198497,11.046327533469722
9.715979248467253,13.931804339673764
9.658657123769123,14.033864852259534
6.034359377111439,9.34679364095606
6.791095206215364,9.94018978981852
5.746996942268861,8.721546958043259
7.5499253965674855,11.072746633484789
7.302912753473333,10.88829154220519
9.503800812253662,13.330975150780176
9.650026888955363,13.589633977229209
6.91783695503646,9.5427774157577
7.458689715094947,11.284105300341276
9.481181245730665,13.467973639321514
9.033539038725309,13.341182053240914
5.018281556723246,8.022018121771437
6.600297820917913,9.051158595840601
7.108871209680629,10.351422356963417
6.148581418416159,9.278332740540181
5.997858079479694,9.568881348092432
5.188922532978398,7.191570267317379
8.216848625348803,11.880808108893032
6.312551452415828,9.831899350795647
5.261735892156565,7.983339127947117
6.154896552640318,9.423189868076806
9.009569764180632,12.497965462441835
9.257445908232732,12.744148623269083
7.415331225966513,10.694187546094158
7.080353352043431,10.141078026218612
9.88926846750891,14.208931316978857
6.002823297940349,8.83591201911073
6.076796414273042,8.840700693603686
6.459335885181998,10.635167395638165
5.863786591405437,9.516913915598543
6.896827991020933,9.34543690889552
9.554171134948769,13.082621217012255
8.076739203142871,11.8133185296328
7.059732743061318,10.633556825289327
9.672053972856073,12.86121833455884
5.2423211623791115,8.870068141266094
6.051380889509307,9.674269277001981
7.829443025508795,11.636282446630721
8.077763115965896,12.371679984515135
5.197787532813066,8.463490035661138
7.015193789535661,10.642522987068716
8.245769824154364,12.673763424896357
8.490352732017008,12.739033068784265
8.190699512581347,11.408085685641849
6.602816121804622,10.239976935501504
5.4676006179895476,8.228986809108166
7.135562232096671,10.814751953991145
5.643772186840278,9.010833377718239
9.738118292603335,12.994008294896009
7.375854330113141,10.790102390480252
6.586295871784338,10.036183557931407
8.8315203555945,12.379679331216321
7.489742962911319,11.145046526688963
6.55017012006225,10.263153032575234
9.059838711954008,12.85650992222943
9.335760755005609,13.31521264436086
8.365040831443384,12.729761037010048
5.234822112038336,8.518384826058616
7.8316144008326605,11.49834942583643
8.816474559986407,12.100729782163008
5.682515060417911,9.154531078195918
6.143353756923017,9.537099483003589
9.412475525340682,13.936840347259523
5.10060860926537,8.1441696027701
8.763635689129881,11.60822957688886
7.3688664625721145,9.992579320672407
7.233860794198034,11.048473334917508
5.035482662474436,7.757482396120247
9.096991154832464,13.134773261354205
6.799124503182832,10.216065726070577
7.7038281565027145,11.161173953956297
8.386503431678296,12.015623475219844
8.513147882189578,11.783082706104882
9.77990029413036,13.727991508506596
7.656699766183046,10.895793003022455
6.998597754872138,10.212189045783713
9.768518132458539,13.560397236595666
8.210551175127605,11.739314775203768
6.490751781382778,10.249988865912878
5.632321227017856,8.693890057819079
9.212772507325907,13.567178177086136
6.810908013970758,10.94201709242815
8.302348606822155,12.390290653714661
7.35408209682949,11.092132783729644
5.994648898975192,9.35699478351199
8.008433043102325,12.042799006247826
5.303415344753412,8.408778783002216
7.066712299355961,10.972339682205753
7.733074698318355,11.586742540626869
7.180234870592895,10.43636161432128
8.743360876254954,12.939958491557347
9.139624772726563,13.01328973026066
8.85621537016589,12.57439244039291
5.1940647390590104,7.994778106671317
5.970643852229861,9.24778204661312
7.683037546318872,11.717876363289138
9.674110202219007,14.053402245459328
9.174783875260584,13.186437549042179
9.212672541759009,13.355028870473328
6.516040968798374,10.455097558319327
7.147239485393513,10.501704236886784
7.353529736579687,10.26652568213052
5.786857916749552,9.594794426188749
5.155340651222281,7.921519655451379
9.734514497302584,13.336248335091147
6.203562928317534,8.546176636313765
6.199744518618156,9.725334948923935
5.416895268843797,7.689548010336446
9.642538759718892,13.195917107816802
7.89868557469886,11.77254108689616
8.33518428562677,12.36318176895631
9.557884436315263,13.143609249469199
6.728100844503947,10.006644349908534
8.10753655569042,11.292746603625426
5.193997273644437,7.958598334467734
5.933862641155646,9.25374279946323
9.156229025449711,12.736651491141425
8.833841781691678,12.47850261794218
6.753213457285734,9.371502807934098
6.884053138871062,10.827341849048343
7.667772167767897,11.456359897907008
5.001205023425673,8.397898714029406
6.206221680190139,10.092678678536597
6.041159043041072,8.836784413876428
6.252414733748817,9.323700438984568
9.029529212667207,11.888017871409543
6.398369282732216,11.248254594329778
5.957606610250741,9.0743352746422
7.521317303965158,11.544944714715644
9.32822518186366,12.574789646068663
6.206748519187499,9.946292435846503
5.392681213963994,9.400012895081627
6.782023679248324,10.108288040583998
8.73825912282489,11.980470199095066
7.753452723473973,11.234745067695998
9.083966847871737,11.787379454967471
9.79796073804617,13.738609535144482
8.963312383758085,13.166458430166198
8.019015394218767,11.604939650875764
7.4667079402619025,10.8179797509698
5.200345431741333,8.504198576145615
9.921609894070206,14.207944296359024
6.917405612875212,9.470933954197662
5.761141069584334,8.957780764640594
8.333544276982284,13.218245694493362
6.421441445477297,9.038221611748744
7.928891354655239,11.471960209169753
7.933839539222956,12.4914805080934
7.228649104514346,11.226466503689053
9.180593077725213,12.760013352882224
6.3248353077772155,9.692870059143962
7.243162958088671,10.690739709713993
7.688460642954857,10.852116869384995
8.318123603836497,11.944622270857256
8.919859252527948,12.563848036630272
6.97403641439128,10.42521816630791
8.23023472048298,11.502090074234058
5.753054765342595,8.265356618288783
9.663240502712393,13.575248216558686
6.915294032105018,11.155911947615412
8.647607109882191,12.418229994990027
5.101705409410888,7.9562496018272935
6.025935714524035,9.608165759948092
7.43541272161789,10.843335459643779
9.391262338661733,14.203531268873634
7.636275749753386,11.161574645056524
9.649352411469394,13.929471425342355
7.418984482913982,10.525479188300142
7.45224548367975,11.19423920708403
5.598733942502659,8.856027469475068
9.0132812207611,12.787684402583714
6.234827062335313,9.230913594217515
9.498062446861574,13.078659853407702
9.55412110165198,13.6061216539722
9.716550559370749,13.974330226093135
7.60115244551545,11.057801536471473
8.385468923918221,12.20619667326226
8.892579400308318,12.652137941303597
5.655073093252328,8.83535072435549
8.004785974987486,11.50552067864637
5.171489506516559,8.214773697504024
7.48783041694363,12.334416728741068
5.774213408101137,9.084873239125077
5.914614629810424,9.42018603498803
6.8252378334630075,10.409297202819658
7.162185833582515,10.463214588650489
8.115862122660936,12.386029153838956
5.372142092192578,8.300988625417924
7.518458806187223,11.549677841895942
5.9131256512655055,8.928647282485382
7.8698758751587095,10.96386479061843
8.187023061305919,12.007125777685198
7.783546282764269,10.78792136126607
8.691477552391538,12.69759317537815
6.678046221204506,9.416576137399748
8.825532958165654,12.431135534562358
7.163835408540969,9.880737641986792
7.420922491612984,12.317190494636945
8.240510636305357,11.06163298375827
5.09179191999612,8.115057174193545
8.269971107101242,12.495617465686497
8.092925745360578,12.229703848726206
6.5492355837664,10.284753761606247
5.428971424497448,8.356151515286198
5.454677249565206,9.221157172646748
9.616118734926143,13.996038027312462
8.446396606129186,12.24182573618526
5.635513068853702,8.882906061487738
6.7836158465445315,9.98837769204575
7.962414969507982,11.100071950493058
9.177858525453242,13.63200571828325
5.218304643565043,8.918069569078817
6.183165657350044,8.977744218305093
9.4487449514769,13.261601359199183
5.0458277509190825,7.983281692873434
6.0069955139694375,9.19206666489317
9.795120879864829,13.786292495131585
8.067009232610856,12.153841809956116
6.308356833187532,9.196419545581668
5.334955471979238,7.978773070618755
5.140956702236111,8.78745791375482
6.223725398184636,9.237148106880914
9.407429097944553,12.65739724074493
7.079568271487547,10.25291695473512
8.601666845829964,12.156973847373957
9.59142517689979,14.28719157614263
7.0402023080140825,10.910655875805267
5.956386855186985,9.721424534540503
7.585589654284597,11.512694406314909
9.540418435299273,13.921623958166784
9.021872070688502,12.482205421536042
5.329149216815769,8.29567798250218
8.46286400038791,11.660479143953717
7.859487612294769,11.326141119485207
9.537315881732127,13.786831553545923
5.612407084251486,8.802180143507906
7.670180566023284,11.859957088708088
9.397313467559462,12.706068264957743
7.050118933708715,10.710261895799578
7.409974588664335,10.267818105462542
5.352303388334791,8.46985230058857
6.390718202244554,10.039028553971704
6.622533245844737,9.839788611601575
9.725612243724434,13.946297994512799
6.413336802705795,9.216137995830486
7.30434367634826,9.93336742251972
8.356522117821399,12.30634135262958
5.810916862039387,9.845105351485133
7.432211935709372,10.4206318527663
8.692695197379539,13.042331326908844
9.334276065135331,13.222842982570603
8.131296373312134,11.089709887128024
8.345267576584739,11.448568441225605
5.631417362922845,8.76559322218774
9.728882486231736,13.472427839516032
5.662870387422412,8.138987976527774
8.873364685908992,11.801017982478088
6.3240816088915945,9.165538266706658
9.667965718506258,13.698463366373069
8.599797696847398,12.316556859915309
8.769068564891844,12.272263299120175
6.095295865299416,9.41529863550504
7.215199883175805,11.17825321974231
8.089065972946432,11.903942422752793
8.849868091033004,12.559187373544814
5.519796879561948,9.087792258804681
9.81182658227264,13.294266747619021
9.45110335277278,13.22886425354966
6.351742952477922,9.521547575173322
9.11380121516166,12.318084828972568
7.591619615199117,10.900006457096762
7.3090324078100934,9.73335904892446
6.572170529057027,10.842693658699911
7.904842933157962,11.017104625571397
8.649445588517988,13.172391771932242
7.054664524813791,10.484639682636296
8.14609596504146,12.05774722412773
8.49656460577652,11.951477627756358
8.55560908507643,12.370695748072553
5.259830490655901,8.637041408781299
9.298739028425334,13.490763041307492
7.29126657382524,11.136906583627466
6.312080408481072,9.390330135157697
6.208822537398408,9.210407208632411
7.415070564219752,10.1009965144299
9.434157697344796,13.582598742402224
6.891737908413234,10.811274845757602
8.748628733917716,13.306345320660224
5.484093654936093,8.733498703213565
7.380283510755309,10.473100326452085
9.958430701963678,13.101568770711685
8.852189013961684,13.143460183295696
6.052642442203065,8.36503264725491
7.507207368489554,10.83834680331558
6.168123818242833,9.289595167919577
7.047804636312547,10.422637994649547
8.900420118674823,12.698405442427708
8.85612407645202,12.69642266992621
6.140501889511926,8.160920636375046
9.611116590774301,13.540667863864224
7.9628409138241345,10.440621309533023
6.899621454810072,10.645654782317584
7.509677903904303,10.734050906783358
8.02535626718872,10.551909158014789
7.799452659228927,10.952240852382024
7.432025177680891,10.63339254362474
7.524664020447,11.624946633313902
5.882059552139431,9.156790333442439
9.063664521523396,13.048619898003366
7.708801599705077,11.841172736756393
5.655399308523515,8.738407026265975
8.83078550791389,12.974036590012869
9.662219891886753,13.9365944272301
9.73653449618481,13.040606648637064
6.845088662055864,10.95059818328195
5.67758436780377,8.102950351329177
7.591998133165326,11.569081084537315
5.563046146746103,7.9171188576425084
9.669937092563085,13.904542905151539
5.9178981367757295,10.032435203205962
6.2638292997558205,9.410105831431878
7.033182634424852,10.311641339883248
6.915822342795629,10.604206811013178
8.973314461989446,12.603279126406065
7.281584102754811,11.647040275177183
5.8538413000166845,9.12070568474937
6.33604947743037,9.443174618806081
7.54556692593761,10.78453754717729
5.737269587130674,8.4182492694703
8.05827837823007,11.35605656049734
7.8287365327557294,11.219147142477578
8.573511581911289,12.044394361544256
9.68852307689684,13.297140055207654
9.561272805505778,14.522947981783155
9.730378090344157,13.161406170168242
6.223577985118505,9.541609875965293
5.657826533196773,9.085652344716564
6.511383502482243,10.128714200770558
9.475425863831573,13.341207498706652
9.860267373117441,13.711969561817275
9.29662475535238,13.381723452042607
5.550088605637718,8.793367151754364
9.737139990298965,13.555088570975002
7.11679013675393,9.7592088782425
5.046551453811769,7.821899883407499
7.211968703740968,10.081087362635433
5.230345848377338,7.942835243019642
7.7193896058055875,11.279879146225184
6.692770137185256,10.210692236620615
7.367174667970244,11.730835977210495
8.065851803715585,11.410318975006795
9.344005479089102,13.600119392544498
8.309507882359643,12.12438947105049
7.1702443423909035,11.252292046188979
9.097139268351825,13.204681481820002
9.52791068786566,12.929252111795634
5.598799832160986,7.857036783947568
7.659664887763958,11.347228715150502
6.4225597987122205,9.442846259504469
5.235305989384737,7.792210314286385
8.342733475569926,11.377491318417372
9.313853887296128,13.257112413548931
5.814513272386971,9.731269776521046
9.062068288119502,12.67014577289038
9.266978667684707,13.415509556759309
9.571702213332419,13.434909480890106
6.326425445430262,8.947019489964617
9.519765325949447,13.791124062894545
6.603313773682161,9.376630506404906
7.761690067277514,11.3248413960298
5.252537354161411,8.13228461749104
5.219405441843718,8.709825247495306
8.601866063661014,11.793163780157872
7.222399889888955,10.862314821767725
6.2814618768460875,9.117855548540954
5.952067480124551,8.886928369985068
8.34976745429609,10.202120831385256
5.0020077201266995,9.048458549960994
9.029455845984272,13.110625481594242
5.3962480306496445,8.09182389381049
5.957448074540597,8.586609845282219
6.9311819764954485,10.069593995354868
7.424293698580518,11.267592205706347
6.774975579069709,9.183928232091189
6.60356082492147,9.853480780258593
9.819580060365942,14.668817008670466
8.207898406216971,11.282504919476464
5.117164776836941,8.180790251586158
7.150879542221566,11.682710358294758
9.375043498719851,13.566128013309207
6.50728093205334,9.871699028706734
5.472781723871941,8.82065629610083
8.79192385794959,12.349875962034655
8.030069159680407,12.285898634268209
7.8515625391325194,11.222210035508917
5.267882798037039,7.341868553276458
5.702495048977586,8.647342506802875
8.11274698106557,11.251929112340331
6.0391192072941795,9.1063460426543
7.520350398742122,10.89487844895023
7.724408430146967,11.868001716078815
6.417535951354697,10.048689504957828
9.742125777707464,13.822183677036655
9.212320534177875,13.053311935347152
8.611867538163992,11.804812041367791
5.389969332047046,7.377375579623617
5.530650096545097,8.693360121550507
7.463906729324778,11.354008676976562
5.803566745954928,8.910113153523618
9.89132731764737,13.602165619783493
5.792601170137047,9.183372486771564
7.4373391773198705,10.88314091247167
6.820605284207527,11.027598437036012
8.19693210727049,12.45268269975873
5.645182044447124,9.253972481848212
7.151582140211954,10.960765625359297
6.373525164035718,9.003146489617134
9.438757623358441,13.658005999056428
5.202928560673476,8.431677251631458
9.568637470032296,13.785577328234337
9.164970692765003,13.244269574724528
6.487853582204077,10.011805592568926
8.946453273385524,14.086177162837426
5.156067801693737,8.149188527056525
9.834327751466969,14.269361992175027
7.632974712948947,10.924074750406733
6.516405130327226,10.215006948336507
6.812916062973385,10.645159220684288
5.332026767302487,8.580645159330658
9.946747570210196,14.770720555440484
5.196459725753463,7.793613652723946
8.274535615739296,11.685832268053044
7.213679638532291,10.762605609250494
9.744581090943576,14.133900735874404
6.229998701533976,9.565713202488237
7.6604341196900565,11.835400461883351
7.4117810429137645,10.563292316013356
8.514332220250507,11.646909419556332
5.340051159762103,8.562125559982775
5.968945650116774,9.12414464208328
6.072824100464249,9.558820780736209
8.69075377420845,12.415203383616886
5.9456934816337,8.964822282648711
7.867458819454884,11.403481797483998
6.076219102504768,9.305887370402314
9.308124750419893,13.017259050579707
9.710927272448192,13.551546703776115
7.592464874711203,10.90916118115999
6.761544421045891,10.542185865189774
6.170288875087495,9.501357152357894
5.248905007615219,9.427062245222645
6.342500380987477,9.691352732824202
8.27117889972659,11.649985944507575
7.668084656546054,12.537039275286798
9.720206391404638,13.871060858542734
6.981386312458503,10.872725968396612
8.469316711641973,12.459231545571612
7.446613737375607,11.247441999499603
7.562881079621058,11.343284321221507
6.338871573020588,9.055603605236673
7.274753884209998,10.913469184832703
7.353924985063536,10.162279330151124
8.53321260874467,12.152673712287337
9.70319999593057,13.28103126683504
6.646606387412522,10.154662757819386
5.211002342906492,8.420265935156907
7.481475627503198,11.218343698386432
7.7223066607458435,11.410416279269556
5.842202755659576,8.707230635898291
8.802323031380332,12.432285892980559
9.924645542207458,14.369772731276191
9.728873585042304,14.208576640697965
5.985530194118261,8.609244683628638
9.376816199503804,12.48671562314824
8.522468182058423,11.863517126867752
7.269232819034558,11.245683173857595
7.703054971623645,11.851107981039892
9.24800087491229,12.63524510969416
7.400674698191866,11.034464314698408
6.866036845525635,11.156459881200805
7.466237465129929,11.16714069677608
7.895649020175245,12.18553046682684
5.945388268891744,9.63382920771164
9.504538651334954,12.95034702848799
8.37093474414807,11.950130981229144
8.166344586687444,11.816990743170857
5.497481130903191,8.6490440510945
8.020869690862959,12.083208105754837
5.604803311192462,8.93010635456866
5.393488375976995,7.004085579283336
7.636554478211966,10.507445237307996
7.013927670232475,9.323022746790947
7.944051350781116,11.620544241265007
5.446110840286193,8.655576833077312
7.154915314236292,10.727510856388909
5.87393357522579,8.569256156413639
9.935500429620582,14.259672518104692
7.805751062175872,11.725032522845312
8.437184304704337,11.497046632042625
6.627091403413039,9.219490583371211
5.47369457389672,8.568367645562596
9.879354313917684,14.7511163135079
6.431295176915916,10.56742558339842
7.119040925867871,10.824551291265472
8.249319608512875,11.534185194425413
5.123486488430556,8.591605115860961
9.051295652586434,12.635342650699199
7.6828909501431015,10.835715621834817
6.391085935344111,8.597319706601935
5.308039926462346,8.42083901092864
5.812492077372207,8.66005681827796
9.475169294267184,13.418418342884873
8.430121119679455,10.966466495496814
6.249508608184449,9.584323666113182
5.3280038247251476,7.1780440076843615
8.453076561933182,12.687662000954095
7.862038629838826,11.695391972874132
7.022597622291175,10.287784761037116
6.818057245950319,10.463028625181423
6.0840713796455415,8.811848524242874
8.348056282687589,12.053855297032554
9.853340138969353,14.22139518599339
5.878576229184129,7.5071468504752605
7.985583100077517,11.359087540254258
7.120925278729882,10.53378826940767
7.2334436087233245,10.581985521595106
6.270736400639072,10.253434593880588
9.125674378307096,12.388858691507073
7.426278020736206,10.600954003160831
7.71702926099132,10.302500600035359
6.523804563986628,10.583708802420526
5.909042328334749,8.9677057226973
5.429551941014102,8.29625788519857
8.57059570462458,12.25847350439414
5.981171408439278,9.495523604342296
8.450376770943988,12.314133826890847
6.951882230234769,11.666200783060267
7.078874004948258,10.721616750139795
7.345887480463858,10.582442261972089
6.838542540637716,9.925572680003285
5.503099886112951,8.407340387127137
6.548159050014229,9.106872397702157
8.318671803469693,12.002338267909424
8.328922007344355,12.386440461917685
6.431121536199972,9.410664043128348
7.30051313278844,10.356925731204074
5.967236140059687,9.91865594121874
6.051860407649179,8.548990910868433
5.115235442033037,7.104373342200994
9.483732749538724,12.804028327622778
6.053533325374531,8.494023631887288
6.137669384682317,9.558316293671073
6.3980071632256585,9.497256345646003
5.637040358477145,8.654604907660655
8.196314415906814,12.412044387575564
5.375714765887933,8.105190288484131
5.671012131631751,9.192759263830922
8.223783632950465,12.624201759142158
6.6983031024072135,9.810132473881826
8.539739133505945,12.61619838798529
7.78712372335071,11.223639511756362
6.280105865307565,9.998176102789472
8.25413975244664,11.119223109147832
5.581368401464403,7.874885959194611
7.682051915400152,11.02282844102641
7.185740525225173,10.178426225740322
6.3393679140872035,9.3488869421897
8.0200249886975,11.51426669521343
9.356667961701412,13.588008319959819
9.994523498815383,13.789597909295491
8.038813843717122,11.234645957149002
7.023529371645851,10.252478557595571
6.126035501081008,8.9666699613939
6.2854804469755585,9.075573785339314
7.397274890748829,10.07022146211011
6.836388506403546,10.238405265794794
9.569072613124721,13.198534282451138
6.841477338278548,10.692912175551593
6.867222955727177,9.516969500843143
6.917672562169885,10.030165297079924
9.18310105183829,13.926174872535322
8.253941604234509,11.434925166532485
8.070844251594464,11.566746475865294
6.670715111919311,9.396936142890487
9.089520884162198,12.233211304604147
5.1918193067785054,9.003838659678046
9.353985861690566,13.310302780347252
7.563749498969647,11.14333881788239
6.991251174317064,9.541343291622367
7.485836403588428,11.162374378360266
8.337077652669155,12.583204156199898
5.063827132589487,8.65133108952165
9.357759282291239,13.563477753552567
7.233697626556964,10.115694363070654
6.714832598500391,10.214360826796964
5.691227828170286,9.163265874042645
7.19732687179221,9.7395704536062
7.481613856421895,10.41729683196538
7.018233472467389,10.865958827832587
8.393300469134486,12.509983451297348
7.10448264379613,9.75108765574466
9.807087889232868,14.166016196714027
7.996387589117959,11.64331680651836
9.037389678259544,13.235372091215028
5.546779515547394,8.338874756939903
6.986456464729528,10.706339505915885
6.684238507235763,10.443000595925728
7.847411940682959,11.241226861091695
9.305567600307128,13.175557393455197
5.391691088810033,8.145768491819712
5.362873990223554,9.261268262611203
9.251588540787996,13.041770279282712
6.0642504301917874,8.816088353641554
8.343766272249068,11.654606569761507
7.714390661804026,11.320654094735886
9.164467974436146,13.374027155212481
5.625444549182018,8.08262003644316
5.648914828613057,9.70252779580689
7.784091801391538,11.495247808697654
9.731893266791854,13.911499906634932
7.074988791853771,10.441391778312807
6.634710501273474,9.97128208520373
8.03344661598943,11.565994370223613
9.652243002725156,14.091589587788167
9.184639164223118,13.017602703341055
9.9774180536661,14.356426773645673
5.112842916011886,7.918487737537976
5.564290723563811,8.774969132432732
8.04733881683311,11.25484640808002
9.102882196669249,13.531722752277867
6.426221711533833,9.294592433481041
6.196055440171094,9.272776806074647
8.934878996906004,12.564374590059833
5.281909269266158,8.161315429282507
6.846913237912926,10.577543770216979
7.529046112961648,10.876526453185656
7.801743371751617,12.059054311372478
8.643075783963884,11.962453397691576
6.774228617153291,10.213763075555303
8.063421723373036,11.288213073391343
7.926877113954782,11.722738928011472
7.738080503268735,11.277721740434096
8.20241646571106,11.765368736504033
6.297245855340382,10.15093250966022
5.423243767923145,8.180721585980223
5.5963583601987175,9.008887611047461
6.122911913269506,8.96301433958601
7.500989677613926,11.057530213216898
9.202213752730101,12.444868839164398
8.50646671044192,11.876501479376934
8.945203021010236,12.69317210242585
6.754878119630456,11.013178327218087
7.023268708242751,10.478324385121189
6.968409429953065,11.189425473877032
5.959365922022507,9.261400752272468
5.30608329071786,8.173757826623962
7.954580464136134,12.315174818263708
9.94608341710293,14.153808911560224
5.834148524751314,8.67961743276022
5.233424099496369,8.515394649095791
8.897658409119664,12.530892715989792
6.262930033423621,8.520998942022697
9.148219026764643,13.44584941175038
8.519683335172576,12.771087030028056
9.728367685254023,14.593012237300965
7.04463617878336,10.664635260637663
8.309849197253172,11.84745732466254
7.324273904066354,11.206623398568917
8.152943486542718,12.208442366510713
7.247994530038687,11.516734027614634
5.943161232120374,9.109479667011227
7.5394870800169045,10.964595009736488
7.642921007187212,10.81373299874539
9.053019241300806,13.132354132923568
8.677603528967905,11.638993400646068
8.31895811970722,12.370793430079948
5.566935477762863,8.974240134248332
8.603081453318575,12.616232845211476
7.501525781772574,11.070943556378008
9.470497680530796,14.131086340402497
9.599354670652714,13.95522233749669
5.275782953008927,8.027400947922862
9.103207801772394,12.629259837278047
5.188486952113353,7.786347435828704
6.835848128475114,10.478659420557928
7.711499878105395,10.753730393106496
5.740503993135637,9.430300863554441
8.731569062845384,13.139369529587231
5.041773520860692,7.610620090557605
5.8429952421701845,8.918820023307795
7.903984149267378,11.493091469802062
8.571937810186462,12.728316952458588
9.58321551346958,14.304530303968436
8.527483259673119,11.390233715173453
8.35889635127433,11.871585262765855
6.971705731753321,10.233038530323812
5.006422127634007,7.3073716257175345
5.60079629367811,8.4784005427617
7.672772723780196,11.42121174071154
8.375649429222099,11.91143986364674
7.087241419482313,9.732379119075068
8.653395057641951,13.821115418175298
7.609311476660894,11.264262704595163
5.370880977971561,8.50090423861921
5.960081254839745,8.60313432427417
9.199991116219714,13.170342420449293
8.624563733122198,12.26736958772589
9.473809935062475,12.424310215717265
5.587786245604683,8.17021577471841
9.95111267307537,14.338798216527415
6.047033569749668,10.22844910869982
5.05889938143321,8.254261960241376
9.98711469526777,14.536079273468008
6.4053694272255655,9.608565658379074
8.3400972625628,11.96484363473506
5.883411570881526,9.605583398867564
7.901142660995708,12.312759837784585
9.520174932272797,14.074758265460165
6.600905837142193,9.387905466878221
8.351269880221796,11.988044411108532
5.939517943992082,9.266183875028647
8.123976993593626,11.618933410558586
6.682251759087551,10.212630882612858
6.056041292939758,9.677537957362182
6.565910253518176,10.38049718019938
5.894205342538997,9.915981487157557
9.509580539189415,13.24677609466488
6.985934431585644,9.701104735483115
6.226396524871837,9.65079312685343
7.2420392050796645,11.632352561687998
6.602680834032478,9.684729070861945
8.722096269066629,12.809939011411814
9.856099559427472,14.175192367549288
7.190168283488234,10.723922963858184
9.305166999861202,13.169662760355298
7.829315367798097,10.933463838497019
5.786178325471168,7.8025829543551115
8.453113710406708,11.587811099156035
7.567172485629101,10.88545490819907
8.253032616260517,12.452350483223974
9.448437062858325,13.2865604442543
7.2021728532802305,10.383094564477203
9.505888116086778,12.96157301832742
8.753345071408274,12.83241699994467
7.443024629389924,11.61080813848321
8.016110678289818,12.151050674881512
6.627905662595057,10.256561644993303
9.917986498693871,13.163777425241175
8.33675581525198,11.82826985688049
5.219234262483149,9.236733229424617
6.633109528740044,10.520706680445665
8.116572168795287,10.971134993436982
5.281666388996199,8.310204405195805
5.119420956595714,8.324854364245375
7.250121197639013,10.319066205653705
6.66345089846335,8.841539067451595
7.191493040165829,10.67920367070721
6.313466549400026,9.182280730469811
5.823588734714905,8.596385612115544
8.445716784901688,11.957519961916645
7.572855581339002,11.020588740279397
6.000771056246834,9.196383870448358
6.597947131299992,9.47554160809899
7.959039538316629,11.440742681162916
5.361146741362389,7.554664404433488
5.737265046330898,9.040237588281116
5.36622802053695,7.011335917973761
9.061586663570594,12.729158956067902
8.762046166060045,12.97404847611053
8.766564659396286,11.99020724763813
8.58162671738014,12.656167162684866
8.346927118349345,12.59417889807966
7.384959576890875,9.208001516020357
8.211390817535575,11.777987529254819
5.191807773939873,6.792282614913709
8.107322113283923,11.669682313155233
8.889388527684385,12.6636806277306
7.501791801921951,9.760878169350923
6.787566642136184,11.107499151603353
6.387133674004896,9.807568312623188
8.214010250810412,11.432300584931477
8.464005993149543,12.889496905528711
9.354837999312712,12.327998988854096
6.7116704123049535,9.439418978006787
8.848861536927927,11.468906082478563
7.80677912094669,12.268657543405695
9.414182453390396,13.463192129804476
7.639060541478104,11.496573544697972
7.588149141989836,11.256279587347041
7.8893854072045455,11.754146369217747
8.746576775712171,12.5349309878026
9.823452394142304,13.923603544324486
5.367816771078829,8.495181843406069
5.2671730119550855,8.016311711561462
9.687751687036693,13.601989641836695
7.649378127591031,11.316051039740076
8.07451507283468,11.744692647177683
7.412118007973644,10.155655555691714
5.4682872630373724,7.889451381340642
8.840446892093333,13.149956987470196
8.736123225442935,12.32985084758982
6.55851660746406,10.162582602474842
6.5311962261420025,9.291375516509204
9.189206904527593,12.290475347109846
5.361786288706633,8.012345240182103
9.405525741782828,13.175348354753687
6.283308449479572,9.207399989733279
7.96492373877747,12.204875248085822
9.67997089500889,13.705726724779398
8.390612507683233,12.99320431850081
7.072149062335183,10.68878295183793
8.447671044527077,10.930929844472587
6.719898181581851,10.591898621127497
6.38629208174593,8.908774686860138
9.983416389673398,14.095366501213746
8.753951155898939,12.117399358246804
8.223599886909088,12.939675381523
6.776448216096593,10.85153682303098
5.2458041457752405,7.924054654079408
5.155284380175778,8.122662422150379
7.770906277243994,11.447386567517402
8.810163605195255,13.00390336201511
7.686895952219276,11.238851098825636
9.203925359695573,12.532262981944253
5.1671326654661085,7.8417798789593025
6.8337603821297,10.198271560367244
6.185351955870891,10.039650836427413
7.23636484078561,10.897556739210755
5.361881965970612,8.047550895857226
9.770658207855362,14.048976238281329
6.116277005346804,9.146039986977085
9.611538877417924,13.97905065549493
7.129465775183409,11.818864139384392
9.927620666276091,13.733731614059534
7.770291917301053,11.72515288062445
9.654164320879037,13.21230051903598
5.0267449434711144,7.97596204856969
8.7411940309045,12.50421398052145
9.515253265512577,13.3214620885929
5.69860283489477,10.069830246261237
5.480629258660757,8.423458573053718
7.122863035929778,10.840861412508167
9.668394530664676,12.637030002135894
7.7119328009521935,11.470317642827435
7.63728231860866,11.735766078506515
5.705630591496609,8.582958038506405
5.003947555466094,6.749625996039105
9.050700453727305,12.841514660059104
5.4378728149311915,8.534039303110195
8.169249093676619,12.165136437784094
9.573082272575958,14.493150244797866
6.043259565792155,9.061884653650432
8.326364181184553,11.563492955591324
5.393492883537547,7.888732559559335
8.018775719188065,11.721570171541478
5.819658604766014,9.223267455128468
8.67976780257589,12.142893665909776
6.506156473969541,10.196729141626342
7.316955044023231,11.013038091237465
7.997152710138108,11.618199096988175
5.856367053331198,8.576433103625373
8.708189093088105,12.208894753963364
6.513201703184073,8.600964394979615
8.311859299563768,12.092124691575536
5.791415253496869,8.96286894856996
8.440588296031752,12.222945450782845
5.640940364052309,9.021287944645051
7.1267824813499185,10.745049720836015
6.236030368694384,9.428044852110242
8.741876247140912,12.51458551815047
6.310175022534373,8.870051818693163
9.408586531976981,12.998443515527665
9.459101057033063,13.376156795281407
5.98220657611393,8.810721103380535
8.069229725038621,12.113151067982617
5.438588208599821,8.19698980984227
6.957685498008146,10.457375303233935
8.566608647506362,12.338213205415302
8.297116234249582,12.329678277904703
8.12350334703304,12.198599603453799
6.412704318312218,10.042261487458632
6.89012474717201,9.215146595914844
5.514730723501431,9.21475094220828
8.595114102168004,13.077791034698905
7.519443983956368,10.782270638586906
8.543828161728273,12.370917250410352
6.244717623984364,9.048245308715845
6.622191143175331,8.972440118444322
6.671076686300573,9.635934390789494
5.128712048736081,7.8843849387514915
6.705239364153117,9.868861871307832
9.016522867590169,12.34037039610521
9.486492478748692,13.017078391089811
7.591091578179637,11.10380673300136
7.277508476096101,10.34789667976025
5.154123093496851,8.456709878471235
9.396021687926913,13.616056351211014
5.065051067129364,9.268255153637481
9.72375040105106,14.231340447323001
7.446081243440453,11.05684902129275
6.709672467873633,9.74147481311452
9.6210921742133,13.69218428489296
5.121954965550484,8.309643938618759
7.907124474345435,11.231892824711693
7.744662622496688,11.685460845372464
6.09660200605691,8.616873399927355
7.144437156751053,10.451124670332508
8.261320029718851,12.191513265321325
8.635655984409638,12.218995107495518
5.003584293532899,7.9009239505248425
9.684267150455076,13.55222764994995
5.822626861964062,8.569351614013001
6.1679021711117965,9.98843307112126
6.317367228469241,9.07182183820168
5.189100682760176,8.386000483017154
5.615260617951624,8.945136690683137
9.931749614720811,13.44378858706049
6.57608368688643,9.927852551454087
5.576505451695247,8.236990455661946
5.534956305873116,9.337468804575714
8.597299838349858,11.747368337531723
9.272843320163204,12.800463437079863
6.284761497542349,8.929601292873027
5.104547561676175,7.446607710577635
6.115450092226779,10.134147756113281
5.282578453983787,8.610481481736823
5.516974683150208,8.690516332630521
7.157540599238212,10.260760237412393
6.149591854308163,9.833316130693179
7.579729392627117,10.683564051468814
6.267468766285952,9.917782166708193
9.702686505514738,13.206968168314868
9.529719839631323,13.113409956619751
7.83403052505233,11.779977823121754
6.772119959936931,10.5584576240022
6.905734410173678,10.585617759156793
7.059261415722485,9.946276640988584
8.63789661067472,12.142112499948247
7.25819497759419,10.788283343712285
9.283649732529486,12.715739198080337
9.720473929651822,14.350050095646832
6.67973076689467,8.814703448298332
7.8034724068784005,10.974797130569504
5.475282684162822,8.31555596956047
6.002345238831795,7.780842454212271
7.067328833550801,9.782680035142866
6.031013579508894,9.549861051681706
9.382802453943587,13.274504763008785
5.79143128029549,9.736285547376038
7.27830410776546,11.50657815226096
8.028496202299378,11.850718632061227
8.459319540804222,12.307802573465422
6.915346848632534,10.331381772648491
9.345495343623643,11.887053403408625
7.841595755389628,10.712635149804516
7.197538902237759,10.687384434234778
5.336203170260183,8.711456658686055
7.323447342225825,10.93297171674006
9.103679204078652,12.478182561036554
8.072705091106577,12.15594925056264
9.160812268645593,13.734196736752029
7.470058352996528,11.433064823741502
5.59230852547241,9.205569895362126
5.068199229179405,7.80222617603768
6.5160977335929555,10.357284341661947
8.489952357488963,12.260822148650584
8.951299519708469,12.997337187911166
6.478764173101647,9.95723292913433
7.478269604416235,10.913179972579275
7.105594522170408,10.09671218904334
7.052613921757139,10.422068374331543
6.156743566000753,9.881473087942314
5.6818555251472915,8.597488727520295
5.983442791156065,9.62680498069135
5.276661935816731,8.700529658288913
5.990653709117885,9.039315752431547
5.046004488126897,8.749605437562066
8.136292003179891,11.585777068220516
6.5818770369384145,10.653025875632412
9.865723557134544,14.055931759331939
5.968585253881489,9.154369345431029
6.729142851547969,9.631070731688737
6.789205793207666,10.102916836781677
5.042257480312303,7.948829219627554
9.196039765197295,12.406099525611301
5.159972300721623,8.083159049507115
9.700899173646206,13.239177418326905
9.460371755468103,13.645441991051115
7.677609580429818,11.866271734379884
7.7179778745564604,10.648115611320131
8.268889614780782,12.7788214019204
6.935250059674435,10.258024554416757
8.236111416989278,11.395823007917876
5.223841943442435,8.647487722235015
5.270238136748633,8.101058524970835
7.2861520980977215,10.702514179701518
7.748111505530175,11.09559468453017
9.439088201679095,12.918536876082463
5.523303169539481,8.98996231964833
9.113239635969446,12.792736861716243
6.050236686460348,8.541958127662795
6.970418242550159,10.640031953168156
6.583012174137064,9.2968234334526
7.000776364326995,9.824301550854765
5.752477490362928,9.499276090924171
7.517850372017775,10.423250496816223
9.008212949156835,11.651633110524457
7.2076700518944845,10.960634804754129
7.4530678794909955,10.79174974064863
9.24383792640657,12.983777951118826
8.530290573190154,12.079098491153085
7.452272042598924,11.058561420628072
6.288478240945898,9.169814268183544
9.424633734224834,14.047617918352682
7.885102008452792,10.724007169988651
6.105738050553467,9.549323119002722
6.345598763190052,9.935779017766354
9.015665444681229,12.438972653200786
5.220727810437277,7.753006149885824
9.9604609351441,14.461140229258
5.651758398573959,8.286679701280391
8.980342626984687,12.47307918200634
6.973876583858415,10.812306381859969
7.461080916437334,10.970667716494312
9.403252887322889,12.385331630972914
7.064555947946066,11.350996709812035
7.687468768366172,10.959957142649424
5.2464983120458495,8.094419329501811
5.011737369337266,8.141976969367901
6.22399936500863,9.781337636512392
8.402915464593836,13.064050703158335
5.606324466795684,7.897555285451972
5.568809794022747,9.095547857290269
7.054803040179516,10.837268495240458
8.239185193041132,11.818439776212301
8.560359961239651,12.666068800895692
5.892253370491874,9.53784105340852
5.397940736860212,7.786547491738751
9.70198516972772,14.51726545661368
6.303331912810508,8.784617168803539
9.266732488043619,12.552420845032957
9.317457252314092,13.050054865964864
8.862612958812722,13.597605807168794
5.84416803326285,8.858873325038726
9.109007296271002,12.914841810499796
8.846252796207933,13.331542657401801
7.983614950531086,11.430178869354567
6.686010175844764,9.433993854548378
6.31254302133272,9.366434207980108
5.609446060401795,9.416731189385043
7.548785334504357,11.093974899932796
7.926304377549233,12.476894382587208
6.796694952578936,10.525001406225801
7.376795338404342,10.529749937888468
6.8175722868463335,10.206624896448139
8.205030286603506,11.419427284853267
9.506296038982818,13.073338731454996
5.819601310234725,11.223063697794549
6.907044049515617,10.797765114435645
5.704343019754306,9.275760618208505
8.124718852039159,11.438072464792958
8.64435254744298,13.158015090072114
9.65956366298728,14.141184196481204
6.394359631304825,10.614042202244674
9.75105602932715,14.617824309391803
5.316313359103374,7.640031386875288
8.015069316822942,11.063163435552575
5.28566359671665,7.840902408328161
9.468870938809724,12.890674804905451
7.649045285350271,11.34058052455052
8.34674175381398,11.732688378528866
9.157869629552263,14.025742825843974
5.751553112419844,9.854203675944632
5.192957809690669,8.228318574589283
9.39440572956426,14.250949983552006
6.574666137294662,10.633666678373697
5.6448945396358265,8.548520167974361
7.342306185435433,9.806159750509737
7.991530378480094,11.480852261695748
5.154853017112551,7.8635125549958245
6.374478291285438,9.75262676211544
5.16399937138448,8.241413389098751
7.101676945977495,10.553521164622607
9.475500145331221,13.632442545087047
9.913262057467847,13.289653495419577
8.185237767518139,12.02796545980662
5.808188468922959,8.750018086199047
9.52924694999653,13.535087439927679
7.581239116000303,11.576191861816458
5.7687465605145904,8.310295986006993
9.608633347258307,13.389713190375184
8.787345253615515,12.485547187324185
8.658526363615758,12.133097150553589
8.545903518972024,12.704998970832905
6.001699105482212,8.841844747178419
6.055033458537631,8.988339950523988
8.441464992136275,11.774798424087498
6.098613750551984,9.864364206381783
7.193358484015244,10.385808124612184
8.910009127969706,12.922033649005426
8.919762590489205,13.691567659202082
7.266308862629298,10.682161424979865
8.960949691376225,13.309169969668048
9.193108980990285,13.867407819234906
8.2738787564213,12.442250287725768
6.142129261542101,9.362154455861651
6.370058901927738,9.96512456181259
6.574205777043677,9.24535763588474
5.58402053866976,8.310803067328736
6.365798101849726,9.336620131403711
6.047596121562661,10.377421405962334
7.276643749043011,10.32568024172398
9.542187739361324,13.036886911602673
5.52240158376979,8.104921410399257
8.601339619736978,12.601513424649752
8.436415022065638,12.195008722813206
5.478770993316788,9.117904680493428
9.612862024529,13.871064262473478
7.8423610107840975,10.720638289578883
6.818627605678421,9.77871424180892
8.782692917476533,13.22189587510975
6.28682729200817,9.442543628121403
8.467549185231602,12.75485493128693
5.198556037861236,8.163426771475825
9.19704018804636,12.55262001151137
7.2408542351065925,10.537394693294557
8.18346457178971,11.336132588372804
6.106189099033418,9.04465053763889
8.38536856329224,12.16290512923331
8.861201379466383,12.88924420054417
7.366065934421994,10.044183459679243
8.088634620308971,11.697677540616215
7.2816296191119925,10.444647675154513
9.470456846289228,13.040340811067667
7.489345902571596,11.053557392652454
9.209043545144095,12.775626317828307
9.006760291351242,13.499181347044827
7.0525241067417825,11.057059866215669
6.150422459287375,9.971421098115869
7.030410662798855,10.189037697613474
9.1310868788761,12.47605483719166
6.138162679096961,9.406810179610412
7.622181729288746,11.071443892003362
9.030483739803739,12.532168906552803
6.767387375641894,9.532997627436792
8.211048185013487,11.832498837382149
6.228157870244073,9.271754719166651
5.546397226840799,8.999850190727969
8.97192112546428,13.098858376317876
5.494843117043534,9.144211643163601
6.356906975397923,8.998640594537488
9.275547109987201,13.331185685831457
6.732346435393336,9.715082869355166
9.865226747570805,13.228064991679423
9.898671673869298,13.664104890168803
6.341380102267784,10.14400861278865
5.204891111249452,8.0597101567141
8.525316421026895,13.01310703521183
7.254932513241719,10.980358273650229
5.5037642197978816,8.40747182426717
8.537614094890214,12.82516112832146
5.155874545559606,8.40974784072867
9.350983452461211,12.7549004487301
5.693262645566518,9.76131649247008
5.636559393733625,8.893610684023589
5.878361489842923,9.063431883804252
9.801331792460333,13.333831815999591
8.46584680126923,12.748785295326945
9.006857677318184,13.066866926462472
6.988174928663765,10.700429004544137
6.6815636375247776,9.764110693266847
6.1724200339158495,9.823954326654052
7.403240141562044,11.339794966659854
7.759143667670843,10.97658328181445
8.158874218263776,11.082153992076035
6.285592519993473,9.833397553661628
9.743270404514952,12.905251010615073
5.848792491035679,9.094558878161704
9.828265873832063,13.570296496204822
5.074280612537519,8.698469340439484
7.4056284590842285,10.690332205517471
6.666839190582814,10.55384351470128
7.245617069651254,10.437635761399992
7.853322894903945,11.923982976414539
7.177945790063545,11.643705719994669
7.074234251507975,9.95505753262645
8.663617077066533,12.542358353345293
8.429381375432323,13.489648858473819
9.16635641017924,13.032922105666549
6.249794906197478,9.530648022551798
8.047642548770318,12.051420532199892
7.92597392696427,11.531709144404502
6.848689054363444,9.364813867950856
7.430287709513404,11.482488938835553
6.568910716528643,8.881218652901776
5.709221988084926,8.642670560132741
6.0690060533136645,9.886520138554722
5.527568232006005,8.454810664085814
8.415347875950621,11.751569204908543
8.303636965545758,12.40399631123819
9.753031857899364,13.278080836062044
8.648392068236205,11.76695762208747
5.260229193780657,8.44953202628343
9.421225869644772,13.214009394367432
9.31337581472863,12.554214420579935
7.216601603863493,10.978398194633627
7.929315252639608,11.747422105956145
9.880391662362594,13.676592486532297
7.661521819240831,11.048160180026525
9.52660914188045,13.667127341261118
5.4151937890509325,9.09341325673715
5.955259343543414,9.004914607197435
7.203774717206589,10.971873907151979
7.923784041686524,11.791140958566128
9.081139259314,13.337020757531288
9.941310575715935,13.949227290230853
6.944257482370582,9.87694622181152
5.237078180700425,8.053244240240526
9.005857516476624,12.978455752662772
8.021903595414042,12.535516503687646
5.992714294341008,8.94924734161107
7.474142283107101,11.37136446149222
8.711551227668622,12.289833247863967
8.85205893534322,12.677705100354931
7.498092059993811,11.75540884662437
6.526072650644296,10.213433471483372
9.868712910192468,13.221805855860483
8.316813054782465,11.69393815383316
7.041187596731493,11.077535788298471
6.4023161210232615,9.753718366542161
8.655514915017811,11.812197838213441
6.210917227968839,9.043624451075745
5.858549944868441,9.382006695197713
7.649169444810351,11.676208474381236
6.4499369632207095,9.748852006605938
8.144525724618076,13.011087770009741
5.589693374371167,9.11970823097322
8.274705522836609,11.80790609258748
6.416482639988511,9.291926143936541
5.001214672172564,7.514015454287556
5.634680288370882,8.929327006285243
9.66807688917547,13.357303744553862
9.33677319557679,14.040999711683858
6.168045160181184,10.13481009367635
8.891859522727456,12.98676470102156
8.042857965869871,11.061931472565396
9.854523557249347,13.489318832423013
6.868028297670295,10.869472720074903
8.407303062585857,11.807230575205477
5.317678612119593,8.942285201503273
6.98123673408203,10.614786042415815
9.819088305940902,13.808764909535675
7.694904372250603,10.882468840233003
6.439397516674223,9.680155098246692
5.601354815643035,8.81644975620909
8.517641700907653,12.737439490239744
8.224280217148634,11.426268460261483
6.869693568018873,10.11222386035959
9.75470675932917,13.728059677161148
5.111014064939251,8.464556056770183
6.518619258159129,9.368110941029565
9.605347431497908,12.868132021353881
6.604677191597202,10.262595205771667
6.261264169275852,8.75454244565767
7.671102049656237,11.847812316968568
9.119008749602688,12.864847450781772
5.515733804391806,7.845115024132944
9.715103548228681,13.41791414817267
8.97536440590582,12.959999103621602
5.90625127775776,8.821150989531823
8.560039805990813,12.28206264160115
6.924793613187786,10.679791518677986
7.011473390381593,10.312672900764102
8.916450462194332,12.231211716400132
9.813924039903661,13.627216849198472
5.633279364235969,9.467355305312793
7.103151184394097,11.366313593939509
7.404708040421518,9.875686561534684
6.881559084774988,10.803384856325724
6.815945618581125,10.304208600315029
5.261343337807983,8.775603344929653
8.427693102813116,11.837987593241923
7.181072085600227,9.733154747969529
5.973969013219634,9.46100721018729
9.080167511510343,12.425712383171051
9.01280374075814,12.12121827316734
7.431958140444469,10.259149077296629
6.492253305738803,10.09116085809423
8.190463628982261,11.898282587793313
6.440760678887015,10.120145825601755
6.180039651618561,9.750585209190456
8.652573270131633,12.172621141866076
5.201626198604753,8.206714651386974
5.47384235517297,8.312892061816294
5.033940870117949,7.935565157708794
5.764715932377131,8.434031749862024
5.344950043552298,8.609182199199923
9.979011838899593,14.51237458117039
6.4440498497704475,9.324553304814044
5.746340063346237,9.536242898716155
6.20498128997959,9.502738296214478
9.680627857700674,13.737292917443716
7.600801115121978,10.271246578342616
6.824090481539285,9.285277423064276
9.366957289546097,13.312406928845157
6.974951352745162,10.764807685610197
6.675042849788479,9.674361197923698
6.036412612748678,10.078742085589958
6.888984119547057,10.634248930583627
6.58342178008463,9.445935510247564
8.386519796490706,12.079248089315602
6.447913523353636,10.975960794886069
7.885998732112807,10.841916477135515
5.329460825159863,8.659487959649388
5.956445783482572,8.986362663817413
7.037026358056744,10.797879775127349
9.684746269543478,14.255332346611365
6.886259928578477,10.070393369938488
8.32037060599917,12.54390086305259
6.275436112106991,10.64112503166437
5.635167879866159,8.795338824511507
5.292683000400251,8.743663944227393
6.527067492713757,9.537260606154868
5.78830513398454,8.955595815297055
5.870052240080621,8.955725141742622
8.80379654193475,12.963023813150997
5.079190354724371,8.697366393547707
7.789050628677172,11.292033329853878
6.897306902967324,11.043579706427252
7.532749999542736,11.804323720232096
7.814151186073015,11.800408294877567
6.566838472286391,9.622192900882805
6.475544300921427,9.46473875273576
8.667009246674528,11.994220418664414
9.356384940605786,13.702244963846022
5.962908162292639,8.549605691006485
5.488093802675745,8.924131390266398
9.48897903196013,12.846220164440098
6.749477318236993,10.511145841805378
7.756586953314071,11.316514135342166
6.797715722600017,10.824078148049935
5.6290116817302565,9.325541307236941
7.94665822473864,12.253522575687423
7.625704258848148,11.881254469762332
6.014967795955986,9.28977677214128
7.2593452232613895,10.131817734701364
8.98473752007823,12.255423496595187
7.952130515539457,10.49913235398938
5.484586635334974,8.039671045687921
7.740107486145675,11.322540812227134
8.513691496447935,11.93660270532494
8.963517028903757,12.666152632479582
8.145587893171333,12.0210631815363
5.763290822703919,8.763916358211823
8.550866332950804,11.700125199334673
8.386709230407583,12.037434242707382
5.122134414703166,7.697316054257377
7.058738337951215,10.335092757051926
6.664751234811867,10.66908996398574
8.347060321268216,11.881219733473772
6.080679061554603,10.182293650539396
7.954359614871293,12.261049531314535
9.566029809070862,13.189583116595513
8.98901186104304,12.231252350043759
9.607288681082652,13.502469336339086
9.89252983466345,14.447699683294582
5.053350635030814,7.818925308922631
8.113706381887388,12.190492807395934
7.064196988794532,11.081256381121483
9.29927245167561,12.772114116829428
6.259073510045658,9.172862667910495
9.90514744557538,14.242507950753959
8.068539847718736,11.758171592083267
8.967687011144154,12.418193650101145
5.427997764113842,8.337507092876818
5.917289423794325,9.065487532189481
8.792018365171016,11.767994825727488
5.109932610196618,8.51474068547729
9.084389929468914,12.6619218208931
5.069745093459558,6.691836000252421
8.285594195306366,11.930777550212913
6.825469601159029,9.819777891944081
8.057474263595996,12.513380212466533
8.480157034945568,11.883465931474698
6.712376095931521,9.506029633328518
5.539812240554178,8.901741023646021
5.348229338741328,8.087651522485801
7.944680112812739,11.143888034749171
7.603276768670558,11.378682813816873
8.711005045605663,11.932972400782011
7.548677550019685,10.329776230923894
7.112228950154396,11.397673741232444
6.990435891181154,10.678272438217707
5.1322345129883375,8.026576773088824
6.677786008483286,10.011604605328975
9.880100787622471,14.109053124205042
9.367777881135444,13.728002182169243
6.646890335171088,9.598280756547801
7.938977025331861,11.709845693381073
9.23648372767747,12.830428385107844
7.206371683750343,10.5531553982441
5.089789318750755,8.188093616233358
5.372552309093201,8.443723484385506
7.5519636067435325,11.430139777243525
9.847196878379393,14.060179533613066
8.466047711094339,11.405172648627117
5.354580957192848,7.746585545098697
5.946804378959314,8.95130691237153
8.85661571608425,13.54225149052201
9.207198799781224,12.622842643486669
8.088472930942954,11.60205616232517
8.222115848149084,11.598366004300638
5.141687251916923,7.893002510256267
9.142651297907543,13.06030142944158
8.941376040854148,13.430039887122803
6.295175720516736,9.782195064560376
8.543383599827536,11.850294839079496
6.0742730321249905,10.665742393951593
5.2016508052575645,8.28126757678964
6.005682712951886,8.918208777351207
5.893144383771498,9.777821447864591
6.688739983674236,9.791952671437175
7.092247485877291,11.342153810546469
7.5426944574885395,10.615911953502914
7.383769377541641,11.575538447510654
6.353373029826447,9.724571467932584
5.145853342870373,8.820550127795663
8.025508111185754,12.581492587773676
6.978724149236772,9.8081653338235
6.493360786937749,10.429918854704459
9.334705214152562,12.497194304770371
8.733716538990798,11.956867669164843
9.28882774186221,12.744888560338433
7.474913973562305,11.221715086363698
5.654656260633887,8.802095451228094
8.481107180606362,12.093760574646215
6.030368899685876,9.309560319134231
7.206148345458584,10.943022809197037
5.325003944744442,8.724128795664008
9.126542012114912,13.49893383234546
5.629703205237503,9.665661252668723
9.51548753524655,13.407903856075121
9.321153011307786,12.924839132503884
7.322913822196231,11.094264651228071
8.721841021519953,11.894081817691633
8.097225369090767,11.377318376853113
9.015378211688724,13.318144327222862
7.15902550392956,10.528766417306619
8.92904242122175,12.11075467628708
7.312284085325739,10.0298393697083
9.704828939213968,13.670153066753665
7.431860504125738,11.48918087343489
7.313096359668648,11.339988520367971
8.925359307817564,12.765871420827494
9.10788845880419,13.933920860113092
7.772445571605854,11.274524502956792
5.898989067475377,9.009503069271746
7.338791154787898,9.522831430875977
9.840362514548392,13.584753542877461
8.764930965195926,12.943924675689358
9.05581301939566,13.648956291704645
5.164127494096201,7.7818356760817995
7.3392973131708,11.038282940451483
8.233105668287777,12.403166318106976
9.150163418140373,12.985800178366397
5.246368267913858,7.154001692733013
9.262194428209366,13.238278313638364
7.742004683709558,11.671120932481916
5.9865698528803,8.71017237594713
6.5862760822485,9.776454033261006
6.409647758757804,9.113829289444983
7.654295171442379,9.900080431440678
5.258428399555659,8.82361628536062
5.792680792499618,8.949342684098616
9.063465216878912,13.674995758607185
5.6630199537340555,9.224285040433955
6.166981347290635,9.223272735916039
7.266853028020787,10.67863330357274
7.5856044405666525,11.385814024065068
8.818052398070794,13.065104586062823
7.236662133330939,10.845329875368131
8.949323105177694,13.291984298857976
8.091731535227288,11.561743473935508
5.5654986971191125,8.180026663150091
5.781657191964193,8.905584003576466
7.185168627248855,10.724794798066718
6.984446965445198,9.780568661164592
8.717721348186473,11.792904575750455
7.903685698986759,11.708115987020825
6.940665405011247,10.125620060328284
5.853801417251928,8.941641247871313
6.134185511627476,9.181176281102559
7.877505092345295,12.21330656169596
7.117194024498962,11.171513409596255
7.574637544303361,10.470888208144448
5.853387176511168,8.757668005273178
8.314531261722829,12.40243964805219
9.262693704279835,13.416200563687422
6.289697533934503,9.52690805955651
7.457571129159133,10.380285252508841
9.87763664510451,13.511893951048638
6.666208702753638,9.74106665953122
7.975231724618806,11.708775235102118
5.450978501001222,9.393037778550084
8.030075012397216,11.292649897482596
5.448158866523089,8.024773016050087
9.79617717661911,13.70111937352896
8.578313260361558,12.809845402690899
8.940798940678532,12.005517245433886
8.520521803858184,12.951443240067293
7.948645180382329,11.452358535400958
7.249563905427527,10.332316685356345
9.291866898805312,12.350145635185294
9.784178337715314,14.09427439196869
7.495180864520407,10.90863143980372
9.65767524577631,13.674563036308825
7.916664549942587,11.049591589425424
7.691920934482166,11.070757104253087
7.272413664776783,10.48360577455477
6.046438807650599,9.205430016491615
5.018598304090296,7.6875418017204495
6.207531134280306,8.681946880792758
7.5486158580178255,12.422588902269693
6.8997997612987625,9.598057589889757
7.242426140013169,10.781640871487072
9.903241097820247,12.997875403172275
6.751361853346638,9.103110505706978
7.26091469680054,10.76201088208678
5.667577756764098,8.88827710200107
5.239788662184938,8.918495890023118
8.877047572962473,12.85223050806282
7.853415875359893,11.349193691058977
8.803524030219474,12.089428714230868
5.749313994432758,9.648682827436083
7.859143855913455,11.895398250121259
6.268212371706878,8.89869010717404
6.1403090845001,9.387352765505437
5.057630070264926,8.14118220008116
5.651703617845359,8.609217513111595
6.5463405574984765,10.24153391190157
5.584393802954695,9.117139132719721
9.929292202054688,13.819907793563072
6.5431632426197535,9.711361268244875
5.651619733511641,9.531422911547734
5.995411564139789,9.660913323148867
7.938516141707383,11.562399565003052
5.320217619323943,7.5696566236487035
9.312170650705784,13.346604833999459
9.807498396185736,14.118039807881717
6.233737103336905,8.1032237098051
7.250476342954297,10.826506335704169
5.1106722551474855,7.924460712779115
8.203551123636107,11.733834208298552
7.069630290262944,10.029865871933872
6.350292330507779,9.546256151407512
6.034185553083042,9.937018451790317
8.270115388293803,11.700939216544805
7.081085155161572,10.980088965590479
5.89829644514956,8.674790124739667
8.445545407434121,12.514032585248966
7.825361415183468,11.391261626031136
9.29336027464748,13.328044743971615
5.587379494382464,8.7084320213077
8.92833300972228,13.03481222788734
8.367583934086294,10.757308161936674
5.575054684140489,7.980152964239801
8.474103649358604,12.377464628234646
7.207736444399152,9.627514556330864
9.724923927779216,13.404618535511453
5.708056753089497,8.822497683189072
8.21416695407869,11.44293027608798
6.909900227314729,9.946099571430787
9.784073352954389,13.876679123622061
6.649874476451382,10.484496849631562
9.810929547459,13.293890766323395
9.507429255503745,13.121386008510807
6.3519161765532814,9.256668925200415
9.017708884132139,11.610560785019928
9.97802100901753,14.04448110597979
6.263315010856411,9.98333688594194
7.183885846616598,11.12898461959786
7.600903682833798,10.685701231180188
6.474655679019321,9.143737790563113
5.076324198230148,8.10239181167202
6.100646220987633,9.735412308468392
6.409684421708793,9.769046530205742
7.217998506590936,10.806250525846004
5.855512392067009,9.597530334348528
9.366271783458362,12.869957860534683
8.524555663656681,12.119481753051502
5.4260023877983095,9.328505621238572
8.250462255699658,11.802149145290775
8.268282382028103,11.288270375450438
9.781105868218138,13.402648993736618
5.015104356780807,7.549035302526345
6.2396622490290365,9.66617599168548
9.638957396876577,13.118775374457503
9.660669576991415,13.72832061882032
8.602932096853188,11.9554859069535
8.8288166052377,11.532890657086126
5.457414789648236,8.702207641068844
7.569379173891168,11.157486849442845
6.157914956444997,9.648376855588417
5.906090218068086,8.750814652099073
9.051516495616664,12.472047557060307
5.675190683402737,9.010962249324058
7.343258184981926,11.5714196082438
9.692891197930166,13.637053442269362
5.929160277826712,9.327284881415627
9.889967118691173,13.707166700216552
9.971439928805296,13.193912653629512
7.778085773412014,11.817417637671445
5.850713700885789,9.475063560606028
6.580524439704478,10.25201634023297
7.122464163382675,10.455984276888001
6.546621121791114,10.154473396018608
6.4031778993825785,10.13069437795301
9.861148546081788,14.643457597776498
5.7668241370787285,9.414452016818196
8.666639543584312,12.431878064817994
5.002051447195875,7.348335108922862
7.980913347011884,11.654925165250132
9.579715019770262,13.623946721648968
6.439670470466095,10.082119452218466
5.927629876288596,9.790101781208028
8.258398974392135,11.86250351324217
8.563007036491966,13.326102038696915
8.440152594759907,11.248539603691599
6.59658440010687,10.125572216359057
6.261012010796654,9.113954216863972
9.77959399981022,12.781901799927862
9.616497541349649,13.438909861469998
7.2865830494641015,10.015313310146443
9.230969330771867,12.996449247909831
7.26161738817148,10.731325489853004
7.121945090362551,11.105604813103037
5.783814737996473,8.186785118213798
7.132030282459864,11.012658921774722
7.687084692999035,11.273541856738738
5.112521637143432,8.649450541376916
7.220565025877033,10.448802443536875
8.906781091976,12.022015016989478
8.400230281871348,11.471526675137685
8.175784944319675,11.165038206350053
9.547777142186012,13.69623964708354
5.09016004912615,8.846653070058732
7.785237930961171,11.059809753825794
8.936744242048535,13.038660739587133
7.706676913506336,10.486291267139794
6.619477762901896,10.033533940070926
5.6812528254598895,9.15178469872043
9.437815359080957,12.601316043258713
7.353811961938015,10.722632619835691
9.390575984928507,13.626649752156991
7.929260612165842,10.048227410984271
8.370960583075004,12.712879230540874
9.021305771892251,13.002406614216225
8.295777723000672,12.313297091459477
6.990274203394689,10.181969404476245
7.5681669196432555,10.220439062789229
9.015227623379399,13.085304626213754
6.868251481864921,10.200606615529649
6.9406072838424855,10.344786468327143
5.478450580290006,9.117944188947483
9.572922176108738,13.868538548261785
5.4551815747272085,9.506836598217458
8.24104588724278,11.966182179128085
7.065972394013988,10.133560653921228
7.028096951277211,10.33950791807829
8.39775918286342,12.285142705705406
5.335468663149394,8.91049065527576
7.968528914757173,10.828717721989248
8.860158929861774,12.636459523423712
9.141063789432971,13.77404737583875
5.8526519469688765,8.903077900861392
9.487095250390869,13.850020227903595
8.280730459237212,12.183435314692655
9.409274004103414,13.769059108186587
7.426403585550991,10.506804031861224
7.71016672548601,10.849499235550422
9.595191385143355,13.52436560823317
9.499547716773359,12.633346366507874
7.24080436684501,10.554094936908182
6.372063158178409,9.772914118571924
6.965852172821321,11.251340410860472
6.938821642648749,10.52794506581341
6.43433437491397,10.033815485333315
6.342898021664833,10.193715549522803
9.305314682398597,12.684048824430787
5.3493096034233085,8.336630192922478
8.388055910497972,13.278373388499514
5.864100257282262,8.99735919754646
6.722529466970316,10.625250734755483
5.307715170674184,8.851127143395574
6.349868184277311,8.880784963938929
8.84210535558621,12.765766065206417
9.425076622736293,13.383465683386165
6.107635759511835,9.49414230533442
7.3177391962946094,10.404230795658
7.3516202396860315,10.263484531667158
9.367876528798671,13.003446834547981
8.813995264379027,12.52789681871273
7.565386091840249,11.670955534008456
8.353736002358866,12.933138612693442
9.236775269546834,13.782429246567789
5.047694770127725,8.487326329544192
7.014450155250243,9.915170055150497
9.536215836385393,13.239010916167723
8.701565154219757,12.546841211270209
7.714206871670373,10.94082872696636
7.648222635175667,11.466469988474776
6.738850488022189,10.44686363975377
7.602602668207572,11.391268233131822
8.276915997317266,12.44486649905951
7.091815192143965,10.05788262371622
8.57076573196087,12.751333230399144
9.30616113630193,12.819570638502217
5.773424240924306,8.457641112787725
7.257735114087122,10.975340203997737
7.040100456425406,11.056057328809976
8.43732402024864,12.368795567486373
6.2493373262896466,9.509606803433849
8.201254574761382,11.996582402764412
9.38744620865744,13.333148909422567
7.090657998968114,9.945814150694039
9.555078499896101,12.844784127402864
9.965818694667393,13.919569493864143
5.53046024973976,8.676480717572362
6.165265939924293,9.403985317093017
9.751898757410466,14.040329315717514
9.791638432406934,13.64222776080615
5.4885363769337925,8.86773324327298
5.074992501885683,8.017697618599597
5.805500116282111,9.878279620556766
9.980063916911242,14.016433563656713
5.899998083053434,10.25035900542696
7.512738033610116,11.191291435877572
9.242088632152555,12.983667773288957
5.102008053441032,7.672685675999401
8.022444911292297,10.90548960652191
6.385127244348121,9.166431551019667
9.311674582198659,12.734206344056396
6.417305746320396,9.898176905790564
8.433778601409545,11.85745163616136
8.371098162236985,12.13878132096163
6.1074677442982,9.969950474346183
5.17399599934175,8.164891023392673
7.0462478689269865,11.495075791945785
6.445965759829349,9.147253421625619
9.044888748068544,12.778574723494788
9.001820942276726,12.532528668926583
7.285119760963127,11.210397016184256
8.032561126616095,10.519177536756253
8.021297579934625,10.903999451332645
9.135790742138116,12.909275479340257
7.125012070615988,11.325703345243932
6.377233398952545,9.765600995761707
6.325174590702737,8.914435781711166
7.680961396411021,10.61857037934811
7.245741013661062,11.53138406781575
7.200603854924681,10.330157226511497
5.455686695448536,8.075342348313361
8.593018703450978,13.050308724456604
6.068683439909553,9.787968630684958
5.984768151043607,9.818751602885726
7.063791601386967,10.00152898153145
6.138891708089007,8.604117229199629
7.919291336540077,11.569732848529444
6.857316696672358,10.396343102543662
7.24455861296395,10.875771237409156
7.685846608020144,11.962107897443675
6.017677612409024,8.354329589886703
5.778758114327649,9.364357262842061
9.402109514368025,12.734218895167972
7.168618514157105,11.030209877418946
7.060468048162695,10.235083305534545
5.178060751364208,7.806687003691795
7.489881512936966,10.682906462049758
7.770848608055001,10.60221322927772
7.794204354773333,11.373259695644734
8.535155846614423,11.855850320607077
5.887409174955059,9.45804012539621
6.261115671153094,9.833366845900171
9.053652326152063,13.708461317833871
9.73585308421697,13.866187442830903
5.679663736836603,9.07593536774396
7.4882477725260905,11.685947232945216
6.070881263697935,8.971226168424174
5.300365841774912,7.616309903718379
6.627516690630677,10.053067058321009
5.718438125921064,8.150809016498075
8.549665367171231,13.486567777068172
7.668627068357222,11.930101628068137
5.719172354951555,9.944994992592656
5.046207942027571,8.08667301876465
9.040785245121064,13.124229090996074
5.880972030821238,8.827428721009165
8.03108321110383,12.078762256117972
6.684609565383727,9.413759872434944
7.927429691575178,10.241369035152823
6.57826813491162,9.49856645214966
5.434697803461271,7.793900626344866
6.114750042788768,10.07666341942629
5.940292832395378,10.036190126414612
7.140096762198219,9.866651578431306
8.291418917130787,12.595560504317564
6.3190303747317875,10.058528941428529
5.0603496765030895,7.287531269444268
7.594686821323784,10.918490420122733
8.02879744679486,11.344475075091571
9.814352470009048,14.151220663324457
7.947354015466234,10.922435143106973
7.355862796890709,10.77759904343911
7.86700812948852,11.097442503411415
9.639503149310135,13.804074370864734
9.141890728008232,12.861872857765912
6.6148936668190395,9.67024954821265
6.186271818285686,9.316877894126783
6.313168061830368,10.593823090616498
7.522105198576066,10.818076420231584
8.720247256142889,11.943794098229572
7.51609603591481,11.311032027675754
5.338981979140563,8.335016040257196
8.617903502199905,11.633867237206648
9.02985064335477,13.951568939626956
6.447489325598598,9.560747717924993
8.320628696416751,11.795819708719424
7.132959505271967,10.639469082280408
9.445596778637213,14.199774518969075
9.226127790803698,12.23148068570494
7.627159991548211,11.290584914568123
8.457527729067973,13.192669355778381
9.416748505110519,13.364462546502446
7.478585050391377,10.356635070817912
6.56625370244411,9.570306016452603
8.768330689547906,12.625438092335882
6.100331273923459,9.98579948652808
6.94265574003021,10.161518965828222
9.328636185533968,13.607689321356977
8.622111701346576,11.628849628092446
7.019055026237496,9.701006846687468
6.073722512041787,9.04706667010767
6.779841954161183,10.854824705930051
6.420520746137165,9.739062215121482
5.88044643971927,9.201441325446435
8.716664567828284,12.599037279180703
6.260349434250857,10.067023312394394
7.2708373508388195,10.419894474737657
6.929297234180545,10.659299235260772
9.910386893178154,13.477022939886218
6.955461220741102,11.338189792849702
5.399912413983774,8.079699344632184
5.44912876286042,8.097759863893193
7.953768606765324,11.819357234862412
7.9968177586913285,11.636075526145756
7.093794952413274,10.675980146026395
7.159218461560148,10.704719051618337
5.269662914204356,7.778399397641508
7.582732551946311,11.905958526875315
7.523697376901758,11.475207955226663
5.747746592784723,9.576770886975227
5.519196930554638,8.358870872110353
5.617862452997453,8.949696715954529
5.5051412324562925,8.704853710064896
8.0485409776838,12.222250486321313
5.982413262014593,9.759019980332322
6.257150760937318,9.60510631460384
5.867860720757198,8.282457298987012
9.789176522242515,14.636842770234862
9.273087315759177,13.40569849575608
6.152474186757605,9.078750503413556
6.63783146961063,10.168668832666103
6.049464211524986,8.503810279603721
7.459379797304119,11.478932290500463
5.098052662371268,7.382057322705945
8.356840044483977,11.917790807362232
7.615790749088208,11.261176123708623
9.493194641505516,13.911253425797666
5.821963421642071,9.039628444187672
9.020546230305658,13.142136913173065
8.959805072333578,12.737682632575517
5.635905946084435,8.746994159829182
6.992796120720638,10.434093970038914
5.8507632057225845,8.926386886440914
6.273602502287744,8.685037881204575
6.316230874152722,9.195315302134953
7.781181970128864,11.459805784710486
7.057054658802327,10.343905088818433
9.738664020031527,13.608492282946878
5.631850709735025,8.596544016962671
9.868460674250993,13.410353612735284
6.1531932010713195,9.137282110797438
8.864369681909265,12.48382774609682
6.694849630864107,10.036391127307853
5.71540697708657,9.05517754473874
9.289445926231199,13.057059966034569
6.544304496182316,9.33833776757257
8.29427702113421,11.25409140540166
7.832218425433133,12.697380714207373
7.358781546954372,10.265630341212965
7.479097363242696,10.715604335259043
8.661189570461438,12.651927635810694
5.438864570617203,8.707067789523483
8.340903309789525,12.269516818028215
9.479060506992894,13.153514073625384
5.2889409850993205,8.466008217438958
5.703266696168334,8.874591867522431
8.583159683510157,12.143725936441545
7.186408241223088,10.746394760353375
7.017743104068442,10.948974498257483
5.684833172721179,8.810699695547752
7.5338502035889405,11.032846667484941
5.632726555981886,9.293352384616256
7.383102281552702,11.340402917772648
8.818076494808285,13.373660014251683
6.291321789435818,8.671471030083191
7.403930840898637,11.337276600663058
9.96007984698418,14.252885839082104
8.433252116770186,11.67707634124759
9.206783856525993,13.173934586830613
7.074238032802729,11.014646513242274
8.839304615629278,12.192586077512432
5.202545864706609,8.464336252159335
5.614555912711225,9.173143933118979
6.015352964600311,8.682913776254628
7.009759623076098,10.340568701468742
9.228724391628816,13.224953458275785
6.731330253939652,9.679530551956104
8.273105967577315,11.488150561546004
8.546571474017417,12.188363467889515
7.930911770441707,11.917913982981895
6.786209840850681,10.465318809616871
7.8852667085677215,11.031613685688095
6.711327963948731,10.37967749929632
5.41936869276006,8.085272543228818
9.964019890930071,13.151738970119368
5.635912268162555,8.579522936271449
5.361741919180287,8.995574988809212
9.39265374603578,13.599164771313623
6.5091733044644755,9.810222061670773
8.251484870367538,11.693429102645515
6.645028648311165,9.77915330991518
6.957271353972356,10.403118077697226
6.310564860083982,9.038459089177863
6.715220028965051,9.884210362157413
7.053502002932715,10.356417672839372
8.602080345461715,11.64695918532831
7.5576809711739585,10.649993039959963
9.717826085784885,13.866644698685052
5.209401969193878,8.256038283003152
7.515341613160141,10.864029040195478
7.921123944158591,11.049635014221327
9.60098493037137,14.309606829240252
5.245792618107138,7.875961534388905
7.86749792467608,11.566793913242163
9.268149642639784,12.877845027130842
6.209638640596182,9.469706015034586
9.381461742619688,13.486558962113813
5.0952170463714594,7.429132161041809
8.66227314566865,12.391419652725634
9.665566105843265,14.19404365150184
8.285988308200311,12.823936916586375
7.19514621990224,10.569168477255122
5.224405082363591,8.290126702444761
9.600569066613144,14.626349394236538
7.351481113457874,11.389239476949047
5.14498372167974,7.865338181388079
8.449105356643809,11.82943470252951
7.4091862678812905,11.369298252351182
5.621726587212054,8.2405533396316
6.071359046551298,9.829494231530983
5.322453402279232,8.554094064610581
7.871467698542868,11.704621620264977
8.110147396260047,11.603809973772028
7.528711491777222,10.71954138800946
9.085510665013075,13.633609213449851
9.305044106540068,13.042684287571344
8.078121983415633,11.488278841811828
5.063782398537152,8.036470344304679
8.476148278738679,12.267889000845384
7.089996084601758,9.992582738162385
7.827787416131935,11.110909152254866
8.245403010094421,11.585467575160276
6.751183071635384,10.524059838265885
9.585492525858971,13.05960974703082
5.669874333748906,7.925965271619659
8.357559036405187,11.045523562233146
5.021797899782902,7.290967412401622
9.623255527025904,14.228675733855141
5.562520666190458,8.683128099170574
5.474421150737873,8.819929924289049
6.665038165261221,10.26628966187413
6.8678314301954035,10.269489675430645
6.071500361614393,9.248409785611617
7.925608304635624,12.032993180471818
7.214570490209818,10.730482545408101
5.170877945205437,8.904602273878231
6.598260311276503,10.228327346176735
9.052164567865852,12.553699344698508
8.448507674309344,11.889642197236244
8.624354267899403,11.985492718252143
8.490584620417618,12.797475555476499
6.554865106915166,9.663312651825423
5.498319610383879,8.198747134060838
6.36233592016548,9.794692124761985
9.158926500925796,12.942128247924703
9.902353988915355,14.030109042986007
7.469235073707807,11.90798904039629
5.048501774615211,8.514737532502682
5.700224060671145,8.853774149956328
6.610402876581329,9.22827175979459
7.8929267429647485,11.22153084295338
5.37546822902657,8.806084926104536
9.716786493549408,13.074623272428381
6.825418366422004,11.260987187871581
9.562921089624115,13.482713588866712
8.90260901378511,12.707555013146875
8.777186362577906,12.199301038614497
8.033597898911161,11.888686357081252
8.133919085259222,11.18170199904995
8.19001617608124,12.910465705848218
8.14360693512791,12.431003974479497
7.768641156991807,11.814517610988691
9.932070092414445,13.223269608002429
8.661452837128481,12.496450039783053
8.884731941962606,13.266221529362129
9.362314075418372,13.531329590180915
6.078198813629246,8.792784024038209
5.419020795475304,8.177778076916036
7.414472182992993,10.671398550588597
7.570403478096366,10.782765256471336
9.145908899749589,13.739480097554662
7.2189178964116785,9.702194906282386
7.854265127721564,11.753077723095295
7.635354692567292,10.516273943616524
5.191013918786956,7.748590958818811
8.07607448298457,10.686422696147126
9.14021642887126,12.69373249906608
5.787502740379019,9.700369114224431
7.971658669632979,11.698402524791963
7.968052722232072,10.962482493178936
5.820924820281793,9.49368362152781
5.61731786865368,9.35643357416876
9.900259714882424,13.93233489837845
6.9685958482651875,11.379689596994519
6.137108643617646,9.775312434653483
5.856622722271875,9.369273520372545
8.338008567916175,11.603920927916265
8.047226486636394,11.970371026774343
8.217760614937088,11.969708376726752
5.440030137557262,8.787950666404226
9.467672917492184,13.018914691419955
6.9463319840452415,10.399647823033783
6.56684703215179,9.471785688474668
7.311807236238696,9.700602633503419
6.950330328738142,10.839548678774962
9.31788501569573,12.430267527990116
9.646304875989461,13.62915908357856
6.517266082248031,9.987220363422155
9.319679037299775,13.346896352691257
8.907615647665335,12.547599240399276
9.65403836172381,13.720451771708557
6.228751560929439,9.709985408007906
7.884795750604896,11.829237308601869
6.372722923702224,10.513988178134799
9.120472452421872,13.061664018655348
5.026620952855321,8.063969565935235
7.82409581443198,10.935550494643328
6.69601715635959,10.253193749581175
6.613418535389101,10.269793794037206
8.224531619324585,11.773286351048688
9.25742224656997,13.381212947975982
8.045976956966632,11.508914251585287
9.265864893233612,13.454534197924795
6.32298555940515,10.043883828301052
7.5975092738249055,11.56632506195513
7.2526826953353805,10.762141397473107
5.058224497515481,7.549885321210053
7.784060715703701,11.03491633252353
8.307621620730874,12.266724606819412
7.95957202209535,12.775892579384532
8.681399493917107,12.247319006934488
7.856697642265385,11.655956009912531
5.3337512742537845,8.12247525036484
5.5822276204235575,8.21168962238372
7.982372887719762,11.240689533475035
6.374895959868201,8.608639163490505
5.398225645173829,9.154588305662468
7.148013717242733,9.462551334233973
7.7716129904182765,11.194021473301614
6.643729941748033,9.383411982422611
8.60216851112889,11.880412105673566
8.218853040506223,12.550884978476802
6.6640918054583596,10.097443661565727
8.774362644542803,12.046537093860513
8.243475212665178,11.597411688949958
8.18722689358951,11.441931662086368
7.767138503935341,11.298793368682968
5.056948340442764,8.154783850925163
8.482535917384446,13.126830487475615
6.880208955545783,9.298100363656085
9.713048550793278,13.638252103572956
9.089923855386026,12.75012478019597
7.938472347656561,11.999441081046264
6.260909909096347,9.690500950004813
6.018586966388333,9.517485463723473
6.701924188387745,10.214852119072834
7.382839717900093,10.393412098838342
6.480327550194735,10.382025808480188
7.574647476962414,11.48882942466273
5.82685212756593,9.449987448941489
9.8885640641275,14.498301962206583
5.539622774824969,8.856384880115941
9.65972069827186,14.332161039984978
9.567890057013475,13.67028785430949
7.62680240909749,11.042633596904682
8.624551359180423,12.346159675774825
7.180241489862939,10.604367903767468
8.150172887712191,11.520511804209358
6.702879687105593,10.859400048711821
6.505795098927226,9.955101801464505
7.891148930847569,11.516747954933535
7.490648370919901,11.182915172567098
7.897681845749905,12.96714547326846
6.433302906435115,9.154101393422307
6.834789159084976,9.779227735043833
5.419489803144547,7.813102255049959
5.261381861361029,8.19735861441549
6.267285648365082,9.643501999701778
5.3712342966527284,8.212819896812734
5.5188735431737035,8.35278485273256
9.064642026969686,12.94877286567769
5.194368485083446,7.982188269685286
8.294713969673714,12.108744677199875
6.362788744077003,10.192463666263706
9.357728403540632,13.56778931914916
7.424961422887497,11.350460381047597
6.527882296639129,10.376417961720314
7.588194678447173,11.24724769419596
6.909790095226344,10.212427601250063
7.821505323349151,10.999679852577383
5.572664341631741,8.491608128140228
9.984952514062755,13.72010025053686
7.127779388483588,10.919171429490762
6.741153198536844,10.26277511554131
8.551049241581325,12.609638021254739
6.819497032476662,9.603228010921919
9.166371525143788,13.715520572293084
7.271353621802126,10.51213416040917
8.597792066327175,11.767342158555278
5.537266082209433,8.425110416240413
9.230595927775559,14.318598109624423
8.67858993389055,12.220449487422876
6.058583892309828,9.10775243503633
5.7264300487289335,8.775663718159883
6.581461743628122,9.823443900638019
9.880352930159521,13.465685483290798
6.284157872835293,9.612595989005417
7.280636044733166,11.274560707778964
5.150101128586682,8.33726601204337
6.986137647831162,9.8277825279474
7.856600077165513,11.255747140131762
9.765623062539825,13.442983974996976
7.583680224700322,11.126886003757786
9.09553663088844,13.579869792847287
7.735638212844503,11.208324457402963
5.2039250671775905,8.200632646177914
6.57504137594887,10.778872060548357
7.877747539155516,11.891400042822449
9.752969829655623,13.990604436640016
9.295651798756166,14.133847966158289
6.141778070894238,9.615039312470092
6.1005491500958176,8.32739540912622
6.005864835569504,9.623370681623586
9.612494481512517,12.738989149255696
9.263330765508602,13.341999602901547
8.874417161264745,11.792428806453074
6.963675571121138,10.122982980145405
7.521903521493834,10.844391960987666
7.321658723975764,10.40093091515504
6.266990537796863,9.345962646760634
7.525140230743835,11.546449137072877
5.152482739263772,7.82600283103675
5.659051867487296,9.063432680740025
9.432947980844732,12.836712757210028
8.758398835157116,12.415328813992474
7.114342045295436,10.699130087518247
7.585751811419386,10.604637965393984
6.849994429799887,9.564133099304518
8.703899335803362,12.690618278253478
8.920935896160398,13.266663275062797
8.816425951015795,12.540178631475266
8.613058624172247,12.107013895728343
6.022521693463979,9.304863726000969
6.689849896202394,10.055559834825564
7.349227174918375,10.940523880257675
6.653964957138278,8.720635398409076
8.774701000791644,11.995089055366991
6.646767621249774,9.553506092781301
5.691160433926686,8.904826334967805
6.99520226024152,10.487181654100956
9.899572163911902,14.1975768410363
6.1294070646678795,9.484079352206674
8.060793294716145,11.022584418465705
7.164865249198531,11.321340607830766
5.355122838246633,9.062106557607143
7.439383029990298,10.298160990974894
8.510821643241563,12.379338619076966
7.566099879139093,10.781607662345403
9.360530318732906,13.30206837707976
6.444685083287913,10.260277239766431
5.4312458565198245,9.582547160984268
9.682828058290031,13.995032522519342
6.890981747641095,10.41664546472438
7.882027757268167,11.28852272456765
8.960015630650979,12.843086192286762
6.621568319377903,10.62576792991764
8.580822690888056,12.274632850685872
5.67709424908914,8.369456773233143
6.456468736027526,8.937917550474719
5.723553180682599,9.124787750524245
9.056152792006788,12.991027413222016
6.113246176133927,9.012941324729566
8.587017777026052,12.817428395284912
9.716491986228263,13.4489019512801
7.638861045344385,11.099311208500863
7.700145961303439,11.231843086915154
7.3051678404890605,10.590725037517828
6.629450716968214,10.073273393236642
7.3782751546245855,11.429687758516003
8.014037661333797,11.045604244541344
9.929957860853296,14.16020950226096
9.688822796591122,13.712666690712567
9.310764791465608,13.249799664531082
9.445652678524292,13.770705499166196
7.339245916460214,10.831743812360836
8.287221635887324,12.184780594017639
9.47533361468107,13.728332652402857
6.964753824956765,10.105521989757813
9.808812391727344,13.92016660047971
7.078930310345915,10.369322568809782
8.005413326966078,11.540155102499346
8.54902356636186,12.097797581395065
9.752960065379693,13.939092280504076
6.22308137026133,9.508519998822722
8.730654891193211,12.67405788659019
7.604077930720411,11.116134835416618
6.342785703103205,8.809282337488684
8.883034198981953,12.675325246828198
7.761111400869233,11.345102658621487
8.304869103248379,12.087140892474784
6.614505342889505,9.640541814624534
7.406369759138025,10.289908852632873
8.086771254940334,12.01642882837554
7.02455407134922,10.29266160735198
5.9918626992385065,9.275857262928705
9.80820246157652,13.629112913947678
7.557337700213087,11.065774327368906
8.669601851438502,12.178879547758298
7.055235967780291,9.982241366759435
6.775658820128582,10.367656414538626
7.035821492335625,10.14142574668969
7.045983218928249,10.537155603161304
7.7209005797097685,11.470310806602761
7.717349349906816,10.967412862086638
7.485769079414358,10.380980078110737
5.673928924587191,10.021757516431155
7.480377392502655,10.712566933030473
5.845519502103257,9.326331981824488
5.630678931478826,9.726546492559654
9.663228586705838,13.99082817747395
8.024750065738521,11.47947867447245
8.29745029062292,11.923382154979949
7.008968351666819,9.994458412130758
9.54490445957432,13.894733564968055
8.189652447898327,12.110718291507336
8.845849347617937,12.357806308010653
6.842812345138569,9.69028741061706
9.800059404095627,13.099454416082907
9.102306450791575,13.41602474285199
9.269742315072719,13.183877342565042
5.860971337128771,9.140657872720901
6.3548160393560975,9.21430493429614
6.428132998417885,8.982008046449259
6.354546116234356,10.106762126837044
9.27704081052144,13.153468491124343
5.1594239760429605,8.644926101280364
5.380499944903871,8.263633370626863
6.369574353149519,9.525080302260992
5.9993648732472185,9.555886936206978
6.159298069414242,9.757331723122352
8.9897159462665,13.186441946862777
7.815632969460235,11.231158936800933
5.02885330646484,8.341897586583242
7.146613828520977,11.13048632696353
7.0394246342517945,10.394923555261387
5.569726347222717,8.426927434780234
8.380708943007285,12.728224533267126
8.510485941897455,11.885360263501292
8.604466095260488,12.640097562869824
8.64235472779296,12.34161451809162
5.000264134661484,7.079534153351502
9.769604019233611,14.287821856819624
9.071043835273315,11.506325787554292
9.519908482946427,12.431826146156908
5.078216476537171,8.357524811584941
9.669293978928696,13.866688374053492
9.048942643440522,12.539941243189858
9.186095714793492,13.097225902903812
5.466436923609843,7.294009285442808
8.693890144592988,12.786155905746885
9.799583448210456,13.884362881379344
8.392736707090803,12.048462621842065
7.852807023123033,11.433789168816524
9.728148388744984,13.920405154590496
7.2146856086721805,10.643171968657686
7.996467831552394,10.658733646497263
7.381691467471831,11.956195878227458
9.664231106801495,14.197477737876019
5.380423633827537,7.814036029615631
7.505598504126741,10.834149589713792
8.434762206927191,12.003697553234609
8.959532692111186,13.290864013787905
7.915093237220682,10.418477417004933
9.544588720607269,13.204002332513827
9.70995723441936,12.77163045963448
5.3215961159679175,8.24336758124733
7.011852697706872,10.177972790705793
5.117295108605772,8.180601164018281
6.647083286872215,9.674062744742066
7.68434108985301,10.84569761212835
9.553974652549744,13.774597928941267
9.232771612327014,13.306662305263707
5.637498633359929,9.040697531421035
5.465151873704478,8.469732203199952
7.946336693783335,11.249734741427407
7.6605898622939135,11.13328159374231
6.3318882071501195,9.84884688361437
9.497265422769175,12.308328656837086
9.636832047307767,13.76125442195475
7.013057191700813,10.570237723708376
9.451512785567601,13.372890795723984
6.919744471314863,10.229036654641998
8.684084159148501,11.137841298011994
7.37971108773862,10.63572667373614
5.612915782535915,9.630218294581784
9.639671006185107,13.57405585520628
7.270482966887683,10.57093464092786
8.672435201612018,12.415375339729477
6.835869072156461,10.380429320901756
5.094404392881174,8.44269539380214
5.502651793459179,8.488742070572043
7.481097397449622,11.189776678136386
8.449821785631812,12.978111544138853
6.673676632896395,10.511537359192033
8.477442295888252,13.343080862994391
8.49317794715978,11.863428357415875
8.519679536639154,13.061710197717993
7.462609270102542,10.559794304161752
9.574430750607519,13.666099974099254
7.445982589903078,11.301417372502742
7.251325967483191,10.446202565027592
5.996904095053135,9.240267052800899
6.538275436781682,10.30116107536394
5.211672462591517,7.898871505953865
8.16767646808085,12.635903491470843
6.242678719635464,8.798916151198883
6.520776272427326,10.794777248276983
8.854072608321605,13.12555019738572
6.636105915807269,9.918464310804833
6.210979460065711,9.251841246460486
5.845288745668529,8.760832363406722
8.87429201090978,12.581252592963228
5.648531289950134,8.753989617165749
7.268768801251768,11.350135684819412
7.534650580385972,12.025907746655458
8.436949563428573,12.224029436441292
8.166417411664977,11.37688665000327
9.053603364725873,12.591461017352952
5.223757169631191,8.176963211251786
6.482203623896986,9.263583296027996
6.400670593876899,9.091334011598589
5.730084527960541,9.924665039739162
6.445891269282216,9.886376286111785
6.5488265707145175,9.442025318017249
7.609422309637392,11.539608556743726
8.31852239463128,11.393053811154113
6.90550256805907,9.738597057735358
8.597351156566905,11.915300187348162
6.6808266928979,10.844248671909995
6.451418386573802,9.615262030999375
7.705940279285121,10.026274841690903
5.118581801528953,8.747331128422541
5.398945618170002,8.325544059722821
7.089847717932635,9.583113258579958
9.714563556958783,13.499134524368834
8.607558899217118,12.589572627362992
5.440632847502789,8.730784000269832
9.231590063904369,13.977115566267651
8.661503853040905,11.96742069236412
8.054732628513266,11.689039214348405
9.101464803045886,12.57197312436585
7.020549238714786,9.65356263936413
6.107505254269263,9.771769991276093
7.560116945543797,11.303775119226316
7.744208777967369,11.43488975841027
7.691631860049561,11.443353328688794
7.825368957400526,11.04770632253642
9.743524591195904,13.189381965775986
9.511228115481156,13.432297424662067
9.378585182794698,13.834907920559443
9.007084054543135,13.612539433178537
9.717140536326426,14.058284996995427
5.4924732083970165,8.60555506346047
6.325616307228698,9.725631533374404
7.475279728272924,10.976132603590194
9.232672465617025,12.566235288890717
7.5258285576136625,11.043317958241666
8.740173696707943,11.820795027255285
5.694799526244581,8.771720818441977
6.262069064882801,10.33253543315752
8.658880475188361,12.802086181617709
5.82367004443862,8.526844461208078
6.756779673274634,10.071921073108419
6.324331289067857,9.172009391004059
6.749308471112393,10.067913281246264
8.54162024538985,12.770498202730101
6.8392359057140055,10.53358705601176
7.776316613039701,12.573651976020308
5.499659385272048,9.195829963580243
9.02508846617314,12.932106349946613
6.849443128240624,10.557906740955396
8.242670795166713,11.789983367108388
8.626948008309164,11.788585486427749
6.048304610558501,9.910853821813962
9.42337492476675,13.812545648185923
8.081121258034765,11.576818402344735
7.1436257087574075,10.709318718974558
5.911675917891098,9.71448069516172
9.711504689506032,14.07698134051025
8.775341020658125,11.7988585991649
6.040122813666244,9.369957387144405
6.688553873621123,9.942448885601165
9.048371290440366,13.41454589809778
8.478388316076694,12.689587348683364
8.828921463578622,13.254009670383368
7.206005511064662,10.08825944391749
8.582381313210835,11.90680180882488
6.932468614319569,10.876003555251202
6.056314584690982,8.971754593957955
8.1633851742068,11.035345718591005
9.880069627993972,14.122381797399798
6.5530048569766475,9.589996608238991
7.304847961062698,11.660712938429437
8.370006855349267,12.192100503413352
7.7075314106124395,11.32916733605576
9.217138978545247,12.875944828446418
8.808713532347578,13.36587390578058
5.291486019311785,8.529060453119053
9.99210616961887,13.78627764446454
8.762012268597337,12.11737286901408
9.319516581470566,13.14668337048257
8.255988560476732,11.418362853994676
9.281425640233811,13.652149489120045
5.561914874643547,7.7701268225601385
6.738689177796578,10.016669999189357
9.382104718022465,13.563592434170923
6.008276056334461,9.38099097765618
5.391210492900114,8.110811104972303
8.940594699726095,13.058842993024589
9.17743077821648,12.569897239666822
5.813261090949503,8.964720980890998
9.271729913913578,13.451996682686472
8.433838977985848,12.352063163329575
7.60041341608292,10.782976593589769
9.151250963906925,13.580248414970491
7.096246246594829,10.558842781656562
5.969969781116986,9.535461442809959
6.424263383053068,10.473666563000306
7.525820091466574,11.589744384147192
7.656653963365878,11.748049459204577
9.027904132206167,12.929824923572136
8.956763618261672,13.145083902369262
7.906832786022875,11.594997630509608
8.903927416827383,12.080050666303652
5.958867291468355,9.302012646014546
5.250322635466472,8.428567654428997
9.3681691131735,13.53366761656911
5.3777724688138475,8.38932847496992
6.233442148719987,9.099402800082059
8.476594748121922,12.50016673933392
7.047239688136546,9.800051482137732
9.381569849577545,13.987293387421289
6.489898973311348,9.67216973737112
5.059356733346797,8.19399216604424
6.50327820280372,10.083212920005252
7.890375245924158,11.763794317531085
6.879691877016467,9.551138102443893
7.674363778793776,11.621279824824663
9.382990594175094,13.41116562719825
9.562425271151842,13.157279633102904
6.32987032327056,9.221010912451714
7.310702366349504,10.605816298590982
7.745720076207256,10.645493248143461
9.745562284441235,14.555808436822993
9.993086595821923,14.73477957755798
6.177036244207633,9.63829359353713
8.634899356729077,12.250180019903848
6.890155311165976,10.169632379430473
5.0405409844310665,8.427682034404265
5.046262612179512,8.93442858436639
7.302830037811279,10.478197675575164
7.441674565021673,10.371216456714345
5.112848482867213,8.909238566238292
8.434637083871513,11.22799520685359
6.470016942974766,9.259754927443394
7.799465507679747,11.235929662960269
6.504595365827094,9.025297705089997
5.835671574346536,9.558880420619142
7.035868692994376,10.871495066845801
6.161366823952504,9.106243575135345
7.67400488459584,11.848612921103882
5.9941426514324,9.917617395920791
7.542029883223135,10.99385053572273
5.786892574344337,8.7189370004292
8.354873547428925,13.155649270785949
8.769688422207121,12.884207017690622
5.551971171249669,8.79052773198403
7.339012060186696,11.48858744554384
5.3543585032743675,8.576195521430751
7.990912227710012,11.33628438029242
6.322021489648227,9.62650566782165
7.638122284193539,11.685073884692113
7.587305046921456,10.10867327313114
9.621771730969002,13.40211070744319
7.745416112843614,11.98602803470314
7.914992398591578,11.242056677763134
7.008265628821901,11.182973034801986
9.745398015914084,14.401849528776808
8.885929547198048,12.630350898893182
6.427026451514208,9.428162089372549
9.221047928881159,12.921578077582573
7.1619818009254494,11.926685407111256
9.14333571766797,13.909215084668185
9.11444034146751,13.00002389566438
5.944350933814272,8.829144344766922
8.505705656917884,12.265367306092092
6.4532148465326555,9.86577127914757
6.487463349963341,9.163276651151332
6.481740384402904,9.818109095891115
8.62784123779974,13.014611647765555
6.1491302089626805,8.47927791014698
5.004529176230451,8.418726994045167
8.576184267413165,12.978820105923187
5.855923719175626,8.746829790463568
5.522411976539173,9.473982250942537
6.187580602970301,9.079928192340187
6.89950261161352,10.499944464866426
7.379531637366004,10.702051622507389
5.222850203563154,8.113922065694483
9.852866663136801,13.51479046088514
8.580315267097792,12.64566606094836
6.615970326621681,10.36356712081174
6.5934862864269865,9.87997244392379
7.242712746842297,10.01127118937462
8.131224113815165,11.959054019895392
5.731865332944839,9.089245579239153
5.944649068824762,9.0252213768965
9.297172914167755,14.090223140591709
6.281274619445362,8.755564910884107
6.900974989875888,9.172528132724281
9.356359254750586,12.862213655851868
8.315739146999112,12.334099243444658
6.708559396708441,9.52234895733321
8.418497728623104,11.611711815084686
5.0984160769070686,8.59360996037756
8.678213300056825,12.645129921467065
7.435080202581197,11.110626697911638
9.065910736422307,13.269807343439533
9.773188260032342,13.515229435402368
9.628942747472841,13.365239259938313
9.546325217276703,13.860479897012755
7.560849779669436,10.400576345212723
6.80071057069469,9.089492761634355
7.325176623653364,10.57356986157011
8.449480016566804,12.60481266441301
9.419988884355934,13.431766510720523
6.034931515000598,9.670563570062225
9.590965792308516,12.501011795558636
9.075901159849446,13.04882979598108
9.894280075891173,14.200068343390596
9.401258866408437,12.606111928384781
6.399686648459533,10.110652773424713
5.529779556720238,8.57997601981139
5.561205359957943,10.209114782752533
6.45611659289138,8.658721877021287
8.070918619922697,12.369659527744611
9.021601630485863,12.62884290832
9.496251534907824,12.586925984669366
8.118766921846163,11.479042734432898
5.028156563740269,8.172527497157056
5.931583882592667,9.63663399389372
5.49863101926684,9.459339367186294
6.81662237784505,10.890893397766233
7.50675496816873,10.525414951450228
5.216985892892804,8.825465417604423
6.742389878978276,10.286510333334368
5.895898373126613,8.747776537287441
8.235350831294369,11.776465700814502
7.3213618466217,10.430712886223677
7.476588234669544,10.990452052571682
7.138458940167306,10.201321787053706
9.780098552432836,13.222121226310684
6.073675625607816,9.527970314620767
7.583321299219372,11.414350833193064
8.680086841826679,12.322305710146209
7.784222065672813,12.024892130775362
9.645104428584006,13.44391002105325
6.889841778206421,10.116422861284937
7.31837902886589,11.112299325811916
5.442611576073642,8.464921098816701
8.044995555259643,11.696393530824642
6.441059842240531,8.469052575379104
5.801545197577845,8.970207929462399
7.72265646452254,10.353589788691417
7.661551316899553,10.583386294780029
5.379358206120238,7.787568577966532
8.491077267472363,11.668001144199922
8.118860953254265,11.46820621408899
5.945086413732486,8.890857388706241
7.347174310770219,11.148746775052826
8.6016145823928,12.43313140593871
7.647178702706382,10.226077228838665
6.977445380917851,10.414581775874824
6.611692290404719,10.093158371777374
8.051969333220267,11.49807994173784
9.695543491551202,13.604209201408091
8.358724202387418,12.12562410556343
5.373729518181578,8.830775220635683
7.303424867410669,9.976669847161435
9.454120657553137,13.222786269743938
5.472312129005434,9.320942603835386
9.944378560687717,14.64158492697424
9.745346968227107,14.119884825760419
5.391372403649379,8.738059226357093
9.667066602247775,14.427797296898374
6.815662951297311,11.137719542360104
9.223545835379312,13.003715008431747
7.091916688566357,10.025583804635469
7.20427556351258,10.509984517402847
8.171215454887713,13.353806302751282
8.872387096379917,11.862186344293304
5.168945754741243,7.967465335924782
7.9657799776356715,10.85259039691649
5.933664970486855,9.182779896022918
6.729747589316014,9.474351592731782
6.7398433307760826,10.033436485514489
7.345301701105768,9.839314461317542
6.670682059380867,10.313628803799364
5.536805592253339,9.255339338937993
5.728143692627257,8.68180062012098
5.167189927805488,8.133062909828734
7.3512454266437715,10.73979089660687
9.772238474264942,13.817141506730442
5.578376118240583,8.674966548405484
9.73132246501541,14.061645434233839
8.666807573660467,13.016688655118033
8.187494014670815,11.417957206358887
8.226388776617814,11.717002285554226
9.13363824198141,13.411175614840065
5.5345993218991065,7.930684662249411
7.523771617827709,10.043165300470465
8.485455691303793,12.29570480601379
7.934102225367818,11.769095875976626
9.163895355116473,12.635524332162971
5.361358545056757,8.144304727007881
8.45350519749583,11.764110076124545
7.670138651923589,10.770703762636089
6.895804319899717,10.62171309418196
6.701374911170154,9.451400649905365
8.104163163870965,11.592234365928482
9.454976873221323,12.89330416410816
7.4808796305055765,10.249411068656084
9.1236158203846,13.383428071834905
7.010781909219838,10.153025679977036
5.511972313965883,8.708586816969438
5.307528682293193,7.614996478851325
5.256671856618388,7.937036501063828
6.900750709788349,10.658944792093521
6.68618875417921,11.317062232937708
8.589685118112847,11.319514109540261
8.714107507924329,12.35637511186448
5.254269844168699,8.511264112074189
6.105616314445075,9.018689500714448
6.371309250794498,10.070332094450459
7.738059920714047,10.8523055695267
5.722576119534751,8.94401517355002
5.6697060970000015,8.542611364150822
9.71894444603979,14.272448876725136
9.021014536488906,12.487035192268884
5.9032745104558515,8.907992514403764
7.032839039527454,10.912251366181522
6.778109996287828,9.61971266599896
8.955020370327036,12.78039947277423
7.551064582390611,10.15001032702543
5.639248684967335,8.223131692646264
8.69496031578122,12.625018016882866
6.984439891124595,9.885979114581398
6.314621238160735,9.305259019880987
6.8774931101036,10.499534933148288
7.4887828180344815,10.696946311067911
6.715577582085047,10.470114135110235
6.2095288629587895,9.55926602929358
6.992510144019901,10.608853728786134
5.095864553749491,8.735520263868656
8.86248923048157,12.794898607884917
5.854724467837929,9.795093006640188
5.219523068153186,8.719058823302737
8.268493464525395,11.660465942513246
8.869680644118361,13.29019081045267
9.069145657964217,13.014907800008533
7.467545913303,10.763715241633347
6.026840923449926,9.371401955800353
8.686138386249134,12.979529475694092
8.498565385771686,12.425801010047135
6.231353670515866,10.388820820894738
9.517038779313964,13.963711814126167
5.521857290414145,8.887808765198056
9.91344119795663,13.383095396177376
9.301239054887322,13.071620608859726
8.439493227395376,12.163223942749877
9.693749441399165,13.980815080287872
8.61155584161854,12.652533530578344
5.9522849851502295,9.227512187289419
7.210780690564059,10.713111786365456
5.357515121658177,8.789246593527846
6.948287111440576,9.9086514209137
8.708015098686044,13.29737602804818
6.932216754654087,9.295076663003169
6.651470877340671,10.709469793894819
7.976778612551559,11.54954157084929
9.361022644994474,13.734517081129166
5.237915962730562,8.467419372422981
6.927352173498678,10.485839813653815
5.7912037090763135,9.226571688904837
8.476771253659347,12.576652648935106
5.528622802155675,8.469931949293189
8.324038792901224,12.506246116744585
6.430904353989536,9.17484991299805
5.994584068686123,9.190835595760285
9.681762789124928,14.036100309086052
5.09262288372978,8.60865625028368
7.188886359447845,10.857058055468114
5.108134962308969,7.933065735792896
7.417965240521645,11.349912177810326
7.505236888972091,10.67160114720713
6.608312356973736,10.805679365242938
5.660808887625119,8.750635216400312
6.881937688672377,9.488512379303872
8.361314699662831,11.43623590558712
8.911979043222296,12.716196670306548
7.653753011940712,11.25441624999188
7.949171972198778,12.52383470911408
6.003081855623264,8.684448557940803
6.436651666138247,9.743713099017862
5.809478050261792,8.441662956773122
6.2464767500230565,9.249444673420967
6.124433901127659,10.19130669638786
7.5972439319561875,10.54852460676943
7.813443778953647,11.669653746778293
9.724737104107522,13.866138204436222
5.977853235507615,9.161338169430033
8.20837855080748,12.109772572564843
9.086296344937615,12.323545422953494
7.801207318915262,12.189610036600094
6.2750182625053785,10.492444662568214
6.312751150100001,9.598853728999657
5.196265265355,9.447071383732776
6.527221132742408,9.633151393515929
8.7230183950169,12.66783807094842
5.237588786035552,9.001051075129919
6.0964764125241535,9.086269464917528
8.53116249265891,11.54662046175097
8.913257814114383,11.890050844127831
7.276592050309642,11.762323742322899
8.490371692393245,11.923933705552503
6.93976084327446,10.2348446302201
5.799566225120637,8.403097430984237
6.990747467614533,10.863066600802034
7.899839101015714,11.089026991606563
9.740266409264452,13.44268817728668
5.343754760443387,8.562265922240144
7.536970469224803,10.512341599446977
6.644598891053622,9.884227534507234
7.541558471383473,11.750974960411801
5.119877236882658,8.357979883017622
6.565126773507907,9.943423274423667
9.099340737635025,13.026641239893962
7.769708669273188,11.129082855139544
7.2529124640805875,11.701571116774169
6.427625358576698,9.307071865025003
6.490212613956779,9.893718217730099
6.9155071679529225,10.35612138471491
9.177853549822803,13.517805513353931
9.836066034041341,14.354866210246428
7.193276906751873,10.615922885858712
6.966764193738809,10.505450279043096
9.232753879099313,13.24357203187615
7.134526603181518,9.425361096032518
7.760090861478256,10.517614232535019
6.154708322993722,9.08311814223148
8.717512678895377,12.180215876486018
7.65994159135391,10.592288698642626
9.045172751201708,13.228998587128864
8.903663650143349,12.685455590680753
6.075023841350143,9.182681335926754
8.578177752788811,11.66573566609288
9.000272039756858,12.778054015585836
6.730536203911975,8.763301066695064
5.863045564511372,8.954176522010725
5.013160777897941,8.047384767881406
7.254518265465741,10.826379410719639
6.762163657694208,9.332545507493409
7.774549169127045,11.441867371298192
5.940205462943929,8.607530920600444
9.298327738332375,12.751758369852684
6.288776078140549,9.905496986679992
6.13214802543825,10.365634492205773
7.4035702824217795,10.909963718307475
7.494255118721371,10.58455841314553
6.075426143925464,9.384846596465556
6.359303633629579,10.100678939105068
5.848526195776225,9.328730217867836
8.592300891615833,13.682317506170872
8.85044515627041,12.262865402977159
7.311642487296413,10.900086724715345
8.570435113425088,13.058981112819207
8.679676959687228,13.15869197013394
5.691377638389043,7.854614202804661
9.830890124172683,13.795389338987228
9.105159735482154,13.668452065502935
6.0224173059791175,10.67222226237451
5.930825178730351,9.468888156351829
5.628305727897914,8.570035226629253
5.691892812709592,8.325669799032815
8.740808995143482,13.598342472937603
7.348271284758118,11.18229633494262
8.914670863699335,12.273571572996492
8.731274471751027,12.37595118293434
8.023063567526108,11.782769539445681
8.431833032893397,12.390102966416135
5.091778621895709,7.660325017501956
6.55888823402511,9.563570671767385
8.189110896297052,11.000465794369983
5.046724767431221,8.575950865719856
5.164884718412967,8.027052428710402
9.259439912351915,13.344488719413944
8.420124308460359,12.815278424440594
6.3268486656017195,9.702153469909037
8.439814200593545,12.07129180273772
8.962283345696317,12.851700753277546
6.533971415550506,9.872362500585721
5.180186887495937,8.839306763934095
9.663895623438673,13.752093946895801
6.7258991914781525,9.798878519984326
5.532408816423532,9.162815108153113
7.459284356965737,11.56638340653806
8.842338978320669,11.94164146057457
6.108236573087796,10.096275830089406
6.347450250666817,9.799296187404423
6.213574933992916,9.597924895864796
9.958365264158392,14.453350632788327
5.987018668652713,8.900934206881116
7.87760108483062,11.930203558892206
9.626323208284822,13.363200115072859
5.734482844388896,8.143904073411505
9.854270989338502,13.326247047652735
9.737386171978123,13.96837432282536
9.422859935291314,12.834697752352247
6.072782606650011,10.092377189574838
8.170275280054916,12.39897206278572
8.8044573648062,13.232068420783921
9.930139640982148,13.978556859017283
5.902119110406852,9.211473741135704
8.830129497596483,11.99929946999364
6.694005849635564,10.530698774641422
5.878132327840012,9.243675520926558
7.106884706069275,10.811914459929259
8.969179560743083,13.607171378618139
7.324249018520261,10.486117330250558
7.687615501015243,11.162067826279632
9.975797051000606,14.13429192197181
6.99554649778713,9.9269380946152
8.077003773546199,11.59860511761702
6.8262210080768595,10.437940114925714
6.963928231643525,10.194003242285813
8.47820376722704,12.828339225537004
9.689434880474417,12.871859575660803
7.711794752461607,11.815539323070599
8.841999644743899,12.94099231110068
5.446032794084819,8.250825059123487
6.055790187159635,8.804743940476563
7.510658204597663,9.972648536895969
5.100058618143874,7.7224828355657325
6.264274893812794,10.040718200076851
7.58700644912483,11.076364875810459
5.074805991281504,8.671257629733725
6.322731431130208,9.277342182043974
7.570154097379348,11.437737996908497
7.865746239906228,11.080146186845262
9.628758465276526,13.071722655226912
8.226728116253039,11.818510130918309
7.0736790126499685,10.155931559519964
9.651755885665338,12.810695988279798
8.924414916938971,12.618140549968269
6.000044605563738,9.253271234892129
5.654211806744099,9.419233473840954
8.379058178713665,12.523272653022927
7.7994158278849195,11.969270593078319
8.948368068963779,13.098220431953289
8.694025250393432,12.599136679947105
8.126057669287576,11.136796749909145
9.93191085814446,13.993229128740989
7.667948650552043,11.499935269327858
5.565528782508599,9.407353513695536
9.141367824079943,13.312785659761838
6.259266811728545,10.131311891376965
8.886510740719592,12.14781394318089
9.785535480000256,13.579433762926259
8.483977569821706,12.395448440616683
7.980150804749005,12.156657311070086
7.301930878375202,10.689702731130783
6.822049329977016,10.145236216397842
6.765023754859181,10.461598658832505
8.181863528547954,11.255300820684981
8.75636558468873,13.31134097653819
8.392585347422072,11.631534370352643
5.992050505967813,8.231165895381725
7.469935900717456,10.968956585122235
8.958200360915315,13.59906978428616
7.3785203909452814,11.147451034301142
7.68311639867747,11.595284949914781
8.855680240854111,12.647509170178491
8.306326531325457,11.89140308895496
7.046724604411963,9.683614840497798
9.477063555971094,12.24278313821322
5.812835343317393,9.073538581201303
9.977582242951623,14.62937328871206
5.594262892381186,8.885182323271456
5.074749855521194,8.40149959015144
9.450094505743824,14.131972179712358
6.224767541829781,9.634104475916267
8.648498137233604,12.316870214526515
9.055076874660347,12.456829846767384
9.294931955160585,14.165024627678745
9.957971178320832,14.21283930356184
6.470198550199996,9.29243740228033
8.551216709636297,11.675876217662937
5.576999291404141,9.318931013149424
7.034046456784247,9.922134899936934
9.239858466562952,14.014747238626653
6.8382902302955415,8.827716877809292
7.95547690267807,12.257869882108672
7.51886721862317,11.266088067928786
8.229757655560226,11.935006398200708
9.864471946938474,13.749637118805287
5.27867763250701,9.279778083305429
7.869807587508149,11.79729853421038
9.315143896251424,12.726570871053982
7.406913558742137,10.028841292476123
5.392635929707864,8.55981172222309
7.802696762083855,11.362700547731917
6.6603694541191025,9.232509326255169
5.774708926689679,8.901953949286447
9.245172566417365,12.807239763163738
7.607997564955609,11.134242112100077
9.666382061895334,13.962620280098601
9.030082523015345,13.582404001350431
8.464858968868336,12.612275280826648
5.02512751682656,7.6694326452767685
7.13911728319125,10.751398304244097
5.987431408260162,9.216471250658206
9.553989555244339,12.798722988977756
5.872919923381802,9.246620300404297
6.430300258296428,10.64469647891457
7.584183838672496,11.117233908500499
6.3168180949903965,8.783090374125775
6.049323386395606,9.274322399229037
7.995496625513763,10.98773985112989
5.444647613775119,8.965379889973287
5.290838793604624,8.611439048188112
6.861226475930357,10.148016744379056
8.603322272539312,12.158404594119263
7.77403379136974,11.222723398835914
7.114382342333894,10.541396057971832
7.828757821122911,11.008391874676722
6.827257423266368,9.498832367418922
9.680731677160566,14.186227485940003
5.274524454553871,8.136728857216168
8.366957395149175,12.123870426263583
9.456413324138753,13.49033696455025
9.019423543676268,12.98431849223913
5.920205174107234,8.517337210379468
6.479631744901441,8.937638011605806
8.585239693535524,12.007941369896631
5.421352795903828,8.703479121293071
9.05930849916292,12.507195265258348
8.594534723023951,12.135980990779125
8.648033246176713,13.44128860228684
5.501206851337957,7.67873627920328
8.588802724081155,11.929046270942138
8.39909062609985,13.027210785606785
9.154612454109252,12.96323560893349
5.207979781282347,7.896583154789361
5.115553342338961,8.723048469312314
6.865035499392803,10.265657817511919
5.743941419245765,8.718575505572915
7.791922387851109,11.446491328940086
9.586744507533744,13.17503900434911
6.957398651670079,9.840132850560057
9.22475188636302,13.012903799818249
5.001204372589332,7.495946767069196
5.8425732172959215,9.016434516653344
5.152117698270428,8.359744521661684
6.640735902575344,10.395413311116217
9.540947978482514,14.01310006693743
5.484760617994938,8.3788444907778
8.032048883719002,11.888165964432336
7.257479695597221,10.955237357819842
9.692341061829062,13.794718632102866
5.6125957126854695,8.495385149747333
6.060139252511145,8.758133196781317
5.147709843057466,8.42825275620224
7.169676248156868,9.750180216691717
6.389164497823272,9.53307768110377
9.349529669451606,11.942620095517627
8.024704065988775,10.9614436675074
8.070453689878509,11.245977458630497
7.659553484406512,11.739826285102456
5.459251686146005,8.89515603557734
7.225093418626776,10.39314476043101
9.997525948542583,14.361716035815975
9.176146454230075,13.455187226766288
9.46729527083558,13.280421900815334
9.116131796232498,12.247169083372151
5.515208467154913,8.514294005552838
6.137241270323998,9.31574332180273
5.015608256782048,7.4025027127233445
6.517550624390557,10.004584145733652
5.543037011732463,8.791550341230133
7.363966726507915,11.059281421756591
8.385637442869509,12.202226480027132
9.372526475190385,13.611953287785953
8.746085825454491,12.405638976608873
9.692927978892527,13.732406128356509
5.269491451968944,8.124519600239966
5.060899177082707,7.780829404688273
8.306690569181063,12.637153498398312
6.446762051111231,8.71423011057023
6.267505080528865,9.959386091211769
6.654435438468971,9.675052088439935
6.348980289461821,9.243757258532625
7.557182031507937,11.199407179842227
7.2007422361206626,9.896085877169293
7.562142756883281,10.666559772286837
8.363568057502182,11.611711845746122
6.935652544855742,10.212083924734344
6.256538435710784,9.105777278772594
5.831002684043727,9.797762563672107
6.747370597663128,10.99535297544473
8.70903237623086,11.439842090103001
8.783524550557349,12.812390813051687
8.334526933421051,12.430764039644048
6.170140876534373,9.6756616530368
7.940431229273488,11.19946072858234
7.85344830788424,11.302090188381817
7.421330990548627,10.531459861269505
7.7498949319193216,11.089741902723771
7.45895316311834,10.34576128140842
7.827281830370541,11.335343785627373
8.577529773105644,11.541634872074237
5.548140972017198,8.55770188930657
8.748128760745118,11.87346366834426
5.679430750637971,8.918725081661268
5.333139992051874,8.060058209990803
9.880398431107338,14.001768291266075
9.784958844352207,14.28274097740504
5.302182724702821,9.157342737695739
7.216267207374811,9.395518354339528
5.9312246914988735,8.700372582861757
7.42672448567209,10.7605263442505
9.150886214997936,13.211227367188265
9.753058873714451,12.878493396380078
8.171263267257686,11.314469717309114
6.769528336059086,10.188612604599458
8.016627828222992,11.662397514630923
6.5600065305422515,10.06081703986075
9.549118204160301,13.68077970843642
9.352002315529184,13.391699995192951
7.791158751398305,11.44621815999371
6.6239945769018025,9.976663378945348
6.466948377914892,10.092719598360052
5.1670899735252975,7.080846634948245
9.079104255126477,13.667091849637389
7.25191606519504,9.600058252793886
6.625664642001322,9.411216661949341
7.355551774988769,10.713281731661452
9.093689952273259,13.248734388272831
5.623071038537606,7.250051800845318
9.288279941209137,13.131873767480046
9.487544175541771,13.781250530357992
9.733539575169441,14.177506548217568
6.987439962113139,10.036263125287036
6.085702020188359,9.152424780748515
