Area_sqft,Price
2185.430534813131,5812360.752694082
4778.214378844623,13772050.085668288
3793.972738151323,11576327.669585826
3193.9631788866645,8994952.873506978
1202.0838819909643,4162568.798574544
1201.9753415129119,3570365.879123568
761.3762547568977,2326926.116242956
4397.7926559872085,13054191.48415768
3205.0175528444397,10001476.577805182
3686.3266000822045,11450559.744135119
592.630224331111,1945417.8489494186
4864.594334728975,14876177.557140749
4245.991883601898,12631930.81584548
1455.5259980522428,4637679.497611253
1318.2123524319527,3785698.1695589544
1325.3202943404522,3977076.6941025574
1869.0900933179198,5469948.40527061
2861.4039423450704,8355602.557375613
2443.752583889521,6986701.852807667
1810.5311308911887,5665438.444603009
3253.3380262507076,10415317.035158854
1127.7223729341881,3968718.104637344
1814.6509184084816,4815670.087252728
2148.6282948216126,7090486.410168274
2552.3149289766616,7497865.53612102
4033.291826268561,12400241.98637848
1398.5320197126189,3742488.393114251
2814.0549728612523,8513154.875520758
3165.865559879191,9654458.271086028
709.0268572399898,1384778.1757601427
3233.9518335564726,10005989.083841512
1267.358556592812,4475043.173697594
792.7321684337578,2290872.5324604595
4769.984917639999,14990038.818334004
4845.344148835517,14441185.699780349
4137.7880665240755,12838156.465095535
1870.7619612801682,4503000.900864954
939.5245130287274,4027962.428742914
3579.048619304706,11484874.980535597
2480.686221828206,7299745.913357778
1049.1720568015048,2161471.657082605
2728.2960955007156,8328902.470654892
654.7483450184827,1242282.2615185697
4591.941809354519,13998252.1968423
1664.5099172000762,5199312.611182369
3481.350279592919,9973349.254277743
1902.6998424023493,6268583.039014237
2840.3060953001486,8923705.637303533
2960.1962570447586,9368500.439778557
1331.8450498648717,3999964.001429063
4863.130824940514,13881630.441364689
3988.0977051250156,12453229.251480617
4727.745237038851,14048050.011548657
4526.72307692442,12885279.159176925
3190.549904649883,10247669.396936812
4648.434057604026,14995005.933063332
898.2162592336377,2674024.7132113115
1381.9228808861535,5225329.219960107
703.5228000974213,2156225.764597939
1963.9864884346896,5701731.513220893
2249.047803602669,6431914.183715267
1721.0706429825316,5981753.132943966
4229.318791183682,12297884.432857161
2105.3899701211517,6683804.565350949
1764.2052935932134,5013033.963250035
2942.132374212118,8596243.741349172
1134.1590123864319,3917601.884144079
4109.886413393178,12139640.817034857
835.4778965589687,2304035.9999667592
4940.991214702328,15389375.992694387
3975.101461834958,12724003.032115687
1394.2205669037758,4505006.602353443
524.8495270562108,1247163.6933566579
4169.576428046754,12253425.034491472
3680.858047314277,11082531.77381285
3780.5322561844428,11502061.799516156
3970.7165600867556,11418216.72519038
833.2009328034067,2861121.768200152
2113.0957784492266,6382044.000167479
1021.4107678630837,2206378.144270187
4383.965416440171,12687433.008090148
3304.8415707240106,9662460.375346199
1989.0411118369213,5930694.491090237
786.0125762871064,3302677.1266133175
1899.4204477204798,5817346.996231253
1963.3249491203617,5469588.902411773
3783.227802521288,11459998.809717447
3369.008621098459,9930981.989568438
4492.457341593469,13639751.14454718
2624.967163228772,8165185.333204123
1038.1741067223577,3719137.643779042
3709.6015425034775,11116661.37967542
3923.5327187760386,12590078.420128033
3025.747389062733,9531253.498456296
3969.3523097955244,11554337.15698048
2722.080183639758,9271168.383793507
2852.297732218973,8720390.45329197
2423.934582613473,6854241.495854301
614.3860703484283,2669614.736660496
985.51142146987,3995423.057008832
641.4313355903041,1907781.374911132
3363.8468506870117,9839715.421873236
1914.60191484347,5657618.265803578
2788.5681102411627,8723070.194482338
4584.049132667418,14391075.725517511
1621.8150311699374,5150688.758941598
2346.723153660334,7091031.065216887
3899.980123443719,12448946.25548337
1529.591744712301,4432356.997611143
846.4095942295685,3054688.451872159
1803.8815381119562,5267613.215160229
1225.4957926430197,3891998.856934506
4683.639435541579,13994137.024229512
4136.5417080398765,12381699.032793224
3350.3169042969057,9862257.454159612
4421.5726558447295,13937144.983124536
4116.524346046015,11983110.019083777
1339.5652649871613,3648579.6686871294
4516.5154932049,14610043.262537254
2927.0400886204284,9270044.048188452
4133.480698238282,11207885.245368326
4532.41084965572,13314603.179361958
1931.0156373733873,4887052.243339134
995.2336603745455,2510355.634416009
1525.7082314387376,3007867.361199193
2421.9850488181537,7197460.357607489
4181.066446651219,11972228.430373002
4373.287624653545,13149815.502358856
531.2845873903582,781293.1327298122
2798.3628615990456,8436544.511383157
2378.3495141695057,6927590.4034483535
1499.485147118286,5249431.923949156
1039.3941530015727,3823860.8898775303
2019.2682713163258,6450477.61545412
4743.093667606337,14065974.112488402
1954.4131940933985,6855929.779910342
2834.5577978451474,7727155.754615532
3663.5853150283,10288976.630303068
2136.3332107068227,6367108.082175936
4873.019372244323,15746077.171193527
4831.0128272395,14391869.028283458
1633.0203312141387,4807438.372037775
2737.6182765157346,7491899.651491299
1853.9523941754635,6034821.975161579
1781.7822246986043,5821934.80126049
665.9912630953976,2392511.3899861476
3243.0395029095357,9414508.172304925
2762.0556045298767,7932813.429403128
731.6543806249521,1548402.016672371
1753.9090890647515,5303663.518074721
4587.196486849942,13221385.795910574
1578.028508001376,4145377.2713794834
1152.0269244105039,3244235.4147761734
2702.5374212490337,7863034.1761549935
4935.427043497703,14537291.866082132
1589.2487218017518,5000968.463825386
3524.6099633264535,10613353.7910545
3927.288268979229,11637786.791682128
1569.3689479657985,4799613.308053137
3776.973568753368,10835157.185707787
2155.0240972366396,6517711.603664758
3345.3762376711074,10111429.95943564
3350.883698424026,9301127.66559334
2910.9860783364134,9230805.11219442
906.3039652448374,2278195.0431210147
4258.861230151571,12821738.590057932
1943.5102923728114,6412736.747386069
1339.333296799344,4480838.269254967
683.4881369964376,2067631.1052737304
3159.018244347088,9295805.23160023
3549.0396282902707,11120874.839158596
574.6452301753527,2061283.1794303681
2804.418762346764,8104073.777018229
1519.2309883907208,4160246.141671317
3403.2775568425245,9173655.079679575
1284.6489305224613,3930962.7124091773
3609.2198214610967,10786310.59187409
2240.309058352418,7289022.862378526
4715.284949315305,14325382.3946861
1118.8442486569697,4023647.3430572543
2034.7985797261633,5755713.625220405
1010.6308455826509,3600967.7022317615
4661.121282253533,13718905.65720827
4448.027090214415,13732879.30153938
1660.7373247182002,4252832.7778892545
3469.9282071538055,10527352.27114451
4177.499900905472,11540155.731993461
2998.4036521975804,8861642.213621862
2883.4276026020293,8870459.804745045
1588.3353090520325,4504521.6515405495
918.9624551265465,2231668.551001656
4537.470910789971,14035471.96701788
4551.881257234987,13603912.376781499
3348.9565577297058,9802084.349673782
2025.6340597191531,6097850.139734598
2071.443085756974,7532663.828243718
3766.800554916077,11877153.089639002
4536.9961697865965,14192275.34345371
4491.888909193028,13693439.887075266
4009.4399563593074,12111562.505366497
3389.142407694295,8969386.078917677
878.6298424777198,2296399.3542015934
1227.329213425762,3441700.4336760486
4543.493848371856,12693035.5130918
3228.930768468155,9108084.410296747
541.3867322748334,633741.9613631833
956.6219428971444,2850703.910842747
3485.757960986251,10866656.868383162
522.7771273079841,2121718.6412361166
1223.636231378744,3878300.9251758526
2969.3020521496373,8426207.985849628
3613.5283896171195,9874552.589591378
3433.8256677617023,9423042.653584355
1509.211892572519,3893144.389090308
3704.8064960639113,10669989.639173895
1567.6208937356002,4622988.432211008
1964.2986417167047,5385813.81608663
3859.211323031109,11747121.915927457
3423.348045712466,10153907.385737661
4321.5053472238005,12969788.897541914
3459.258015351545,10947899.322390238
3057.3887150096225,8582050.277928682
921.5364552264161,2973961.654825432
2154.721113767451,6457176.727064315
1693.4106545677646,4913488.823218445
1597.9533952058762,5236488.346050609
4878.547496386005,15075149.56643652
2268.9397610004216,6333573.885007051
4514.20949829701,13451548.202962069
3340.123816987683,10160977.292255081
4076.650865937418,12093449.22380096
2761.8669189733646,8578111.423063993
3096.067480818616,9428798.451410985
2716.3296221848877,9065269.48673267
1378.5934450912002,3370640.767308707
3751.034518676774,11191885.561156623
1763.475630983851,4836175.637195457
609.4218489415423,2130319.2745441487
3404.625331582255,9405290.049723992
1296.9980573317202,4064150.527107604
4732.063629588114,13881166.673090171
4792.678596511643,14010954.856474424
4616.889755992019,13127420.166205714
2165.7141511494997,6264604.480347996
569.5547743799034,2250914.588285173
4677.433531644764,14019706.253169551
2426.8286674279143,7594326.21122098
4849.946685696513,15382160.968072675
4836.289896901638,14640747.483116202
4338.54254960312,12736227.86277819
1825.0200143131356,5708686.150530802
2232.9397787086637,6426671.262968846
4330.115021825856,12738133.723828984
1926.1490232032495,5018500.669800255
1262.7173600874162,4251280.825804445
3005.6056810625755,8823815.755363006
4712.696483723515,14229138.574078474
3632.1340850373786,10378421.290808816
3065.2752654021424,9413799.611064164
937.2942219684585,2430912.0468378337
3267.532520146264,9731743.19958788
4955.242325469185,15304639.992027117
1130.3780685643583,3786513.8618093394
2832.483435636815,8486435.270651976
4448.178823675799,12460470.954674039
3833.45877989392,12996781.62471208
3636.570834478706,11782641.988572687
3661.1783779419916,11344872.546270125
2117.710180488898,5976528.650671209
1821.1632991902202,5406693.816719678
4142.125199653312,12154665.384071678
4145.510276056313,13068458.797717134
4401.8254336104665,13336727.746257316
4609.58248650412,13436665.530332444
2801.04079487422,8167744.835060269
2756.823326092398,8831064.049562147
4092.3283053504883,13077033.839461703
3424.8376884999434,11038678.847242953
3658.850947659665,11355068.875505984
4081.067012462455,12116888.602986045
4505.024038179048,11894315.201872583
2020.978205831911,6211514.629399844
2190.123286879748,6569455.481217193
922.9187292839106,2838747.2360124085
3102.2606344827827,9333730.576964952
661.7402320853394,1322089.6152814394
2595.1910815960705,8064277.523213805
2941.9008561840947,9141810.725568209
1789.4356345772799,5709476.294761669
3158.7496725605483,9949537.51946834
637.2511247257224,2213779.196637979
668.0668493714649,1799185.8423449392
4201.702522968462,12569689.144947343
2120.8578863506827,6408136.092678736
1071.7723069334816,3269166.645353754
2850.0946702466194,9049392.838725723
3964.9709889437486,12216747.343342492
1471.1946237357943,5452255.590992359
3303.007141185501,11012255.91349884
884.063592471956,2692015.56872283
732.5677452587347,279375.46154651954
2891.095842056666,9291703.75923363
2932.858047245479,8528385.972242909
3368.4345567419296,9704561.709310284
3767.411001751977,11103010.367761247
4891.334357581406,14450681.549336916
2823.351567355379,8776189.607118832
1953.3041282356069,5080194.495143708
4078.3378764591666,11696153.256481698
1718.745130679334,5327814.6691367095
2475.3713931753628,7737586.194732742
853.0537160401968,2879931.9705885965
614.0783453695587,1448716.896642027
4831.917866050663,14006620.77351887
4261.910542304926,12532414.210020818
3631.8839274216407,11015588.158407284
2340.288249864215,7763603.434228919
1279.824440318806,2815754.728071043
1203.9666920198872,3501535.6975804786
1626.093041740679,4211939.904709435
2971.519991177542,8088438.634855881
3715.6816521502806,11630523.27912325
3470.8881952297907,10684976.87293904
1759.7025362567429,5503824.36674386
4796.893762984373,14851194.208818616
3820.536125130958,11221748.927009806
2994.593236301303,8767460.950737145
3252.7433580545853,10851095.382525042
2388.2002809250544,7041315.315645376
1614.7894527552087,5211934.414792672
2101.877053930677,6308821.932273688
3910.307497089661,10806793.226229776
564.7706988339014,671997.5946010702
1022.3268822811231,2777488.536873417
707.0118890978874,2649086.2931286567
683.2796104353656,2443984.659624099
4349.572628049533,13505756.466260614
3666.4603672101066,10505858.012162162
2633.7822308929635,8709282.937740047
940.2537229295067,2338314.518695328
2712.2714380257457,8243226.513412222
2630.6229685125454,7886692.760583768
1279.4084145950683,3751288.3336279118
2452.332421570879,8026293.33386044
2293.2713047881807,6527258.654281561
3271.3254412349743,9139173.695848959
3357.921428904397,10083762.0298164
703.8680439742003,1911690.7647793374
2185.7567658191206,8245961.756998684
3316.369620714064,10287362.60036218
2764.1131636103946,8087669.203221872
4354.20428534745,12534557.071448809
3464.1213422852525,9452219.821571365
1233.2049218664336,3187005.222730584
817.5593633019344,2510148.975785369
3390.8867519284204,10886324.581582645
619.3008974372982,2418747.263505854
3135.990115730585,9522517.763014944
4731.0360864123095,14031524.426385686
3089.633800441455,9403307.579530442
2246.7646679293484,6480975.005045758
3394.796982990589,11043572.946853705
2562.138007211825,7591818.930997934
2955.275551921707,8822657.72664176
4736.591639494363,13101863.705972755
2237.461870103484,6614668.187049071
4825.357537207614,14894314.680605313
4574.077888802287,13188372.377887588
1381.060106551834,3767820.152409096
812.1258539382445,2832733.0706815664
953.5010061984199,2122174.406836233
581.9982154319738,2274895.1500668805
924.9933234016778,2508908.0251184823
3573.5304803736058,10526307.330875214
820.3489180710304,1899107.5516502946
1935.3903363219258,5995194.139179719
4301.938899362545,14135752.690602327
604.7237108112164,2204919.7521639653
4165.10817165021,12063181.883980364
1768.3464864802997,5872849.752186637
1031.7417242974532,2936885.3999252347
3635.317244138678,11593194.223129813
3330.2428105094777,10394066.632610615
4448.624060871738,11874301.399879348
3807.819697117486,10921419.274874946
4115.6641867318185,12819185.17161315
1769.1555765708792,5383295.365785147
1298.4779470087528,3383555.8671723334
3877.7663823838625,11316504.38940468
4130.756326702688,11439150.670063373
4957.273139003029,14827632.773245892
2356.7795461014193,8175683.50131214
2174.0813860675244,6924710.8535687355
3993.858323338986,13076783.47061117
2033.6159311385802,6542046.338310732
4688.407965216042,14578963.56732447
4362.857383293553,14075611.493753169
2430.4731231875826,7480050.999233861
3878.9198050617383,11543145.754431775
3895.4429333810704,12202657.558454216
964.0574097616968,3619092.3478460326
4561.48808005805,13444481.918818047
2773.635676015357,7960122.4868760565
4219.058597484837,12726603.80866995
1940.2232046377528,6236419.0473790895
4529.854528232902,13988609.109029487
2251.4075543037343,6042138.862817403
548.7694316613427,2602111.328515689
4574.218893886687,13402074.216961635
910.790045537601,2599837.6381685133
1936.9113691568668,5359406.927476691
4775.278851728622,15675000.973154409
4777.732161219003,14454231.818800991
3080.4704965547876,8815923.94932358
3343.267454764097,10461764.139273513
2518.004848902439,7938582.436362333
1819.4484726412904,5364481.906133929
1978.9904541646217,6357274.718885557
3526.333052346673,10166353.176624587
3885.68538246956,11410597.009934053
4062.1056967663185,11181208.763015924
4053.2816425754927,11497869.385616696
910.4274637191066,3635097.793992663
2724.8913711616165,8995388.427346006
759.0144200748992,2309937.584549179
2972.87997045681,9750105.634965349
2486.8872561801963,7380624.525236437
4494.668822412349,13362301.315953095
2079.1175564843543,6265607.993685842
1026.8015739242264,3017943.9241108964
1143.4625692377613,3322789.5459331935
3926.7978427286253,12352092.581760652
3281.981284923175,9921011.681747627
955.052042552556,3221397.0098745706
878.4806275174885,3151132.1451911307
3654.36109156604,11157176.172525486
827.4335286388709,1997164.9229624933
4198.3702668066035,11918677.855937792
3678.090022204233,11108660.38401635
866.069512888549,2512580.3862531795
881.7697133833636,2689004.8546101516
4939.87810325529,14811607.290141577
2184.2185809025414,7844442.572790908
2167.8896618010094,5838555.85758236
4157.598052658761,11477821.02306572
4762.618598227365,14454044.211441897
4937.004787202919,14622803.08431466
3890.2018336652372,11828639.435860688
2193.1681348891207,6871445.915809362
875.7532251440094,3269312.0230214773
3997.1611216734655,11237870.454828426
3012.8191238111226,8760098.422504786
2408.9990416113933,7441377.754274562
4578.594732926312,14121015.996622548
1000.388670377681,4097890.786277236
2716.8129693088663,8628290.893483533
551.0914014533859,1624879.906417019
2608.9728889735684,7381700.790449374
753.3647405682681,1977949.2953452948
1034.6806232063236,2807690.4581404175
1028.868110496972,3414221.145747796
3421.446359522286,10392837.801359775
3857.201956694405,10909781.084662125
3125.1594429372185,9157527.594266439
4829.776468135438,14928103.181132024
2186.9176078566684,6736584.001057035
1785.7043882683734,5641435.472811505
4408.696076852571,13417549.085586345
1506.1812733375368,5331759.18731704
4834.501427482751,14621525.814360438
554.6951361041736,1471074.0093771718
4864.454720184375,14135486.639986346
694.2196037775925,2207463.5404376336
4510.14401164132,12310080.027536418
2874.6549908883494,8531820.471748693
4968.341582536851,14802104.817649882
832.0845413092949,1814018.1971192444
2992.3442798059436,8512899.920089832
4861.861410285946,14990412.995931957
2853.9402987656695,8677176.770834489
3332.2938716086815,10047775.781679709
3630.869100430777,11045781.068258343
2545.43479145498,7682618.1683394015
3324.0113603782856,10593465.362564014
3129.414403653951,9449957.801813677
4555.21104720945,12936526.584718976
704.5087115365604,2928591.1170468866
1764.3343531650364,5478173.193159532
4776.851678344514,14035928.169636007
4506.187027509123,12891860.22337986
2550.4553875357083,7849323.273086147
3290.5966901069155,9813204.067833558
1748.2153234150971,6031719.363261496
1346.5452187569258,3866682.0159373633
2586.6428222299196,7341238.071848526
2090.0850261172377,6718153.187469677
3126.452503328924,9841998.45634519
849.8058663424317,2633743.282832393
4884.776634497749,14992508.427330703
4937.948350158213,14795001.490103519
3641.7277130888533,11042115.689771183
2912.433648548542,9319796.386927586
1892.8742732884748,5991281.986876176
4162.077588681269,12401595.546877494
3581.2902764924565,11420052.102440445
1231.7762270520109,2512900.9947602767
4599.172330222291,14823553.64637784
4201.41759315426,11751273.232017413
4774.099609813658,14008752.417054828
3765.7377877476197,11276754.595645325
3260.3683817110546,9707864.809769083
2382.093663307785,7649486.509936633
4697.27817509306,13562916.215974063
4397.287502751838,13322245.916997045
703.4840154778524,1821345.9973236802
618.651385237634,2003524.6453816104
2194.085150951223,6549869.322954731
4147.489988518248,12488937.791896231
4942.74258191725,14553265.32951958
1176.8760099658768,3275596.0548495892
3173.588219084608,9664400.914267538
2214.008854839597,7113884.317396813
4864.614790165714,14294704.703398218
4289.535154110689,12434221.690045614
4272.479171200121,13124167.59643628
2609.1192190773663,7811105.710703255
2366.687760519493,7515312.348551455
1730.331823688178,4738096.86437896
753.689734929172,1371349.7420758007
4391.25069314774,12907250.038530054
4158.054541085349,12090987.31862354
4998.729529787588,14956794.389322614
4984.865766832574,14636174.693362527
2999.4426752118234,9368836.501303695
3960.4433683122975,11737254.973725634
4751.445784470926,14329574.602799729
4323.413258048351,13049057.053365525
1613.0664578443896,4936676.919739262
2527.448608895421,7570281.271458777
1081.2173681817276,3498952.449750339
4793.229622664251,13981861.301079849
3227.78585502896,10383066.528413823
1528.8926247655822,4468409.18261248
3522.653079826355,9912184.670529723
3281.577082060531,9938767.92467748
2111.732231147782,5909606.452219604
1011.0091648983306,3365694.7619494293
3522.079380167598,11671040.928523982
2841.3846540670697,8130867.916422285
3975.432762810377,12092484.455043122
2840.73575500397,7644454.470659597
4334.816751433431,13231402.869020967
2983.580774485185,8507885.423555711
3024.220871909238,8760245.306510475
4444.941211962552,12784180.390967742
2315.6728979557865,7313094.306894727
1103.0685280278833,3812857.762820281
629.5220434100254,1900258.73755933
3898.1176505312856,11262139.598925997
3291.392981090591,10668940.461323705
3668.358956446506,10629871.80546219
1458.3387267900985,3294000.030406576
1113.671640140464,3570209.425399926
565.4509955054687,1143965.6496956476
2077.6440146296864,6727236.4406386465
3154.6295908458487,9273319.924200837
2265.0982029487955,7097151.229118484
2468.6371491067807,8106661.620596421
4568.714125221868,13101712.943355242
2067.1496016048513,5918480.239368351
2812.9527012191484,8401022.567328913
4026.4385573351437,12848091.331522603
2284.4425204457157,6524136.202366924
3299.390151025431,9600918.605101788
4380.636689360354,13380980.355858965
4772.842806459389,14029914.056522882
1161.8306641806707,3561754.9339908203
4669.644313226725,13233164.229196113
2714.523318857922,9250734.927852064
1662.0997473453126,4312444.626881236
2566.110903072176,7537456.357221424
4910.146588784647,14714199.248432893
2716.7814229679134,9106688.336082138
1979.382246293787,5275723.848414991
3350.303844425266,11042763.601015173
1580.655284501869,5120554.264056618
841.3849764889876,2732702.591678586
1079.9587485979214,2747559.402284786
1076.206275309976,3514189.446948965
1183.5621208053244,3188943.0512060733
1124.7222769223456,4007497.457366243
3383.936351614466,9666278.04028953
1318.4603797961518,3898801.892160413
2055.5027749573846,5888871.780865568
4535.547844577053,13112882.052517662
2632.8273811829254,8269142.052002734
3504.0098233446224,10779758.843738684
1275.4394204073342,4430823.360672501
1365.3005846390183,3205964.1998129715
683.9087731991549,2583811.6707679867
1260.2077838247405,5033347.804152668
1753.656525643814,5035149.0323429685
1296.5471792453607,4837215.843790567
899.1614019067503,2565903.569690338
1042.8614199527037,2442379.391077458
2573.504456147266,7567697.1472384
1428.5017328260662,4809607.182315837
2139.2143747163395,5998554.882983253
2765.377718846856,7995963.827037325
3606.776728832144,11117099.902643027
676.9046292849453,2032243.946224122
4097.3467950906925,12584351.86151545
3325.551752709085,10095570.028506422
867.9156437699236,2843559.5910855574
4431.103808480498,13077160.832536722
4643.92580239316,14047642.878194675
774.8508193468869,1860865.955192694
1745.9494166624168,5882065.0612389445
4127.905759068776,12066579.918797672
3867.1686067264627,12165929.563954083
1330.344587103698,3874230.280819661
1442.0719550151964,4427215.37042425
2167.124462561219,6253891.112238307
2680.353433359596,7533062.584494772
3282.1464718863317,8974059.221856344
2160.111378063976,5952672.054895699
2581.4062225991656,7582264.241189536
3863.6192216019044,11696797.254220156
665.0744130076905,2500412.895664703
1635.9662495480934,4685020.018745855
3710.073136480486,10689239.027307872
4528.430769592397,12863934.915775834
2802.5484895204977,8647677.277513545
2894.5106836939203,9375129.308746433
982.2740510289923,3579987.2870651213
2513.355650705546,7895033.3261902565
2896.777699047604,9009604.755776612
1591.1172663562834,5622163.688923521
1711.5945392722144,5300824.348525048
2197.778733970802,6916401.039924492
590.3203899997686,1610569.2390733063
1949.3562451243022,5167047.049945528
1451.5160314844509,4012623.644203564
1973.738084800616,5916634.73513452
1038.9295931866304,3147181.4658105425
4507.3727633295275,14485261.217416279
3171.1660409932188,9554136.70677519
3555.9604361502033,11257303.030463431
4051.2705737330225,11936273.100410908
2742.9898951807577,8073131.742659656
891.1412963934066,2008920.0705684954
2916.979438183465,8379774.308112108
3140.785031093956,9685845.788963746
3854.477633829485,11567212.99168552
2442.4679580335574,7798873.184049289
1074.111362580037,3312961.061912636
1776.9915760942602,5154747.862463909
2133.8703337938578,7475759.433275053
3406.6275859922057,10172930.973620094
3068.5023710101036,9787007.597882964
2102.435266540308,6106701.196348586
4939.318619568408,15172755.598397007
3225.986687105992,10141967.89089382
1567.5205628119752,4806807.673723715
958.0211267918169,1696821.9190271494
1187.8661263294941,3572724.609416539
1606.8097777302867,5435659.357070848
1223.0661796680006,3932938.955517867
1339.551608230876,4241574.262307251
1782.928259122312,4487656.310388177
1280.1811788263967,3480316.0011416604
4535.444410818913,13812012.048032457
861.05185547739,2788347.2048256155
2860.301253066146,9188237.149264889
2346.785721453477,6967923.786787384
4920.703776088729,14965023.371603094
1004.1750597562356,3020712.3002343536
2290.3501957058375,6377579.218866734
4862.61694973916,13459955.183670107
4394.782066522911,13399851.045633772
4176.82431927176,12617446.562021686
1660.5627217022293,4672600.644056603
1268.9941432552962,2997395.901507956
3508.8944896599396,10841553.226184187
4682.191951074136,13913615.816124633
3005.433018562684,9294736.416872125
3072.2571026145492,10148795.573049527
1759.9059214712788,4209002.324253984
3962.718199363716,11538354.193739966
1341.696868508855,3920402.7988706087
1956.5565638190965,6597082.778530614
2414.4639737738753,6425190.411718383
2784.2467040800475,9320670.625080444
1590.843795867861,4840459.338386728
1016.765711326416,3002296.8031123187
3247.7901909873467,9644340.691352587
1798.837489581151,5178380.952653439
3115.5719964017553,9870774.368839843
1194.6322187339103,3049636.2791605117
2665.1304583466786,8168098.465861962
2896.6524464821364,8497866.50659292
733.2059157009211,1818551.0228457141
2014.7192518726426,7337145.343459875
1104.8660462253843,3524123.5060528824
785.1873671274549,2662194.8737129364
4954.821045754754,15433351.527598592
1950.5923023862533,5141101.934499487
4144.435006345857,13309450.973598586
1645.8829464369373,3683170.250063274
3566.762250007682,10315903.545003785
3921.0253695035894,11533560.271921318
3180.374332735299,9831984.68069115
2622.092848475713,7975637.678497882
2353.2841136627085,6976444.970638929
2069.907199443479,6203722.926016576
4682.881149115216,13559631.935584366
4237.787335044781,11964745.807892255
4842.621097999307,14891119.10516595
1059.3375056849513,3524865.5733229467
3788.903638416399,12158958.102827726
4722.53205569467,13772587.618676405
1315.5487977454707,4293053.998386874
799.2332031504988,2255846.24526913
3835.042921805266,12100366.258012539
3085.1290093096036,9766368.416267881
4288.229495412224,12970293.185848901
1128.9756948183026,3217162.0061219144
4078.7029033695057,12716574.799412647
1407.3229402148504,4545421.082272834
1236.4517428956701,3367135.027643919
1239.1960906894683,3053688.9353286894
4165.586241041219,12352492.27278276
3493.3874931329005,11237869.387072805
2853.794411461037,9134626.81374963
2114.737178555761,5788047.800831993
4447.402433658987,12758328.593027001
2266.002983401859,7435350.875045321
4174.697477622097,11956274.480487376
2476.107088565983,7682968.927518953
2196.249932412084,6280714.189568089
2582.059035513229,8554699.568800528
1856.2004337386393,5183388.901646978
3864.24221079313,12164407.397482304
2762.241755416156,8379154.59327865
1544.957128160678,4760968.811599177
4548.085579735558,12659102.448530974
2227.5104961794514,5581074.811935495
2945.9878750129487,8727680.654905189
4579.124499340462,13860826.52972969
3309.0709816129643,9364614.030970031
1026.0411831876384,2533776.8443247443
4729.244556260638,14468469.98369498
3324.6862388213804,10255485.956692707
2007.0752659568875,5952355.267676699
1126.7243269852427,3770273.8415487655
4073.113351716332,11632238.907288924
3290.3274016783107,9693014.746491447
2900.574913893447,9525663.544572178
4522.516623729309,13601710.936157836
4048.6874505103883,12209218.608824665
1182.5369587973803,4700584.169376011
1902.7493050799671,5008576.832315516
1618.2011291650958,5252818.570816343
3847.7583165770466,12375268.08963519
650.8959563110072,1790258.9056837487
3064.5035819209243,9623326.139190195
3931.0640858331076,11302182.50889387
4445.445365427873,12992969.898499945
2039.3678692215835,6310586.815688568
4195.657871024057,12986256.949627466
997.8428162984326,3553996.705098421
4309.035312805332,13711920.231885742
1073.6989804939208,3187373.662204171
2287.792807521653,7460184.300151252
4087.8291460079913,12092335.016299399
1174.6284230694819,3974930.9250025796
1531.6312785468867,4698638.234566751
3750.1365577687984,11473248.626847357
3740.1644144573347,11432247.180383023
3385.164347983838,9353140.53905261
3622.7680001019503,10306243.070875464
2942.259995064183,8878050.70510131
1633.0957650812875,4055647.7554232776
2055.6319707676375,6582501.46390279
1317.1897256064155,4387347.159963317
4588.027526001328,13927667.85444288
3125.263076447542,8815222.222963665
2303.8313754363794,7601563.595743395
2579.026116398597,8755683.66905497
4762.775028253169,14361863.498482492
1190.0813140223609,3825511.631292701
3138.0342440755876,9514972.059624786
2776.499054980097,8594681.75943969
3251.5440594559154,9694852.800054548
581.4958271937822,1727205.361659445
4424.557590248682,13726531.570994727
4694.532271176256,15256408.894476987
3043.0993261514404,8429262.361253452
3634.9287074460153,10852879.880136563
4651.247215297831,13363511.403277451
3682.5738544102937,11843734.012518924
1186.425693114176,3265408.094682579
3093.2976207506595,8558292.46535908
3230.2177087228515,10009746.62559284
2408.588020860737,8097919.619953766
3813.999060311253,11773796.11521414
4704.651566460567,14216353.638022657
4665.058308080494,14199745.385629479
2528.777171318595,8293751.845368561
1009.5712062833986,2591613.9838431207
4931.785395330506,14739432.63394836
4275.041389006703,12598779.092765342
1060.9820654147009,2599013.5425982475
4643.788471778175,13767177.785626125
4414.533629279577,13797461.435829956
2834.7712570673243,8787614.845398337
3160.7394608521818,9804373.632610645
2295.512167415586,6959774.308073418
746.427374699141,2500944.015461717
2008.387587406554,5624867.591045609
4112.840518691051,12183766.613109538
520.8441035207129,1658534.429046477
2000.7462726101487,6140996.747271392
2291.759121159245,7035371.290938672
2918.280213220653,8685672.99865377
4639.3502738574225,13729339.121007103
2058.5569746468254,7754556.565462625
2061.2894085330245,6637261.862065273
3818.755616493868,11662840.587457914
2534.9807340041325,7488337.9529092
1510.7217032299188,4306555.696217818
2535.9778225971204,7542533.170927883
1133.8565917090993,3547984.19692064
1293.741439278005,2941006.545802474
2742.654977327659,7443270.134295635
2385.1645227704657,6837052.373841918
4616.806554806451,13953989.382808635
2130.772546024849,6272681.064498621
3112.6475762511955,10077003.341803329
3345.1892956378865,9294369.493415775
558.9250546475014,1301102.429140819
3485.918174075198,11217800.392721144
1301.1618509138814,3969045.215079217
4824.816428612548,14916870.577238224
1168.9822748890083,4532570.296301756
2365.808556771607,6750523.46136391
884.0735063538973,2602563.350165676
4985.934133306763,14821588.949454855
2759.8775464905916,7302336.137230137
3179.232577940197,9382499.331942607
801.8441482479236,2846063.538434103
3874.8221167963,11894761.121295022
1444.575168930136,4643267.091484413
4541.244302483212,13435978.417129885
1423.1283821690322,3941336.5285042757
1358.0947429864996,4708912.064908809
664.473505316427,1744761.9427704462
2624.3012529949965,8019944.778381596
3041.7850996817738,9207022.639384089
795.6888774275856,3117925.140411316
3989.8742751275477,12455329.004218822
2539.7997563661243,6971769.958764813
2859.75621197411,7985492.052534809
2483.432361222027,7739751.992700648
2303.4337739389666,6878132.498127316
3018.3814908869804,8827558.58068406
1198.5811066882063,4103557.262061855
1318.67658722872,4049759.4527306156
4378.035294560828,13160334.577127207
4757.519579601348,14662473.059181567
2179.8919232588883,6352121.272304882
1718.351029145992,5939312.580174253
3397.9979445755707,9799970.022110207
2339.3037699414335,7346375.842995345
614.2386004715519,2559632.2207445777
1202.6866881478568,2919412.3198075206
3721.875029813289,10993957.501513643
3465.157738595681,10966576.912229823
621.9319662656757,2444418.1726625394
1498.8747286982725,4410876.385900698
1539.8365846463212,4252174.207100534
3523.5173461942777,11048519.949748214
588.6974198946386,2357866.810974718
968.4886189305823,2323134.1825355496
4099.622384179353,11696910.328054868
1303.4509792445012,4022981.2787253032
3437.357485333436,10626752.772714755
1571.8225147102694,4565933.001515781
947.4862674170532,3182105.712242334
1594.2748594975433,4427756.275073939
3750.2011933504664,10193256.780514533
4350.634106478286,12839951.783268562
4235.989390551462,12739584.244910935
2287.325883283047,6724057.669900913
3506.383114567908,9939847.71187398
1422.4293293711944,3359463.500174174
1819.1647861745596,5200449.95633973
4533.511183345039,14049361.43585999
558.5086557983121,2303624.6871017776
884.7883888451063,3248221.8586045466
1435.4881481571229,3898509.6768970923
619.3949174321888,1281331.5904813842
1316.459457904088,4197695.681202211
3123.687024363615,9688611.078889806
2396.4104776662407,7389316.235598971
4517.022699846387,12544036.46242028
4178.496027822985,12102045.79102722
2038.178082640442,6099689.852778337
1667.4054504408161,5245825.448637662
2208.6158367527014,7009501.191559348
3156.3272413166346,9541108.485090924
1706.286383702943,5284251.054377947
3308.670085321103,9968442.98514386
2342.352434860582,7369866.991690987
2984.212313833911,9109069.767247189
2462.569381108925,7420576.973350419
1825.0959179386296,5341103.354247198
4768.039881329705,14344765.356510356
3936.2260737189235,12050973.910576407
1130.5092909490363,3525265.56729614
4408.105891540607,13414730.88379445
2693.4403921228113,8751682.107044026
4525.485021023411,13709037.024443526
4099.348651762919,11973546.695052179
2413.4607701115506,7682185.703331736
601.1118874405283,1120236.4934871262
1709.0481172322573,4586437.661327128
2937.3539659739013,8979985.530281737
3350.6519892176625,10310154.301546277
1660.4945844494102,4358958.141596233
1127.1023333277085,3189898.2594897505
4257.186065596847,12468516.28068071
4929.809813165984,14546091.278057154
2865.6058203620864,9068616.349222733
1272.5567863173658,4170923.0907257237
1725.3829693371604,5166587.818084627
582.7580444636003,1475293.169833337
4614.344629522246,13168209.053456666
1029.879873005635,3799732.0884078797
3094.324139814141,9579029.369584883
1733.248493092427,4846410.927240711
2993.8010113210703,9341202.782775657
3431.391747583389,10259063.432462854
4233.838116682407,12557959.59761605
1428.8957229227144,4504292.932912945
549.4812289631622,1277694.561933124
1115.9853353096328,3176077.7461738433
4550.083888316472,13710982.19704919
4432.5053490313185,13047790.45065135
3188.358959766387,9899619.484432925
3202.32587195144,10541510.867693452
3492.6650354581498,10100846.040070878
1289.1707538055232,3034949.613264547
4614.853756662319,12843691.186248826
2384.467362014329,7078168.015295496
2224.1233771227385,6340787.836305124
2835.129673772769,8609319.271851847
711.3468504877477,2200339.387476294
1248.2751594023573,2943217.0549000236
3821.151273918667,10556011.907015298
872.5940056630691,2765748.637162255
3214.184492598747,9710267.89515622
1604.0709935659443,4599303.981514557
2251.8302631888946,5926918.997000531
1799.1218154681494,5633061.077786943
2100.5272240922714,6937531.444988786
3735.7065733291047,11346110.940096775
1837.0477203042876,5087406.215630331
3048.8208813360375,9168738.72679369
2642.2268098959485,7243623.389221003
3486.5202441319166,10988541.089315146
4715.733826961411,14188123.648149002
3796.5744374461265,10505644.856461763
1467.2317036584054,4251357.9307533745
640.324107775781,2152623.0784444585
1680.188199349213,4874040.787559878
3177.8506881511466,9395604.203733353
731.4161606791265,1582047.3785137436
2733.6481124055636,8484214.83075752
3185.7928201260015,9233143.860368436
2004.0975086763237,4934069.837526455
3969.1049168561985,11721686.065233398
979.6921391019731,3429651.275091096
838.1200178111394,2320895.3301334446
3776.8494029162152,12199540.701310406
2729.710922927893,8403616.743057938
3597.8107839248123,10962811.43291462
2456.723023716858,7305969.93819177
1608.8091495759807,4792284.344845797
4185.960429533899,12426169.471041944
4097.371455360407,12140979.670039957
3626.1341188449205,11143835.937568337
1724.653117534832,4706043.737709213
3156.038000910892,8930167.088370545
2124.3825362301204,5811550.083252673
912.1193299698537,3759185.263748138
4627.911089580092,14148904.719575565
1115.6838391353263,3499297.6182460515
4776.068092193611,13799446.941434117
2507.025978310801,7832749.085269816
1333.0981797737884,3941008.866094701
2938.5542632026118,8922747.26017371
4428.2562614438375,12796458.626399733
3795.0119888430254,11465170.395237865
4129.525165376524,12176658.727026328
3464.525150198228,10010769.87207959
3615.244540330336,11212786.788894633
4321.380432043937,12195287.391866809
1623.5060398663368,5152906.251756086
2702.412336394132,8449480.075958895
1495.44248818821,4046505.6267890097
4944.506035984911,14423353.8773885
4748.267028589759,14133288.245136077
677.4206511582765,2173280.05870594
3675.088276320598,10948837.333054682
4663.617428370496,14207633.515207427
1312.5890530730007,4819256.985487701
3055.7535374868326,8913402.227885641
4619.697339146188,13001502.032086855
652.7569036360948,2371232.5024236105
3638.3912026107796,11756830.895796103
1838.0705331764784,5710595.781054997
4659.782879194387,13435474.299906326
4869.762103244155,14547340.128114864
4749.199201010452,13688335.86092554
2633.963974958587,8223319.671857235
4379.19192945191,12461930.587006513
4300.472293407816,12751352.486809349
1935.9521295946504,5305687.475636998
4230.119633678049,12753771.243601628
666.5343562197168,1816432.2300902714
3183.214453169239,9638024.41113285
1535.0397677946637,4616294.580867174
1042.5509859977547,2634323.4441312086
846.2894073314412,2852306.7537588347
3633.299491451629,10875515.64843333
2029.4373369562977,5594047.506935943
3761.4504718794265,12404814.693741176
794.1035335952406,2620525.6841442846
1918.8065202377466,5679789.284013587
2927.7108156890176,9490734.710417964
4058.254241775336,13095670.530019313
1934.3862631943146,5730484.078426001
3316.5111939665408,10123232.325117003
4486.8998670628425,12966698.192187058
3271.3843468203704,9740556.665077105
1548.317636391352,4545421.632294121
609.8035170044211,1921824.0678240904
4415.444932554185,13412715.03698106
595.7123488267421,2067051.2708942564
4436.157527078897,13427293.909386672
2880.217103122454,8035279.99605278
4725.804643308033,13708180.377053555
4094.5245609814942,12010369.873212645
4990.703497400019,14830990.196238441
2078.203169532696,6759996.653834144
3952.347300190071,11275572.407143757
2308.6891112415897,6747359.8096394185
2659.44029136759,8454825.623209795
3323.7745844826654,9821385.016199691
4431.547013838524,13524848.866436986
4928.375611396828,14715355.812726535
3957.2303623903317,12000082.715833357
2379.950519753002,7025615.287354236
2396.1065102468156,7521852.267104624
3819.120357150012,10684832.867746819
1574.4971559573605,4541835.463677809
997.133509091276,3139686.8656209824
2095.7997093834947,6554246.752153581
1792.5754624433678,6124202.698707017
1833.3865420519553,5304647.292723078
1551.2348797245947,5393445.520104221
689.4193533636285,1738746.1467610502
580.4327063003622,2405621.324673408
4944.750753812142,15242985.82478561
2424.9791018113806,6818208.01561803
2229.4699122185675,6841929.355281614
3558.4127721188142,10649620.398590347
1482.1424953927888,4759219.783015867
4774.825327776014,14212840.189111387
4038.552564869984,11962034.581779085
902.3495104051678,3391595.822596929
2379.1134910321775,7087980.025868696
4456.032384029741,13781308.314185105
4751.2941003113465,14141206.55841194
2603.306800624414,8643252.031487003
3260.3512514481845,9441886.439676806
1251.6527574143386,3447886.506619423
4960.2588176163945,15643035.043407135
1542.5226562254952,4405094.7732288595
4742.292983608066,15027416.103906393
3423.409920465658,10716150.051194381
3234.815576954866,9627121.877584182
2807.098299574289,7514648.162714288
1538.014152729914,4604383.306053824
1294.3761440247872,3933943.458841074
1492.1879408157893,5060172.689099554
1338.9721796491453,4811140.127067491
4008.13013105039,11681896.803579295
2075.5636662502857,6627281.880744948
760.2920445352836,2663577.2116125254
4860.961835633651,15119591.858106177
4477.036482335416,13680454.40307402
4674.885274378458,13053406.977654489
4977.085201908959,14853544.389462998
1282.5286214876928,3269732.077004621
2283.0890850619644,6747964.368726856
3912.073140668411,12226221.54007218
3632.092781242065,11048853.76166368
1192.5315785293478,4151640.16878676
4171.24906245778,12684624.147730112
1509.9825732649729,3880784.749960467
1507.179266701804,3261114.2968190443
2916.384903020361,8823559.089900877
3168.2297067876643,9397725.88718741
3110.38793527015,8842690.936119508
911.6907682898969,1884758.680044002
4448.573881836712,12978350.03877378
1695.2001916491772,4988354.832515143
1082.817145772619,3581390.3491710518
4499.366359410397,13592414.619015181
4800.43174203389,15205328.849688035
4379.574277694528,12620920.805060888
4142.822336261952,12868996.454814572
3448.5889128755975,10369416.110191157
2978.858167741127,9283909.065282675
891.4404196013456,2456063.827171265
2338.0394588181443,7549958.563399728
2177.098326555413,6678907.358838861
1668.892026921468,4666953.588305529
3755.390511598632,11260159.520339303
2731.440807854469,8074544.494094857
864.7079715844156,2838713.090072144
1490.824408774151,3882584.851635198
3574.6644364681815,10709317.458346697
842.5888677063508,2725420.2294437177
4330.431113219459,13007804.993254893
2728.1593715628846,8857948.736883152
2662.639597969916,8374930.180945274
3165.8350309678294,9493764.694533113
4211.064346663172,12741537.588738352
2065.141435559869,6343257.082420607
3551.072686515786,10854867.86163077
3045.79383798106,8224552.516110875
1701.627215762396,4954118.499402515
4453.834938598211,12619285.281697921
4088.4170972311763,12904391.765423272
3463.0332559629146,10358675.00788728
4327.617780924089,12886182.867932456
4402.823904319111,13656870.37897395
3687.6333952176565,11274062.584377907
4266.559977636524,12235362.675719969
3638.621577511776,10880412.051271643
3560.6334729213518,10514316.932150863
3283.7512019683295,8978987.161601963
3887.2248780093855,11316536.517409556
1213.7229738188316,3549398.760448262
4463.918416395178,13334279.78343961
4423.295874853544,12528771.912721977
631.6127736555161,2470671.112490286
4216.175377541433,12597474.60317858
1079.9144036305033,3258519.7492217915
2008.0348441661386,6224425.351668334
3845.7871533122348,11143323.332984868
1223.4195322173869,3898436.5832185084
4180.8516085357805,12359017.502598248
4244.6038008098385,12285518.63210592
2783.604801923763,8637538.152448988
528.7364227257511,2332046.1975781573
1791.6715992871075,5737429.4846042385
3276.17113269084,10290002.180642735
4915.337801123405,14485698.100089068
3343.1608715750076,9230672.750140795
1669.1161147887192,5752417.105416078
3353.025663948251,11086334.436547132
2929.9342087213495,9561206.01304889
4009.304278180146,11860019.865050564
981.4128747213128,2366921.4547995166
3924.6255612591262,11241035.334867595
2935.699604042496,7965232.528320463
4833.464017365476,14446702.742891405
2038.4247471740873,6918113.220563489
3346.7985191027665,9969564.241372177
4694.126474795079,14233540.874559375
961.2937759580566,3571679.810026274
4717.52819256403,13950536.921775892
3595.48575035366,11804222.979420777
805.2667659732736,3411847.5016685473
1854.3360512606732,5497452.484441778
3686.774398903767,10771556.064701695
803.0777066094727,2757852.1430235743
3119.76707079323,9185538.741120262
2056.4737562883056,5591143.660331248
3294.119829953647,10522978.81662243
705.8391521563078,2725741.1501074634
4421.915627685694,13343502.684938863
4880.700361298286,14010668.70703077
4859.950348785612,13965087.920748143
3873.433242843161,11673914.37273906
1085.388080587844,3006228.7245110157
3912.1843816806017,11566006.678971
610.6411240646069,2342904.949723822
599.5559818804877,2165257.604352742
1956.2459861729355,6557809.298767613
2698.8943568209957,7601371.458774358
3966.8333801350695,11728904.356061852
3574.8291947292732,11103978.431917876
2506.5621786953675,7743725.706592548
1731.3199982674964,5960150.186096299
4987.0602507097,15171449.105081135
2417.815860061878,8177502.13223841
2531.24160948354,7863733.72931219
1236.3071953625113,4240005.309881864
4076.6429693746823,12068171.434731819
3621.570016016699,10871853.65399209
1493.4632575494218,4935861.974568003
870.7147052712921,3418633.2011104035
3562.246859336209,11051359.052664004
3445.3004642651085,10294315.506828016
1729.667871491942,5877671.129239997
4778.886030126847,13240668.7622406
1179.760513014051,2828164.288288716
2445.5066046917086,7677336.925909321
4746.271640754195,14245869.100389147
2388.7729261675504,7469075.604064734
3373.366764488385,10152304.054681126
2289.174790832574,7152997.219799659
1733.968410569015,4794703.82121045
4927.899415819227,15068941.290497527
2342.0030284176937,7523216.349356874
4523.446416556105,14180614.551633932
1534.7957265098878,5611164.326854013
1458.9711681128747,4498962.7260898175
640.1033729803012,2057265.6623644931
3432.5007141914825,9535915.910487525
2158.368546756925,6209399.939701562
4389.6121242783665,13072295.335831793
2629.4445801120073,8413493.5164742
4856.870425616248,14265110.71480393
1334.864820664045,4402764.471866552
4408.804255800249,13225601.908919057
3994.6858375628376,11895473.45513113
3969.148300898234,12031891.887261331
4301.524526525995,12708995.393451562
3924.607959243495,11559305.253684152
3317.991447341369,9101581.389129052
1090.6019495707442,3147828.745048288
646.3678077106337,1699119.350057538
4643.815315170591,13673455.450837234
3274.926415343321,10033215.777324984
4084.4178093927935,12582569.404573636
2666.8505818064755,8116648.997740591
1027.8868503307751,3581368.1462170626
1063.336064911477,3477789.1576496135
3585.0437925303713,10607603.282688294
2436.3765270475824,7077701.438285557
1402.3612701515153,4363494.928837969
2712.175460336466,8423409.935960349
788.9402168381034,3065742.8040300594
3118.8713086147945,9952200.448314432
1710.4703199579394,4860674.456620233
4089.0159528673466,12216044.71853841
1896.628815156082,6025395.347927131
2548.4906708681056,8179470.901633803
552.2924295864528,2126362.0231117546
826.010995075515,2446094.068810872
2266.221003830082,6171651.685275987
2659.724756227056,7479706.080558372
3200.0924665368666,9736594.156770308
1812.4816041918646,5608557.6022877665
3627.4184875694414,10332915.775991132
4370.550787351421,13133937.167498898
4009.329450020074,12343600.528546114
678.2847140676072,1459240.8134492496
2662.2812626602304,8539342.3888829
972.1858028817869,2727791.834365448
1589.2025713813737,5396414.270432446
4939.981669702159,14553218.786218526
1141.2299430568096,2910377.0877283392
2744.996690531102,8005921.576672446
3281.7008044315357,9797528.351755947
3661.092367448468,10789037.148959663
3018.4190756911134,8947256.516286783
543.9688133863265,1798889.0149970746
1969.0758870979635,5821637.976395691
2829.7023952312015,8456050.9887176
895.39924615175,1831584.538853952
2077.8211904413133,6429312.579329176
649.4139895611495,1903640.3198376144
853.6032371975933,3365956.2018342153
2286.1547429071825,6388681.645094569
1097.2208931937716,2387515.0153315575
3053.933817177012,9470835.698496057
3602.592361117696,10981040.592509588
4102.640145990873,11803703.927707046
1400.6760991016454,3437153.81980289
1253.671620165814,4529713.225839587
970.5552815048011,3618721.039817794
3363.9361229463652,8848079.989486031
3679.1407691910554,10808310.792944916
642.1376517153892,2758508.982538117
4712.955108096604,13900834.045400878
733.8707764316258,1956306.2122815512
2935.833508854817,8666120.862749767
3690.772337529124,10511868.525703292
4419.361056857386,12405695.298458137
3713.3911945959253,11666447.239155151
4107.776373814064,11401860.668318354
2027.5258664426274,6206213.32538226
4166.713011859305,12943428.78195674
860.5168087310382,1855937.2767425352
4526.674952272375,13117890.655519588
2964.165692691813,9499086.672271233
4177.839964831222,12799965.754607186
2535.4322803323507,7297653.987557609
3396.0996283843624,10789423.386833671
2868.8119742125095,9209703.78436468
3792.1528478989935,11510984.890204834
867.3349191376531,2151924.6434761276
771.5843779575371,2108028.7821367136
1611.964553045659,4979087.031114672
1217.9510605093474,3559555.766954298
4423.026049664908,13738556.73811215
1486.4629431111994,3694501.7892789296
4891.393651186091,13927049.189025154
2016.031062969981,6138528.744651158
1319.530620599147,3712819.6548939887
4053.6432821411563,11847405.5390746
3464.1849897539423,9508526.609674629
2741.880724039125,8235415.094516466
2999.1359792193407,8971030.383657638
3736.4080022251874,11535963.497651432
1528.0463359908442,4618592.074533019
4983.502622255339,14884205.82764577
4886.569229660524,15248208.007376742
3426.465588561216,9623163.113959372
1397.9410291811532,4462017.696967248
3561.027090940811,9847507.690424757
824.8928404062913,2055497.5812184701
637.9362599261273,1307480.2134667248
1659.5729983004617,5369690.262627345
2581.8033053269232,7712704.7991830725
4407.226274337712,13214927.200716648
3772.260813948386,10763415.947980432
3842.179345399915,11376691.2882333
2414.720005016339,6862427.3633944625
2056.707466461333,6361849.906811107
2169.6744334307123,6013477.73262633
4944.42303681226,15498166.293039318
680.4913613561712,1203683.8592564664
4401.641732551018,12801665.281424774
3104.03933857577,10150718.27071036
2473.7693863531567,7203738.785078453
3763.6594718681145,10633539.083402138
2690.0102364111626,8179566.490502322
4430.404571367473,13053517.592995148
4553.158388050663,13241540.036342837
2397.7441709305494,6645297.10739229
1745.7250875577322,6621362.0654861685
3165.57647867013,9370953.485918323
4605.635055275109,12854121.48565889
1447.9798505254996,5090794.431079266
3303.3496260356724,10215584.330662303
3342.0209904163426,9642829.755739134
3799.0086008687645,10930466.258263223
1092.0545830726692,3612900.147297123
3721.2123410693985,11040177.859463468
4590.646342995385,12808950.119763603
1308.573989916089,4819341.952050601
1568.9449621574495,4489839.65536437
4871.277923187378,15361619.637803348
1314.396287192704,4582406.34056097
4344.7329201631055,12533693.988247909
2715.2503540161565,8662345.994230043
1612.5398348142967,4511898.22951105
4418.374555726301,12321773.373776931
2503.873647511995,7299321.859524914
2816.678092683606,8648853.028938957
2116.550162298946,6118282.162898669
3168.2788314571735,9351312.32390897
1235.8574266326025,4279355.302362114
2259.8669149329235,6832847.734943816
4862.355450508794,14165417.195883906
1661.6004471550739,5335816.503298885
3455.3149904358147,10464782.754784565
1963.3552890111268,4629263.466302359
3980.629065589703,12156063.653654832
1088.9314732325743,3462708.773555774
4864.194702853451,14602644.673350783
2542.052936226377,8072009.099213919
1562.2270850590878,4350484.463014012
830.735362985057,2660455.9833656214
1263.9105728939335,3008252.033098124
2838.9827685020796,8720493.497205654
2016.5142939407883,7026072.729592314
4229.975146471743,12192497.263181457
2438.993856478127,6937080.503440493
1619.2142266443345,4502634.958487227
3277.152439718135,9896456.432055203
3680.4974759845063,10509974.29152666
1251.6885855542744,3965689.4460083134
1254.2864732974294,4186279.392626871
665.0214212009433,2262237.8703297223
3813.8090677953824,10557219.49056711
3487.120374298123,10958944.955473673
2635.8389408741623,8376200.529749327
4298.767020361387,13311381.747257313
4125.51568827524,12562968.189153632
3134.0946397853845,9512378.57645872
4407.220762309664,13737856.98599219
1426.285445165457,5240613.079298099
1003.6382872897755,2534394.6301869014
1713.8732518264533,5680682.453376746
756.8908524019168,2227564.0082020243
2890.262876004644,8605952.101999633
4714.7256153273265,13375911.500790961
677.0459330082934,1888743.094267183
1049.4946130451206,2649851.360151154
2534.8956272754585,7372759.667073403
4702.437578875572,13558219.54473764
1922.7024723953773,5543653.2235296285
2782.556639097766,8144614.7387815965
687.0778657267645,2109611.0563996937
1167.5444043293999,2695258.2818425344
4939.835553314811,14096747.58607177
4843.034133962205,14710059.537251877
522.2299142048432,1167970.6840794801
4783.153034404575,14886723.998328691
3376.0397201697515,10240754.021516778
4405.6323253401,13520278.051123502
2546.329350352366,8344334.211267545
2820.182128606626,8305690.979916592
2699.809611156141,7812185.480760285
3500.8891589574696,10938518.769671816
1128.430646403408,3640048.721175067
634.8811544270508,1810978.308370502
1885.6847371603592,6352783.194959048
3671.06343231491,10907068.142024765
1408.3405345532676,4241408.422437694
3530.445949962128,10601949.175303513
4864.604207482717,14126515.674998917
922.5532210523827,2806452.357900344
3526.7095320130684,11278508.684738452
2496.87598687057,7713112.118299798
4406.640144698775,13235452.14729579
1297.1740525132366,3810638.5169568756
3616.81678501774,11015883.869256396
4271.518803416496,13189439.72449408
4750.763987633105,14556911.378344191
3574.6161273034063,10557915.95099923
2737.286438037923,8374250.111168826
3280.3125809054623,10080907.613290526
4410.072430154232,12726619.796699207
3067.7438598747335,9287346.850216048
636.7417686357659,829573.3627561168
4689.2691297814,14309074.244254792
3602.870379642025,11138782.666207416
3544.310235997609,11006703.770886058
1470.5381857897273,4214091.131284398
3464.9846160469574,10549477.265652891
2272.389825443713,7529146.399101722
3430.5483966867146,10998530.014205774
979.6686363859583,2924419.5595445945
3460.303870713662,10450571.427505765
4997.361765967999,15547540.870271215
716.9541748725021,1400461.5169864187
4897.283828995928,14530313.615649272
2331.0858232529176,7661042.697527131
4418.390526517666,13742771.850395381
4020.734678262231,12246835.923611645
3051.573174440005,8401803.320654705
3823.021441630969,11444109.208372325
4453.3200258560655,13065002.37944323
2318.6314474296487,7121413.793697553
1971.649227034574,5510274.338706282
3504.170235036131,9999649.007621089
4135.306738735664,11373487.577365171
3930.283106494771,12401751.661972662
4090.1614198638554,12070599.003870038
2460.1249166581983,7458947.641825862
4180.253972787597,12539642.860125702
1040.940749167738,2589105.2810229645
2950.2009408238227,8221070.366747371
525.9139722415471,1075084.3537260233
1960.6362345512164,5520324.484238953
2149.07690692129,6630533.844270773
2282.7771122416493,6450472.504964642
3629.60243010438,11762052.60611045
2248.5114557165557,7259109.885096243
2519.1213018013877,7961543.680237018
1568.9485889344735,4647016.315566845
2179.63306233203,7296039.554856332
1522.7133226841815,4459137.152491983
829.3816569579964,2472514.263796866
3215.5186702162005,9731543.280523235
3506.9575934975733,10871784.300764391
3287.706557043265,10181573.710631287
2585.723197102576,7519606.952085426
2209.0360108065343,6360611.172706625
4385.001423073214,13474955.747795684
2835.8680331129813,8865222.391284559
2656.3184493337894,7772279.7855899315
615.3892961289606,1052573.853547655
2035.6152243177037,6003187.624948989
2210.880284536357,6944403.753022
2294.702514036052,7786815.9653180465
3110.7756615229955,8733348.003398657
2901.211460270953,8490348.754397573
3235.572917570501,9512016.971948814
3941.9746769395774,12503826.700534483
4158.435824222421,12457836.722437946
3731.553843019225,10740998.249371544
4799.856631797206,14678917.53685253
582.0466220436274,1543820.606110409
1381.0009355759576,3530809.1700488953
534.0329374016395,1155712.1585668433
3413.6362136957136,11107929.61829845
4541.137470274942,13815517.021649556
1595.6703345933468,4840891.031506311
4671.6554515833795,13890019.486844115
771.2032563030239,2459684.189968471
4704.962120624814,14255004.33487569
2082.302092578355,6392990.691838727
956.3937280214743,2926603.729203299
2686.4229163384653,8493667.91816817
1655.4945547422858,4978035.8372272225
1781.9280588286526,4856814.758709638
1882.8048421682895,5342203.081054434
4113.616540246985,11351340.2739961
2926.225745038645,9792085.793137133
1900.8846462020165,6134031.234582393
3246.5020248991327,9324470.82713278
3722.678034004371,11027111.677314563
1726.8080033009019,4861985.772799489
2360.970956864082,7854186.476279304
1048.487420016264,2435523.6779133272
1315.1720729060614,4002754.2481275736
3565.0303428424227,10640827.107244844
1316.4725646303214,4362837.009245521
2863.2352265017707,8537701.065642966
3690.708177750947,10193020.094925124
980.9461539263473,2817279.544457821
3052.904988330066,8672633.856018534
1654.532526656137,5003387.353246691
4833.170938569109,15216601.333967492
2675.9554102396614,7158153.608602845
4126.966473988212,11980788.054264683
2976.019439703178,8651711.842217784
695.3563978466863,1895253.6458334532
3349.1811901731007,10417606.402571924
4781.315039929957,14257172.911009178
3207.2531906584904,9829660.934835695
4186.349867420556,12246163.080395779
4478.929085067835,13551749.427912476
1526.3589737701961,4967975.736749446
1454.20177958702,3996455.5638925154
3249.4144498294627,10138922.409391645
2349.6281141301715,7075070.726754299
4279.375862900241,13360857.70894185
4550.104055291051,13549602.215834666
2090.3962068622313,6461810.948167743
1565.9175153851693,4677449.430316242
4012.3648185973784,11988988.324771846
1736.6271599666125,5339346.694012683
4201.764433311553,12873697.034547111
2406.8221414194327,6595683.968296296
3503.974546811617,11228740.444843791
929.9089122560068,1859895.216493121
3307.3669610445786,9579694.828264287
2532.954554317531,7551729.127570142
3139.7380842896337,9625392.237411873
1256.0639348518853,4556278.0684263455
3815.9318522488197,10518649.812633906
4382.586848944528,12893913.48263873
1475.3291004084904,3362570.5573258386
930.7154998407277,2807957.486477307
606.3736372085137,1954962.7038755566
3388.871751994697,10962013.12706972
3231.9231623995133,9756086.867645266
2960.138357213315,9402427.636361135
1543.7619325218893,4923204.338335197
2259.0769815748163,6559606.846221865
3175.1435083377787,8820950.151617317
2735.4508648662622,8343853.743744692
4945.034840966993,14089053.514328297
1113.9788865052992,3989540.1958507197
3628.150493214172,10803420.428624105
2319.4344564693147,7555892.075163653
2426.8982671652666,7040587.5844296
3729.189945461793,11321995.229585875
3615.9626809596634,10952562.471546335
4960.651971659848,14859433.855974082
1077.7743025435634,3016993.1509323944
968.4934222287485,3101708.2759215054
3759.524677079335,10815492.3994964
3102.741126528841,8703505.715106994
1733.7229995191265,5822582.445220794
857.3871604504398,2935745.4757973696
885.4621231839374,2689332.173852932
4523.858935988532,14404147.999237485
1363.402961234343,3956326.1243406064
1955.1720295198434,6526867.698554019
1519.953810021446,4647648.472527249
2097.483376243718,5780074.7536929585
812.4072923574201,3361241.972957685
2835.7690590872166,9002662.600573692
804.2565361649671,2352259.092990119
4101.604285200627,12668398.485368855
1551.7043685969486,4453261.388791893
2930.053615720298,9204735.364690663
4460.355894026562,12185528.399437707
3428.948160712374,9776943.815289825
2898.310039481009,9184559.990586508
1959.5018890191902,5753677.897948111
1998.5086087618906,6099296.973730043
3512.6912983918555,9864681.064117849
4973.6271254952535,15844814.874336813
3478.2763543222036,11030093.88482545
3010.025378165112,8929733.525307672
3787.9272960766075,11161433.95979816
2593.4252552767316,8295077.946540041
770.6405417035335,3303156.850195064
3030.335671450594,9567887.142257458
4809.313780274211,15513842.674520934
1288.8632406094684,3405414.0572974463
3605.0220086929958,10405372.610829592
1404.201598965754,3618134.237870588
2911.224580128866,8954554.065211337
935.0440234102383,2892933.8451329
2526.669213161833,7504032.077749506
3902.7349800286074,12112834.254147472
2064.0718590754195,6808379.879833591
3492.102760192481,9713477.075934023
4079.5248235537815,11940088.456710786
4672.300187657537,14426972.360034142
1555.889368349541,4433798.763119332
2296.9216211418866,6491661.825246583
1185.8720599868784,4066884.8937858324
4966.175759712689,14253777.244276077
4671.504355659329,13863723.163082434
2929.807086262518,8953743.271689959
4289.149824693895,12580539.517126627
2844.31089772419,8924510.521179158
3306.135596012419,9633968.300438572
901.0599445220748,3407489.580289184
3898.7168922356354,11633277.52795902
1074.7106763585566,3559767.097428347
4217.304336136378,13024924.984900542
4019.1263945167366,11743609.182178175
3689.351139843394,10041310.145202236
662.7217123614296,2168543.014416206
1864.0776017539788,5628376.978824371
1684.006564598793,5329932.707583942
2120.613833621836,6248577.764674089
894.3923604372735,2467963.2319114627
4716.310203639782,15153167.116410196
2992.110083205693,8240153.218861691
1874.859397961106,5991553.433065437
2286.4168268342755,6571949.55141113
2512.4114322717605,7369344.9879450705
3202.6745001227778,9449472.08408135
2820.55742463424,8059955.136817091
4637.263879464878,14197403.743512755
2736.335673076236,8904328.817203688
4964.711066704907,15129140.030738052
4331.412309852931,13045927.92766484
1438.2973146080112,3821671.69427441
4687.678465897623,14321448.030605095
1023.6487904846424,4149121.1873185765
4178.523688210362,12345223.75273354
2212.80482064461,6450422.672257897
4450.884442002813,13072108.760517938
4406.255105483527,12974058.19920337
4126.664300529295,11007343.124751695
4055.1369633817762,12367928.583073184
1871.0561259411836,5190392.289646245
864.1367737306348,1787278.7617960041
2313.410804443227,7316827.388195955
1280.860317439289,3301572.0597968986
3627.2799000610776,10712505.173241355
2057.448769420035,6905567.503854396
4890.245903869617,13966129.812596595
3384.3743480539943,9386823.926863102
4201.1625363546245,12738140.703845043
1096.3610273383179,3863826.764020138
4379.0651702268015,12350024.651814422
4652.407357310274,14161066.940349411
2691.7786346852117,8365835.674036481
3228.1382198793985,8654834.417792035
3941.6441040634795,12224182.981144048
1286.7738226718566,4298624.40793666
2761.5473440854907,8128749.245628459
2293.983624975409,7508124.056075231
1158.682964730121,4044276.681352786
2153.9049003118917,6513273.663794277
806.775392234721,2194603.4815416965
616.1535812726914,1362046.7975265956
1108.2483011967024,3305963.148907012
4834.018002151282,14786933.466305938
2972.882911527576,8756560.304062407
4846.19972518949,13439848.672937457
2446.240452485594,7973078.304745066
1903.1725988836681,5804629.40757345
2777.6383827810982,8143102.900004878
2477.802598848096,7861986.9907559315
975.4910791778476,3688792.535774921
3383.718416105928,8750199.463573838
1472.1718212931983,4633647.28884063
3288.145797040233,9151112.785715524
3425.90491579169,10527270.000774542
1184.1118390789165,3616299.1184240393
776.0733219980067,2646083.229214295
4013.427137307979,11790657.60467661
2569.1019069619406,6770685.664976246
761.7370797746411,2060027.1436955894
4976.898427263952,15134119.099361746
760.0125244836499,2787733.7377885617
3627.658529863489,10297059.939354206
4926.555163685362,15293195.704492593
1576.3104689716652,4404995.262091734
1140.1221590923828,3601591.418074412
1046.23222740093,2883749.7057699733
1864.73816405418,5685299.806018591
954.7061495479102,3310057.2659288677
3614.7260376235936,10230671.074226514
780.3130915852821,2000986.3263824305
2792.3995766740536,8469680.023693204
4985.135842338395,16156199.357530363
4162.866212777084,12057003.782247838
3268.487472039549,10825529.359117107
1878.1412935397525,6636635.532456843
3307.531263312373,9873938.214586325
2871.686587602432,8465983.499707347
2417.3752275066718,6906093.0831876695
1088.1966953308977,3230488.8208263586
4489.7189685821,12765797.189466523
2524.0309196959515,7533973.250427556
1375.801303193443,4875844.046505757
2154.917078947803,6159208.705605051
2363.583886380172,6970389.50714599
4223.920530050935,11821191.353019184
3801.2647125263093,11590825.181644449
3961.8720213860292,12017856.906633774
549.6406899289125,1680773.2496696229
2372.6929918089268,7009665.450315708
2666.0486823589563,7851767.087690641
586.3652457037551,2010045.8539616014
1669.159439352654,4993070.017263651
3921.3042040496075,11921398.54792649
1116.9936757804958,3458472.436068761
2908.8955915366623,9288400.418157868
1468.4084240775687,4743722.320920233
554.5434858975198,1760061.3792676546
1585.4065591979368,5515430.692919901
4891.431897095242,14884429.955814006
4106.9170034734525,12973232.354815567
4818.09489944465,14757756.002527269
2695.343197668631,7165070.053540122
993.8128940487658,3633856.063805962
2965.817700381618,8965041.221816188
2544.6980055198237,7608116.631109082
4299.6068723282715,13039494.790729603
941.3716135291006,2651623.259608768
2697.0851165980016,8204769.779988478
1175.2189911229293,3229718.940197242
1961.0416710052698,6520261.142382994
3818.1068482450983,11397526.487924771
2642.081582159449,7734952.825117132
2191.4972831559617,6112028.941608248
2275.143253565159,6959817.655269797
2567.5104578269397,7796084.923543365
4032.574447266756,12291935.648639021
4514.381100231055,13029517.356940601
4799.006089267677,13596427.668397246
4041.065238148828,12435991.365699762
1919.3310308660573,6500314.023536426
3596.60617738944,10276641.72097337
2469.214058249264,8202362.816528642
1646.0177992072304,5080008.926989881
4283.922107416652,12848234.86997454
672.9185703304624,1819981.3627184983
4557.928964609406,12981527.884115718
2576.6485908113036,8223810.03039621
3367.406645637262,9714416.756192984
3467.092649926022,10011374.611909267
4528.029833179414,14080052.654481718
3365.013569752433,9153548.985921435
3262.7011314202778,9026304.48892675
799.9341825231048,2390735.4258152735
2832.8360987534184,8645150.51076268
1175.7605036766874,3769648.8350145244
3818.451959246685,11304456.63104193
2804.9986436570352,9680180.765291952
3561.02500643759,10569128.739929855
687.5280527107292,1947191.0820808264
881.5640722061145,2246198.8822114044
3723.45524628207,11232319.147106746
824.3795119940302,2780619.152005478
820.6552749436637,3063754.8520977213
554.4881385569935,918822.2834508715
4804.256292347661,14289771.207865132
3818.787617565531,11679714.658101166
2089.631338259289,6562422.782075135
1834.4101157944485,5506504.676285615
2073.664533856323,6492205.58633502
3985.9408903153185,11553340.724483056
3476.1677498168647,11207455.965609772
1333.3800554036056,4496454.217700532
1283.4920090033795,3178012.1334775523
942.7804237102879,2290789.7470724857
3471.3622386560214,9890625.840914613
3939.676979997812,12158015.9254417
1692.7089274625182,4435762.899178821
594.2523246391077,1617244.8068132827
869.7725036439231,2836669.7091401564
4855.370156802637,14533027.503134696
1829.5014986483911,5617948.2538015265
3961.5041652716013,11351611.140140425
3310.986059844187,10230385.366231184
2218.7283784380315,6349579.189076097
1425.5926798799978,4114468.2024410227
1046.238881717329,3257582.5091049797
3267.5583561749,9854214.179290123
3985.852012870046,11969546.048117934
3397.569140935088,9817394.011816887
2886.3595996212125,8509304.093264041
688.7805054423632,2067433.3117456073
4858.199499174727,13887055.880940638
4094.2138624455856,12051375.104180068
1817.6991651543412,5646937.434979447
4909.866482114828,14090881.144421812
3208.4671533634496,10203692.285887469
3120.901961932609,9997512.517097749
3866.3293074328944,10976412.63431864
4152.964046405619,13137701.955741927
3454.153732991762,10290670.404619219
1076.4308586479,3438549.855522228
2022.2037769752428,5818285.804861605
4676.376381467224,14490651.558015052
1510.7702532973335,4735357.769316334
2174.75160726881,6117178.1935076285
2444.345973248882,6750436.919764002
2477.3224536250345,6701816.143270493
3258.2281212253647,9868655.251892472
4743.841269851184,14517759.515443418
1583.1172032462723,5074834.449128537
1046.7561933541313,3081278.032758705
1388.617204369718,3587353.385276972
4491.1620509417135,13132448.753813248
3406.148656948427,10794620.290326243
1786.5805515762206,5117427.372428621
4171.761225358778,12586992.49141707
4376.164983635463,12590669.709118946
4309.314524106251,13096235.095048271
4635.169401377995,13676665.923294447
1635.0845907801272,5428610.129228263
3897.688679358252,12079844.891178163
2572.4277377336302,7469430.23991344
4288.993488005277,12803648.450342
3778.2080472272596,11059066.021661464
3994.013509248761,11272323.929473778
3452.728269564822,9929463.593920857
1298.429462613681,3994397.0517014526
2952.6211350362223,9020493.154223457
4931.013827860287,14867315.43537718
4718.246299237036,14003872.37073179
694.2818110865526,2549378.7361201504
1241.666670782467,3756770.96462787
1092.7794805455287,3629965.35568456
3766.90959493383,10413841.21870023
4180.033984356252,10578901.827259585
1460.8011483980235,4524297.45911311
2776.3371182832307,7616628.527988948
4283.1636260504,12743265.026794672
3797.606951448128,11241772.33383208
2940.0674247133175,9613902.57534772
3156.564607064478,9669692.097665237
2787.6224611232597,8445796.896769116
1838.9680309346925,5935399.670120914
3042.5989678655724,9312045.697016237
3599.983859225408,10571113.081182009
4429.9531213736345,13825597.329248184
3363.3110929066165,9535058.214775713
3925.046916694211,11936764.343849415
1220.3223572955785,2887182.17481858
2577.0086348890545,7832997.8334251605
541.9922892219198,1722471.6885522243
1610.0548903473036,5668392.151999242
3769.077718008522,10524746.207304677
4963.144781072136,14588990.7552895
946.3014481424716,3250245.5577144865
2306.724421375797,7087831.892326045
4100.319359146218,12391110.603107404
1418.1603558300449,3776413.216010865
2997.8822718602883,8698237.64153515
3798.8208321335364,12018983.000512239
3271.934526170806,9790048.981635453
1346.1113057693726,4226013.765380355
2099.2305590858277,6240097.5128692435
4027.0630301842875,11489646.33292798
2994.019313594075,9448963.153819723
523.5332609431073,1822215.97509557
3924.4584201264224,12926193.679062862
658.9010972310758,1468912.6018679547
3855.8020222905448,11978692.527471874
1411.1625207435684,3577715.5792122046
4811.330660537211,14512665.26544817
2155.7333808593803,6955453.437109723
1971.192273521356,4877509.262515824
1169.996226496001,3407522.4423671993
1875.2189697059669,5344052.042096591
4444.928428226903,12983806.635533147
4983.504519322613,15143119.884097517
2157.3928872808174,7032521.51505375
2518.7478392954417,7489604.160271747
3749.3192219123166,11350700.87951696
4487.881012092836,13520797.412808131
3168.6995038405285,9507000.264699792
2261.865641800232,6240925.606544643
2356.798283818807,7624617.152317867
3630.2816592356307,11038442.66178631
514.4821862192541,1740887.3036590512
3288.152018569283,9461201.241195058
2099.7185469861083,6069545.441963704
4073.887990746879,12133596.873385249
918.4578792040948,1988311.2908878583
3146.910201267757,8596713.441204432
2664.378004487557,7692760.048143387
3390.4648665735235,10432654.982941765
791.8411751733576,2048954.8305551023
3109.927043426591,8820378.531484416
3026.6806458178567,8672699.110834735
3022.9704248727694,8841240.063045653
3215.6944996840466,9470154.017642086
3544.10571751863,11715077.878659168
4122.450498563464,12894661.809934052
1714.1932405769646,5654966.777871758
4212.72234581028,13222457.21956753
2742.1505701855413,7727041.275889599
846.7622561044902,1929104.4608198511
763.4791815979064,1737002.399026691
2004.0724341322737,6679470.36906574
4032.036397001604,11822513.296563568
3684.564206334121,10428014.52788272
4048.767341025829,11930803.92296758
2827.7107539872422,8363829.496104413
2480.8954907997077,7576893.109246404
1163.5363701782778,3616084.620890855
1976.867391241902,5516511.891788951
2453.0871477824385,7702089.639604171
898.7019335582775,2376509.0337997535
1492.7537872004507,4400123.19324883
3192.013823286825,9919428.50511215
3810.4840140763545,11110541.340256894
4992.563801268273,14693015.692014249
4699.009991046009,14392863.997984594
3391.543397908362,9745763.605422575
2395.6162398233237,6994452.707667936
3362.7981411870473,10366265.512582589
4035.432281361044,13133343.06480112
1032.512859155243,3400240.829847102
2344.572003633297,7270035.892394896
4279.110285360277,13102731.647917194
2227.2482836986983,6145149.71406257
3073.4252205223393,9278074.030906972
3144.962123879892,9420003.127471473
1330.143139101377,4151221.6874905094
2130.059487435298,6448432.488543829
2005.3007993386946,6205752.23672464
617.8851883942916,1697921.9677332742
608.8629375110986,1855893.271219192
4242.636696540981,12113995.806594446
1728.8186448776557,5026502.29563151
2831.3544480746696,9189480.118312329
1844.2650811494786,5692199.413262564
4733.056603019032,14188709.290365558
1666.8354148959818,5948567.882815119
2433.4556573252075,6619949.482825083
4427.286127180709,12727130.603819016
4288.701050563139,13722458.857327553
1337.4563803082478,4035349.6089492105
4111.894894080697,12214393.164097194
2561.840990320517,7085920.808413729
2673.3599243840986,8243927.906349801
1100.6598758717469,3574209.5623789714
862.7068119070609,2040873.2553037344
3775.7268813819433,11257042.851370616
2734.0751855988487,8034467.640780013
2465.828161768308,7525473.058514309
3782.787028935785,10788735.965697033
3944.808045459994,12460397.86363656
1215.086754512091,4103172.1543350746
3246.013172649386,9556451.73858175
1109.093370249585,3219070.754929569
3881.1878871307053,11575352.58625331
3456.2982032021278,9979740.333103132
4804.7657948755605,14192582.675509162
810.3110736038952,2295798.036974381
756.7462451806445,3076672.9208954973
1769.8418361194006,5782834.6625234205
1677.6755768115768,5500354.084103042
1611.4045958239992,5019176.593974193
4578.145612344665,13175773.332568377
1622.9578993227774,4848128.145679642
1723.7737675788394,5656565.5325432075
3917.292180880837,11122744.227958867
2523.82929102743,7889764.476518922
3995.1975062983156,13146897.131526329
794.1477090397336,2913351.4501140667
2694.0703715302293,8789225.682371682
651.2612008247718,2062952.9776953957
781.9394155490954,2829784.2210297813
4578.968540049849,13377979.01297253
1126.6041700291782,3777744.416258148
2895.893070238477,9014873.277745811
2349.9302117031793,7194746.22212837
2063.044968164792,6847138.614353625
4549.250055592726,13378357.747854484
598.2052854897028,1701087.098232277
3487.0535877901507,10508891.7840496
4835.274953960977,13991019.37633823
3020.756825578289,9175736.448634991
4715.701079148913,13287638.030969815
735.160456787107,2728958.6375754257
2384.569935833726,7177028.490784161
1670.7100593292303,4751683.726035809
3788.694342413284,10948896.221092291
4915.83690723761,14630221.206903236
1654.3852809991151,5307285.698383552
3443.785706633335,10605226.609268785
1391.4393474188305,3821549.068617261
3043.9861455722444,8708938.600402916
2587.696190097513,8091537.923452362
4874.023983341916,14260898.247718234
3238.3727271340995,9745073.06844205
2072.7786743906845,6280213.344434192
1013.4310319957002,3196324.1618504697
1180.6107293072055,3970967.4030125523
1513.9261847805578,3910297.0859080125
1629.349976031341,3932470.265463779
4327.77226028512,12699593.140241183
3025.5025472713623,9977271.84573018
2855.259101184649,9576864.353597635
1016.4599234114786,3964968.3380173794
4370.628620072457,13015395.176337028
3752.6643644381766,10366935.552322116
804.5076285500071,1242003.334824101
3685.257937533959,10748754.731827172
2945.921978041907,8738729.119051041
867.7640558605021,3253604.868109486
2562.352886878954,8120961.390408085
2681.1332920852115,8157102.415751444
1245.985430734741,3293033.9067336516
4755.64166150127,13786535.205381365
4324.889171662979,13101731.358524654
3510.6005179809877,10880327.043362826
2580.3300245027326,7936930.70463099
2352.944937130288,6541535.831587536
3429.380602179294,10613475.620933924
2954.443412331075,9076285.72054393
780.2289764684853,1805353.7263103668
2806.2619194664926,8026625.27324935
4128.816277547778,12730696.819924116
2566.579449186311,7582484.579985987
733.8045989942078,2995987.4478008524
4038.251897228149,12365320.329716735
1406.1370196118846,3975095.464741019
1663.7937569961746,4986278.470793057
1241.1785904453316,3755227.467654854
1985.967791921739,5593708.219144363
3905.3817755988575,11259851.227707759
2837.236367767718,8862404.050207905
1421.9657336782066,4688533.8495556675
4450.235351684183,13652596.789829029
4458.118347281881,14132014.089007545
4417.602912707031,12981922.120115291
1574.5829512169269,5560884.236686345
2530.5770488144462,7141270.587166263
4932.453452633938,14291017.576217568
3974.0561433949565,11042188.989110244
622.2533955150192,1643862.529631649
793.4206606722142,2128400.8136019157
2587.6911956554973,8026042.227093818
4591.4909263770205,13896418.249941288
2924.158090787214,8175987.586852074
2740.156286154306,8024105.73925001
974.6316498048377,2738163.9388706703
3455.5104712593234,9478540.290297024
4199.4642227010145,12107919.304596359
2211.8900337840305,6250263.286045047
3990.253329163974,12687572.497402394
4840.144942553652,14616160.185639631
1416.949066074601,4581931.575197553
2854.983340376336,7815632.272554402
1792.1208113805899,5973469.675648766
4067.8448856522773,12854085.688468877
3099.1701464652087,8298337.955823314
3355.620878976367,9714204.274971176
4090.6137182715233,12519723.941322325
2281.867126981047,7167795.607712232
4617.905307831695,13514468.558251474
2898.62990260763,8543139.976296064
1210.7967027590662,3333699.577754627
3631.546031759611,10949847.118751893
4069.676076972145,12807617.496647391
1925.42754680387,5390761.561841007
4357.306656494388,13572330.218367372
4577.644646445949,13342097.903164402
1746.0701932001402,4814396.973351979
4925.8466272185,15186837.190827105
1133.201876219413,3860573.817662047
1409.0705078112048,4652916.491814942
1329.0117765711175,3329136.625604282
4522.953695035417,13335885.596070224
3444.3164854623283,10744443.752388647
1184.469274500228,3574178.743782631
2481.45538265757,6907519.724873979
3268.8411128141092,10035682.308005048
875.5883824522248,2269361.5178609393
4470.8736578330245,14309883.397695178
4116.2159094869085,13121068.459669854
2773.430481094872,8622340.1564624
4852.069768666267,15236712.658383688
2379.9244067379486,7172168.895275537
4928.49643566424,15168208.05418023
3505.639994616322,11255780.131500004
3356.0207296427366,10190811.529825365
1246.7970288310325,3612797.500735956
4468.674912370898,12553713.758024136
2423.703595642768,7229544.024067557
1230.0503260211572,4101862.5703446274
556.7338398909156,2143018.233456562
3018.9005763727214,9308884.261977369
2873.2982995520433,8349245.35117501
3737.0913006612136,10222863.117509846
4506.161238580109,13270876.166737959
857.3296308936328,2419816.4571539224
3791.7342065316307,11218738.135999886
1343.35374843912,4339339.423806322
4361.796739207238,14078228.423129134
4185.785812377453,12619122.038052905
2933.5718974349497,8692349.797726618
3696.0925938049018,10958666.874912659
1914.5755093268679,5805918.91143446
2620.255545197666,7446619.755418799
4197.366039697123,12652197.398464395
2566.6933872794625,7925486.330004287
2110.092193964488,6435119.613680708
2723.9560126263495,8400639.00488144
4227.121635967483,12898238.712576715
2008.4362131689272,5139360.29838356
1281.927169110847,4164216.5865302426
3704.0630914885132,10776681.851634314
4216.901957186368,12102786.290057125
952.8686533559,2306380.0461402023
1579.4335074017513,4955071.327441519
1138.8739539244725,3305334.398160991
2065.73635211975,5356224.664366545
2526.579405074357,7818757.122819213
3869.718516334879,10889351.483605223
3430.1641319675336,10360403.075161705
3294.17855365294,10001785.123795347
2085.687259743445,6699850.320077857
4286.513988881419,13750384.359877683
2620.7922532917405,7180038.59692495
4905.972221068196,14691679.735173063
3353.6396223308157,9922751.219470339
1068.1913370402622,3421448.8541012676
3542.799029339453,10736231.473485168
1962.9680694426454,5712631.086959626
3588.4723850874384,10544966.060956888
813.3851667308259,1881930.0726004536
1286.9664672918173,4354830.193078706
4350.817665076038,13282055.086027877
1522.308006605817,5025808.11871502
4266.68506359323,12644857.122541932
1756.742398044847,4941809.459787326
3392.9685952641844,9639748.25247794
3623.6775807942395,11050491.534253048
2806.946389152738,7900942.555194097
1873.8980451352909,6546025.669889148
1456.8996936699325,3716877.7904630774
649.352095530918,2084886.3461990047
1867.758805583257,6386703.7703566635
3439.2325573907738,10617242.551804226
4722.371683018172,14254951.905300407
4420.420170183734,12777018.687070254
3947.2914944088616,11150989.888942732
4048.013044639844,12529064.188378325
3492.4320656419786,11230369.81731341
1671.2908590470136,4794447.581901955
4582.3776381762345,13177602.160720527
3518.295403576253,9325801.49545425
3021.98283941198,8575566.096404672
999.4526114606649,2941529.4131324748
2511.7499471289148,8334811.461805111
2571.6122204086682,8051403.5073424885
4390.536242852015,13324151.430909421
2959.916990845048,8679691.141884578
2211.8024703668434,6343824.552472552
4895.601478297967,15389628.233647885
998.2426699684206,3095097.2802844564
2401.4679274037508,6153103.436250742
689.1110382713238,1730563.29086535
3829.5685434511865,11059597.614467746
4631.344484896178,13620901.450099802
1760.1679829772024,5561959.27907415
4362.537545596044,13033890.195891008
1814.9820370785399,5406513.407733789
4598.465727397618,14452133.762855472
3892.828566185528,11330255.153663239
4122.080495786474,13298341.250303097
581.0295002020453,1407434.7049205927
4832.6466068331165,14542538.918805635
3770.0194643164546,11169456.59524798
1871.3799292376,5675849.354463281
4232.275991864812,12919123.973131
1766.8453928671847,5517453.798645993
4427.392278047576,12905618.168832438
1006.6117568537165,2458377.9318373646
3666.586898573581,12251346.591173599
2933.1431449020965,8557437.264906013
934.4051158794837,3152821.5669744443
1588.5222271647754,3961746.026232728
555.8181632479166,1527648.129791411
2609.4558445902762,7764767.841779607
1855.6936734200017,5803488.555223921
3192.6086793399145,8216598.967523773
1837.5701346887774,5595780.710605498
1849.636001781431,4974037.277660347
3844.3693942922155,11695281.038474109
716.6427619025906,1631763.6872886904
4563.0274783639425,13261341.087129036
4335.187434760317,12868748.499084318
3505.121074518829,9989198.488754889
3169.4970654832296,9270723.973082012
4515.361241628435,12949395.840613648
1333.985807879215,3085372.1977882814
855.3612298587287,3075062.215790866
1577.7957645929214,4085362.9473668
4075.602254150856,12137466.318648575
656.016200269175,2344494.1415544176
3122.6307578757032,9060420.222369088
4979.468822860895,14525823.518709915
4350.632422268927,13165016.311140493
2846.5056006961527,9098483.713452034
786.3840917898906,1774494.6428264373
4241.180814735694,12648468.528198363
3195.4032867974474,8719962.562908677
1017.1984867680508,2854994.9584630574
922.357781705103,2784175.687384347
4593.320687464666,13352649.741516463
3511.4011832213528,10305707.632751442
4231.7905969254,11991258.406622473
4455.405051270203,13404754.459501356
3072.97558421745,9746773.877093926
2828.5085828976858,7936953.813807825
2436.923346444456,6999434.156057176
1926.2596450600367,6030052.0584072005
2455.6818238642027,7973090.831253976
3982.458450785704,11200780.446252646
3208.655439568092,9541573.9499963
4516.354804796807,13690629.825550184
2495.210064706345,7434601.99880461
3231.903104234393,8457313.279264636
3340.883988913949,10273196.971396232
3162.6372303784647,10247579.866680715
3661.8519788848234,11043886.812239222
1568.4506076866282,4189798.796412753
2805.636998956058,8160347.373686033
969.0116126375644,3791991.3717404897
2230.3009744016563,7145884.193635248
2694.50180879569,8403518.735579234
3435.0091679546263,10483233.795631066
4777.389736637916,14001600.65381826
3202.9297994676012,9508503.80807492
3846.172622794519,11499556.500544298
2778.1972677284125,8609378.96121746
3353.4681411934907,10814863.870713923
819.1949726019805,3016753.9862025054
1644.7621137883114,4224594.163466914
2128.338919423124,6497014.242719897
2626.2200975293113,8247041.965171883
705.4193547607268,2425688.229354498
1130.1084389899297,3075708.4352760795
1745.664385060876,6694047.763066809
4871.897109054728,13977149.045998625
1991.0615319637284,5431590.37255816
2669.184761504371,8124351.825143902
1382.4397073227683,5205720.649450231
3248.510319840957,9327433.534170786
1763.0744698218843,5156309.226642157
1431.4666029729206,4833046.645426609
2824.576828006906,8464799.406576851
524.7760962218937,1407026.3614005332
534.4881469215139,1886280.8917079018
1485.80964095836,4593687.917989877
665.2461312536951,2510957.786579481
986.1158935881112,3604082.1252970155
2024.8729220243822,6228120.296075827
4111.6355581091575,12480773.037016626
3074.2188951618537,9329712.176628627
2807.0047668038737,8665579.578736264
1820.6997044365473,5489684.432245375
4692.891737447674,14078370.971181877
2286.567685567363,7458016.61711571
891.9174505809717,3433810.441920437
3276.7993225301057,9076621.495273607
1012.2727706447064,3041828.8878044034
2053.504142607614,5816165.211100224
2783.35372423014,8194575.439447383
4434.001361083291,13503262.188117534
2720.959611530534,8497598.020362835
3660.1644471424893,10924430.119621795
4967.675775495816,13946357.159126047
1091.7010395409175,2792580.3283346626
1736.291864837838,5657125.429613597
2275.592340189409,5456563.80955076
2398.226803424741,7788393.986115223
2349.594838694956,7309399.511407138
4584.249511504497,14410836.575278502
3713.146900100854,11040156.106862081
3235.573463408167,8676017.678213047
1892.1772303825194,5891713.011900808
4207.056728995826,13258496.74900665
4797.77230168245,14855677.807804061
4195.392271476019,12254831.07268404
507.04297336162807,1564509.4578162075
3363.806165825332,9825000.363086034
730.1092164894533,1780694.417373674
1659.2324915017484,5455391.760095172
767.8611515649726,1704817.2990623368
3217.079538272245,9204330.399525927
3589.6546107167305,10216951.015413998
1015.1943712965731,2300459.352240196
2227.274973702408,6755032.067028525
2553.064290299939,8239944.395140805
2160.7385979241244,6389777.415649741
1044.6125021833686,2380963.6062680227
2385.2650558436394,7575767.437401933
3880.3012151378816,12483754.52243113
819.5344903996496,2135482.309125651
860.8100633685656,2343153.0567468377
2096.470813261929,6547242.7548274845
4737.765702285163,15024233.980748013
3508.576910253113,10265813.657896725
3554.0148050265416,9995819.524580523
2128.6399587703927,6701629.179447382
3171.4735604384227,9913954.717886416
545.5903281248452,1639836.709592149
3362.43220884294,9808229.996700095
4609.791264093065,14326563.15777522
3256.580607551686,10033759.824929042
4431.6436705985525,12910713.25334391
3757.878749597422,11298183.614445101
1042.512873816606,2451684.855437495
4561.039882786288,14026064.876577824
798.9972996009869,2265875.114111533
2902.853626464937,8490705.463202443
1139.6170570705594,3402413.9286354613
552.6797482890682,1678193.0945323287
2399.1541705743757,7644927.542505908
1827.683184443703,5778594.81899372
2687.002222089214,7982802.02687124
3097.3994903054786,9674032.545775933
696.8258253902632,2290846.103016596
1053.5148280568553,2947244.6660275473
3013.890784026914,8979313.2729625
2044.253089276962,6058647.823409325
3781.280693972516,11596472.753504649
3435.3124186637283,10122425.948630365
4305.219633454581,12720454.307152925
3616.217720011514,11833031.81475152
2434.6898482556667,7773937.285640552
3528.349800774946,10204749.070112268
1739.2152841493835,5503116.349419249
1878.410744501957,5694407.26633346
4050.43321964357,12347075.246560756
2508.8878238071197,7595334.133703912
4092.711532332586,12872955.919740377
4200.9006815072535,12775512.216847483
4359.030519475777,13046047.209320186
4624.858561285433,14395670.972347807
2439.433492309833,7434942.9974734355
1934.9006824451249,5865441.336999903
3119.8943596735126,9516694.380263595
2170.2759054693242,6464023.204724789
3204.8337506010485,9619114.74830088
3675.136381897211,10732061.851310696
3597.822583214616,10417884.139831908
2185.487991590546,6057178.7815304175
1250.8709076443877,3056621.0795346247
2437.382023079934,6872287.388547524
1141.6736483685893,3337887.427872305
4505.436658327138,13567868.76620423
2056.4485733203583,6033697.438387255
1195.068862504957,2407354.8424511915
614.5149195758789,2630837.9376088083
3406.2007382891793,10761842.27631273
3366.0604285463446,10321061.211247599
2032.7187496158126,7051901.585124072
822.7034998144295,1979428.440701433
2343.330027028544,7973802.641398634
1900.478727785271,5218829.144980539
3547.042878807542,10760497.599068303
3226.0066225371065,9041101.205044217
2140.6717768889303,6429362.378438974
1480.5164941474554,4634632.73144156
4946.161847700163,14761140.377533212
2543.007295382517,7985960.60819262
3597.234061011067,10841209.407776829
1132.4883541026234,3136257.6981191156
2685.15364846729,7772054.286500701
623.9152394125947,2277202.6045456324
2774.5480305970245,7996773.07688759
4838.0783320296605,14971936.48133145
2228.930208436101,7298146.521724269
675.4820565871021,1192089.2385882412
639.3010591370459,2484366.3710616548
2245.940419760913,7768032.608505089
1220.1122140843731,3786338.5228540837
605.0844334768366,2114795.393077921
3902.9612627757956,12227386.450511966
2563.353539968508,7552319.462316013
1801.6014738769454,5495944.533399771
4550.374323574163,12994023.205910934
1022.6253209023653,3137193.476972321
4801.634730298936,14653960.18871908
1912.8502281980877,5996632.196057498
4497.816525389066,14026161.937965985
3213.242944157577,9252327.743404966
4220.183118836694,12394245.978173334
4928.05923444709,15731931.376336947
1797.8244701843557,5318309.223671212
4825.109684334168,14575345.946658669
2252.6685270608914,6724500.560320064
2234.8035713161507,6293570.300795941
2031.7419691452756,6906990.51288173
2936.3342330641335,8545151.993232097
1193.6526943031918,3017315.3210561103
2991.7016841110503,8749734.913681773
2937.671655845018,7812161.966672287
3928.558156721915,11460030.737674154
4251.424828719135,12270210.18723124
2481.986076405908,7754672.544681386
1860.4996220817218,5244791.746465229
1667.007037926925,5444923.0815702
1375.8072651719237,4826663.7920504315
759.414119895612,2668830.0278306357
2041.01590475621,6015353.569838591
1716.1146145885245,5218901.09211837
4848.878236398833,13784142.23912447
3009.6897181251975,8962179.468114972
2062.746675637284,5758020.792878436
3112.104204471632,9683475.803989545
1126.3851560556297,4665531.662789126
2498.196871409913,7744501.432216643
3318.054446394787,8958593.264707029
2700.040243066031,7919505.632740907
2308.0046029444593,6985259.271520604
4972.317750048642,14960631.962776057
4461.416429670171,13018842.726206137
3305.3268117174803,10038626.306470908
3062.1981253202725,8565343.957501125
3292.9721592106284,9406462.116289351
1405.9044852009497,4540612.276404705
2278.1198446894336,6326527.918628388
677.567898009047,2301809.4967732695
2639.95716869072,7235139.618744132
2943.6106278094844,9713244.825324321
1524.873812464443,4187486.476191302
4838.129812244812,14402556.150832713
4592.545749217589,13942943.87819797
3749.6445595515765,10966258.702404182
2900.239829444132,8772422.468868049
4414.861218414582,13532262.01750381
1087.9355472055831,3744113.257868492
4057.2940742369824,12567630.940697426
1061.6936628508174,3099175.756651115
4073.9479814723245,12148528.057395173
1740.9540571311063,6397416.450405835
4446.907614581851,13815667.377870198
4748.18942221429,13783656.438482763
1169.5818623230202,3558739.6688518366
2582.040222794271,7578549.098993716
4914.443201732083,14675662.488234695
2675.3334618791596,7411252.806783435
4385.963851315453,12951929.936753383
3149.2918495909394,10353653.435369775
2188.984585638208,6856491.907352376
1786.025999866416,4112497.2955235178
1414.5039098873926,4851873.475911152
3928.0918611996376,12329090.345053494
2239.432280703625,6538654.189957667
2800.73957990338,8760850.511601748
2715.464660005319,7716694.374607356
3097.7556315490906,9058139.036514094
4395.097155310485,13934564.646266382
4913.327046125432,14604116.118441444
2334.1289385821765,6067520.984769033
4223.835149478364,12639853.837044422
3940.3750759462296,11781831.03138151
3080.88028155008,9841825.129336968
4802.212146253699,14413804.649848977
1402.1353198778124,3995614.8039132906
991.6889463932964,3497594.9117954923
4342.8288512993995,13088881.670148754
2476.174174851867,7053511.183772743
4311.359843931772,13511578.312066125
4518.905923379367,13653548.6523965
781.0591712858215,2344640.497197184
4475.591433437274,13515728.496017648
2517.4357491623996,7016973.0617789
2796.946200519045,8127011.713467965
3319.666299919446,9960790.20067473
4668.721730285391,13908833.343343832
586.0224249339382,2394281.466210112
2645.795607430177,8046089.748654032
3594.749190937523,11211699.534130769
3752.1813096420283,11261241.60621401
3616.395941916986,11377332.06762402
1104.9580823365484,3513638.125296222
1847.2801476725656,5548550.685711927
2114.2198643765605,6336018.048650172
4119.967434557772,11882682.990527837
1754.4194258654886,5516716.137664622
1448.172337402414,4324414.644939053
4808.516085671433,14174552.276923697
539.88478301061,2172885.2344378657
4990.193850568902,14345473.538759306
3545.6958448582805,10425839.586858625
4228.111847521027,13198194.916952848
1825.7872835578692,5635123.321133734
564.4187495017699,1669326.784678931
3820.412833526885,11586740.272155728
4253.650686503041,12850659.145033542
3832.142593790836,10738096.508229548
1142.8262928537738,3253847.9358873405
3890.425650156361,12479537.777725957
3960.1525194843844,11550795.49106457
3463.432320515247,10231146.454493575
3947.521697580138,11571754.71108582
4306.646478549795,12876431.823990315
3261.218514068563,9492094.12654354
898.7212128635558,2939534.3896696973
2694.325143502449,8181632.13665248
849.4220060222228,2935039.825620177
2333.9436396459387,6476360.335843336
2331.9792010653246,6825767.361754522
797.044298631087,2278271.5800871938
2069.692402862657,6436900.663632269
999.4914445609168,2601863.735079233
4137.0584450415,12869002.237253672
4764.596116840118,14886996.145779159
825.4241386607237,1981836.242164379
4798.018432812656,14148618.850991186
2851.594697015353,8288818.3369000135
1848.0455507924326,6860329.754716047
845.8793387427359,2322687.963624264
2752.80920631688,9097240.340028709
4075.319950208369,11592643.853071801
3681.8891477001416,10550841.960018244
726.017051587882,1834748.8888395457
828.0582591555658,2061330.121743436
2312.929771846867,6804839.948461351
1828.8072232157447,5132032.568286484
1545.7294537522152,4227517.564889359
1764.5202450892111,5872796.733504297
4115.672344835981,12958913.845764523
4681.526241343343,14519226.973217687
2322.962125374049,7230885.853914311
4577.499509596237,13778870.061678486
1946.7306556154688,5591676.621513452
2643.9664385470624,7455320.563263641
1517.1304901719986,4732889.3222323395
3382.142189791298,9559611.373100493
4905.41501828664,14219284.590272224
3215.7189321952037,10223613.424688017
2110.16337851097,7280814.656393953
3415.1785069573775,10442183.089955373
1053.143053094244,3712657.735430054
4498.965861194294,13373973.424860891
2763.877778509264,7622796.242483949
2522.0738391783893,7872307.326844459
3136.3915480408364,9693819.305757541
3311.527382552311,9970416.424597055
822.9911280193087,2347785.6550053703
3571.777495505311,11196437.775806483
1588.692561419883,4273211.167545912
3712.786846279654,10751470.249393633
4201.406574728886,12100166.470806442
4117.813283986341,12395926.333276937
2986.254353335501,8414816.553951874
2840.7645153983804,8180172.455937521
1142.9418260273528,3075947.6969684595
3989.05767681411,11836868.86427535
1721.3422120102146,4420339.412828655
2735.1294026807595,8248990.704060912
1779.2334181738252,5961352.079853814
1102.227633498619,3374428.586654238
3333.0096360128146,10769689.480439104
744.4941567030672,2900481.5630476642
3868.9035535679,11995578.184327627
1929.140578675025,5824764.657343517
500.60611852018394,1513068.5496832717
2800.0811265675343,8782143.265884234
710.8335883742141,1936665.460370626
1742.7630101940476,4287028.654848411
3681.394193550723,11290184.607703649
782.1032972983965,1780775.5769277038
4277.02321560201,12349999.032710837
517.189651963624,1551680.929888766
1610.7074114085601,4784559.795448945
3834.0682526843216,10796166.95489515
1923.2156737818805,5852392.803412212
958.5157462970609,3358617.0693217074
2121.0526346019255,5798987.118672885
1716.769788730365,5786551.031615474
4292.203559722497,12096525.266602518
1910.065629133144,6788858.959584909
4050.1961229920325,11944958.153734356
4513.424651648306,13613082.453358363
2452.178388094383,6410518.378040314
4594.744147344763,13753164.408799637
2197.931242834368,6708034.8173622
4838.352874205487,14471977.570566714
901.8028603650782,2423868.042569048
3591.5866992645924,10301477.83852987
2722.163182056179,8731752.855937192
2244.4196245504118,6748662.441150211
3347.203454368704,10811986.5513645
3667.3569123544903,10738829.55966601
519.6347134263909,1341506.7935930642
1251.2888993623942,4161663.820385264
3708.707227854434,10314634.202561522
3498.734361101929,9889471.403229326
4847.213773079047,15090383.804913724
3924.6700561285234,11188043.203773974
4778.4771847910215,13425906.046721792
3661.432256906631,11918560.364756439
1841.2349388774942,4826795.99269538
974.1421501288542,3014486.149550647
4018.20738505221,12089164.751518767
3398.6714966416216,8790700.331615822
716.837055769833,2016852.6557255944
2120.2270965544026,6584887.914402762
4805.599169679288,14593952.199797293
2751.8051556959053,8707175.808989467
2447.281112088671,7148097.678813295
2559.6482232168228,8035196.890696548
1439.972258023237,3975252.240029675
2159.182268891578,5772313.098468347
2164.1596519422947,5843614.767986268
735.5975908436258,1475737.54493317
3954.0543283306324,12366955.968937494
2374.2699435674554,6365523.076173088
4199.809490673904,12736447.892346364
4326.566005039529,12846735.918082371
1453.9732461439612,4310595.451706568
3458.0906697655787,11056075.656896586
2625.268118733418,7656590.672592617
4460.705320646683,13687916.74271489
1470.8330562940437,4431280.844572687
3550.159401395199,10574468.75136925
3234.8845501372516,10854638.212604992
1828.8566490732476,4765899.074362057
1114.7040664302767,3988678.1170095527
3432.3789221477446,10625340.04918822
3823.688561595488,11231303.18747057
1920.323046935075,6575628.399526031
3401.746718100412,9281185.09810697
2278.0890842517647,6573383.924105758
3709.43097477178,10524051.8221808
1396.468737023239,4395447.943505447
4505.967511862785,12961370.484994765
1793.3431840951089,5596561.525655986
2155.036944902688,6371892.626797287
761.413784361574,2044564.3817566799
1001.8049554457438,3199738.489353887
2821.3785622054766,8329824.874647398
1704.1670452758717,4568183.714298096
4259.661015839874,14179669.542337112
566.1202489472923,1454777.1553273047
2205.9232190237126,5508965.116995131
2018.054960460917,5633115.536522057
586.9743391292046,1127284.6732012487
1059.657795502296,3592046.194527146
2361.3920371338586,7245002.441197368
2717.89063001351,8353028.290935702
2319.303862646911,6772900.355022111
2889.219552854422,8527983.535034806
3178.0925370755667,9348812.059422866
544.6571950752603,1593374.9931580462
2588.4282175407675,8182951.37030472
4835.746583994148,14675277.458235117
2835.645260582969,8756992.196559342
3548.9402035652893,10896600.06482047
1903.3873606259745,6152383.300568793
3982.961201687431,12092958.62583242
3978.1466684425177,12113864.041667012
2845.832214443625,9131899.763927454
4892.062204756461,14343663.655267827
1064.9759664319402,2767056.609320067
576.2644920031145,1135832.6764159156
3965.711952906932,11988593.140530923
4132.1999181419715,11469733.633816354
1040.932531042593,3353874.6411576173
1695.1227483137272,5030771.697690905
578.98563514983,2304276.7553600185
1819.888748512541,5123707.590305127
3979.1384326340217,11835756.15519331
2830.8223747066054,9053568.7907665
2066.4301692572963,6890858.331160964
2172.8268270784865,6178404.29835955
506.0913157196067,1609164.5634524003
1849.1023740435614,5694516.610972709
3409.064337370687,10414019.714922635
4883.874997173607,14520337.161863009
4311.773721427548,13576012.86334446
606.177340904881,873680.2809038704
4543.5227210367775,13420003.04570979
4024.392859843817,12297143.945917925
4011.6925560694117,12263690.074182907
2560.9809155160715,8359322.261855597
2291.0238182952626,7472184.15148643
1863.1207797493669,5446591.526594488
795.626865294646,3036816.21764924
1527.059135721646,4224156.53527621
1609.7163574011108,5294592.763599251
2678.3468136959073,8940301.680298219
3863.4998296851227,12197971.542482851
2632.14422779076,7949317.875134341
760.3000225122228,2115010.6816506074
4810.054104446917,13665866.665211108
4742.259435923505,14382048.126727618
4033.352944167838,11542450.218518054
4960.9755570389925,14486359.339310009
2950.1704976011833,8255138.592435214
4832.457576139427,14267176.562089954
840.2226827753784,2506683.341082644
2145.5633671761707,6573497.392111365
1514.2157060304462,4242393.800384357
1381.2488786042152,4678388.489010237
1133.6132700170424,3296737.181056144
3300.861387046985,9508722.944508195
4015.9483508628728,12160991.186210336
3102.3427973916228,10288804.808946775
1161.3321931469436,3651576.8627083898
4150.05696470062,12268743.080415055
3361.7961822367783,9321657.868650982
2246.74567757148,6630530.8722284045
3533.5863299122834,10718223.052280907
1669.5724065927477,4814926.774150458
2053.3649382239473,5327402.495551342
4628.686294093956,13460776.187530152
1807.2702755213918,6149080.057008054
2614.9472067107145,8561842.121997375
4505.635118282065,13073585.770243898
3684.7460762038736,11390616.622211332
779.9145177411624,1750457.1608384
1162.8636992553666,4190749.2387635754
535.2871584736257,1728479.3993679953
3339.1480560312352,10492264.917401973
2514.5304143468825,6686044.569449378
1104.2368290602399,3651529.0381431635
4810.703544755467,14428273.602424148
2883.4687577552895,9076370.80866129
1588.5198235080013,5222993.369572928
2752.716070196184,8291040.555325927
3558.291497307985,10374459.672375998
843.0764808810402,2919077.533732868
1736.1671677155139,5178424.253443978
4131.344708977971,11957641.650170092
2568.4919168119754,7245399.634707083
2959.597139145327,8140209.2092797905
2447.6720099426116,7087870.450046304
697.5497418935231,2643995.248717759
1245.8740091907016,3826536.927424822
2504.937374338509,7249928.270054006
1441.3345943356753,4726431.752097066
724.9056289685543,1758478.5760439683
4296.423488233207,12936945.60186601
4915.366381238521,14656283.957352806
4069.1429329853277,12596994.11175016
4342.032147671001,12237482.257553255
1588.8970864267042,4341592.386372785
4822.821389809399,13649341.33988093
1386.1656700404278,4028698.6492166487
4781.434146628245,14950016.19170095
4976.686822846779,14677336.863713574
3702.7526258572193,10852915.908473833
4915.146793063199,15181302.591281665
3062.9290080519663,9723061.80338355
1667.9380242924065,4959528.539242824
2466.481485495294,7741801.883510828
3171.024209204537,8974595.357174639
828.8670291215674,3175588.254327409
3300.5446907776072,10975987.219301347
4915.300265430325,15006508.69188534
1355.4844240267744,3024287.461408923
4066.678023297725,11920918.938694282
4585.544572008287,14063046.376859521
4746.657167690993,14029230.0044898
4820.610219824513,15097929.936598588
2846.5683742466235,8833783.754957803
4897.885585961767,14340419.007502403
3907.8959321049747,11739820.201700551
1227.5214630663286,3235647.778879441
2646.0504791058647,7846858.998111373
3732.490289174018,10920174.247305777
1613.031421185875,5426475.163674144
3382.768325969993,11206311.006325476
3499.7021557097864,9783512.300511483
1232.1488471385464,2734838.3983107633
3042.8839060374034,9006065.507186517
3972.3210994037345,11157755.448796863
2745.030490411739,8258197.273070675
554.4640254924834,2037860.1333804138
540.6731108568148,2369090.2812038567
2106.632047865055,6420593.422952805
4667.8733079430185,13907042.311404267
1529.0455082162396,3597944.0663621766
3354.6365999225923,10077002.374360677
1499.3414181199425,4533667.884634558
1947.5149534679688,6162023.267510279
4316.1894032066775,12594324.158855487
3779.876490214761,11122103.170526352
929.2967479094478,2048889.1160762513
2429.1590944389513,6141830.879874822
631.2639364036901,1339543.2638126784
2664.0056597135404,7206854.072014112
3480.9530526548065,10611215.305674724
1033.261806191682,2840718.390241617
1799.9822250912455,5130828.110236341
2290.2648147597065,6378587.921191514
4637.889610952224,12297386.116600456
4969.647569403338,15663098.082583789
702.1008454802713,1606167.2750524199
3924.5356557292644,11567396.93226284
2172.7582988105446,5790828.813786979
2266.06183803266,7284150.685818297
3894.1923800616023,11754291.608703468
4632.918944654339,13485574.19133008
4779.178675261468,14141421.220112393
3097.0516371724434,10130244.872579765
2107.0452168522625,6284650.934616148
4043.9708863645064,12041045.890285566
1629.5062246803511,4417827.93097142
3038.33312975083,8167708.814016338
2113.6030768619294,6260789.893796116
3454.8398316854423,10527262.051218636
1581.795108020781,5295177.556226177
1362.168255806716,2962256.5001703203
4632.075890039467,13333679.506606886
958.1165732729161,2583979.174540523
2776.8105848071923,8328691.330134976
1493.83752333354,4408995.724236409
675.1848349655036,1964710.1620528759
662.0846823114188,2190302.0762192286
1288.4979744762231,3413847.368039115
4400.466595277001,13668470.506947849
1771.15434789662,5530189.2645396
4777.066267588831,14171282.670702454
3117.300318451371,10152354.95129857
2464.7638539594473,8172499.579664226
3110.399756012546,9797646.945634542
2825.1427335182047,6966149.815270718
3914.493141907963,12532951.972082878
1771.232296877835,5711076.151869472
2088.7267622013605,7269384.60546055
4523.424361399628,14189005.380065652
4759.054309176825,15066334.266279118
4516.512023689135,13988863.496157596
2387.515972807911,7836894.5177464895
4011.6447635309673,13031996.160960121
2643.5107998549447,8038809.768753937
2738.92933465746,7430672.731933315
1421.0604907577776,4109451.022265762
3160.086364663324,9675231.89368169
1337.6115398900656,4050278.4118559756
1992.041145802372,5352842.454327403
4347.6359072897085,12227373.909271637
1431.8411414488485,3924942.090029131
820.2122832804477,2864506.6278334185
810.5341667576733,3221772.3856845046
4733.530342263985,14658874.833680807
2781.1419708282556,8872139.556041835
2342.3543231765825,6986655.182947969
4148.953614535632,11575819.614753915
4261.216675597322,12556039.736350613
1994.8596490202208,5855196.741124473
3621.2812586320783,10615317.532478394
3970.05267133349,11937505.446687782
3445.9280908967953,10558494.152636861
1182.1778366004473,3973041.1039230907
4441.473875826757,13185361.695297103
2925.925487312039,7825896.759113819
1771.1259186650166,5071938.896349482
2413.5268344696224,7262435.701904858
669.0699067950832,2618613.6814519535
1075.400605500879,2942297.8954105843
3944.960377321374,12091152.946163822
500.05235639914764,1645201.019015159
2374.546228170315,7145588.951072639
2851.295814885148,9019154.10431774
745.8548900043753,1907144.0716368356
4878.851733375498,14348961.975304736
1517.5639906235238,4546741.560323457
1868.8942383632639,5286609.462542942
1867.741305147623,5857230.060970169
1536.8749795280746,4254028.786401157
506.6321993884014,1633048.7020377712
3782.0515733959837,11296068.335794572
4850.804749096784,14659877.229678703
1509.3206747827028,4298091.326816589
3483.712363115401,10281592.942082789
3838.533471314218,11563605.047941178
4317.914205907362,13054779.870802743
2401.831386561241,7203393.201988144
1863.1890753819316,6442248.404402336
1963.82810310364,5396115.849940278
3706.795998943308,11088286.099353567
4175.507599275363,11739708.286767596
1317.262854904712,4137829.304047829
2169.2345367099433,5950080.341941423
4558.730885371175,13537037.528175237
4130.120838626326,12204330.353213316
4931.862812431141,14936034.000594009
3894.1171685693635,11405956.0469355
2269.3784046256505,6510482.36502996
3157.87025297587,10191538.99097056
3474.5641441129414,10565975.827576088
853.0511734270578,2278628.09427004
2950.236315967393,8725292.111996563
3691.9437281267433,11898508.660515603
1252.9458680047717,3641255.1648887666
4012.842728415007,11693889.873668827
3126.9775123135023,9038434.46187731
4784.998035639176,14080430.866422739
690.9003419310127,1775452.164579677
1693.9676189996014,4442078.932824182
3206.9924568492083,9058877.322074136
1834.519604926688,5088898.627599379
3714.90873832059,11440511.72418832
3915.5237713486895,11555952.670409631
961.321838299135,2780384.670350385
2812.345088930455,9072079.279418813
2790.0075001597515,9017526.075448465
2161.7634659699347,6344227.926340937
4698.161881563525,13779053.88934887
4223.778439429496,12239120.16145172
3637.4422185933654,11258714.540634215
3714.469860807489,11041055.965661323
2577.722647159036,7539920.496315714
4644.475344934592,13526593.747234998
3625.679422639784,10492205.063413657
3780.414777451174,11501273.428100143
4377.609067043053,12475108.068185529
1733.3221520398595,5697400.803013547
4131.8190674001635,12128534.880293032
1378.5827133042142,4060930.1677867463
2054.038785101995,5493627.376235708
2010.2470442142921,6024558.163521694
4903.364607751132,14545933.351908118
4354.417506865671,13038212.22116878
3655.264377156169,11701647.580649452
3771.7554272692555,11404115.304702887
3029.32757481157,8690653.132361807
4761.908001988336,13930064.050691724
2733.164387970627,8497058.756868765
2212.3296944145254,7286335.728740288
1233.6590161921595,3841936.0589520033
4037.925435174761,12458132.677801667
3804.9976943401616,11719861.944688836
2229.5976733586067,7398325.226754581
613.3703628165322,865316.00208658
4275.487974731048,13160073.393845407
551.3809255433314,2146010.798581776
3666.6490083307294,10330585.171924401
4866.156993767257,14155636.889298562
2469.475976666916,6983036.555686671
1557.3803224817875,4307745.869256671
3671.919545195218,10774900.11011789
4177.076639070134,12652531.323737873
2958.936422350313,9309646.592634624
4851.658738652658,15095634.694842244
732.509247460825,1778616.2117985843
2771.5801923703766,7892389.077759638
3733.042762951475,11857039.208862538
4381.882120171305,13469018.328223238
1306.6502535850552,3961383.1816896633
4100.015667936566,12536715.341587184
2987.1818407334536,8946643.63127464
2284.4915689548343,7115767.048388311
1092.7176286059212,3110119.5375648933
4393.830915090106,13315895.212489933
1207.7294368087191,2867915.285241409
1894.0453664409465,5338243.951910124
1805.2048938309658,5077109.093097726
4421.363153858844,13076894.444973076
3527.163473940041,10118233.794430248
4085.0662873611755,11988427.049171986
1627.1055445662455,4124109.602499676
3311.9334482314953,10210150.582891935
3072.856924146869,9177314.01298491
4247.73669554722,11890606.282753652
4577.391772165673,13314760.361223683
554.7054716482406,1832417.1287258053
3533.089635764567,10327757.934100807
733.2610960387806,1851312.5580472937
2969.8639928481016,8872295.640040265
1794.347280696552,5554840.609678764
1880.4946978496355,4923307.865029326
2088.313265535605,6540004.037215754
3295.8160207232454,9487301.421366047
2003.2248455094614,6000710.552403485
3797.145727656262,11373727.11262303
2320.373235082414,6697586.646127355
807.5894013948138,1910938.3311190843
4026.9192911784826,11937914.599489314
1785.9124606671771,6170402.536539129
2447.4509581966818,6661515.35935823
3584.497474498557,11599648.933048109
1996.052707169204,5858297.535969346
754.6354526602203,2281592.06652498
2182.644711557661,6004578.728980619
4750.018622124366,13864421.158034356
3387.804787843512,9911959.538511526
3521.656169002431,10042121.021568337
3345.2696913693794,9931350.095422702
1395.4646253174656,3982885.930049011
2382.5023884602606,8072897.736598648
3879.229092634932,11054700.185064565
956.1780389892161,2919879.375341942
1750.3374924037053,5374935.6181620285
1743.4359880963414,4695147.689963106
2444.0851741752767,7675669.270252249
4911.659334239833,14535814.496278685
803.7614600771988,1165089.5544400625
2834.1544747126777,8832388.230190316
1307.141069054947,3362952.7651136587
4868.044454343849,14080245.889961999
1009.865771273589,3373548.355266966
2316.2045106271607,6775032.790672258
3820.4824317557277,11920333.370542934
3670.494926123504,11616567.82605317
2402.278866022695,6884372.367906936
2059.358755787232,6574707.515339212
2289.2557034879173,6490036.709767312
1689.2431842138767,6184287.511207718
1423.9982241805992,3925516.1702761897
2673.678639015005,8534079.637525016
1708.4019023042329,5547100.719853486
1793.5774920376255,5538776.387167343
3455.402285635507,10030935.276198179
4858.417992649515,14499555.231977843
3216.367402517188,8572308.15107929
846.4076017923483,2651432.8245681697
840.1262623433014,2695186.452544097
4781.4044938050465,14410963.190945825
1837.8085563830014,4026772.583502725
914.3014373711394,2110086.0895685125
3195.700642176717,9213056.43510582
3306.4195023061975,10065087.973513115
3418.2716905340967,10399484.524423784
1703.309125358936,5024815.480091219
567.9980789651377,2021617.0051973914
4842.569162545124,14014586.29998392
1629.0187056099612,5192173.6196768815
3542.1182962364637,10863725.941129336
3679.834414454193,11228280.609781535
3245.0333768576857,9644079.915030228
1908.083273961417,6639621.734299882
1719.9331419382959,5406397.270059827
3189.507272162164,9084353.884859713
4397.430351252611,13316443.791625826
4760.3017801552805,14657147.029002951
976.5761198169093,2635674.059988573
1196.7287566897394,4134822.3935347674
4751.313164523858,14444956.346429579
3814.4085275065668,10271986.413687028
4473.472211733979,13570252.6238709
1411.846853609044,4032525.9836207745
3144.136419992308,9700999.167247793
3655.1281748786314,11437491.944761802
3560.503484511377,10779091.477105038
2336.6826089001415,7842673.9436727725
569.2770126108882,1618477.5955509166
3123.1672556191843,9681910.67838449
1638.9569263082394,5319342.065743392
2526.1441076430065,7529759.338482653
4809.114567877178,14816730.857620426
2295.6589293909565,6589640.2945917845
4279.107229989921,12626037.480459152
1348.43272587163,3389053.832446734
3526.07224111263,10698921.281522913
4896.531294975246,14852219.72285291
958.5189539282155,3465188.4410742614
537.439740022364,2007889.222245034
2451.1225668467646,7210969.922216577
916.8146737311524,2161354.177526319
3867.729573543041,11819613.921889111
4615.468987318515,14401783.548162866
2453.0943771894144,7736875.618470215
1664.2023896994842,5534845.931527097
2454.8149355297437,7258500.04099011
3755.5151803250046,11033236.05688719
540.7437271116694,1253780.505219109
3152.542952681137,9429680.624736615
3259.8125819932056,9740142.347995207
3369.5971110317096,10212130.147364687
1589.0993599139474,4702649.351224088
3713.2372552015704,11072897.900741326
911.2616884929938,2345438.0389929097
1396.7165141006035,4660959.049077556
4448.615209945168,13384104.66095736
3824.2541782695484,11385540.567666003
561.8549930510536,1311850.3525285586
1617.6931716641009,4187122.9597967593
1464.8291734692407,5048469.616682394
1718.6284761663767,5433204.782565033
1614.0189662594887,4030097.9774934826
781.3683308428058,2725676.142883246
2565.2323246856913,8156937.559173629
3797.3006365377432,11454089.970763694
3230.292761228464,10489933.731561271
3527.922508691359,10692127.347135518
865.1713034130762,1887102.1462646336
4781.708195795542,14527709.087910788
4273.213252293612,12942088.4077372
4122.906433230482,12067070.87530237
4203.427122687954,12897060.786502574
4697.197286597426,13257759.226696847
2949.1428475116395,9342711.956256311
1401.2690804043164,3764746.389410223
3275.526235336435,9334105.64345079
3842.966721505725,11471987.778363436
3820.628270093114,11678371.27430116
2846.5206087509605,8621523.858049596
808.0642370011012,2052863.1281171143
2170.0082229355753,6256980.023210782
4643.449738085108,13363828.040566593
3130.020093908417,9277720.330910316
2922.4937446507106,9304991.841207586
1709.8408147198709,5127390.975337675
2158.020139624605,6903767.546253541
4529.057401189262,14314872.872430881
3499.0837138707607,10203241.882093798
4043.2416203854978,12036438.234628811
2544.554403804448,8719259.641944591
3336.1124875527107,10730509.168648103
1617.726239344434,4016976.4551271256
3674.573736275688,11217295.36685752
2424.2060016650175,7272898.0011649
2491.4548166663553,7887591.005428447
3421.9504605959673,9893361.998045374
4713.26279661017,13719984.203810174
788.0285597387942,2026050.3215695778
4211.344568061534,12348069.431085387
1815.723996854869,5854834.073969115
2497.6375452787,6902312.04926166
598.6099794875403,1484522.9884829614
1854.7073502544085,4669615.8555125045
2761.840591835587,8789080.687212948
752.7923480634756,2893892.093905997
2709.930782224243,7966255.631240836
4671.997829862923,13867018.807182157
974.2694814851235,3149419.395596819
3939.9832763397694,12557190.832708435
2343.519740191967,7234864.594357859
3448.281715359521,9996074.174841005
1671.0646909335321,4203782.786807376
1217.7151814361123,3095582.4129765932
1222.0817642205188,3702855.017817789
817.2137553941509,2123977.504582056
1335.4101720555936,4103714.3691621604
3488.987232450357,10190499.689232955
4467.607753295786,12873750.044240152
4163.565585160228,11902180.939754147
3583.1043944351786,11530490.43799215
996.943385349962,3435324.0306417076
1801.3435083317743,6269289.500909302
1894.1309389511105,5952368.267230883
1624.8062587892955,4659423.072060468
2817.525468693754,9114246.867326232
2909.9921669585265,8713442.500194695
2105.9868882699957,6428381.549955163
2092.051214313962,6254741.453404127
4228.500190577366,11212048.462090092
4051.8178174385853,12957820.95846318
1885.0812425633553,5900745.700668943
4612.047997429667,14001055.522723256
4787.667576511277,14332114.698398551
1970.3414391351837,5992738.227598616
2094.912269568747,5986097.340783117
2775.3536903988147,8634350.74735008
4735.043656401531,13551581.797005026
4443.437449140401,13423346.563656477
961.555831626154,3165454.2301640143
2267.288344721373,6702530.467252668
2990.1703538739735,9155944.957857434
2764.0961264819302,7796621.183328665
1372.383805716017,3634238.0317000686
4364.675470256696,13212384.971283285
3546.2335234857683,10977975.39776783
4270.587686833116,11874330.232748492
4364.439257072625,13354328.088773258
3867.601341495829,11331203.274299318
2476.4477056237283,7332940.073217479
3247.4603975694104,9072622.230925713
1221.6443275388442,3239124.3625231786
3531.4043786370844,11077275.798676409
1306.6396508267635,3936350.639470397
3622.7731572957055,10676930.271032337
1533.1917233928589,4541330.993863059
1028.98085067599,3331548.4643601207
1243.7802056433084,3951587.865011594
508.9646084858162,1489380.3252590483
3734.328280340886,11749464.396470994
3795.804720762706,11872645.48074145
2817.2000746096674,8658286.238394199
1226.1326047492266,3705703.705702715
875.9945187981039,2956644.103954081
586.0803489677916,1915374.7578039663
1245.8667963434932,4268000.424933454
4508.849907424161,13976330.410641635
1586.915787657568,4251620.4122638395
2094.2209724774702,5739681.332061557
974.0546801659993,2571539.26829596
1500.6258713667662,4989946.959133759
2836.510568510923,7721377.207147146
3234.8870739304366,9902039.916345308
1604.0854137479498,4993527.78679033
759.7947165130274,2860708.178882179
2259.647911073294,6869113.078551825
1553.9151691685036,3990140.8122135606
1487.9926545341086,3984300.4832782643
4819.382612210548,13867150.075682731
3273.3521866657584,9551084.576830706
3005.9529942744316,8926408.199111331
2370.987965854949,6530243.134454318
2430.249500435649,8026079.496633092
2934.0725172713637,8139576.86583787
3633.9341316624827,11574854.106918689
3659.6574328182323,11571553.814174367
1272.622584674523,4267019.028868087
2750.5073843448213,7904638.849286089
2353.811427653459,7232659.7225488275
4417.371348212229,12613428.477861378
3341.3851454826936,10479608.953964954
2896.268298871918,8651812.50584762
1019.2758898051281,2853167.562122042
3225.3705019553513,9064239.08253792
1027.4175755610504,1843499.6673686425
2017.4295900458842,5533018.341619775
1142.7888416644932,3984765.622799933
3614.33141160966,10641577.520591578
1428.1345122626867,4199739.108230537
2263.367179346117,7117878.717182578
4530.536499284504,14494443.936911646
1419.4237252953662,4920773.503358917
2785.122787814506,7869200.861535424
2386.7224752470993,6188882.1400225945
581.5581847057838,2924481.683667403
4067.4115110776575,13336730.339062698
810.7065784156987,2526346.5334617374
2634.1475943962914,7267198.660397964
3023.052327225275,9550770.248622794
3327.9190547656417,9929765.32129062
3598.84233188544,10740036.434103016
1639.725725852218,5366406.5991092175
544.9044949630222,1801900.8583257159
3755.496480597104,10673581.98628384
2910.4546970641036,8568993.123651324
4262.529664432619,13118165.45762853
4196.247633053124,12843869.010361884
4294.967755045474,13015911.55231566
2682.9259699079307,8515489.386961725
2001.3277812658955,5823124.849889054
4062.011911661165,12275370.62259303
2530.823508631647,5904680.975806141
1325.4898838154554,3751644.554524959
4347.383088026634,13424100.718367724
4471.519445475563,13219361.102868117
2598.3939026307658,7562068.012033741
840.6487728940435,2001219.842794721
2245.2174046261907,7237335.160243145
4115.919467581715,12621990.039515432
4557.983128458029,14086656.684285628
1415.6273412391813,3383775.0427385992
801.3812541137219,2323918.7407083483
4448.077039097774,13204175.61341832
2252.3222254049388,6616680.82291554
2937.924339204035,8505759.245753128
4856.296154228415,14395836.326795237
799.5412756140029,2823446.2181953345
3417.43103353443,9295867.423929375
833.4744015869019,3389070.5887759323
2189.6101780992517,6810751.096810985
4117.1654533705105,12330330.412281424
2450.6250474003546,7805292.215387526
4987.3205925632765,14236044.405105611
3015.76678225971,8714949.894203624
1945.2296868617907,5775151.344390095
1490.5009665713892,5154283.084930256
2077.342404287728,6208778.922299906
2176.399731917979,6754226.53134651
809.2115497578244,2132845.1513054096
2163.083897420479,6732672.726745183
2589.073338826512,8605839.812966764
3752.3198850746207,11754723.001060918
3455.282681247236,10325120.049852768
3689.445448531194,11406081.769226316
537.6365684458569,1901668.1826411765
1479.5032981124123,4691803.730185875
3477.579297799354,10988714.573828267
2677.952156808862,8586095.32234532
523.9106405075568,1508152.623085228
4120.2258909432,12681617.203568485
3977.6430798065185,11741381.778839659
2967.886233471032,8442122.502255308
799.0849659932246,2262508.0201276806
3949.317722896631,11809814.092820102
3126.711144791138,8549342.939784419
4018.819897210816,12486625.971340807
3882.861465781282,10264921.686042648
4113.509323810267,13697936.441173961
2831.0362988208117,9244048.463360595
1131.4603318708173,3263876.633526295
3520.208630208599,10565339.070907684
3292.1320327338676,10027882.034995245
3840.139342395892,11225837.833193205
1264.4645272283087,3889703.155478394
1377.3883995513015,4060165.209803074
4506.842827486978,13473392.123845452
3874.9000930343186,11715430.810843274
4587.028199151453,13104320.698277362
3914.2189452376433,11762441.697779754
3187.1988769563586,9643320.504177814
3443.5973166254316,10395216.760554252
4501.075657730045,13395311.595472058
3104.6303953037323,9882820.073895883
3345.760959477743,9860456.600992454
1204.1452220162028,3726098.619460203
2632.6454905224623,8546585.238530159
3723.787003811445,11131672.94142418
1719.2421424236443,5264958.0610047085
1410.143812360407,4182239.118923773
1912.22063700987,6355346.807811409
1586.7528259677506,4631396.197110103
1467.1068666637811,5042997.888635445
2411.8287929063913,7183692.4313956415
4585.273312475903,13326090.075703703
2781.7684103242323,8684991.816259757
1345.6417136689538,3884591.2241290333
846.3725122139333,2849367.9861913812
3632.7026531206634,9533405.766900124
2222.594439963745,6670385.950838709
4198.239259634116,12364915.129523609
3467.7984588834656,9871766.033384757
4083.0865274361586,11972639.081388576
1723.7571773830193,4884419.960002732
3615.6151510747613,10822852.555798994
1688.2789311217346,4381173.562722726
4725.808157526312,14335561.362708794
3363.684266900185,10774160.19330345
1960.3031007890395,6021373.550841032
1712.8033803152268,5542904.445560185
1359.1696328223957,4624790.125774085
3625.884315021775,11495897.701157413
1484.220258490673,5387730.1218826715
3178.8646966737006,9286993.090883136
1690.857621164108,4713330.870911766
3478.8602515724087,10828313.578879595
4167.228778432426,12855819.445125978
4001.113594150939,12391178.432260662
3923.830989188518,12716134.194690678
1344.7508256151343,4039937.43124465
897.7322614303341,2906275.0641140947
3645.269728193235,10445615.058837969
2157.562462074581,7540347.948211722
2445.558018815063,7168401.595840633
640.1709175702598,1766404.7886303645
1668.0940217377213,4830907.119709042
651.5438174350882,1632183.5229830956
4456.3359767056145,13004289.405693019
1595.2850744833872,4524003.082005399
3008.0172630785364,8341153.825210136
675.4069429750868,1633561.8687936414
3500.8132608754613,11476921.338350192
1953.6230558934224,6228696.739500952
4540.636341309496,14084861.112292347
4496.531850203161,14078199.944317942
1963.807782627865,6808490.63006479
4554.324030607106,12777260.816099394
4982.709530744504,14333187.034590242
4214.370488557766,12241249.635225957
4301.92106489853,12670898.296450792
1620.5393124909046,4711333.2421800895
3095.1607948599035,9061993.60817669
802.6516128531553,2517609.295125493
927.1307156975138,2799039.8424651492
4995.016754149808,14623632.864860298
1969.8766224165993,4821855.478756013
3866.8276042198086,11104048.459970076
4129.992738620675,12115358.889205737
4361.104719532532,12959774.440193737
4989.327338309705,14403148.285273846
1586.7341836559053,4514799.317719505
681.5787208686487,1479242.468363153
2350.3618309756366,6988175.817152743
1085.3630142302613,2719543.378509477
600.9165012292481,1378297.1755025121
2121.920722136688,5711420.100915493
4026.822129838564,12003716.041730799
3047.813110512819,8710215.446562259
1907.5009514465933,6175894.987677494
3444.5390247172386,10536542.207498165
1544.0818113896482,4597319.500077124
564.7165073243826,1295406.7733012536
3939.590238963923,12009030.86954992
3306.843881888041,10265882.09033844
3930.36181025432,11862429.636863776
675.2210750944953,2827514.153016951
4267.038325237934,13030933.63475121
3287.867900163365,10320407.309274111
3035.2790782068805,9172619.942388631
3310.7632165153923,10270121.876174664
4389.949610907639,12771458.21638833
3141.2142795150817,9194443.656938847
3114.276709496807,9517511.905231612
4958.056206795946,15045218.36116653
3905.285751808556,11969663.166897293
2490.322124530109,8021162.81972969
3683.2865001481746,10337373.914536819
2251.5371226130483,6267385.094033997
1529.9395811757454,4704605.064064363
3185.8334459949174,9195318.522083022
4676.819441512782,15719342.445183028
4681.127840069582,14301243.329793815
2038.5737514747063,6076555.8299590405
2874.5485979976274,8365911.1574509535
1452.3615435643756,4117003.4890966043
4980.3399927449755,14956090.308892515
4915.030585405711,14801082.722527761
3422.790183683513,10040020.978703784
4119.86326854863,12223013.68238594
3717.95072577665,11825994.464947248
3169.2119856776067,10199888.438358337
740.0659864500396,2346214.9493175573
2546.439541486975,6968688.760842556
3536.5383597533473,10878866.657579564
3548.892262476581,11423818.008235255
2179.0517829007263,7222045.899683367
4737.6139399611375,14580054.746288246
1253.1066450655144,4470531.412839454
2751.617507970023,8281544.66014958
3608.9778944787026,11140985.168352962
3637.1111265131417,10570945.596376834
3418.87530545967,10402758.644456867
1738.7969605333708,5881158.003585375
1202.9295590897989,3314076.9715259513
3361.731470720199,9654472.697428454
3196.8595226274697,9639323.037394257
1307.1020463015843,3807975.0370427533
3673.126155067535,11343952.325737815
2548.2739628014538,7418192.12543084
3504.922662214188,11373987.794443922
4268.151858965678,12159617.527916506
1263.7779285961542,4418201.17889833
586.1519059857651,1376031.1038032437
4005.9616387810406,11119893.549051112
3243.6384131867717,9849852.81773475
3648.3780632995476,10817830.196891703
4271.697387448891,12260287.478395158
4112.649206710252,11497259.174273122
4824.140661179711,14468241.589903405
2911.707854834532,9223042.010315506
2698.230346969574,8387167.787451944
2308.4923995082854,6953830.522944489
1191.6096927989204,3814252.8650056287
3076.732547969101,9216590.577718375
1746.5563594669045,4524806.956885528
4645.883804958389,13227204.422263447
3124.3586192469393,9271491.593248479
3167.780812286496,9423015.793676449
2097.160973946545,6716974.261093017
733.9520838996837,2580508.3635864244
642.8469441784488,2231107.340414821
2405.0081486893887,7074883.089529576
880.5442014375703,1951306.5192576412
3230.811299930626,9898469.46832489
4464.378525378459,13655720.23276646
4473.116674334249,12225084.291763905
3465.7043455950457,9979943.943493806
1450.5432416281897,4006102.536187621
4383.485741114924,13209632.32390649
4487.420458909437,13060581.160345465
1384.9411322883143,4135756.1124526225
3818.4173859680477,11349984.687727647
1789.3379701720532,5288439.174747296
4111.881405588183,11977447.069914175
4987.570549566212,14643219.121665299
635.1170239822677,1365217.5420564567
4538.146396059194,13804472.908464499
3301.8374011939613,10191063.51787757
4880.221786241696,14255356.383662416
2592.542828868924,8537948.534615295
4313.245687571181,12782436.338992521
780.7733086922476,3107412.737975023
2008.7557253523307,5705203.589141191
801.5744198804448,1391434.3713416166
4889.044100655818,14868231.214423629
4176.382582723265,12653420.300729288
4336.463395606867,13026587.084474394
4720.843541452524,13841414.385135578
882.9656875390341,2631610.9498741925
2235.1891663100005,6449937.769995238
819.6570006980096,2307796.2189281536
1448.568956975129,4766522.998807924
1532.1459966695256,4688546.604773624
2610.982449714104,8137923.042808301
1708.5297535413915,5009655.00731128
954.4014806799249,2692195.769137387
1253.7099009234846,3184388.4373261323
1162.7400359844091,3303201.801669129
4878.845590605342,12975979.494021457
3916.8162811331313,11455337.860246576
4854.9265937130285,14523842.692543665
2478.8321892855884,7718333.394991843
1752.6581674819547,5123635.563683386
4092.31938744134,12450794.933446521
1968.1426311851606,4814533.562860359
1847.2251816740672,5513257.118918727
1546.2769649352404,3799079.4983490193
1083.555402009059,2646514.448197511
1654.0837745754468,4868668.549794409
2098.9388681324945,6934948.59833426
3532.973936655787,10784525.19170239
781.5417899875321,2353740.868531155
1447.2812284940433,4332078.490748579
4140.606381312544,12065004.697335396
1161.1486561269685,3211454.261694564
2041.9031593513469,6339397.500789438
4390.965148361631,12480215.185862646
1197.1639001454919,3888018.7255779863
872.3157602818545,2422693.747286137
2680.420977860049,8454041.47101493
1860.8878007534138,6063210.130876283
3035.3376401773435,8269470.914279161
4117.122007175638,12060575.639913306
1117.1681966873443,2923740.746091721
3113.145880494282,8433073.658946276
2774.7894217543876,7808101.627158457
1148.354537059398,4665691.533810863
3307.993184880421,10228734.502747482
1731.3818803734723,6152789.625423294
2695.2544334480563,8500312.520353338
870.2254592467784,2239754.7972360975
2568.1282574613037,7513499.17404689
1879.0856061926913,5931474.908698227
4200.715450334094,12820899.452738801
756.4042714881573,1980541.8066103049
2383.7327371324845,6396201.62610785
2562.941408591471,9332704.819468783
3762.5273433460343,11217007.1938667
3084.2940879059497,9090012.817126539
3502.455517373815,10564033.784074096
3996.7217854329024,11868801.061643193
4379.913381461849,13201104.598238287
1912.4397352511173,6380792.848811561
2921.1021741375635,8701032.28256948
4280.486352976399,12260103.839265315
4952.530089342754,14776768.370788956
4502.836899696935,13276309.808385849
2171.6026818096952,7226757.514052511
1378.249327483927,4720307.514820566
2702.2664183296492,8160561.755204347
3837.38653326219,10872791.672376942
2716.5608183898394,7536736.323449546
2674.313884911508,8030503.285526801
4272.0368948681025,12984272.169264948
2126.317005802339,6191639.60774399
4369.0760366524055,12867143.3178536
2330.621604282756,6695465.196258944
1977.0489755525273,5919449.946535609
2542.954600398645,6437482.625159403
3931.011314036908,11242370.62772587
1067.009125387974,2887501.953440247
1383.886471424078,4755411.011748195
4781.501715483914,13937598.325487278
1289.7123232161082,3959371.0405639275
3054.7729306897454,9277590.167534733
3106.9150999787203,9969703.552766541
2703.3100792261016,8741218.94116038
3401.3536185956837,10175309.371389594
1534.2202660892829,4364918.4276731275
2986.980204995367,8629024.063573256
2174.7796486110374,6403807.334600221
3477.502668331351,10215491.327832254
1135.5059451791726,3683331.540216634
3068.948375777643,9417000.036075532
1333.7165992249566,4297050.393247377
1753.8937840176638,5891323.207771076
1484.1941014561244,5384016.865068462
1322.770009409677,4030641.7249328094
4215.699282023002,13196829.731766831
1785.6840544740064,5181222.071504911
4672.057018390022,14608674.546961572
4864.669364053359,15124762.670747997
3070.672114716938,9716224.329122309
1143.5050519957688,3477550.0765830684
2185.4670952081156,6222222.203628902
4089.795185066963,11572121.33626815
2153.258279136817,6439756.2336499
891.5774823625493,3441238.7182122394
3005.532099176846,8861673.8468485
4303.043831732157,13301694.787926499
4081.668742145761,12666981.926696748
1288.0541305865895,3722319.2812961824
3527.4407648561,11240494.71332806
1492.269185460412,3022477.184140984
1481.933905484775,3834426.577085238
4433.322979873334,12842152.791440772
1623.5102873310357,4460673.3505594125
1684.6130593310504,5221970.653586099
502.940258425848,1653839.676804495
4418.01065356483,13451027.246781994
4066.676659441106,12498070.72538956
3322.980207908051,9493888.339151328
3876.19593772479,11019499.779770711
1184.2185534102132,3750815.501234571
2562.4561756440894,7372252.490109049
2080.487243069514,5456224.2065245565
921.9943681565742,3251655.246740463
2687.5871834671584,8760312.503652625
4643.328426541859,14708565.724474905
680.2660357281252,2134301.9679217357
1811.5741107220724,5747688.380152669
1433.9342129256656,4986736.750457953
1571.6599414956333,4394271.929475183
4587.955483457188,14319205.292398611
2606.3107440543054,7956630.34923452
2598.3473582291845,8251897.900858849
3922.5903910487705,11860817.683584278
1195.214918022166,4233773.108940499
2692.6940934502286,8189844.161621454
2434.9334635447685,6562810.860900597
3186.0981074599526,10284257.638537219
4998.009664626974,14520263.623394866
3962.5200233692117,12514089.175229592
2290.3956635784225,6826065.550015106
4223.988735233212,13259971.69829849
1268.1876349061608,4371947.212151865
637.0865883903206,2126331.2523286473
1420.0176760892286,4514320.687081251
2031.8520025141686,6306870.316138789
2797.6134085680196,7385927.84756352
3268.081132435399,9863408.506755298
4597.725727464898,13235145.094358748
2794.3430429770597,8468622.70080401
2755.7404008157823,7695749.92925574
726.0935442034196,1585804.6619972212
657.1019869530071,2773773.211735972
2980.2198286236744,9475383.179933118
2471.80375961755,7413339.986380572
4276.311777411343,12921319.657358542
1223.0581312033032,3545216.3807384055
612.3724795267232,2122055.626569931
2520.6744556855665,7223996.183782297
1568.6535053851587,5202830.647589454
723.2646800247685,2043250.6195672501
3760.69229081433,11072153.374527376
1002.1684998076137,3017362.0086652627
3237.4377500349724,9416739.835142111
1764.7238757510013,5458512.802001245
1280.732226597599,3573515.385136097
2208.881853136929,6860907.360820204
4106.505993003291,12927521.248465613
2264.421096070577,6433602.444807643
3878.4634214497505,11570102.535701666
1064.6883355961781,3424730.3633062453
3977.471388492856,11714485.487987865
1566.1999620799188,4930760.166653089
3548.2690844999274,10922506.683825651
3046.0169967844836,9679681.878500603
4681.151227452593,13740458.659315323
2242.951330888913,6257466.372551502
797.7433497549821,2239441.3544830745
586.199684980638,1274722.885168364
4220.86352437739,12944839.675155917
2861.3103694764445,8003055.458341127
3988.5982332572717,13132302.908898158
1554.915200051816,5312709.530942324
2052.876854809552,6164918.449228813
635.4674249509352,2340099.521351794
4826.715460583505,13661745.44959512
3505.4055801536606,11777903.40616076
4699.422894916878,13803161.37865039
1694.7338334308254,5023952.793342796
3251.5862505154737,8826792.107952202
3553.24985731687,10902893.224321058
1928.973651159148,5233748.874938889
4316.491557570335,13000302.55349402
4762.226583051115,14014542.532691076
4481.8480296320195,12906672.121430887
3825.8013917271765,11075223.42430022
1748.5910587622932,5358667.193329641
1767.2721894753429,4661071.081991617
4835.121442007171,14130958.490509724
546.2802317106141,1970477.3857640813
3722.2248795896503,12467914.576206107
3678.1077314986796,11273117.604272543
3302.1029342740885,9447677.981733622
4955.489807390896,14682912.337136533
1903.4574609367635,5726166.88588658
2029.8733870696167,5914907.685890997
855.2273132595,3017211.0231469665
2492.5916144468183,7586511.584847567
1674.7183680568164,5478081.296625384
2045.240159799399,5978498.584249382
4255.573056150324,13429469.2783116
4709.68031087373,14045798.140480418
1335.7988240233353,3521801.53750101
2176.290191990596,7617530.7664928995
4678.837529519274,13124023.715077262
778.1380731015018,1965044.856652042
915.6223765012032,2433353.203588412
1232.5594514280322,4951831.490812378
3178.4577535709363,10438802.702786066
1177.1252195269885,4278339.7304020645
4856.3437165283,14403701.818396734
2510.2153726633414,8743735.119910913
2756.830821575749,8454668.466647731
1609.9637711243292,5318522.9985245485
2619.3211359563006,7947811.098422006
3478.6113468665517,10411100.754938029
3880.2971162931926,11515002.011916388
3892.4063721946086,11572399.119874245
3100.5100071233974,9605775.845709233
4569.618987472358,13892456.861804768
4178.3353128774925,12519270.253530635
3906.7165161438143,12474911.54478087
750.2248475620728,767298.0083158531
530.9508299884219,1847796.113925863
1456.0127473796283,4726907.595468375
3485.8561726105354,11031049.95195919
2350.388699971456,7018730.379387688
2310.8281668469026,7036444.534232687
4480.6409970332625,13934897.182757149
4530.032816593274,14335681.651919913
4591.288688241136,13623598.072134024
1912.451344317623,5870841.924516648
3609.751157326678,11668540.454154411
1722.3493157346634,4105034.4092645645
1357.7442488350239,3728226.446597779
1330.8460580631613,4725456.163490965
2039.4842938861732,6664721.798462671
2434.8092890091975,7565650.47249094
4239.271269747807,12493515.372688862
1039.5099206272043,2677620.5123889036
3807.166313277024,11125891.130209886
2891.547113851874,9448645.451964969
1795.7540420419662,5073040.781548225
2717.6881303977107,8203775.873312961
1849.7393139966018,5172364.119558932
3182.368798572377,9968493.410766644
2452.297652848599,7087529.818372576
1239.8248808549542,3670677.697487656
1024.6238355006353,2232180.4399804934
2960.130569324586,8073707.589871288
4560.858649787466,13686412.54602315
2047.809589509585,5480850.190929874
3798.5004825018045,12448044.767172666
3463.9760972289514,9361166.735630728
4691.997114392664,13675903.69384594
4194.414577846133,12591594.167172175
3049.7236650745836,8966604.52632586
3456.637242053483,9817838.997828491
4542.739099628157,13149253.379136838
2297.8345306412066,6398176.553174
1970.576176359998,5768367.681669963
548.6498763583835,2621914.1738338624
4219.479833861589,12697408.149863873
4104.413151815143,12904689.70013919
970.0453314506813,3163624.1672661146
3095.858215097151,9844505.844282564
2587.9176417509934,6363770.773956187
1034.1909297910015,2950343.77879889
4912.557021773256,15391238.776895124
1466.1314935850996,4112526.5693806326
802.5538104075251,3288898.0136573813
3176.8132077585933,10272384.70015966
3824.900047098647,11240134.78323221
645.9955072123413,1686404.7621138454
3464.2293742715997,9885885.201637564
2895.313441781545,8371143.209412736
964.6925399377178,2277783.087728696
1276.3574462586294,4043477.928992391
3055.884337922362,8439629.767093869
1833.6092608097977,5802694.290524504
4722.420778930922,14481301.685242891
4184.331032678228,11722390.895442724
4926.052429311484,15553066.591098621
1668.518775276863,5262360.9730382
4863.756347590896,14966118.053495124
2440.5524140620105,6942324.641414645
2063.8345789118957,6502693.295972247
726.5728713620896,2742915.3389473017
737.4436603682118,2163026.7816022965
3614.050651759946,11843113.184904018
2560.6804749531257,7704073.742315846
1519.3473171624755,5128434.851713664
3262.866378463547,9935103.539019968
1637.8615321255004,5206345.362804934
3099.3428945499018,8462362.54983232
2116.4393614221062,6534844.953374
4205.985019753185,12250467.508630922
4193.132723450507,12156199.017462676
2648.076791550806,8816281.966885407
2078.6859920075703,6129172.851991537
2131.5190845159254,5892906.338060028
4125.715365506981,12197580.282466505
1976.807672589254,5280197.903306805
1440.767181680807,5039243.779140555
881.0975384388807,2295452.243233385
2600.119043979838,8065007.098911349
2669.5944451392884,8686836.692523027
4284.089196813082,12602191.249831881
1495.5741340072877,4752733.618158257
2214.4607315077997,6128339.167071184
4137.8258250216095,13636362.25962167
4206.306248370381,13087108.812419452
2230.749841904457,6595946.306332967
2566.058104790064,7311757.44892571
1864.7865088217732,5537361.250045506
4696.496952886904,13919498.997484954
1033.8969458371114,4078163.1145110875
4701.872403506615,13492849.849412395
3577.3990332590447,10799597.811422236
2892.0746870902904,8667055.027954016
646.9657735302314,1882192.1704182597
2640.1828631990375,7866240.2621279415
2334.8664725122953,6946564.0124766445
1225.4846538880515,4112986.9948302046
3453.843215752956,10666021.870505085
4870.179083157286,14819993.055158252
3029.849649790363,7572554.268298454
3716.3897439977563,11299066.669074852
808.0270365470756,1596261.4295561854
2379.5014811764763,7461664.525097341
1023.6131832402315,3808088.2335059517
3257.581259914297,9309624.223448616
4723.169711963696,14038618.774719734
3477.9997961223735,10134321.535840621
845.6137174148969,3154557.040123091
2095.9979224328727,6335507.709934655
2977.985207483832,9798120.312734662
2314.4349025996353,7150181.809272599
4251.398047138276,12875419.231732737
4166.019521194951,12532161.95488627
3253.2395904644964,10168714.821022157
2180.560753097174,5672839.16016885
1649.0136819345987,4989713.023564052
976.4344319590818,2894280.0740132635
2097.039575689493,6653828.140647362
2359.276327434738,6983978.179367196
3541.203162968331,10104242.27182366
3461.7192093390804,10388832.96547709
815.4866283856563,1905039.6207227972
2278.66691944021,5873369.652026888
1318.0049024781288,4317575.948177133
1205.6571739256256,3906502.308124212
4222.859673817607,12902124.493449608
688.6184752231588,2717319.636642382
2386.322941559546,6826452.879526676
1256.9164509493319,3055192.281462368
4456.985970553133,13335943.023255374
3006.682309737658,8846296.779360019
1541.2128636958162,4202490.7327024145
2760.922792248694,8242843.800002184
3791.6886186640213,11069263.282889772
4811.531040137452,13516590.47873394
1492.007019104385,4255432.711916275
4487.817974582053,12895266.340394229
4704.368513753706,14228929.57706658
4623.892450394298,13543659.972062567
3359.3646058785944,10633909.554706309
3334.1929449561844,10804511.868502486
2314.4478493272027,7283034.234487561
3885.7904703670456,10881858.320109475
2890.823082579194,9425067.2471771
3548.471320527325,11433274.186768858
2428.0605673195796,7293576.957612709
3791.734088194126,12036665.344750144
4210.12182922047,12354527.918638071
1158.9631547126726,2543766.496713223
4248.1837200840255,12364408.940941278
2931.3343930563824,9658653.612191524
4300.996590906009,12157449.81091229
2440.857678534566,7322333.676569445
2205.6821842236577,6634118.499341079
4617.773296327501,13596832.766998596
1630.261703967806,4669024.31198486
4298.9554637876445,12932990.958481034
2678.0925762923184,7753196.557909591
2813.4294914806687,7729259.225858041
1888.107266702678,5771837.771579762
3078.6899027855707,9772752.999579199
1963.450383242951,6325137.409055563
676.7123640874354,1625269.3585674004
1723.9937240496022,4546367.214459969
528.705695329658,1444023.144911585
4902.596541755855,15491685.380165396
4845.862444188863,14860386.372046363
2278.1988386253724,7186578.854273234
3777.668844528407,11777935.009477967
2056.1274428469123,6378765.60980003
3519.9192068868924,10620061.894467467
4124.435193706906,12704459.029444702
4760.403101115084,14008126.251236241
2300.955241323524,6195634.218287412
4024.8409233022144,12436021.237218805
1696.6780278445344,5708903.136408216
4956.495367071418,14310370.131536236
615.9631944395801,2258850.3245266904
3215.879629255044,10488021.744459227
3467.776917430972,10402207.651414355
3596.20500683358,10379613.928129867
1041.7441045509006,3186741.6504160794
4723.384025629087,13894885.09278691
1315.3247557253726,3637609.212197917
3302.3903145792847,10123762.977373624
1502.0423560538823,3704262.3306466993
1882.473876595719,4925457.168541044
2959.0634377765596,8886835.75351665
2377.370383540594,7120956.881165567
1221.0152043942783,3834822.9017028026
1269.2138108938173,4745254.126923146
2381.6515467325985,7197211.658235706
3907.773402239753,12022406.281886656
4540.840910815048,13134756.26463783
878.5744801672228,3019692.272259937
2268.967584017305,6543707.319496576
951.1050367529449,2889025.5265493817
574.6661628466904,1669574.1760054904
3477.734071897805,10949689.33315043
3211.022488849645,8978079.189361434
1233.586012166988,2559138.719193444
1552.1577489187885,4549756.898212403
606.6848914003327,2054320.3026535602
4257.262425624816,12847921.9647782
4886.107682218481,15274425.165362401
1109.5679155761086,3547390.08381816
1541.6384619438415,4342991.219901594
4407.842857761203,12060818.49621377
4669.087090802832,13888605.155310886
2388.3232226306463,7678949.169020838
727.8011252108336,1987379.4842989435
677.2632516176873,2045949.886691944
3082.774397310547,9459003.319084994
2268.0279900193054,6296437.782933008
628.9359240994453,2198425.7206177446
3124.6357654065055,10192468.19122037
550.8614146506011,1566177.5680051001
4043.1738116717283,11564989.224099034
1878.9477021651721,5603542.592984529
681.1610135415444,931290.9863201987
3147.58499442419,9611206.615260877
2289.579864948746,7094876.783670528
4882.101860107173,15484123.727244299
2948.89398126666,8749684.547516668
1738.5763146665372,5419971.613072847
3692.4748908528863,10646780.62136571
1721.714011442201,4986928.474064063
4569.094811334043,12944691.715671029
2186.248867283194,6461351.7912079645
2974.4085324929233,8770571.020719487
727.5789672090299,2332336.7846715376
2417.5455707850388,6940838.272188797
4245.635928474478,12778580.46091098
4125.419624135038,12209568.844601283
1509.4335148408682,4362550.850372848
1517.355819547532,4592248.621624111
4177.873904959566,12553883.186037203
4686.792890761964,14440965.691811712
929.1241457285159,2727050.9201206304
2525.2638774180136,7400848.957692539
2018.5442553390303,5965229.0434734775
4418.098049558477,12896962.090254936
875.8621160600844,2447630.801396917
1450.0667415111684,5365779.58107012
3886.1075191392247,11201983.17706974
730.8223204154701,2053138.7943067558
2716.409213214302,7955483.30800806
2489.48165605874,7344859.162054021
2004.805305449369,5848796.261908909
2275.5754189351574,6966346.3074159715
2884.732641186048,7799110.372862247
1226.1531127477242,4197045.074509175
3073.9814522761676,9538235.756649602
4124.445481849938,11751900.652518246
3920.724184055716,10627633.915690947
1192.5495711219814,3089112.6402952434
1171.6226138366326,3393534.6107963366
1706.78465485211,6410499.913901717
2124.8362685346674,6646137.288091139
2338.0501163381714,6110355.5244237855
3558.637475750054,10331084.67479969
755.0619447462593,2238579.616102286
656.0271690172988,2094923.2842009447
2263.597533247591,6133418.169587562
3637.236614620912,10844214.729874207
1370.4590433041717,3752557.561107245
3386.7701656531326,9608431.21565824
1669.2266207313476,5137477.685543519
4487.387489660823,13849101.05570388
4530.604749199774,14012334.886080133
1837.792419265969,5800570.433364845
1534.9718928345824,4356230.911933616
2350.867874298041,7409878.503625876
1582.3921333106694,4901703.618984153
3525.7272948126665,10644152.825914005
4217.291080467285,12346026.680550955
3528.9145891004764,10338305.703630665
4209.577012622072,12665674.505928494
2286.464729933634,8079331.423293652
1203.4263681898738,3760900.3446153165
3820.7792632891646,11156743.53874235
2122.1352731369925,5950211.096926256
3520.7187135310965,10316272.834265187
1717.8977389179456,6242339.9405283695
865.533356630027,2396971.7469170997
4966.618079694935,15353289.506389948
1202.9067856876968,3420756.234327412
4947.894472835665,14974275.689146807
4897.759696549013,15089151.726651398
4072.1814675861783,11930592.977853574
3467.403329368989,10081654.161030583
3100.131726129881,10129830.025617307
4397.4569542002555,13684667.310048664
1802.4778472876958,5802769.701208452
2604.5654561819465,8207334.515107296
3287.2548621492588,10091552.33060331
2350.35714141271,8059959.330825663
2423.689043406206,7293021.2811571965
1986.28100375938,6247474.194878599
3039.0431750804123,8391673.060944231
4327.585376068022,12570275.784908446
1406.877701028408,3620223.6031677034
4704.948674390486,14751877.814929534
3600.8944418670335,9526413.249590727
4204.729457060135,12413033.359804045
3002.8581168350524,7511721.049174845
4007.8251564082857,11607831.521483913
572.9017880276025,1473230.8892168743
4182.711911507909,13240571.281420747
680.6248658841494,2240188.5672631767
4504.610193632881,13097259.81923416
4963.832362573895,15424478.947587598
1823.3035797955001,5478826.8666513795
1446.4335032860713,4358083.939211841
3944.1351373611833,11231069.658197554
1638.6185341411394,4420848.745471848
4395.030724274915,12772543.522851981
962.7916647086452,2911605.63070303
1066.7983837071122,3239338.014611674
4906.18199795277,15490592.325620333
3532.275042215021,10789352.71061398
4310.992509930287,11579194.682954807
1959.482198081831,6009767.588181338
3544.17687284272,9907522.440444393
3174.0882228886876,9039279.206360295
3214.1755405532613,9236441.88579662
3571.396067919747,10382519.042003091
3089.1162790809435,8579774.141222678
2430.780661861997,7394082.987312135
1741.6521247124608,4519555.231591903
3958.615989109409,12054181.77095315
1518.225935014338,5673163.343573828
3615.594377694864,10182103.60361756
1549.9977019219698,4507737.953596298
3313.9857647950425,8680228.613128893
3861.85220208063,11435088.959756823
1484.2125000794263,4773996.076554021
769.7448538758872,2669554.1773062954
1089.3818434737832,3306827.395563398
3226.986352719615,10125590.770538332
4322.50882801581,14240553.752018826
702.4856955594097,2963609.430397029
3803.6806656874082,11149781.532357406
2035.9339067752346,5382249.727092334
2653.3776646378515,7757057.285626653
4679.867974305045,13566112.540106462
1993.8717713113047,6207289.08786623
2594.0162027276874,7191451.838468313
561.570866423065,1648301.382974024
867.1942400217727,3020589.747333473
1663.662160106528,4940638.543910995
625.3350836948348,1402848.3397106063
3341.188967217129,10610973.930444233
2418.792605607301,6316887.344444989
2966.653412276099,8736062.708889566
1285.912336533483,3836906.997909782
1831.6941324647726,5503036.726594133
3487.210136837263,10551878.438550828
4843.862256336799,14836806.678915143
726.8754812099414,2162922.7241071486
4506.729443848697,13336159.19047425
3095.965405900438,9084101.545371465
3037.638050400307,8807156.250181744
2751.2534084349213,8647531.887468196
812.2733865688252,2113555.9199682185
904.445832812723,3136723.052942291
3204.1040254658874,9621811.617527599
2034.3135714600123,5842313.310951972
4627.706299599563,14192322.506670756
2329.657418117625,6625245.291991317
1144.7665641618848,3753391.7128497614
3716.234750759162,11255067.312873378
1820.0903964845443,5162108.844907672
2864.616383101519,8858166.556971837
3640.247534773265,11194037.467164116
4551.1885004093165,14232325.304132927
4064.8603766075425,12677654.636027277
3543.6248054272583,10876511.426644916
3558.349320778146,10111252.486730058
4756.66089814439,15494276.188520199
1831.208438734412,4791817.210667332
505.00442388284335,1989644.8587896847
1723.7955172918942,5387028.460318832
1480.511208320348,3854462.438720486
3478.255633012992,10372616.429599727
3351.702198944881,10015730.153712323
3170.576222171257,10164520.024419032
573.0954944425416,1362631.033187519
3779.5012450279137,11207531.231871564
1955.8868561847119,4699625.766043505
3492.75195052984,11345637.248151308
3004.60292825969,8478574.663269034
2042.2891644255824,6290322.925396334
1105.593201968485,3266075.6910445224
924.8850394721643,2725654.635024823
4241.832499005006,13130428.489450455
4632.788939367011,14733998.04825285
3424.046210439348,10397885.46628904
965.4535168721752,3223899.5594317885
2309.1224759970833,7091813.19635477
3780.2264004732074,11849444.913384935
4009.1939780453063,11796123.744392756
1031.9838003098987,3633646.678137903
500.1382348042209,2055664.6372363546
3704.6167064627225,11655118.623729622
2104.6827919379257,5983974.4421455385
1645.1659922821711,4851329.159727918
558.0386140528644,1793849.3365488108
2931.3473304267486,8108620.968865744
4330.178309416918,13787995.03229376
4809.342408226646,14421888.95792885
3045.8522777598014,9279520.777081765
2815.0759748295236,8156725.7046249695
882.753734701585,1984822.4244212438
2969.9276069416987,8607767.87808771
2209.9058553442756,6739319.659849621
3232.1087639760963,10033040.698305136
2249.2685654444604,6828701.466634741
1581.3460555266504,4917400.174700927
927.3437385276943,2613518.0282423943
1917.1330006500307,5999523.285072805
934.9017542948852,3546121.696077609
1296.0362787079277,4240503.557343276
4943.012713607956,15233809.084950339
2498.4660060797837,7642406.217892666
2893.4229492725744,7928691.3130179215
4431.283379317469,12771516.872636784
4980.060052208095,15167618.056956207
3122.215022051067,9361175.540173158
4156.132194698772,12688318.02733273
1971.2346095150388,6751915.537467153
1875.84780851281,5990561.425153097
2312.166744475521,7565943.336297974
3526.2826820314212,10626188.740829628
3569.8626016479443,10305979.966201613
1918.5774559225285,5726799.288160415
1099.4446586148292,2895958.0689849188
3345.7831540947886,10816496.940670589
1077.4663798494403,3627594.6778160557
3103.2162870319853,9569905.109410096
3620.3995762533905,11479170.329874223
3652.7517337750323,9948226.994063484
3890.6244979681856,11965942.469575888
4427.867397045491,12628279.298984287
2749.815463841548,8245818.5422918135
3786.1213528830704,11202510.262415603
3286.2773091462655,10189700.233487269
1339.8797290895716,4133732.8317491924
615.6034019123367,2519368.792542904
1780.436235546202,5040360.1261722995
2493.651678519287,7835512.230374503
3276.9767499289533,9912041.858236276
4324.816987264425,12156805.826757498
1383.1057251777454,3690008.94627172
1064.9740545431468,3119983.1468683565
4835.659763634474,15063125.515849287
986.200517193832,3190463.080360053
2653.209815482351,7375879.034506695
3135.0367795698585,9334952.224685997
2936.184894083472,9817457.906646932
887.1447066482444,2717045.7873651623
756.6211130162872,2106200.5515126637
974.6754235746605,3169896.0911020916
3135.1445774267563,9787130.272071254
2949.551994354445,8620571.809323305
1551.8335641653491,4906788.079681766
3369.983638305162,9945506.166580081
4190.303759250422,12930575.078665987
687.1053193096719,2146162.536914658
2741.584745966191,8465738.151425019
3601.896854462106,10426098.790302567
1635.403671813592,4495567.823404347
1884.969073819171,6127655.87378721
3261.370563452227,9744413.499663934
4540.708820496816,13764643.832540128
4144.659891363047,12280781.96054588
3124.0859859481257,9821621.344851198
3785.9977299076213,11054088.199708035
2141.701115935094,6357302.72785484
3384.3448764444097,10546031.035684796
2597.8171600740066,8379935.329804152
1354.712614059024,3802258.1966637303
3657.8222324476574,11953308.688320912
3004.090868069699,9168893.451055905
2113.797118791161,5819927.225469114
4601.026355353838,13987605.090356497
594.2035302202997,1591110.9834191704
1920.979180622732,5979971.785459784
755.9662899994096,2246470.7461680598
3949.3729229973223,11885255.61408704
3659.4835435120667,10522653.942243127
1991.0849843134267,6468285.568298461
3540.483059931829,10043385.49621997
2281.7175178817743,6290770.105942826
3903.1420614009544,11893106.358776607
2543.8264823151776,8432901.570534518
2355.258775242495,6889479.777195281
4706.284619697354,14469340.020444045
1628.955949508151,5423537.936956226
1042.0130299845446,3533381.308600668
3130.4440096675617,9235727.884415844
4861.948155278805,14040321.107239379
2200.2764617723396,5497055.602481342
779.1654363295169,2206076.059257354
2026.8737028930536,6669664.792960248
2776.692444438013,7767994.340933071
1228.6535298449617,4036065.5132942675
3461.459981254214,9909303.678736707
4989.872250545903,15022653.039831128
2532.827641916497,7952378.732827
2096.278505285957,5959087.797438658
2303.1687507550996,6994748.592613756
1018.1578027784051,2846927.739972551
4474.731206418007,13776767.94872311
2366.715449846084,7217804.933780571
2242.7348514117857,6756458.391449991
3468.6062281871345,11184993.664632393
2489.1503941900555,7798604.253754318
3417.0506096353074,9905975.895842778
776.5083055885439,2286592.9663667507
4161.755046750024,12447315.747710241
4732.267787957312,14236963.150184542
3419.444237717237,11520587.351455458
4795.5466798646485,14572065.985949446
1181.445414664835,2526384.958942117
2648.3728526615914,7673719.072126292
3208.1303027545127,8658204.864515634
3117.81491339534,9188545.611663101
2306.5780059006947,5926078.90283887
2021.3798421481763,5628344.290910315
1070.7081014768846,2451763.539613594
2262.841027530252,6980603.171574496
1231.973667974683,3696190.6852384885
3804.6455442149827,11565417.786394313
1439.7392097256547,4266941.934892701
763.5438737804024,1593482.7462389981
2985.6476201775545,9213703.545160031
3178.533797237307,10496713.671846649
4423.608775762275,13475432.6165901
3096.4172558795685,9076289.467979923
2054.663841755506,5449957.937213795
4113.553466868442,11886626.915225344
2931.255019343395,9020284.886316214
856.7612808403628,3106842.8559207763
3046.3275214096097,9269415.651589816
4586.083454397481,14158194.008045435
2283.4068147419925,7204059.566239599
1833.4661085491002,5753665.52134026
1145.6125565810903,3107600.872112643
1181.504848709108,3631476.3021149
2447.471679538185,6918226.136673486
3180.559208726883,9550392.1026597
862.7693232632079,2753739.73532308
4728.058650613246,15023567.855533166
3898.1012785033818,11039437.84832633
3139.807632276482,9660176.712325098
4227.9740192254585,13424540.353488171
860.8404056545098,2961945.0998829277
2645.77494979906,8353797.5708097005
3335.4190708774854,10300104.663566362
4228.938077532302,13335981.477484612
4025.6130202217046,11533099.97660893
1746.8116237102984,4547471.538145771
4733.960763016419,14198715.218816629
1059.5562864389167,2098087.807530895
4438.101283795184,13929626.753474558
4869.231123220783,15218050.96741007
1297.190854501815,3674897.285963182
3749.2972889170337,11062506.568420846
681.2848345009932,2007680.7659276437
2324.4027131261973,6999218.464598402
2823.274846389533,8533411.498765742
3112.9035165933533,9617826.603219211
4711.717617118517,14048839.674851313
3525.128092823876,11046980.930210525
2665.7507804865663,8220226.23002235
4143.537663196502,12127131.266653188
4777.39769429484,14999749.416786568
599.2976690703088,1118764.514149683
4921.345725152174,14717954.270045783
887.5946257865614,3146242.577897418
4164.740506709426,12132684.967672206
1761.5063864813562,5439296.982827644
1094.808459892423,3556095.178176793
2479.350378712257,7007789.202146153
3397.804607514261,10157174.962745765
2214.283302605638,6564597.992712308
745.5443372721453,1960764.0859002895
3197.5751284642247,10743562.81141806
4560.814742498036,13300891.05077137
2224.4691467626326,7175872.587321839
1473.4974993387218,4224091.989575595
2491.5980566976696,6931476.075650368
717.6321997195139,2204303.720736076
4192.194130161237,12901129.082677461
4218.53364927584,13115855.73536036
3146.002085433328,10219138.811627518
2088.9630002227527,7739512.145635808
4099.025140006025,12422332.521895874
2996.0916115476525,8656728.747730264
4216.695388475073,12876523.328822665
3341.564566623593,9891587.224667532
4029.824629457588,12552456.95329888
3193.53346947992,8932018.260256898
2363.634806970498,8275071.692111714
4810.756369667619,14860293.156390613
2935.0122119548014,7963034.626966323
3222.9028334324225,9314194.04913978
1492.1943773663716,4884623.654156084
3315.4285524227444,10534457.68535396
3072.2344226732475,8580584.454403762
1331.7727907616122,4351831.297501311
768.1419380891467,1330755.8779364787
3219.61693871647,9614182.883413887
3936.6152120764423,12365869.05728093
2855.306169149037,8290160.64239562
1520.4768139384057,3807969.2922462104
3499.3488951186573,10571154.083544752
860.4757697432101,2279067.8759118915
2488.2516716087957,7779534.197859305
1235.1504127928908,3262788.022269642
1330.0657297694752,3603878.744481875
1410.3227712119165,3220467.153197628
2240.1817566979007,6805517.625619443
730.1759252917893,2110075.3067370686
2290.070484180942,6276019.11717279
2802.6835120161536,8504949.892932007
2674.8242823484634,8538007.99736746
2222.5284518136823,6559801.383731572
4276.159736318386,12962562.683866147
1153.9701158922685,3598565.9724693876
2775.635347016183,7724741.127459069
779.1863763044944,3365852.039267281
820.2005549505939,2225176.7497906396
3082.396323546933,9575247.071570935
3047.082911995194,9525856.374600107
4451.150807800057,13283654.859842295
3010.4315404703293,9334692.133940805
4819.059591821826,14580088.386373673
719.126817799684,1448560.574785349
941.0345815133348,2656967.3939149603
698.2963770667163,1788613.680023118
1333.74582650093,3770364.9588297266
2935.7154992375513,8155144.908794334
3405.074816423426,10778441.307643292
705.1332107690096,2916395.9596137353
4756.8690043051965,14759608.500914793
4289.744194926714,13504497.196853712
1834.756169706919,5331951.09061668
847.3438860191059,2223903.2405642993
1264.4918294857578,3404181.9650514172
1071.249861897377,3535782.0471707424
1054.777006845261,3277862.5471078577
2833.5275989958027,8461971.941188196
1606.3134912203013,5466514.745758575
2111.6287243811503,6537356.850051123
4952.774000229451,14438993.181928061
3579.4141201640514,10397787.945924308
4770.413001711506,14652235.65476159
1141.5044976490203,3945379.9192743595
2219.6276367465616,6934723.02636767
2996.2931147705945,9937323.718247823
845.411278499321,3353737.4183636727
518.8434963258104,1777048.4064028128
3516.9545020861287,10131573.176517636
3388.1878256064592,9509569.720953494
2348.549644998253,6851958.062487402
2703.3983421441467,8486801.749640519
2369.4935026644034,8021804.047649179
608.0227018019998,2032791.6226113993
2009.1722279785808,6611878.081051361
1296.8701492878042,3767956.7047695112
942.9088509561593,3140111.115482253
4805.241952502074,14827404.27224481
3197.1187626897454,8601559.150142973
3778.953279064712,11130140.436005883
1919.1368446975287,6232260.72623152
2269.162082723068,6944720.415987487
1566.1579725352556,4100216.3935303004
936.3455193444113,1593975.3701695558
1305.642368487127,3734036.7328103776
4088.8132038341864,12230646.765055621
3548.956123326991,10204906.8950668
2961.179941934646,8955082.294317937
2637.9044279004565,8166906.657317817
4650.95427645256,14288206.414720798
827.3072650040078,1303962.332545862
1762.7036595706218,4630968.4298078045
2074.720341068213,6071849.699027272
4020.916154957545,12348835.030391367
4966.315790728871,15143564.378961632
1583.017316407189,4984986.923159904
4434.383003616863,13111440.039866121
4237.802421943061,12549590.547174202
1510.9582893879497,4168710.2339529786
2296.996610896502,7275086.896742429
2343.527911816336,6570339.341579219
4901.993008369513,15130997.222703323
1314.0135562050425,4045967.2876839503
4096.210869971519,12266110.370686982
2003.8672137789947,5683246.441448751
3788.916555992722,10688978.737396102
2390.049519330483,6846322.179802426
3102.61893402443,9142853.367760848
4246.75297996759,11555746.784112146
4118.745042427478,12257557.549615104
4398.904325928651,13658891.661798956
768.2779640509656,2588442.844869833
3614.227488678852,10594579.528165802
1129.9431952479329,3413297.7349514123
2371.1835560828495,6835468.383537549
2968.647867746098,8980323.969906142
2312.327681360738,7707036.955954229
2838.252541113534,8999007.02465304
4984.368389593787,15213502.321627734
1108.4779117078463,3078991.2789316797
3539.552204013915,10993625.808514165
2282.0043487352686,6002574.570519279
1098.5440950829795,3169455.544253493
1214.3154351843928,3934802.0154651534
4771.728978105276,14685397.541339705
4458.206735202929,13709562.450716658
4581.688821867598,13892481.81020764
4961.89749122324,14787829.984127777
1437.419255038331,4581245.750028238
2099.477018138278,5822000.534121683
3511.4856346619003,10112118.272339076
2677.1114293729124,8062201.626348885
2382.7529002025008,7234857.521961875
2110.1506220101687,5417644.276748182
3172.012843745535,9743611.721711366
3090.170428880369,9656875.475600803
1226.5602532890803,3641038.141134093
2622.8292688329757,9055720.948140923
2990.6229929443243,8630401.425675381
3066.291224291257,9018330.091180336
1445.4823681055832,4138913.6512531447
3840.2212651352907,11482569.989760363
613.3959266948134,1675825.3736012946
2096.7433499442322,5586824.777530261
4010.956918410351,11759596.607112816
3037.5181447493105,9063744.086360894
1675.230946298871,5639978.879927611
3627.289037043715,11982988.747817602
3053.2592487023303,9827514.695032319
4083.0962425537423,11861599.212824922
3807.6133378542054,11074935.208249534
3245.4856491630558,9656792.658734491
2696.7995388986633,8982678.061122783
1099.3195655038553,3215246.670420619
1675.998580484227,4364241.996183965
2385.9476281268835,6907254.315904133
3196.8467915287492,9969068.375495955
2811.685348468872,8780026.183854658
1796.8303668178826,5290382.76720782
529.0896100536975,1928976.1669411077
2733.0764985536625,7062643.394387571
1785.316948530094,5407865.46310663
3805.7373531974076,11847554.770276537
607.7581937171757,1406842.9435742595
3131.7251508760587,8977006.184380032
4736.6340687772945,13276678.129950145
1284.8417020017478,4649472.90341059
2622.422708377679,7507191.136622254
911.3989631771217,2854718.528462421
3315.5686051760867,10248664.336269949
2977.392562683015,9688211.662619771
2333.144858957746,6922485.6898804195
2846.1965966318353,8268874.893006297
4534.585963110546,13690291.713616913
1383.3243603998017,4792013.219470548
601.5403026740626,1719534.6423217957
4377.491981145955,12655041.402645826
3097.0268707455793,8520701.708079057
4507.963049578291,12913240.45643226
3186.2535053592765,9990956.264781162
4145.724904818661,12276862.476302579
2433.530135098166,6996829.950334142
3874.3696907972094,11265125.460799657
4608.686601004352,13868582.733113147
3074.5533367499283,9103932.463366993
1313.533177530708,3804033.4607324977
1709.5892676358917,5803429.766813045
1393.900596038326,4950709.9290457945
1610.856624180798,4027559.036087896
1878.8695220796637,5800404.931810469
2998.102040389348,8605875.071857348
3145.9623325872476,9313761.440831196
2419.2488625883752,7412385.780328473
3269.3935091937597,9701820.56911582
867.0871652511466,2716491.4360672566
895.0470667617199,3021626.3033011183
1273.2325716094629,3966986.1150985486
2831.3487411815513,8170628.071460842
1462.9760541424112,4074328.3589420714
1774.779815716598,4604486.798840776
2301.4077627784736,6477263.139575062
4153.397558046709,13441226.855089389
562.3796116078705,1291137.0477759894
3422.204691064801,9669924.666972494
3509.944389683084,10689797.099971639
4093.9510116048646,12226670.655168664
4697.388225771409,13994368.058889614
590.6203202718042,2476383.9440214573
1192.0266748094728,3850643.362207601
4487.770823251969,13198316.00390417
2563.333529841569,7477762.630728817
3040.6578752005857,8870680.368648915
3483.622416754163,10888237.061052619
3555.799720230368,10513325.345964536
4692.831814924287,13181918.693545785
4986.272378352513,14934657.295690369
3740.708574189231,10453612.722003728
1792.4954414231786,6469601.625146987
4458.885810324546,12893823.474050023
721.4941154334272,2083549.9636214161
1539.8638379352328,4748692.881156267
4538.2357285867165,13470378.105420535
1652.8618149770973,4813570.244198196
1492.9297682978681,4689702.947974043
1121.5638191311127,4127799.4367914773
4366.002909411124,13481763.269142022
2750.26216635989,8990043.438366443
3537.0194137436965,10087748.68718434
1575.7987283376335,4886077.501640581
3911.181894550474,11811168.709680563
3920.0249523294433,11935620.502826696
1906.6911120873506,6408189.321579838
2348.071848546273,6933820.970742792
1443.6062484359038,4128067.062030668
4894.52460495307,14950564.213568542
3405.2115967628524,9326533.426505633
4705.44746321982,13997916.36509837
1865.2349463310993,5528605.994350571
4018.5091084860037,11595348.017304547
3946.363897481339,12367621.198122306
3612.450433399437,10306231.14152667
4845.375388700602,14468189.641919909
2270.99901247842,6959575.650096744
1088.2279561539078,3941409.649199783
3522.6898665982735,10562791.382354394
3781.894102147428,11813759.103506388
3087.772580564666,9613615.440332562
1430.6805191002832,4353770.335385421
2770.051737512099,7765398.508399569
1904.8538145610823,4997271.013231073
2423.599376750101,7324050.830959897
3403.4835913009874,9939102.336951654
3853.4663421087553,12020029.57216691
1545.011109056044,5007961.586217421
2323.9641229112904,6879586.871515346
1711.2270694623314,4554824.746416359
1393.842262378411,4436894.56193887
4025.2424899812727,11566752.746876242
4591.637124966466,13395679.413433965
2166.044835580595,6008426.637634208
3880.7551596819508,11573014.968075877
4536.47880213985,14194532.57345483
4307.558947386042,12920156.40704636
1322.6602484265165,3746371.3990657018
4803.313466810126,13647132.935407756
2195.043981932581,6861194.238162665
2026.5829752822635,5689546.622882477
780.9409727500115,2401581.727829083
2687.7814434719735,7886235.0224576
990.5612703841791,3390772.4209522563
1618.429194173417,4776669.386505975
1926.2417979527663,5749262.216596773
4139.718455712578,12662028.940865466
4439.698926781534,14372566.871476196
1861.0984285766135,6027518.750909118
4364.1415456005825,13048121.583627444
4357.53921816406,13074216.649799826
3940.9292767319307,11560358.100033574
1160.128013068317,3005386.187445103
3606.4528110532806,10542983.03962668
4752.608290612559,13871750.389981706
3571.4321544522068,11040980.655254563
1992.2758209852527,5441230.034021265
2752.606928438741,8924426.066006245
3405.762695079741,10593311.277048638
2797.566839278266,8402951.382518632
1039.7882377893643,3119524.0191006274
1904.2882009340929,5434223.947995001
4110.7821374913465,12467388.618147923
4376.3812074298285,13673189.853893781
1117.850147220066,3001972.210532291
4785.740385794261,13590525.112923417
1979.701780318742,6290714.468384598
3480.41182428824,10603418.459986622
3883.213156805065,11089540.069694607
4153.758055870476,12094578.48215437
4755.873660016686,13838068.843024988
1908.1379661297017,5362147.76387198
4363.279045481995,12927995.759425392
1092.5910654629315,3144499.5442484207
3672.6840785911672,10692655.408239271
3838.8997828129363,11137617.438688844
3549.754585405942,10534871.584258135
1635.4163126081885,4990094.705254346
4428.694161568415,13127934.216522824
1259.8630851667776,4358922.767170983
741.3565618437387,2478113.5427416093
3728.592457753605,10390354.444831466
2639.6407185473017,8180786.038348832
4320.941089814042,13265595.260734918
2225.2871347621654,6458493.9202244
1257.2536482847077,3024162.1512025455
4263.989866114414,12796002.978048813
2970.0933423803226,8906425.701399846
1351.3810657565969,3493320.079003193
3741.727993639006,10499574.37278705
2800.0113732027526,8356257.346381538
3219.408420081439,9541686.664218906
2574.0425219296185,7513494.883127659
4229.190427181029,12645865.914169807
4233.032220573725,12147708.474811014
3692.249698209738,10859338.788196158
974.3061982840802,3189581.1101594144
4274.84237856831,12649542.095529284
3519.5584123980943,9722689.001298007
3636.608747019348,10673480.102196258
2133.422781817422,5865189.113698836
4456.7580027065305,13503842.156350458
3764.1722010568587,11451935.304860787
1006.657099381375,2190583.9856011095
2335.001154827732,7384509.94977429
4488.711628820638,12910041.735822635
712.3851576382054,2916746.618155792
4826.374788389223,14454736.23291736
3556.2315574380327,10045497.923044518
3341.191899395195,9452582.662839245
1717.5166541959613,5326597.608481556
1619.5630493262968,4663039.2030297015
4739.26198769868,14169459.00828697
1842.2260440535524,6333068.248509177
3989.7738352354972,11619699.473591954
2269.048091931856,6837125.704643422
1126.643318531168,4089852.1992800306
548.2188396291152,1779913.2566205459
2949.1580165686287,8044172.682026883
4891.004683470197,14925708.556276659
2161.11287214142,5901837.187532539
2107.3655029687015,7025500.273272587
2048.412280322489,5733803.038468478
2842.447267871863,10012096.557488421
2482.9919754093207,8182663.920391802
4459.615820271565,12980541.176000707
2774.8435627557064,8334537.590767925
2784.9102718485597,8731552.956362411
1122.6721762425047,3759846.765840868
4922.3279340967365,14988151.932278307
1624.8780089097336,5500713.545212256
830.138303568212,2428930.437387451
3484.15812038844,10269115.526877303
3179.1486657059268,9364014.003155475
2368.155442967356,7533652.944888132
2399.865052463051,7382185.677540476
4032.78764470894,12244004.76697195
1380.7068804484206,4539737.765973853
4191.139935252004,11547893.601829084
3419.3620125275816,10413120.44952032
2385.3639820078597,7265376.390460436
2561.128774627409,8517790.364532579
1654.912432337431,4200443.305880459
3884.5144971363866,12432136.807597538
2807.9363403737048,8461513.585583447
1943.8454423742962,6076031.092452911
3182.225520924276,10384635.956577517
4980.805034230953,15222795.736695647
2458.680258454492,7576224.920094756
4643.111303503788,14050479.503412522
2052.5757796605476,5915988.271484454
746.2971811624365,2224646.981232113
1419.08947865793,3899512.052912415
2384.128144974579,7130100.985210995
1488.3571786755606,3297106.1874991334
501.02167198214994,1717584.799730224
4617.506919863873,13791652.132699806
4297.45735053918,12724270.183284158
3840.315041691262,11630824.16704386
1255.165680407129,3048715.079738667
1041.6360929449372,4089543.2771454533
804.2213726257241,2361280.3871333725
3758.1313494781457,11201471.831948342
4679.635823095484,13556209.36421999
2437.4111941086667,7324206.773550631
1036.1330239822169,3801879.017083291
2805.7676932944796,8935261.184599457
2069.7435835638353,6636449.626261784
2186.7121595749895,6833335.954558604
3295.9878087006828,9708692.162320742
3734.2315096799107,10477612.94552138
997.7161949292238,2892629.1988543537
660.1560386291437,1862532.3836205925
4974.486362085717,15447856.30609277
1547.2775701199832,4796527.93158986
742.2373620880659,3032867.850215972
1354.43898093164,4662061.212814007
675.310308568089,1797683.1209522192
2263.1490257772725,5891882.479021884
4110.808030030959,13025211.707063619
2035.6000239097427,6786492.6833446
2498.8253309526494,6813370.197406835
3540.1404810534746,11375041.453074174
2790.023315314461,8561128.531239642
4376.505587095959,13209859.510350702
4397.160537705904,13998873.240241375
544.5981297101914,2306136.975745882
4001.208379174396,12329290.613520792
2573.3012010875323,7956512.136168588
4949.782435866484,15157544.45286463
2674.544341439458,7823604.307377112
4941.0317542473385,14795544.537875855
3895.5621254258144,11235527.79898017
1618.7219807598785,4689646.054410176
2922.7774067913097,8585015.281039461
4964.610377653622,14576178.448150033
4358.887734883657,13145036.455975201
938.1510220604949,2652462.640831196
3678.673985644982,11287139.317110933
2055.1081364186584,5354164.102609092
531.4201784615665,1537583.1383310496
2315.6643606214984,7012768.901953243
1556.3948977623709,4513870.073368672
4184.911717342122,12468538.802121751
2017.9877398059448,5261340.214052906
4223.8566227921765,12849808.420711275
502.6907247565789,1831875.165553272
1885.186175117536,5902327.172454492
1585.2434643849288,5275093.9228758775
1551.0531248087493,4753924.177317498
806.8397889445821,2659859.957159215
1342.0592168472576,4104223.0197701994
2999.9730644852893,9343694.553252114
1811.12482776985,4644759.66524349
2378.276520481166,6688039.077454492
2195.900961562348,7381152.71320359
4441.572162499526,12094498.576450475
4573.84549554732,13651447.521729289
2718.3063724513704,8741056.597158145
1985.7017764202199,5910474.996489777
980.6031680106364,2739303.9683065605
4790.3129572194275,14435649.710065933
771.0212520513385,2136503.6661527925
1839.4262490572619,5533703.493550255
1841.2979052650187,5182203.197534991
1941.805787630967,6379754.572870763
1239.2907947258418,4429504.844710356
4024.2264391566373,12005984.1564141
1051.2403788469514,2460476.4261952327
3357.0799661892324,9809318.313411
1057.3071201761786,3079927.0304770535
817.4103691683044,2705000.545956517
4592.432766586444,13273291.688173993
1355.5794484341754,3682157.185981451
4195.625695518669,12842215.155485412
2950.8389199821113,9321971.175966112
850.3543382394632,2240265.9921330474
4799.516861471304,13731942.057438415
1611.3252514635165,6476034.855034491
4368.404054086729,13496864.280804545
1259.6450260305387,3645433.1972081005
4342.742969638338,13462744.546680434
559.5296580738229,1616360.659364258
2803.0120545626633,8842614.608238082
3962.4916073970057,11967171.421079127
4706.579828717525,14165375.43523636
4591.409612929192,13717437.904672181
4188.311912964402,11841245.07216166
4496.861073475869,14459630.670124177
1396.4885862668443,3718698.7986666616
1778.8293307027795,4656476.203953041
1800.3583621447633,5294645.145056106
2196.7426895076446,6109492.16176768
2269.9430167333494,6783972.654919912
2950.49896094604,9195378.807119003
1219.4589351489863,4156028.2557115704
3610.6099870369517,11239195.321921695
1254.0494268702791,3609332.2532179975
1896.388169470464,5713960.422242184
2765.0530877276933,8499098.788631825
4083.982526855648,11373053.868595906
3827.611549574273,11768126.998782748
3404.9046038473502,9486064.167750135
1200.9796726107656,4623112.317285541
2961.7040552700996,8682854.62348945
893.5092580994844,2588090.1857011574
2198.1342955849286,6209549.337135858
2360.8243863048165,6767488.142986605
679.1514775058922,3174501.2170892963
1732.9464476148733,5669024.187156268
4800.422602699202,13626666.585523687
4791.346735233603,15126146.656043423
2085.471744136427,6853036.369979996
693.9504902674582,1941245.2396582305
1305.927226976817,4071130.1519453702
2264.9800704509307,6787468.171642255
4765.008640861534,15281315.87480807
1135.395785917332,3008042.2632559505
3935.821296506955,11880469.194408728
989.0714271861143,2753141.6160619403
4915.659098260746,14030457.092473311
2217.2742459911074,7747641.865500815
3988.555425045752,11374882.98558605
2041.6598726500931,6235044.211694167
3324.509947214639,9103179.538453748
1364.0723813301652,3892681.874368949
1157.0945868363315,3682268.1712257233
4721.288628056591,13751498.894418592
4629.412750569951,14181639.17707768
4493.610230957971,13346310.146929873
3314.4505257496708,10523392.833448319
4137.206950473252,13092501.308089865
810.666216101187,2138626.267938555
2006.5506885080563,6058018.495220648
1911.664061407203,5826719.297457725
3360.4039487867594,10390886.494077627
2101.8099806178825,6312620.93997578
1168.2805173965635,3599947.0318611115
3184.1018393609465,9430602.280685281
4164.727643010867,12551802.862518609
2219.5557250698794,7307637.271977204
1095.2092179431677,3608669.27443543
1385.0968879077036,4505918.483444795
1568.674873262228,5067559.781854473
1849.539168475413,5471713.1164857205
3392.577817278391,10337146.97362494
3204.2546804197355,9070177.202091334
3632.3593770516763,11531481.959313508
2131.2589303918094,5002296.575003818
4207.989433459903,12580394.104211995
1418.394475200921,4825631.4141779
2610.6833638316925,7150116.124680407
4104.224246936436,12512562.699617734
1310.7139147967866,3591758.5211008466
994.3840118335233,2798750.4029061357
4476.577854595954,13902704.04410758
2043.1834824163816,6228578.910191719
3577.415562090644,9715068.75232975
614.0687191877232,1353993.3876973705
3605.2109978425233,11303300.86097195
1922.4559019613673,5991839.064980601
750.8338411434878,3126569.3096926054
3244.1574269665266,10573796.077906229
1583.6171723292796,4579728.951914443
2240.63258923346,7973516.6702351235
862.6136552893112,2600080.8007938885
1162.234629927254,3005369.622577249
1840.897559731297,5205872.746238602
903.9177525207072,1583390.704917412
4598.718191088418,14599664.077389896
527.2116943279029,2379016.0775056407
2677.3709848894014,7524359.235261544
1054.6135615964815,3049898.5405984917
1884.5559026507683,5701471.480008594
4667.268019182195,13521627.531475527
1227.6254897329409,2805325.4535632418
4846.245438732497,14433557.514309034
1426.0746964523978,4117684.37462757
3837.047488100733,11316936.84380781
2960.047692037903,8991501.10741419
4480.154274185416,14155222.651819246
2992.9696497640894,8827362.589446405
2905.516486203389,8801770.957970846
1379.5610016577994,4502118.266845866
1248.0321292324643,4021167.8509537675
4624.201180019814,13565391.777835522
1975.2718948251534,5974004.246032478
2174.3701473330316,6796880.352083622
3919.206462927748,11193443.720027857
2024.705670902633,6705886.518106153
4784.281009875513,15068637.482233593
3820.6749604946012,11100634.753761558
3188.43159158039,9662129.783915253
4464.028222451387,13713223.795689676
723.2265875726723,1896872.6845536404
1656.7821148514392,5211153.267398366
2592.6635039940948,7859618.325128367
1521.4034276218445,3830251.194046133
3847.5733428596836,11772300.68656833
4636.436139741763,13359237.211089773
2406.9655396891553,7690498.0448984895
2039.5967005035272,5783184.563943638
4826.978294619048,14400292.167026572
2501.8359477239337,8191647.299895089
2700.7178020217743,8350344.229329746
2082.424425538574,5707536.316828448
4592.968128554623,13271446.100264328
3060.2996747683283,8881247.629993122
3929.7856423174007,11986678.968630536
4153.130232578988,12638540.60520335
2038.3206886276619,5693410.913551551
2451.62449094171,6771268.730017951
4318.122984828191,13095160.65702749
2134.649082541146,6313017.214728357
4072.7081005333307,13296732.245323861
4734.465451584967,14221698.18303644
3304.4466788060313,10820466.450268231
3837.3227935335,10926776.58154833
4122.937904185107,11582207.242774468
4302.678420034891,12347992.693841906
2277.7400203555817,7427784.951793478
730.6855662919918,3070107.4937227424
2308.443220565328,6534239.934719667
3531.903034028404,10365426.087205434
2526.576736013568,6995239.752934453
3870.3341788717935,10705182.613056187
2106.4209326089876,6678468.646715278
3356.348634968133,10180556.05638548
1338.8891218428857,4021911.3568655946
3872.162464902306,10916459.126125228
2955.631859658616,9686873.919890178
1418.2897484597027,4003190.8763543717
1813.6002807401326,5707614.054628636
3868.739188618246,10878936.863232376
2671.705560476843,7919854.086620511
1472.141481768825,4562111.673425768
4852.720356666339,14721698.679025672
3718.0625891759955,11231512.039146299
4807.106746429083,14668581.485311635
2421.9727041215447,6700657.884348153
2637.9515331127423,8012540.902058057
4540.798472832586,13679274.260237899
2862.722031104231,8704002.435410224
3682.7551035755023,11084437.919386098
1634.7779487298849,4267727.459232955
2510.2691091618826,6871907.451431161
1055.524396146598,2059439.0954975185
1426.9101614463275,4689497.739261631
504.2453687043399,1926564.860980619
676.692732418971,2451853.3428679733
4897.7772042961815,14846726.594119271
1590.5916281154305,3705215.2754872357
3484.898192768009,9941339.332411394
4275.948644598252,12913053.64259131
2977.972066564539,9001675.201089514
1189.1502503778029,3456076.644557398
3776.523968012749,11514030.50549237
3201.1313454481237,9609219.890186995
3790.6276520631877,11432268.188965244
3963.859802856892,11572046.742154669
4889.346654581353,15159045.456804853
3081.0347601201947,9027718.476020394
2037.3850071077081,5446830.479812811
3418.0905060510668,9868772.011743836
807.9831915918176,2249716.4790944625
4538.287932447138,14111865.191525837
1037.2145510218857,3090509.65384826
1975.2927704861822,5832804.201975722
4170.854212817544,11888230.926071318
3187.905702488203,9956458.402379397
2271.3598412484894,6488103.446733775
2630.4604671875964,7841367.472092122
4345.463269409811,13776481.346670365
2030.0197372695147,6344440.877333197
4413.423581654771,12426143.721106725
896.6049393951117,1805059.700009099
3995.5929674388385,11954623.677256893
4313.964348746314,12335522.738801537
1318.1794377680244,4278811.687120572
2436.5593956749017,7330809.719507195
1244.7489859864504,3816939.3424712825
3679.7185804739797,10685784.150600763
2909.064956277455,9597886.696475718
3358.955060187445,11498162.044567565
1384.1913513029501,4013281.692030493
1452.8563792358877,4535088.761915163
686.7379647945786,2108922.565915892
1949.3039083807837,5718068.293421817
3018.850976001537,8640517.694138212
4360.70711298798,12539637.3452237
3501.1735135640633,9935721.907929428
2459.2834552988816,7580470.378671218
4789.04051477362,14107284.305219043
3736.603402591243,9920663.782703465
4685.743412881475,14279659.348943586
2874.1458797247456,8603306.997942159
1665.0692365691282,5668544.210407958
737.7200886412489,2399721.4644692517
3767.381831677327,10562808.696876831
1045.8634910249034,2022752.1527097195
1862.4880772238523,5227728.039502588
2896.119085477538,8375803.546085789
3039.8746450088647,9591203.535526676
3202.624386442112,9603437.69318155
1248.148986573653,4311291.208770214
2208.8183216974194,5964038.437240941
3277.3740220263503,10314754.258269275
4864.1848908520315,14953049.249271555
3774.3401196485993,10313903.3032302
4651.71690692281,14616459.641398817
3929.9542624137966,11836592.033124566
3162.726360015802,9684201.331981659
1364.1051611135504,3659867.4271264398
3500.085433516309,11137879.807009913
3305.208046819582,9322697.975839311
3211.111267057699,10049379.81036007
2704.0364059470835,8522412.955795586
2878.9547179517403,8149780.439769111
2004.9913720314682,7006660.915805692
2836.9071168903643,8626485.590779852
1389.0015755531522,4493951.031794969
4123.284788121695,11606293.966697207
1335.9962961441852,5066853.889936838
882.3483045025989,2034766.4433952519
2463.107118607208,7901764.57220459
3462.383477777278,9889764.574365987
2469.725712200936,7099682.735178966
1745.3935937808888,5630557.80328539
3011.7703275069834,9549087.33935853
2061.5105093549,5548889.403507649
4697.904605569849,14638949.901238043
4651.903128216074,14478199.63221482
2760.6731898744297,7813042.865200843
1975.4779730821633,6725757.7160420455
3817.095862804876,10722858.774290608
665.2082456737999,1683238.4456325918
2636.4605271964306,8148882.893635286
2013.4552742165008,5613582.680298199
4642.411482961496,14059143.99172416
554.0136227270715,1782578.907582862
2987.6669407325708,8869463.687236352
3832.986114799817,11915158.613694731
2682.5809438581855,7933562.4352457365
884.3136357322475,2768711.441603645
4876.07625512556,15201464.704120632
2831.0469411924405,8888483.928590242
3263.838099435551,10184522.943713758
1564.744022183783,4119642.265442959
2675.7413829806173,8289620.436692513
2431.1727138124484,6854268.745952593
837.0312890089268,1870386.3771377672
977.7215909636025,2897311.599748323
4268.626338284485,12353731.421527661
1579.189784929656,5132878.214208957
1377.3122217438374,4539204.395079174
2772.1015306256268,7364991.473661159
3959.3620911313083,11463935.00360548
778.7593336054456,1606384.6648573373
3095.6356383721513,9055592.276820008
1036.44699278258,3336928.813282152
664.0747287152831,1871080.1370566553
737.3477847299782,1917163.733856367
4253.738486937986,13411303.724220525
1030.876176326277,1940199.9426806865
703.1811398553137,2727979.3663250534
2470.5494921431055,7139504.329851573
4297.970623739111,12854857.366160939
1680.8376942018588,4778831.413745522
2397.7067788666236,7964564.38936943
679.6513965368805,1423464.9412080117
2520.8533136069414,7568428.125681792
3099.2588628671015,9561495.914531302
3069.0817418846514,8401743.84171137
1995.9201147846431,5527811.259130852
1919.8993129841099,5685608.672203215
979.8062852146904,2496086.338301884
2150.592442908208,6043981.443115049
947.726009928341,2668246.6982468045
3949.681751204232,12173835.919435784
4848.234339866836,14373344.131161436
4865.335055000181,15135218.262237014
4392.819947189272,12679580.950238138
3203.564672028286,8984732.885848133
3653.89563759746,11924859.615652947
1783.4261120618633,5021299.272352833
3338.4668907767928,9359944.668794299
2550.4229724794486,6780241.946552431
2669.0780289961963,8544785.813893057
3909.9945216882106,11559331.307734601
1768.6326001876323,5179042.933029697
1931.1782526253394,5713933.902082698
4660.888060078865,14489135.622571487
753.0093268293751,2169263.063500165
2685.354342860032,9228089.917996408
4607.603601835378,13889691.09253325
3246.6335351817065,10270792.989024282
2958.8318339545945,9279115.430815987
1623.8488065320985,4853322.759467277
2044.7397007900172,5840733.60935982
4334.217871121118,13168635.57764663
3016.481592958062,9304494.144477822
2816.3398719055094,8162726.591653264
948.1087109301302,2927495.5657657185
572.1267040480541,2334482.6012739604
4836.583349091721,15544723.916810002
2196.4377527907873,7016497.918547072
3214.4587794477693,10574756.181533448
858.7178293427825,2261466.3824251196
3574.0142857537094,11072983.983290777
4696.5501891768245,14758910.32182111
3090.4936384883886,8823314.248979166
1067.5189506893475,2959761.796045538
3117.746873630645,10222193.00180956
3948.5624589709355,11358137.949019337
2328.874414583084,6316058.227421397
4459.269865736605,14141800.384029573
3419.07329010814,10855601.48281464
4546.620132301411,13855920.518896118
3305.7739006130173,9894466.324516138
1090.795874021709,3053125.369262636
1893.612699973351,5821812.536824578
1408.077267136056,5014135.280108943
4589.7192397258805,13888440.78224868
3921.800302793672,12848880.5420045
3543.7926600950273,10182406.987464966
1854.3484383422976,5553204.9378627585
1328.2014742259607,3798075.0888459245
3904.0298959501033,11169518.916269142
2633.7107564558587,7824590.402862748
1516.052984677831,4756823.604863713
3274.798901743738,10086511.795207229
681.5023346230339,3129733.0933413794
1967.7661435771408,6135532.165593202
2608.506475660106,8400587.828820126
1165.8125034923264,3530484.6336264675
4930.945149158778,15631863.24770263
1440.938140653264,5522039.064753827
1086.589085194695,3525309.8210720597
1415.9069324910338,3751391.2897473103
3960.775099218759,11607922.786267692
2414.7754667232925,7385293.5517724585
3044.371728886421,9361364.204284586
594.5412064386234,2132836.1865080562
654.9408885799155,2194921.506354767
2506.2149742215724,7522137.380792687
4174.948594407306,12206746.562620852
4483.574954184043,13651293.993184246
890.179554180381,3598032.3412814713
2922.6339594546025,9277866.181077683
4609.533588256717,14095952.73958825
2245.8773947904883,7252415.6462828405
4233.046241427659,12513606.70983255
1101.630444797463,3050758.761350729
4709.275203505094,13753933.058332292
3881.404928890862,11581571.475287866
4736.004767541058,13997011.354268633
3544.777550986279,11238470.023284907
2135.3176939974214,6168291.373151169
4721.815276361251,13764084.970971294
1740.0504933913032,6191440.069589226
1994.7763492777965,5758641.4322927175
3653.6378810078313,11037677.87164867
3943.923347864238,12057431.45596442
4682.315677321192,13478600.47250317
1421.6108407529427,4882574.407010363
4090.9911584865076,12591532.995665137
3823.4572402863355,12249563.726799397
787.0755031411904,2021615.540814521
2242.5041354459313,6777075.302575874
1772.4445567704436,5337011.547808428
1870.2069095931367,5742564.975954421
4923.260957996154,14042475.49969988
3392.4983606596757,10232913.271325137
3729.542710070748,10475396.17450037
4894.779367917541,14863505.139351083
2197.408021059374,5527899.5009188615
4108.280758037627,11399048.856967587
2455.389334870229,7775442.362830686
4412.901523167409,12965285.341904838
1312.9589359008642,3444947.770886472
4764.587796789258,14929186.200905548
1484.4726878489587,4617231.172211084
1967.992281414192,6340021.942009468
3902.8650534805124,11625474.124281121
2271.89813704433,8155508.7580829915
3236.95119544901,9408596.656067133
2500.5807548124285,8373990.039117229
3840.6647169040184,11491311.1306621
1527.4906356587487,3755216.7095198734
763.0609425659466,2530607.2005718937
1849.682288628798,5706428.146613976
2634.388991907936,7377506.068604194
1256.0902348670536,3307161.0660338034
2096.587803453749,6277414.588818751
2299.9235823210583,7074644.654587165
758.2632965972309,1039458.2483519921
3124.8826168289206,9901208.576748662
4479.545425870794,13191387.290704893
1182.843108288736,2882655.58266712
3190.136060306813,10040941.456646405
3491.326422098808,10462170.276587196
2387.0060618867974,7769101.074051519
3654.939143139215,11183793.560907524
2348.291945709554,7044118.58565464
2770.867795898457,8236238.415205293
533.0887004949215,1840622.4817628332
3612.7405136060997,10631455.911413634
3476.04205525126,10001839.87138053
672.8039479685506,2323366.405232974
2157.1254832780987,6399132.529112082
4905.643283562503,14733713.67472201
2393.3145315587753,7724633.51275363
2758.754323093288,8219324.665411994
4594.685711718734,13791574.097927097
3727.678441395904,10883210.568462247
3119.315590059006,9573316.737167943
4090.1210660348265,12445277.154444525
4389.64819905188,13619332.163050916
2555.9963228177007,7378424.549949664
2637.9876421932595,7685054.4417846855
2237.229210433261,7107756.330872517
4850.1776300830725,14676639.391930649
3637.2481443065767,10458635.369823381
874.5037979363253,3276788.427676226
4383.318304908583,12300729.630525623
2662.519733763206,8379701.577921494
809.3925789011936,1795571.7187044825
2973.7276482349,9864077.202947464
2377.2392553906593,6359417.902719166
4449.872321881812,13925742.29158181
1417.9757162422432,4213109.968721108
4219.090742714823,12473970.943225097
3009.5991103345373,9121495.659237493
745.7463644606107,2553189.262960739
4873.303855964681,14167711.316728609
2806.7685984643995,8012411.932808912
1808.9458440421213,5751639.964682807
2612.3307889516614,6983320.890030185
4360.360025828701,12788965.530890059
1872.0640597327858,7136535.6562780775
1367.0437841901514,3617124.8702758136
1080.8206111889665,3816363.2294467757
1840.3672927559505,5228126.493910946
4010.2163916801956,12285171.747439157
2622.3186433786777,8194133.775434142
1523.66721662093,5135480.017454265
1247.8324982438712,3643370.5813252255
1997.282644296706,6986290.252267545
4729.65967798569,13894310.75166448
2043.6202066551098,6247970.82676511
4946.558341795859,14962313.49149638
2683.5370509441027,7489627.0928576
1306.237632305679,3775776.7694274765
4510.130413070792,13611147.988831582
2571.599179106721,7498737.015755452
3693.52104577036,12301025.120039348
4926.702124441183,14360794.536523784
725.789076439883,2767079.4633898633
935.1255190440521,3233606.4637065497
3742.055336582403,11219234.942495074
1768.212514829624,4872033.017562749
1329.3562862754457,3603941.198630452
677.1284591887827,1772401.7279580932
598.3102039379081,902059.9708405928
3985.185214039059,11453822.92921753
1104.9504231629749,2573613.0118071036
2604.742771870179,8487165.817199394
3226.5356683076734,9988838.201117128
2427.583102559808,7675736.357112154
621.979935513049,2160355.7823101208
4025.75676164559,12160754.09660385
547.3095104374407,2372268.697376891
3928.504524698678,11480132.246230165
4519.870222046552,13612945.49382318
2447.7796447572755,7716868.348183888
2909.941128940092,8069218.77089221
2646.425266779442,9487570.2484096
2251.4387838054745,6768599.232805217
4493.410409166621,13551225.95278766
4522.700798014957,14196541.409882333
2011.1736408869053,6490998.589165828
3267.8138930661407,9822480.68889665
4671.084029656388,14078316.808018187
4829.263245236082,13735715.470234256
2790.315681899214,8092714.156772654
2537.7116237794708,7871739.979417892
1754.124421678366,5484319.684556541
4814.923429356845,15055353.163072579
1142.664370127903,3367742.581272047
3109.2330922147626,8634056.019928854
1771.476203833875,5842793.826889464
1755.5373065650847,5984656.592786263
2322.358643192848,7416198.216006658
4994.5682111704455,14901887.79808259
747.3483807791993,2764238.1682758876
3103.4381819158916,11024769.784751782
871.5747111587473,2672300.29069648
1195.3437349573355,2930162.858749444
2478.033237978044,7140957.189158056
2797.070591058986,8703949.773328982
1664.565837640358,4191295.357472043
1924.0570889348728,5856872.804260653
891.3515911516988,2864223.0986130377
1864.4890272991274,6361027.951803708
4849.512977212448,15203636.359664496
4751.183217526168,14685842.048454389
2006.9523056164326,4939517.411592033
3068.842713254427,9667054.703787243
4593.17925999925,14132294.473027872
527.827201884035,1711453.7941912783
4148.076066519163,11579117.136484746
4767.662987550136,13914602.008056877
910.9658045010068,2149486.0287359874
1226.5145871481445,2672039.5416908883
4823.358362471099,14468617.511705901
2918.9306463815583,8357880.878423285
563.8848551227567,3004307.3555027256
1659.3439944358813,4893646.013588689
2524.7465342098685,8221116.180562586
3618.0900996114547,10069720.786487753
3799.2217016155982,11132620.31184436
4979.396808164553,14986639.362510815
1793.8003972269155,4927324.217376911
2921.9904584081387,8554871.032822043
2899.9559653682227,8590892.442982897
2325.403667512569,6859257.00981526
1261.2285222908909,4711244.853390345
4898.554534327292,14884776.74569763
4339.927339999637,13259537.301469563
2742.4986273240675,8497323.269144738
3214.604402078134,9950126.39490296
1522.6747410184803,4526580.7311180085
2947.041816762861,8680752.26454916
3627.3655990466414,10965504.826899063
2818.2516277396494,9033156.857675685
4956.283267632236,15431968.8971149
3251.0374531147677,9632913.121500097
2169.3817066647607,6892066.967328338
3974.6841242712717,11826760.04129398
1267.0813021173892,3818179.1810697895
2230.321161678199,6454201.794257498
2061.315276699136,6093123.2606442915
2443.1319279849977,8000060.818729833
4018.0092166792683,12100238.223707423
2678.7786447353337,8103977.188482161
4073.065026196832,11495586.188961519
3094.2000641293967,9127978.238571825
2039.3124559589992,5997279.916004633
4144.904346575626,12020141.297005175
1572.3035174889121,4727743.258318518
1509.7234090990796,4314579.082183412
2770.263158246761,8350787.402362075
1673.8216068294,5082216.3253976675
540.8916572804734,1144797.792930098
3417.338872844607,10052665.727292227
2799.922196625791,8438453.731257789
2504.8301652192254,8106640.211236038
4851.358315782419,14682434.533745125
3070.3963278331116,8880221.39354062
4385.442100052231,13355828.679778619
1127.5260629232207,4236352.633430542
3061.4290840824247,9642640.488541784
4405.908320289063,13491488.226085002
3123.975907759541,9734722.811019784
3731.0638015715067,11913168.425428836
2174.196055154933,7060401.56247363
916.0228266667998,3031448.6705592284
2560.5513280718214,8215975.094010507
2275.1572587748587,6284646.228192546
4401.770820705263,12454179.83594565
1597.9788605861252,4872485.90708029
4850.304023907986,14585252.426549228
4811.621539120232,14162909.590604067
1614.3423938214742,5255953.516378277
2066.233799647942,5267269.605718208
4530.000833932483,13322616.373768548
4849.7999940324835,14306922.209658643
2495.475962762198,6668276.995736863
1944.48670538404,6580825.619786772
2867.423059631939,7922668.544564155
3594.961428645807,10490714.257283578
1730.635319187409,5645895.836464794
3814.1292857858275,11765410.529071849
732.4581070158847,1643286.9728052807
721.825217439874,2506720.2569499398
2238.2946731549537,6859776.2587939715
2090.6293642732426,7438405.8738754615
1920.3494691521853,5963018.6154907085
2709.588932010095,8058145.885496019
1943.3011204020706,5401652.382646501
1365.1606331064136,3723360.2158414554
1892.6129708987041,5264954.364962033
4887.069227646058,15346757.089894135
2350.0103764768187,7059016.086938691
2501.2074958625108,7786246.049574897
3094.45245478013,10040481.164330835
4925.0334578640195,13595868.302488325
1587.2057439609337,5401054.114232989
3565.7694973959524,10725006.948079525
3721.9311209377584,11383317.548633497
3232.9598755687966,9284678.015832264
898.6025283648983,2318245.3858704357
3545.925241224094,10882198.668578776
788.4261996627897,3557577.499154104
3182.641922974536,10049582.42533106
3828.1152974978418,12117107.353202796
1449.3645077897768,4252092.88823862
4287.299033942483,12561794.989534635
636.5921248985192,1519373.8989060607
4297.157886462377,12647336.797038786
2571.4807278924427,6688050.967092065
1479.1457296924002,4074977.5176313994
1102.001652472856,3025828.379388646
4789.882254120676,14281967.675164608
826.9951441152052,2546860.4872192615
1395.9203897116654,4368986.603447801
2065.200563448707,6188139.0041246405
3291.0568203250423,9582448.91780375
2951.604883742443,7873135.329594568
1065.395715855413,2908532.843365343
1803.7759268219659,4925102.461622395
1574.3829698871084,4956182.283800627
1460.9428452065363,4837472.233966456
2350.1495141599416,7519734.076009795
3668.141536662456,11382900.978051279
1478.5381949775617,4368851.717206441
2150.054958663416,6189187.0932523
2259.1284207852304,6403833.885522159
4894.054382459346,13928413.689077163
4795.99860595581,14883922.668121357
4100.619122384342,12214501.848188037
1587.4651436863332,4139225.284248563
806.1679134125136,2005258.0523824233
1926.0686197428115,5344719.1310121585
1700.5754724522387,5123238.659864279
2776.6661006587724,8863732.227511661
3999.7755953050687,11825332.011117414
4362.453224954861,11961092.917472757
4301.888384347289,12811074.985462405
2118.540025503805,6277523.126462817
3592.554545573073,10665203.521251459
1907.7538888589902,5409531.083339119
774.0749445583222,2430944.3740378874
3657.0436952132404,11004201.643214222
544.2239865640453,1620256.8026288124
2341.3216435631984,7230285.611411079
1982.2067118593409,5731703.724004095
3620.198923334836,10617303.935154181
3948.104627421705,12534375.527057815
1868.4258618707772,5884955.29047005
4152.321565001841,12870437.725476922
1822.6254222722018,6080928.55948364
2508.4686199395255,7788377.950130977
3771.5833715636027,11778944.454258895
3618.1410315115486,10064750.513499515
4943.158125404901,14931551.312212715
1513.2246089716934,4448314.596007917
3480.4306109281206,11280133.878234267
3243.568587240998,10194528.527624644
4617.943045205135,13538606.540218815
1203.6296374019378,3797285.9914704165
3883.0917361411985,11733115.875148216
3057.2087732094574,9398792.036204487
1735.9964140455743,4698568.007449397
2634.9571136622835,8084879.573605963
2001.99468681409,5891908.385798153
3106.9103125480738,9461955.819672022
4500.5027486659965,13139315.663436905
3061.872429854909,8893085.703866428
3342.7508824696283,10615173.657592237
2834.3653120161925,7977322.156878497
730.2447790046416,1701857.1364929008
1547.8635059424241,4617799.889219483
2714.0077824443724,7756078.15974014
1896.0587768511714,5245662.014422115
1317.936189925374,4006346.5553802694
2768.5977886329724,7553260.4374470655
1952.6440705153263,5353951.09408916
1661.4843942803664,6011500.9743029205
2587.934378481714,7993540.664929646
1099.779161369779,2926055.807974382
4674.855798839333,14233674.935651097
4404.659440636576,13497643.560403042
3684.292635832409,11550085.117542347
977.9622241480529,2870308.6577157937
3991.447645113619,12462591.786727302
4135.807976490585,11388200.66703067
3954.9407797145195,11336668.273905683
1012.8464920365852,3120475.1769779837
3397.585806804941,10357574.186818719
4254.461580872294,12307493.59878256
3098.090305488505,9423980.912097095
3408.8331885264006,9914579.441235572
2562.635657418378,7549427.425141551
2879.1829394782367,9149935.718767215
654.6958625827634,2418556.33619259
3375.3335988797808,9627470.63295771
866.5124580102164,2070911.6430205975
2457.5656745310052,7167110.3258163575
1816.9479395033352,5437470.667923543
2954.425775952709,8534328.083570758
1100.3735098544319,3821441.7509631296
3612.3953088799317,11010880.847494073
4077.5519161781167,12435698.303471563
1235.0950238442042,3072015.657060127
969.4088930834697,3491872.0379422987
1154.8196725431162,2054374.6065090033
4447.074028543258,13758249.811554456
2876.8516779036026,9097710.902546193
2602.6744820337617,7591822.852462305
980.2031859605943,3577064.6665054946
3423.0020304063282,10237457.314741813
4405.998163527905,13249210.342247436
4226.836411955538,12850273.629568722
3317.2461904136057,11545026.027146345
838.7542249325313,3188479.628839096
1005.7866222920584,3367925.4672326343
721.8904419942111,1709269.0826820356
1658.6564742161117,5047764.335388081
1110.4766022217,2924867.759741907
1670.2161811359524,5421703.967049263
2232.761250735328,6768517.240073412
4743.42252832011,13668006.745153382
3246.6922690176143,9780639.098762095
4257.3820355733305,12347437.371861838
3696.581753205495,11165353.370285258
1006.2640873698429,2589253.6039269003
3811.6418286827698,11448669.302728716
1737.94496701606,5589069.832015727
3375.9853114761786,10101429.938465983
2034.3288813934485,5907542.510594151
4989.525184690966,15070213.66460163
1685.9816577355002,5406536.283602927
1756.0871184842135,4714669.720511761
4688.025150030792,14194403.52744498
610.8998208634521,2491469.872099056
3635.100445429386,11192129.817926515
3763.9687583114514,11320783.348267969
4263.703598346798,13110979.54838984
4884.976897873139,14881178.92167076
4890.208636204936,15047426.463194713
793.7454090490876,1369270.4216557904
4198.2769523880615,11818102.790332552
3408.394701458216,10727598.679116266
3413.03960467891,9486479.22595601
1077.5746697661266,3433493.3271579826
3425.84224900544,10101501.919000175
4921.171612705615,14265420.215318847
4603.183562927511,13984375.56735627
2476.0879736218276,7528780.672723768
679.7658797874245,3094468.9654104626
2130.3207050009214,6078556.51273482
4218.756402202498,13376324.26664208
3656.7459565932472,11146449.326971898
2567.046450172804,7370628.409747055
747.9569082147399,2643493.953402842
2421.026275204862,7545948.077841562
2610.6122287304756,7849758.333620451
4678.499898023611,14168647.372291146
3384.8874661197174,9856168.882836387
1902.43812494592,5294420.812210507
2863.932190028246,8971517.656996028
797.2488851997202,2279776.9434425235
4876.5570604238155,14589629.682146901
2120.2695586882674,6500719.474036941
2650.403097109111,8083853.463719238
2098.7778840661517,5581670.416711423
3571.3027855229006,11357034.39979613
3480.0447124831685,10500725.213399844
3718.95039738111,11055524.560732255
1706.6445332536437,5335356.602345805
1920.508165238297,5879795.592522322
1063.6305399329358,3574422.9645436583
3449.794873307507,10618376.45599799
679.0870730104365,2396184.333529443
3189.570509855566,10244208.482430456
4413.631481832352,13682706.71998254
4508.744667303351,13445990.891745772
2520.6699216648276,7000559.186956067
2566.866596958832,8534498.757378753
846.3613235360781,2420222.283934678
3518.4426144936606,10318774.136800721
4195.6673916778045,11718638.766151194
1600.9477457212088,4972079.789819682
2395.853967350141,7262005.204027307
4274.777015443717,12066773.57820641
4447.042104480296,13567763.334507477
1594.3099111890167,4533833.77321633
2977.567855436139,10277861.069952764
1366.2191778612219,3813976.9375382317
958.4544386280045,2657766.6497851172
4600.042256263809,13362738.656664243
4192.283769044491,13215789.567654459
3920.1570581142823,11574083.27711047
719.4484346591319,1795888.227094647
4296.7795671961585,13243816.206548747
2471.198341574227,6723418.557016089
2040.7780548313683,6434889.437618579
2959.143624614194,9768130.732143011
911.0895922560012,3016572.6931855483
3904.9094720857947,12033677.574387345
3120.9578459973313,9797903.646445734
1339.6554359292538,4873820.322125521
1347.0448989607053,4646081.676891668
1329.118932077034,4207191.657367614
756.5107439837029,2721477.9322691094
3145.0930221725816,8992311.603785189
4281.566799148286,13232847.192818519
578.7419629432487,1233447.9032378725
720.5209023707309,1978051.4977963793
3077.466245091256,7691117.647702148
4187.730584237235,12763906.582395436
1970.3250075588512,5589039.017122378
2073.2647946347497,6775366.991506481
3183.559238735492,9745774.021509178
1733.9580010586615,5763921.950526796
619.7376473495785,1317414.6697124667
3808.5283314571825,11944778.012951365
3315.424608236539,10999201.99689128
3113.401995750466,9722285.137217347
3837.578580463204,11907910.245735757
3538.5387690291686,10700415.145284973
1426.4689468024453,4017072.450124654
2086.16471124508,6639090.320085995
1067.4956375538125,2449445.4574604034
1084.3565603804645,3044192.1186809856
3542.8808586044265,9743114.17464469
4363.700481421241,12739273.255606184
4832.296627375125,14817912.428072156
3327.5620289725,10235382.775027731
1328.4559551243065,4010824.713140656
975.4265545201881,3011480.1605915697
4157.82937191541,11530555.806814125
3104.404143619997,9126931.290574534
3282.282594561739,9506171.980467612
4016.5793993961915,11720208.352931304
3664.7475247960324,11294031.888294974
4255.062137852435,12334932.750304649
752.9625745694532,1956547.298644654
3863.842865359272,10547993.973223057
4328.83740794943,12839450.633660205
1787.6076910624145,4818904.299330434
3382.012732969638,10185639.663253736
1913.7292872663745,5265633.838427891
4810.869799171043,14484880.52028774
650.4060759597669,1878875.3475081292
3109.0677972482977,10163224.278266054
1249.2659617228178,3996406.8753950503
3704.990923297214,10195153.83361049
1291.5062753839793,3242074.4041005834
1559.2246785426091,4705278.0401239935
2724.6686497059113,7709081.974921409
4616.757274985951,12366087.609839927
1452.7146746658686,5032917.180914477
1149.0800950314658,3807352.2935471013
3915.395743343138,12006675.6667753
2752.7878955026895,7954702.163772611
4603.033005717972,14022937.40265888
1159.7655072192902,3127116.3595474297
3406.675518603677,10322455.205919877
1547.9561576831677,4183576.860131264
1205.4219289323769,4374410.012075137
3575.4323682077174,9941178.77758223
3171.5807895892995,10130884.283523314
3896.7235626304905,11709628.601900138
1892.5815940078205,5433011.284352466
2515.872453719855,7631118.822007434
2324.622543486883,7340541.63404974
4928.402587849314,15468581.13189514
1815.1203053272454,5601932.427548502
1826.677572560451,5034684.675050214
2095.4669397287335,6314215.881069095
3040.673365806447,10030416.715750527
1635.4523491868536,5580196.090316873
4618.804731706733,14310795.934182378
1695.5850418981856,5484598.63575575
4531.1707920208755,13943237.421365896
965.637786409631,3476290.7764838277
3454.5321607984356,10135282.089534353
4581.434832972096,13066761.466028785
1259.372472792033,3812619.1687446297
4857.471320446648,14163623.167951098
2537.975121869803,7086414.987920816
4755.71798798461,13907014.675659865
3545.6901963352116,11879727.551272478
1857.1409144309819,5639485.060330868
1347.3613621269787,4223038.00456143
1866.8077080129472,4989241.720536714
918.5783416820375,1833858.5456497977
1147.405848544984,3032691.2240755493
970.9719815591652,3632013.73728187
2403.24594683701,7376875.57354929
4080.102693159139,12539605.625199614
1136.2259939735309,3777961.001521623
1086.4419492755114,2963651.157927396
3395.4302728279886,10880273.610470649
1387.3234188562983,3845566.4569578036
939.2451714904622,3520851.694102663
1250.8186019250993,3973606.883842968
4656.791281445492,13075851.267213315
4196.620637492859,12215857.16917831
2093.2905305979234,5387402.325357717
3451.1934529732675,10935221.425316907
2917.7405315061715,8740853.884117315
3547.0591856715378,9527006.337039722
3572.020186082417,10903933.99910708
3329.303067769968,9719327.072115745
1697.4561584178887,4350465.547737004
675.5288934326816,2865569.598782393
2550.0505189554897,7703794.489914758
4509.382481108167,13381431.742167844
3062.7376633335916,8988500.599507766
4245.759687658586,11980639.328396872
4962.309543325527,14234654.180184525
1236.2729186222432,4351277.1483042715
3612.9993761389205,10602056.693523902
3534.321081650111,10613997.095418766
4909.799513112253,13707233.301236222
4935.203302787601,14146563.890465051
3590.0537527585825,11075067.518213123
1596.2665639198742,4977655.571816539
4093.5012715876956,13157191.414125243
981.6311039496715,3616371.4776646276
4013.146868772329,11924085.120074576
4595.882558651134,14024124.458310036
2222.7502764579585,6509949.107922339
3337.8588274238623,11040981.391590912
2435.642294435718,7881434.2313333545
2469.9427474465783,7494670.787768611
1896.6690009865401,5790204.395397796
3929.5832920264606,12511175.019709285
4712.794538749274,14428172.539804745
4733.378866555075,14979450.608200267
1286.515781937202,2762723.38268217
4436.346423454547,13539653.40111304
3818.44148642205,11197607.026925458
1637.7683031063016,5791493.903132901
802.7807581468155,3181541.618035361
1705.9877009797008,5134381.007489755
4604.937065516865,14582626.685956111
3349.3040370309755,10939469.37108918
3744.7459740404233,11271441.258084344
1657.1855799909313,6207523.626188722
3737.2467000866914,11196069.523925211
626.5467782506569,1772379.8595840163
2188.946055978562,6999774.462227858
3320.3900684404907,9784274.839750316
1157.434544935941,3514973.5227052695
4203.516085011206,13315265.467059072
1557.6408446536338,4682531.960069536
3435.265007683008,9458286.126561372
2323.3871415889835,7153821.118691549
3182.1961796494124,9198441.74942204
983.5274868300866,3383218.039137533
576.107599647233,2076417.6568548218
4593.039923211356,14514819.943717329
1713.3350394523225,5593771.268753316
4188.546512512066,13110761.67936523
4997.076352124901,14656680.676305845
1451.4406609951002,4756315.230930552
1693.2683353251002,6064030.650655446
3482.869044355996,10104282.178749604
4844.518855702796,15433425.712971937
4621.164566858348,13588818.654974379
2762.939840295132,7862833.898360409
4077.996271370261,12382089.035788203
1110.8563389495548,3690524.224913069
4898.4718289180555,15151290.548740298
4839.589553161939,14037887.449099217
1236.7803104562695,3927610.9799959534
1847.4040616139798,5199434.899100186
950.6974887804512,2107631.338306065
1722.7291950418087,4703819.427359033
4171.80105236843,12139952.97412738
2202.4202322436677,6868058.276907257
897.7863521604127,3269465.8880155724
2040.0148615050705,5383441.269577578
4916.225004085761,14924655.549361309
3333.576178666413,9412379.443113785
2372.72425882771,7432715.4809901295
1249.423310737715,3436904.641711271
4937.795587776626,14287722.25431824
4193.820541684079,12981293.882726025
1766.6478610291374,5006482.280364865
815.3091307453526,2287945.4165597083
754.8150081990111,1154450.480818845
1041.7016727749024,3598380.699036444
3113.4586262648972,9750830.139379246
4679.435395424715,14041035.108414805
2735.34542602693,7442245.807402911
4293.254671052888,13484448.602326043
2506.489789369135,7186337.674927009
3688.6259559552136,10839201.142815346
3793.4273177892537,12536303.981547525
1282.836676565024,3496691.807640457
2125.472265391153,6747521.777386709
3367.8597044211074,10384625.24430463
818.1347368296479,2649490.3069289858
2126.930844933305,6521792.80607717
2906.5975982653663,8907987.075740697
4983.010218700874,15085000.951572891
2635.401031800983,7880243.916014919
4172.255407014456,13272407.78309874
2444.30278279978,6676578.0679997
4083.75825178869,12762003.807373758
3179.366607290488,9949270.971215239
4489.679486760792,13818238.020947076
2349.2414855754946,7606214.170546548
3219.369889196655,9611809.96995577
3335.0840627847233,9070765.150440732
2378.22323810213,7098523.384449147
1149.4041965936667,2952615.480968723
921.01733110551,2397122.3883874984
575.0219776983489,1103856.0961788408
4430.904189103466,13054040.13808848
1564.1371050741254,4394099.468230652
1451.7803717679562,3166556.2003403176
3812.1593019172947,11786588.861393029
1940.072508893263,6930378.455682229
2777.2011158532646,8634721.944307938
1231.2997938385533,3592437.403248546
4818.855746578862,14429194.041898478
4332.116300077569,12785855.966226118
4387.0533033425145,13206180.701961022
2330.481868574024,6972941.558685455
3930.6254616822775,11371352.169847686
1147.4426992540107,4283772.292235948
538.7855116630112,872779.4171341482
589.8781966011265,2128800.3614005027
3139.707818320522,9368524.6413028
2549.2770736157336,8598247.128380073
2831.069070088339,8663639.509889128
533.5841318774874,1420799.627040838
2402.0897884584156,7082415.766157998
3731.3067254038738,11213873.523471503
2492.121658853461,6904969.629062183
3794.986428405,11001524.522656044
1548.5853397857566,3753284.034761341
4159.139020167764,12015928.611316245
3147.9405820405354,9490774.98695183
1448.433947434578,4495389.366945994
1565.2421413422483,3706061.5765285436
3326.1370905629165,9909805.420166649
4234.728169455995,12985889.483779052
2370.325019131198,7029518.960705477
1662.351931074165,4670161.470333594
4401.552231097701,12998576.120768998
3511.707312878757,10264740.261147661
2516.384692773844,7230788.798767503
2695.5508787568583,8173564.398893
1419.1541057137838,5411306.431009077
3320.611835291798,9589985.547422802
2114.341297442999,6183952.575998284
4980.403295034572,14915360.9154161
2660.825818678495,7638800.238856339
2686.4852278532594,8608573.585321492
3046.3330433480232,7953556.44339085
4625.40201403436,13610676.456913743
4103.681449368876,12720201.21626661
2530.0853140902864,7443208.788076542
3734.146696877582,10792020.6112076
3138.059744513427,9634557.610759664
2715.65171915562,8600126.775165435
1365.4209775295774,4201580.655196262
2587.7131855470093,7362529.376734586
1606.1836416015858,5046652.584380629
4616.789674332446,13649344.372859944
2009.3306607335612,6400585.423147598
4785.188065400175,15097193.63862882
2898.7488054262003,7393458.038434334
3341.9497040427214,10081382.84872598
2943.232000201975,7961829.032132112
1082.212776350154,4467532.621715347
2191.1954855357344,6339524.189709107
946.1575052493076,3211659.136660609
3303.293198825218,9892221.166678205
2510.933878401975,7131259.344846396
4000.9323720692155,11541770.592618933
1492.1171644971641,5269191.080041871
1240.547262932007,4199610.818885176
2328.4950393369554,7957277.161699648
4669.634224482715,14036629.341026993
3696.898167555853,11234654.313290559
2385.156311568134,7021873.151876758
2827.7247638943977,8339633.190125689
878.9585502969426,2115932.1846521436
4930.591533692509,14833779.696539702
3498.832871127135,10101875.315938307
1784.3183080854012,5573909.385338305
3136.1377739685995,9493418.431395903
992.6706473104729,3121852.96376928
4846.265009634126,15376359.99874749
1286.5324454751467,3840738.3615426444
3416.136431248464,10626772.795172105
1604.545081425187,5839389.976318351
3729.026221918411,11840387.200402757
3995.696152581265,12563673.306971217
3530.388780101447,10437822.23254409
3265.247571148366,9910564.241228998
4516.1109227840525,12889194.622337187
853.8201994539112,2810917.7988439407
1989.1164460108782,6104579.426839556
1617.2936583388068,4863573.537594511
4946.0628292943975,15351785.882004622
2252.2540085009305,6152874.614290593
3796.757146581794,12207702.865325555
3581.2632374645204,11194672.056363704
1454.3655686481998,4327779.716118612
1575.489560951981,4652103.888947247
1765.7805359886536,5537647.215590258
2350.0727521672065,7810643.8725335095
1554.4627954273706,4714192.245627117
588.4316723608151,1837310.4680720584
4457.26875563238,13380865.505710077
4845.244241213978,15426744.77999267
2037.0667416420558,5926758.673457655
2023.280957414628,6055089.072934348
531.9131574846695,2327457.2995845056
3561.128097486683,10756889.70926648
4214.47953086883,13211968.022629252
1159.7373516200141,3023572.0264085634
1218.4985721521784,3552849.4556422783
4055.3746248714697,12908340.893834522
3273.308367593651,9481755.24489918
701.8725093247266,2029968.0080893263
3301.4614570802673,10032726.98668654
1890.1297527969473,5175811.999394349
2159.2631996188065,6270884.539545471
3963.791382335961,11947692.487920703
4149.2083670267475,12470965.968161223
2301.604820779238,7544990.4727562815
4762.188212028596,15057293.233501917
2329.082230784325,6559204.25635252
3973.2621585354946,11975420.73519023
2677.4476905391657,8369467.22582988
4538.895469349378,14374860.140947733
4584.925596425804,14114021.937935974
893.3756354198774,2825583.607055798
4714.219990896016,14475931.238679362
4214.906786841871,12981604.777693741
4060.898214407001,11718837.497078817
1404.101028584851,4308702.482007687
4123.036439395992,13098689.81528232
4325.597306082665,12873113.533900993
1801.1765050436793,5468252.836404759
4785.170352630456,14234252.833128357
724.3706587962391,1016182.22858528
1174.5916396121283,3534070.0074537247
2919.1151212318146,8908241.32902188
3091.0661200503937,9016951.66471073
3403.1753748540655,9632207.650119832
576.3610819195991,1288780.0158679727
4821.650485799586,14847045.26546654
700.6464173036479,3088201.638434396
1143.7787872553108,4122553.0322186486
563.0653288672564,1017022.9841864933
3050.862949823426,9579902.50474563
4695.200977644375,13754021.745028479
3496.762247362089,10199153.210831879
4201.958608161923,12374888.025500126
559.7654155636104,2032329.7216185464
2939.0688431587673,9296833.21770082
2568.0333987748486,7655084.660684652
2745.355748993569,8195531.876476694
824.9593340083458,2707009.8736429336
3579.9591248118836,11023874.644197771
2764.491866863855,8881588.45397083
3943.1698243756878,11187323.485372463
2683.807853277719,8061437.229735171
1172.2173630189445,2982639.9011112447
3417.156293350199,10225997.740518896
1275.738629473248,3714128.2445793636
4425.775535096667,13253951.87833865
3259.0230758115868,9377197.783379493
1207.4174760062942,2878607.5314151687
4830.521258665431,13444345.01263884
2832.6445850089426,8432343.677894408
828.0430334224475,2268628.547350873
3320.7480698678023,9624275.377201494
1639.395081557646,5579459.476088769
4116.620533447861,11920142.506945929
4180.199331047857,13249015.034212973
4905.263101345979,15527711.176172564
2758.4128896102666,7299788.435436109
2547.305958774817,7688108.605823936
3890.6402245091626,11472072.428109493
1096.1179535386696,1832451.888257376
2961.1198120690588,8161038.80967297
2958.114200588829,9261810.655320724
902.6290526467425,3717486.7842958597
2380.928384781111,7594124.225692958
4339.781593552409,13181161.016913716
4352.691298975971,13047407.70611237
946.5694921385646,3681039.9337397506
908.2439723652388,3798851.5180745367
1682.129646508709,4752967.599764034
4436.44728149297,12309348.564323764
1080.061632830745,2191091.1668566344
3739.985611823508,11880897.331550425
955.2452882589645,2842206.5943897003
3304.1203418652144,10003981.980825001
2102.3028460361515,5411583.041630099
4050.1128333464017,11773744.043644972
1551.6070197141362,4507080.652192018
3376.4082322548193,10233143.888446493
1560.5714055914823,4482418.197317568
3711.471274004692,10615750.722863406
4431.55115552337,12902369.970268847
1070.6080960704203,3815985.931184877
4399.680598679766,13321434.105841048
3171.0886448643405,9819344.338070797
1071.9972089016078,2766554.7212661584
2423.938349118704,5794903.3046558
1223.8713206829407,3410061.808606574
3651.565499899563,10521411.22248594
3914.9066048807736,11919225.948956361
976.0843412275954,4571114.880523708
2777.6293371258994,8680471.020186827
4165.812752116627,13865418.336041624
4712.733686979484,14422585.908608178
2810.8304003379653,8117548.082227539
4776.256506251331,14502727.557814436
2910.600367052134,9622120.400895257
2273.857225699586,7736352.975259377
4316.914078488029,12663073.551442547
2718.4221970614008,8281858.439033852
2623.5612975403537,7156050.452785488
2706.4062023442275,8531552.919378398
4310.532508413854,13708274.874769509
4243.736937596234,12751110.53984671
2315.83996598095,6613827.870762786
1999.8493694173626,6179613.583890869
2713.676108176082,8349757.84020983
3077.4762938169906,9273000.797375781
1572.5174478259862,4806909.905645935
4072.7978812201577,12131486.218425788
2689.172445795903,8565494.801500913
2003.2049678898181,6377728.626252018
980.6944683379577,2450531.8314417987
1574.8032218162311,4219114.363869396
4771.765272901926,14188108.610192498
1872.9485906878697,5987264.334116199
1259.866802151659,3853629.113400384
2573.0275624474693,7397507.48228108
1881.894845121119,5776443.833726273
658.2166262203737,1809244.618899985
1954.1534777573777,6302703.663384198
2948.4888077276087,9011995.64071635
2982.705674089851,8790477.92854348
2104.515145295999,6429304.821911228
2512.8624031367026,8196111.239172208
4844.830632056449,14249676.857896157
2198.068147536402,6795532.933432788
1662.0206596699234,4950831.808776772
1595.6016983004206,5000296.936832312
2559.940757168604,7352539.800707946
3917.8406692262483,11808689.724258434
1426.9468288481294,4834752.127752788
3691.8325721334563,10606994.225777315
595.1742050723733,1120820.063554579
2385.198400927757,6509867.42053979
3991.392793412541,11388847.115137529
2024.2983009849413,6370556.546901156
3036.8169565042977,8407521.02658016
1422.4065477165987,4118271.9707780303
3838.979260067775,11826082.43185868
735.2559647094183,2414097.4244025517
4336.441901939752,12816546.215838013
1391.8837388975066,4271113.082570073
4434.791142687489,13357946.092931252
2086.381585852328,6147024.279782891
3752.0760851351897,11150810.89607828
1936.513840037848,6927255.237492024
4576.602520555914,14134463.013633395
1069.8670648326847,4449926.653254125
1303.3390517266942,3661535.588719832
2718.63556321461,8113423.391199756
868.7229756716577,1940106.0443766494
1381.9108311579287,3740949.092429
4746.9487199540645,15191802.734193444
4894.203475165492,14421593.280575598
2193.1669819868985,7539141.596032925
4654.78709456271,13342680.153348185
2951.711040530443,8328398.604554691
1713.8410964319517,4970907.678784144
3660.794244862694,10950507.773748495
3465.0581295868574,10856718.034985637
4951.0639359893,15078577.016561035
1692.7127933417748,4869980.75135331
3524.267761977809,10506145.382674374
734.106897632511,2042789.233005183
1011.4071741352374,2576894.654742847
517.6326872799197,1108916.593538948
4997.573064768529,15506661.14002229
4110.23163716365,11416612.447527379
4040.2535663009335,12929440.047625327
2793.767338796809,8209804.903589311
1850.3018730744798,5164651.316027359
1180.6892800820417,3911947.4855947597
1781.0363248090864,6085717.266500818
2191.8704986811263,7134427.716845357
3903.3954364113233,11961112.333913915
2928.478050064186,9328865.895053474
848.6763194996721,1687780.1699270834
581.1305403151051,1482476.3502012412
960.4948079032843,2425899.3936974304
2347.244211638207,7654052.000522209
4699.368126720582,13906365.370699802
3368.311165441497,10527636.774715519
4108.216549439818,12592578.119563771
2598.6856752704684,7364903.557729565
2127.4973743776927,6089013.018144936
987.8016772248022,3610313.8770817695
4441.698599837922,12937354.47517156
4024.220130625563,12135094.196974428
1256.531439189763,3378323.6744060665
2805.172537443172,8258541.518871586
2693.186635645602,8056478.93495182
3312.9119870893787,9547302.70611939
4757.841022960675,13793299.591890085
3108.971487931158,9470051.132182196
2930.9777005037836,8370564.397115761
726.4531982059877,1774030.8167686271
783.0836420811077,1879724.3543923376
1343.06056097055,3990227.6597459908
646.1184726128672,2410206.235038522
3845.0880300650556,12288528.408351298
3754.986367972834,10902000.060921613
1112.2530549423932,4411914.561492785
4262.355053578764,12284712.730382893
1196.5371568075038,4131385.732086446
1855.2901414881146,5205022.1974566225
1620.3960462261425,4425726.503743422
2175.381943578715,6153767.752343951
1645.9869465048284,4911736.989689926
2700.2791689730343,8390823.592435908
2333.3354660960845,7334940.417240664
4939.562708506969,14346695.617846964
751.6685755770155,1760176.0829754123
1139.8161937430823,2961129.234547473
737.7165225887112,2157472.366573378
3316.285377420691,9843778.330166636
745.2917483617381,1760787.5140503168
4263.978818192555,12926738.301609287
2803.723838068675,9542455.918373683
2871.5343106169016,8362245.2009331295
3027.175284704874,8864769.943512855
1268.6616783779482,4085815.820296029
1389.6063640151938,3889410.946177184
1934.677952928521,6138516.099644654
3170.7338711983316,9152930.260205474
1445.5299917309653,5252649.778981547
1023.4927720996756,3242865.802595174
4865.525988882945,14286566.49211048
598.9181666433032,1502408.6501952724
4112.138324012098,12079515.095682275
4046.158173087599,12824849.352387235
1837.463512302932,4878015.033108154
1110.3197720329104,2996988.4808689784
1155.3289101744053,3185156.452060503
3638.442277567366,10907482.84932363
3392.6296598877816,10042334.133339947
4022.3555341312403,11321452.686698489
4718.665275795971,13956084.485590179
3613.673134699664,10791244.062506506
1201.3319144814955,3289946.8259045947
1595.4917754443481,5129863.070856877
4289.871788929016,13329319.58116387
1441.8773412539385,4286438.673897119
826.3504262951664,2594322.072310864
3664.7602431901273,9913752.730895746
2311.368599705639,6723554.413036001
4640.1802364565665,14422951.555248657
3426.147819921477,10066725.168174794
906.8854000624733,2352025.3619914395
4765.354552641474,15434908.120939886
1663.5076863811066,5900061.654241222
2017.456206828286,6286156.0767259365
2310.171861575939,7499970.890467841
730.5093338194097,1078560.2924791903
2734.319400037722,7809182.479798812
1054.933209838815,2929820.692929869
2304.366470097583,6795109.360859275
2078.1940459643793,5989610.127406157
3977.780375419265,10658327.980499623
4114.26730234729,12535814.21639615
1190.3579707508961,3842900.976392992
2149.4803432065182,7249390.425414545
2180.0892246432427,6146113.041542246
1181.3469977123827,3108959.414247197
4093.0407727303573,10939130.075208837
3682.527477509405,10900799.014232771
1356.7180383366563,4520710.0055410545
2150.248588672096,6144861.834919928
976.122611854314,4000090.244834766
3326.929686918698,9852491.64286133
1046.1736604687885,3212017.123550643
4936.70375881213,14128559.736145593
4013.0693360953805,12182818.180873781
2256.073473127978,5778560.521957587
3103.537695257095,9657462.063277857
4601.038172973839,14165328.607039222
2993.4467617812174,9659985.997511908
1285.2431887907983,3345745.2069885507
2204.165100115217,6692776.359494359
4294.151892633854,13164363.957594814
3398.9585719532806,10418016.535024997
3428.2597295021014,9852129.55093888
4400.696685598201,12006099.112016533
4522.8787585812715,13742116.424186055
4639.066573007463,13840949.879867429
926.8213696392024,2497128.812436887
2948.567008833954,9227673.708359595
3832.2928454824337,11474418.767370084
3906.170803071562,11058914.882830787
3230.2229088650174,8724942.58204694
1250.5430083265337,3187147.3924130183
4088.3924927374896,13461683.625595862
3740.5010008172558,11582891.389418155
887.6109719706633,2757139.0868994957
2587.144211034693,7670602.169511176
1282.898297848116,3724998.42357063
2018.6467057083735,6639538.108804667
581.3649149255845,1498796.8738250376
2301.484407848412,7192913.428887383
2974.446145202947,8749124.460463043
3288.121667721891,10834443.319083204
3485.706553079195,10828263.913026737
4263.31090896107,13412711.134225022
1469.5830827407851,4116544.3608782366
1042.1682009731057,3655572.6592030283
4331.9172735406655,12839463.107924651
1204.7576670169246,3669290.4130171984
4886.420366012879,15476784.933348365
4291.422032293866,12352878.56850339
2753.9447265031963,8363458.0451622885
4916.3964121491135,14968191.865706703
938.1952809860189,3074588.0333584617
1863.7959252879573,5365995.52931714
3372.0098676827515,11159161.653452294
2075.0309081293044,5577626.781717783
4677.676483913563,14762472.146056924
795.317396800179,2993484.9931963566
2972.3532442743403,9867504.127624864
3158.8982032780154,8682581.060480136
3437.2765569975086,9877413.92704767
1650.498004993165,5697465.544560316
2140.54892383939,5483127.194203016
4296.562383492399,12086457.69995699
1377.2424603657191,3887573.4877414117
4220.905312280129,12758712.83115152
3031.949403062341,9891960.74601141
3929.8438003733695,11696898.443654928
3711.2331481856218,10829579.870524596
1433.8017292319555,4457100.15654408
3059.657313952428,9413770.183504485
4404.754187622915,13434882.473953882
2444.5230656086824,7244576.092850375
4849.658466004926,13571432.341055702
2534.9679504577316,7146095.856820028
1142.5353650054813,4137741.637650175
2252.4560603495293,6850902.650036888
4782.660828757417,14186721.426718723
1938.743822029344,6375315.74027502
4406.441719401782,12654266.842020873
4465.628067568505,13284210.13584901
2075.8393594938248,6296397.281068493
874.6594612278445,2403289.632036219
3760.510591214682,11331913.185094845
1901.8053455629372,5611569.070977928
4023.156264159076,11369797.26858429
2491.946817171949,7566579.392455375
2683.7003405417972,7386925.125868958
4000.592330368416,12084584.553653609
2220.6349897773252,7348972.881407031
2494.0730539531155,7341707.56322132
2192.8571094633,5992829.763404407
2153.0323187477597,6395603.04964079
2866.7595960565673,8184293.234130437
4139.597500255179,12716047.002081271
2127.9574036515464,6309877.8371932125
2859.1462424198153,9432320.353091732
3518.2729644917035,11136313.691313779
1712.4775083664476,5060892.272858641
1748.8526220607666,5604362.400168845
4700.359071605547,13904459.010235218
3755.905579989899,11284695.182552282
3097.34004300489,9111303.030839514
3414.7402448927537,10627448.714603115
631.8474939653827,2612036.620250937
3281.463345027636,10243714.13867848
2792.7899295089087,8839338.089169404
2955.8735590074607,9329137.395640247
2117.407220738677,6627849.623383386
866.6325397082385,2030254.5395195812
1370.0265512542348,4960565.413470955
4778.351209457022,15237259.04172028
2339.148030219203,6900504.289000926
2600.0742012388887,7614873.646108575
737.1940543404755,2517787.9894791143
669.0480329479126,2282550.51643549
3727.3165117104095,11080976.50075472
2921.425988545001,8139265.137841201
2789.1769289732,8520381.38229449
1594.060386902009,5057899.4297938
3851.37829233465,11917045.451023348
1257.0646059882133,3945840.204141744
1354.7063464745902,3928561.465242816
2573.2047710672396,8216615.332954858
1788.259379503734,5397702.387294161
1613.5834155491586,4608288.739465116
3403.5694004899924,10120381.510447117
3429.3728534834504,9415134.04421286
4210.3268140996815,12539859.530209774
2379.6885513783914,7483283.914072508
828.8829096176761,2656540.239922643
1731.4987321465596,5954828.282930272
4910.0245843856765,14598586.296149177
3183.1635885471596,9793147.347168136
3693.8168816045913,11477820.73296666
533.1102333143654,2770759.2040868
2831.925794821344,8568160.130022852
668.878958893114,1484543.2872473304
3061.535954411516,9608572.23991219
4643.468823362339,14863270.148071246
4857.886087251835,14412383.906642195
2932.487039250159,9218001.887053685
2561.9216236349716,8300128.898519375
4752.576924118223,14766263.544339746
3531.244243985128,10656511.993192172
792.0467579228425,2026903.3946619544
2595.765099503739,7746655.524504423
1581.1025830893675,4972607.976206918
2614.119446519067,8296469.601603065
2549.595074028628,7815757.7460854035
3119.651612666339,9169000.854728729
2105.4672065716304,6594091.447789776
1239.217022551676,4147693.6015264383
2766.7374556548034,8490017.39517165
4235.912979555929,12289645.381398626
3488.0550263042105,10373462.061554035
2022.6553966634713,6541876.578196647
4709.853602414858,13438051.902872337
4604.93407062132,12768213.20066838
1442.0677972284443,5080244.816757344
677.3791330416334,2287845.02663584
3835.88918757843,11811032.563995345
4224.24617607119,12134330.041400043
4855.390546781099,14934935.672076566
4504.263773397399,13650415.663976379
3202.4064569288666,8815055.581862401
2885.2355264557136,9367848.28650407
625.2847306816383,1955195.8538542795
1609.9540108015003,4631820.049364867
2568.266382798169,7515804.275401899
3328.267550376055,8977191.698411977
3007.633249932848,9319568.049614225
3841.8619535676075,11656514.464325685
1758.951188991684,5179813.500808504
3042.28673443613,9766102.807034224
896.6400952585645,1997990.7762777708
2361.4948561244314,6786098.330189487
3875.7237482957044,11202167.117506921
3620.303840430698,10721514.031406317
4957.8923172748055,14907411.964453027
1750.510066944902,5466536.962740384
2741.851846282906,8052068.81229616
1982.8868619829852,5509982.718371509
2482.714013266286,8291145.514684081
4356.275584412247,14274646.849131025
3578.9408383481896,10808465.850985581
4470.985361064118,13034565.899681918
1415.799987493489,4985127.028001614
4430.125030286471,12566996.53769518
768.9302338027298,2139404.039055776
4498.696761967186,13148031.760228407
1980.8320075732756,5362728.247494582
1915.644350363299,5606920.934629012
2804.3985951439877,7981109.74584498
4733.105844754543,14205644.766337957
715.0161410663242,2158637.007035204
2085.039387818354,5944452.301694073
4354.573949075011,12878465.168928098
2282.2451484596004,6731310.961426945
1396.2060391868015,4593541.148120118
2411.573815991353,7160506.747441966
2234.986256712512,7117309.640530584
4619.372906600165,14151025.211577822
3928.704690843937,12071879.420982182
2773.0200008480288,9012982.987717073
4947.66755024707,14283307.210868256
2593.748890741655,7544655.119071408
762.0702386912385,3167860.1162235
1680.234448167432,4912045.094207662
2462.317160986907,5979389.638007795
1206.0618086575405,3516701.254398679
4764.043068458193,14359598.970456205
3950.820040179979,10543903.561824331
1707.292401924977,5788845.025718905
3158.6204008306213,9119004.970559064
3746.521206993074,11403845.178572979
4735.755180080591,14094274.767569743
4467.359071289347,12757901.504266022
2818.3650176219617,7919840.985548175
3985.936789068579,11490268.948991964
3029.6513922241325,9631790.131264215
2987.1675052049304,8887733.421564715
1016.3388125218636,2788083.679289717
1067.6194610726843,2735553.926922937
2882.9012676010584,9246778.91356624
1709.8769524055297,5861731.493478383
594.6660610721088,2376370.132569667
3752.776417550955,11504547.922229948
646.1896851057423,2083484.076252583
3178.7457849682455,8928268.445916787
2926.372073572915,8656206.657363215
4859.66610760012,14237068.221127143
2678.9591270643873,7124121.326700807
786.2064637000881,2887141.100682947
2982.5958551290773,8599872.592191095
4284.932767772456,13452769.25703502
4985.82177926648,15398338.538179446
2436.5442816008263,7587991.8331191875
1941.3443412353413,6130475.059587616
4579.939836283995,13432162.56781513
1360.5895808425462,5010693.818172971
3269.43011764817,9829853.068421034
2325.714908814265,7128110.569002147
684.8706422999987,1730073.7601166766
2062.79813437564,5722811.772738441
1693.5283512620356,5319233.058190818
3587.410192745691,10870987.326206466
4769.557239613631,13913995.535889605
1706.21234320387,4399423.670223908
4151.596726182568,11819828.63488393
749.1191762228428,2845424.387214082
2921.5445451791593,8458006.728212442
817.4752866945256,2282971.58724566
4703.148460087877,14834615.509643162
3948.580762508256,11284667.006781561
3460.7746004206656,10018826.388403468
4207.533717310989,12238217.737652622
3413.8390800657344,11050551.480780223
4860.2497872843105,15577441.112144139
3712.8107653914717,11514213.9088755
4660.963743120111,14374583.591437453
2827.093514047871,8191103.040717248
1026.789858418382,4054033.8187072873
2876.799746403577,8764247.36639006
1070.9277262839198,3639338.3110766294
3166.2206562938227,9445899.49949599
2671.2187723744833,7879640.023459644
3301.5892902475175,10736289.00054061
545.2114147467422,1905496.0841093801
1376.7822124491386,4856034.367882607
2710.9869436045888,8260624.916686289
4777.266027151107,13907614.813241774
2226.240681598213,6387050.578355395
2409.674117241356,7280504.972956373
3716.1324005297997,10835147.093567736
3217.067407787531,9097471.519048749
1845.1676754424996,6136211.542221011
2348.6737800534247,6773586.304748517
1479.649094857546,4508043.658468299
4847.096566085938,14689356.493200617
1087.8547170081188,2969487.588364072
2173.2655305488875,7245196.3248010315
616.2753749900504,1290255.2443678447
1498.007713700959,4624835.772893262
4012.120122710697,12159419.221320383
1405.2885452999576,4188738.3344677985
860.2853113803452,1932399.6275050445
2635.039309300355,8340526.703832797
544.8615563053332,2006340.0040832981
881.4476949184993,2306558.8204598897
4134.316413033388,12756692.842702845
3971.6300518682287,12102343.998755075
4618.124691822032,13214068.002785543
4345.319461598373,12608993.92750944
3574.2900345791813,11292010.826182334
735.4978578529827,2361201.6661299737
4022.8187809399587,11786304.869914563
4304.798648782522,12485158.000761244
4095.869655973795,12029912.068863675
2788.155658886117,8142227.2117195
1548.0582739226675,4221193.305453377
4303.98489059927,12041072.615606159
3772.232643830623,11886704.57469226
4913.425284749832,15225592.690555217
1200.616689901698,2965222.343801664
1515.4906237342477,4614627.518984578
1453.091674466762,3908155.922042903
4066.428954296015,12068503.251274778
1341.0828340255316,3850865.212139766
799.9692342048775,2185990.594755696
4993.523629635329,15982044.430944128
611.6774515031711,1614869.5121714182
4258.598270714896,12371662.899611225
2144.1507869779375,6051161.646185288
4287.269568910169,13383697.184931384
2995.7922104501527,8161325.465503991
4557.34053268862,13290710.1398481
4667.86843886582,14727016.73665323
540.941815763492,1744818.5412892993
839.3547919675473,2614025.3784206985
1626.6142830688495,5945916.079278399
3511.9193736357574,10658932.097381523
4497.224884301777,13137581.572225539
2569.7387808228323,7568177.814030322
3231.3790232341944,9126420.915187297
1348.249337580025,4672716.532747923
4122.350752467584,12654333.11617111
4852.976501090614,15121136.578257287
1708.6951981156885,5732577.558621751
2726.7167822024585,7973044.956143609
887.5224972786821,2190191.0658316016
3016.1149540833576,9022488.30659605
2762.5254883100624,7851195.929535918
1149.964178697849,3532370.97379806
2489.297959031338,8033942.317511358
2003.4709343895347,5926342.98014402
2848.2389388733523,8619714.361573927
3135.4445094295966,9359410.720177107
538.2301037324428,2016054.0974161774
3924.5269232729993,11439689.572674852
3708.5643133778335,10027469.80931195
2148.2887379293497,6680300.643475739
738.2117100596822,2708552.3408330437
3897.196429032727,11914776.409477448
4798.288222151596,14074749.41872078
1580.6821820990638,4174540.497204157
1955.8607618166704,6114831.051340172
1327.1580026681672,4052213.4844718385
3096.2125550517785,9225741.351326171
1196.7862759135473,4501590.499237537
2102.8727455762073,5835218.189637956
3636.5585627041833,11797194.198676283
3020.5219235420677,9077457.723061524
2239.0815394757083,5799459.379991688
2391.1232081339385,7083768.297242245
3029.4989718045326,9568244.953713318
526.3912754922259,1396646.3100741922
853.2944080412444,1822493.9535045358
4465.661304933552,13314726.64890257
850.4554509108084,2122780.1657865723
3680.616182947273,11287755.7493858
4640.171738490737,14307215.123506015
1718.07621935779,4626093.454199317
2167.2114667678143,6148732.372745618
3060.1463263012233,9558760.211457139
4467.690363373631,12973648.950971413
4738.575142671891,13674646.360101674
3828.0346165007063,10894758.28360399
889.7889238461231,2845386.0780174294
3511.1936999068284,10688159.959479218
2346.366748426979,6697077.230091416
2618.154497709777,7857006.191193447
721.1677565532966,2927069.461737455
1359.7796270586118,3592308.8027167246
4057.3112339014147,11196062.397199018
2542.814748715369,7855982.034006293
1857.4800873401698,5517239.680069716
2228.085832842312,6329244.955119384
4344.797809965561,13360433.548574137
3870.495578322306,12031099.307301313
1725.4192873148725,4072118.8520045714
1028.7582809556798,2759975.888201295
1633.9919973983226,6060734.107793395
4643.404029746302,14221914.547138
3117.1497703238992,9689501.130120272
2900.6609393515228,9288429.957370307
3183.771198616077,9559848.008448094
2147.127195859319,6839723.667623767
4131.981591437807,12754975.79623202
2854.7881218511243,8833885.113929752
1025.36556245958,2915090.702070038
1080.7930617307834,3328408.6463754796
2915.8661592617827,8453417.69563196
4714.565981318777,14150105.096239578
1887.5845475428944,5078508.196579049
4412.935259866483,12843493.783962972
3938.430139604957,11674134.397852404
1615.1559930810809,4373615.2635282045
663.533367423091,1738091.4668966848
958.3126931407223,2792975.091044409
3778.222702313481,11535799.27927263
1398.51382118291,4670170.114475185
2170.719142274272,6280265.241133762
2757.6462470289116,8940491.049721047
3764.6067580257327,11763125.813389944
1009.5405046660642,3280668.429970164
2328.6488237485764,7062771.035894039
2682.8280911421293,8208044.694360659
2933.7217878719284,9394690.938948976
4182.622886278476,13159658.488715062
1272.551877694476,4485128.997275249
4135.2415332198,12426388.015597902
3617.952924634935,11131342.35640411
3001.418663895317,9676029.244996976
3647.875416811574,10631768.232976524
2354.079825282454,6903031.04898821
1122.7891368565606,3376385.742076421
3495.943581194153,10937630.112572163
2861.0253800853,9040662.215615211
3377.18660244249,10016127.751728503
2020.994514628205,5308678.816694761
4580.899598029262,13865790.76623577
3143.164408590096,8970335.157106088
884.3111793089322,1907965.435606685
2524.117958169929,6940418.094142928
3903.6022463463546,11873997.242961844
4073.6055277952255,12901335.26385208
2725.6867374369144,8196507.470428865
4526.364068740855,13684782.533545548
1704.507967374339,5704971.37156198
2347.6941375722,6270854.958174823
4543.686097560365,13891146.50348123
4533.155224122105,13593670.780206906
3585.707459711064,11040151.108549226
4365.412462049991,12854495.431948064
899.479701303047,2289470.4586958997
4392.477392934994,13247686.630947785
1942.7895794760204,6652964.400095291
1302.4918059269735,4337930.470051652
1577.1642635392086,4477646.4055275805
2380.858286062492,6472088.840196837
1630.3640207201024,4050058.4203114146
1942.5541370742458,6485712.137147978
1107.4031873223894,2844668.4178992542
1832.7954450154934,5335629.628549012
3075.2771654390053,9886437.059355805
2488.341686409788,6658074.331489868
2060.2344255616003,6926835.53142233
3859.034579857013,11450283.512624787
4520.794871269931,12988092.956190422
3905.5515030607867,11592979.045607904
1994.0031595295563,5620711.08788793
3849.9897552689918,11770379.165259833
1183.9108211332305,3227666.2464558026
1086.4309464108092,2303471.733772906
2055.321666662715,6055683.73278365
4134.660660698257,11725709.4559515
1608.5671125903584,4927861.279765234
784.6403400440581,1760355.8539905122
1092.692908428598,3034072.323699751
4364.35235838311,13184350.9772565
3352.0247813627943,9949844.981571248
1639.405235164895,5043430.8469952075
2998.831213976816,9336637.224789327
2874.1083009140766,8043358.052876577
3449.4619029829755,10316186.938636573
1549.3439948972734,2983280.085937755
4389.81344237479,13293106.97796563
1892.1585293600579,5526068.522892753
3623.592442893066,10379052.446940213
572.560908674967,1875542.437173163
2176.9570845236626,7117220.042163521
2082.6941808146375,6010073.668644441
2945.679928623565,8364632.540749836
827.3131779973842,2564452.1652115085
4055.5911817674873,11498970.211979281
1480.0136079540584,4109850.1385944057
3546.670166969046,11251211.581732389
4114.454554598419,12374453.2787014
3028.446303086809,8145605.427287345
3833.974430248935,10603427.467107104
3478.371404967525,10516157.061225962
2099.8840871840343,6730847.5495109465
4139.863425651044,11610779.547640057
1826.156164484876,5703324.797202882
3070.458129881827,9876546.14339034
3854.289826136928,12506798.972390104
2205.3015941562844,6781516.162398792
1862.4542342784127,5840764.000111476
2567.057045777702,6634578.923519034
4180.835724571191,13592383.447711568
4684.647934155491,13766198.695918415
2952.8753578695055,8391890.494395996
3476.5979239564335,10302190.704649488
4564.731300075114,14450030.607318057
943.4608313582407,3934405.5178464963
1544.3536003977426,4695765.14093115
3690.050028132121,11569192.17069819
4206.850078605348,12642152.260158796
4356.630627487601,12550994.14595371
2367.982295847197,7842318.722935736
902.0295603134007,2395024.9407620076
2470.0166478482897,8177815.330230811
1538.305655931742,5264187.632679768
1810.3840474848087,5738170.27443303
3975.204005768776,12840099.395433504
839.8718871164909,3635788.6779423417
4224.11547866316,12584724.754507324
2424.510886208761,6869135.599418067
3182.2876899526777,8614728.151229797
903.4350405605555,3832646.2493967945
2018.1158526077584,5834506.553364051
903.654135566806,3278480.8352512876
4826.946752964993,14110212.575140236
4132.6774219681265,13167165.086360397
2568.347394604071,7354983.387904505
1506.21146745652,3922774.835560888
4700.547973624335,13997390.70539613
2050.6846807713728,5886166.1918333005
1224.4299425931863,3971439.720510165
3034.239748042797,9077021.78053213
4746.983541551673,14554801.821930978
517.2363072514515,1406198.1852117076
1571.5617946429943,4382131.69841958
4723.014381846834,13877262.871592466
1269.886850857229,4832129.9515872
1009.5955323791893,3141372.0632510358
3065.8424710991203,8205646.3085708385
4378.297204826735,12874787.107753165
2646.9941796226676,7989415.55510594
4975.5391550803615,15849317.305866273
3556.2726479209678,11183167.301707854
833.3370824470148,2039152.3291000873
4967.744592568889,16112411.654492892
2335.524065510857,6990992.014131832
1793.3114023046714,6003099.112451486
3010.456326100485,8453864.729601502
1869.3841631938894,4409070.94195622
889.0587820406854,1962960.600937876
506.42754385629524,-105884.10652896739
2523.1250881411806,8625419.928049996
4265.885400019665,12904922.659502203
3075.4183353353446,8763932.996782018
4996.432845245484,15215610.55072651
1790.8099054124,5467096.734327283
1762.047791420249,5596610.072067742
1218.872571052749,4261383.413726381
1238.2861471940082,3569897.865069517
1783.339682045215,4910099.393085152
4067.780203730872,12617228.218378574
4575.9055578640155,14128883.062534278
4887.8922636845655,14714044.695114369
1545.3034434340368,5724687.424642498
4465.838955263413,13178605.804359412
1977.1479017480167,5481514.719426416
1007.7824503259799,3232393.0647312403
4415.112164840745,12907867.566065487
3362.4753558962834,10335184.329761298
1241.2890323647778,3307362.9691746132
2434.2406588085114,7102600.834959592
1792.6596269468043,6323399.090859996
3815.5755591958864,11243932.99921382
2540.373037809206,7221693.341418969
4951.759752978733,15440618.653289448
746.352420168178,1713536.285361187
2097.56869761311,5946234.477765797
2668.5507519948983,8293932.816239192
2764.100996367439,8761508.701038964
1921.7112007353655,6375371.797746634
3781.5811209390563,10971132.446706926
4436.361830700386,13607089.828594219
4724.236858900384,13939656.476929061
4122.920195597868,12065932.770038288
4327.610887879697,13584439.054785233
2977.45385278998,8657584.360440146
4216.497018920665,12788593.354772486
1865.767591165785,5675092.508112675
2293.1544294914647,6344086.100305143
1926.1085621834493,6261372.114228508
2603.2430095156647,8089869.475386471
1785.1082730738638,4362179.513286381
4827.25149014501,14620465.026053702
1907.8008260255067,5336915.76099321
941.2004214992292,3372138.9177040015
2870.6772472268603,7889331.823290202
756.9458530032937,2092599.0746951092
997.4442483886123,3173345.02066007
1487.2522513831082,4488926.901220262
2589.5761244696378,8150207.501765899
2449.6291953906257,6589676.593167232
4098.6133790125605,13121797.30547137
3827.63594247851,11745480.156829666
2418.432322958156,7935156.075374915
2001.6689340903347,6442126.886887625
1924.1095282767437,5766523.527602709
3982.9778928230407,11306834.57301354
734.3258279957138,1921200.8933627908
557.6974227977262,2467873.934824467
4079.949763669916,12932568.181837939
2647.1586919507217,7631676.08580032
1088.9651234910918,1857743.227372186
1560.0467056752557,4573795.249873208
4696.267788938221,13944951.922750106
4367.76339031204,12978403.86491593
3694.0327260078766,11346367.77893933
2670.0135365179694,8448146.899214739
2841.4563178612357,9019518.727133468
4888.600408777814,14888655.796401124
4845.966997479292,13637515.641476559
1468.7107060362541,4235532.251762114
4149.970548373932,13601956.536896389
1387.5919977515755,4349884.360655965
1460.9186504777813,4566665.735655276
3542.4186537405953,10806998.931108715
2322.5049436439676,7175204.642184897
4691.949831979341,12884293.405395063
900.5438070320397,2581869.2626405847
2801.865383642719,8386649.735030811
4633.346886994045,14540788.360608842
4568.511472157774,13729370.86378447
1204.3814603708356,2789888.687811536
2149.869650434054,6664653.529388038
3286.0463002101333,9456226.576509027
1217.2769814713097,3043438.1238732203
4856.099774205824,14151219.799259182
4616.371979274471,14120368.052655673
1251.2758056551113,4383208.036845368
1045.1995756744345,3377063.699612097
884.3381726371938,2969026.129720092
4592.49648816484,14014012.10091352
1371.3071440795734,4164585.0206689546
2373.2821784495964,7468311.852830168
2519.8311454340137,6350105.70276733
3195.5496989610538,9642193.272535577
822.8090468634123,1945964.6232791112
1520.4137783023218,5142692.621179035
4691.706741135167,14001542.57079707
4587.8454827085625,13779010.492259603
4015.807913325615,11294887.802849945
587.3056052819695,2270332.2603523345
1971.5304582324595,6228255.434834284
3325.814309043085,10255916.868299507
1738.3559529806405,4808556.43285751
4593.140127741997,13392600.460756928
3352.5025782459884,10169307.461960917
823.5802279240052,2123491.4786479897
4590.525149760664,13989021.930620661
4809.949961793001,13349393.583995642
849.7058827627648,2305345.3700849977
2895.621056875917,9585239.903340995
1865.139269963767,5815160.723889183
2267.775844166311,6886724.364764429
1308.4304807990384,4917904.710232793
3101.3244590558566,8135996.567766852
4810.907089620007,14025065.711465968
2763.826701222241,8090893.517793029
873.1156162751652,3048522.4653281905
3290.0060006483377,10307846.18355913
2031.0034750306565,5660007.070600657
4351.66335316084,13553967.220553795
2456.051667424116,7166497.618611495
1367.7782402401053,4709154.533544899
1359.9753021101524,3563604.557269428
3959.438813245222,11816660.640202586
1695.1441923831196,4840348.919461078
3952.5502737165034,12385666.006932367
1426.4928984496973,4018088.087066006
1947.5886591558924,5821541.712961799
2594.691375978647,8037479.826767466
4744.381323620528,14505773.212374644
4692.791411392211,14521850.537913218
1430.9234394002951,4398332.706623219
2111.985685593828,6126832.599141568
1172.2972480419753,3342042.371446551
2794.932856910737,8397634.728336018
2572.6214781259996,7842660.67241519
4553.420731028296,13586676.36916067
4685.024200059826,14064674.310662253
2226.053259532814,5919532.84831239
2712.8207435854524,8472139.872983696
4533.063121157598,13689745.50791751
4130.185134852776,12891490.611328874
516.4534010509218,1549440.4568563078
1940.2680388261213,4951605.327217471
2397.9840887125665,7014729.171484362
1533.7232765745428,4501204.86816442
1398.0722715317243,4565668.467311972
670.0302796805585,974954.0667849779
3395.1637628139224,10206081.046916235
1681.2963071742454,5300726.52941939
735.5623029409089,1875942.966181967
1539.4068973762865,4655534.697037283
4108.6127877625695,12012320.108712785
4331.70131740946,12630317.485618185
2673.798103369862,7817184.385043928
2372.3180168390877,6761608.054283758
4900.341620758018,15042834.01824222
1402.5409681463145,3840146.9660212547
1469.116772845738,3955895.3150132503
1813.4022966637988,6324171.223411163
1277.407932264893,4312593.802706696
2207.1451919188394,5690678.895426918
4598.754021453892,13413877.91943541
3269.0652828285843,9928427.334347108
2353.7594687551864,7223155.939881306
4704.848575570467,13369299.293842953
718.0890461412005,2733549.8848347627
1446.242800558376,4751340.6112659415
3046.4987229579156,9380446.984893916
3269.9868043693064,10488324.65846398
678.0087795317592,2260171.3348807367
2313.674410582095,7165313.671372208
3421.192841738927,11042418.161127904
3641.3174588153074,11474562.166809777
3371.629561323212,9694134.95451387
1942.5345096241604,6144201.118208439
920.8405561905928,2430387.7360924874
2422.006008887003,7518095.302136148
1079.3949681562497,3476491.6579786562
4764.306463343002,13601185.733801013
2638.268897101827,7853883.885649963
1927.6662846059041,5915627.365607914
3948.3683200350506,11626959.864608072
2740.7686666201876,8379660.971055943
1895.1531080560253,6088408.21266861
4153.854840758608,12446267.990160445
4402.184679505049,13318853.776869277
3528.5367482990464,11277322.284175126
711.3399008345028,2370617.9941161214
3048.4529607493946,9245771.02708542
3934.8271039877673,11325441.62214262
1114.2635543761198,3678303.668822784
1529.018381230715,4752130.1183881145
4471.227972806614,14055553.635270545
590.5477483388331,1795082.516668155
3887.272120216892,10753683.110583678
2631.979816314903,7045879.014530579
2510.474714778231,7899264.52621456
531.9343962269922,1310706.3898319001
4187.292039349218,12780259.993602902
2119.212052864549,6414752.4808448255
2933.445340852443,8716916.18871037
3547.8530885104674,10595378.62273729
3661.833093970621,10552804.52938925
4801.910264717325,14397841.94970214
2891.029789564741,8380842.652297024
2298.737979384924,6710085.678091919
4791.666319212685,14213174.435283475
3389.496057614845,10055141.537895175
1841.6766032445003,5986116.537987044
1069.0891043160702,3142371.898345864
4291.495256593316,13386336.938074999
2129.817212573682,7158379.113384287
3472.1137461399403,10843813.563947896
2618.673887146542,8123255.9289738815
1395.1840090776725,4348968.131974778
3207.5897387920927,10055448.570901314
773.0738102780704,2363901.8001323305
2360.0410694203647,7572408.131239694
2959.76722848652,9186354.588104403
2462.211383533606,7206713.920210623
3869.0247886294587,12054999.805939779
4225.662295453906,12722726.889350502
3970.593833149301,11858715.495641744
674.6582651531095,1785875.215259835
1373.579467006875,4203747.824957911
2914.7337916869847,9242432.682767445
4706.699181997105,14564567.548787836
4257.305487734526,12948613.361933056
4291.405287583108,13174037.68311184
1864.436871918537,6229159.01151689
2432.515536854162,7222563.464977055
2618.1767629217184,7296820.287000052
1208.1721250745968,4275081.301313076
639.8065861000534,1654530.632284801
4761.063047572326,13938020.081045024
1583.2066354857802,3851521.0287900646
1579.7700667563408,5024951.726851171
875.205741959418,1814890.9136021433
4678.284883747004,13659725.247395143
3108.817017228974,9620569.448944451
3501.6658570640925,10865958.197396463
4602.095992683737,13480435.903942093
2055.2907600535527,6098795.616664455
3296.7829001213786,9454051.437161058
674.5975462799936,1749594.2449343894
1340.4763770400818,4154536.761196699
4240.606122904741,12470995.029315993
3950.457603522511,11729265.2904797
2077.892111557161,5501322.9938627
2195.647824983956,7153421.557354936
2900.9949509911075,8958018.149558857
501.08452108310547,1899706.2491679173
1585.5995121711253,5402011.198821807
1437.043138736965,3898522.9784380365
1627.1732603739356,4702322.539607795
4126.576291400486,11432311.690410355
1758.5323544589942,6845808.518428101
1361.8459492256666,4010745.1900183116
2769.1855735686418,8826920.670663381
4395.402663677294,12567127.418864153
1586.0736672687494,5256415.214627753
853.413092567594,3489034.716027615
2103.821311323491,6281323.559456482
3864.4332105424,11087858.8833324
2978.1074511265756,8864924.152906958
4175.570163084563,11413329.726775078
4818.164664241553,14435550.642213736
4066.9811453822767,12611427.005803328
3217.1138547968903,9633462.742203914
2720.037146235712,8018041.661362653
680.3108885672,2304716.7237576167
4929.448904663186,15090359.137464333
2225.6650515876913,5847042.373510483
1185.0269626259005,3599492.3690170962
3500.1898492840555,11718562.109966788
1779.297300929567,4670383.779964688
3136.002219189714,9365297.241152609
3140.4555853006605,10392239.816927832
2505.7841940629114,8069440.160460572
4262.533769952692,12530902.969470043
1692.3517769994937,5180123.020809784
2518.8466622798037,7555484.146846999
2919.6145786593715,8384807.833817282
3486.3112434528484,10421807.676612003
4027.873327275153,11943636.915422194
2276.632772952152,6886272.787894831
3407.211248434682,9847442.15495853
1177.7492888083361,2894938.766302678
4696.9164524411535,14070108.970627274
2223.764628894516,7528852.995772939
3782.846398893973,11389640.659813317
591.5348684697994,1608807.7159436257
1423.3421430716314,4647069.331734143
2691.871449456101,7996454.542070613
4452.13610479556,14290424.776866233
2872.648174778047,8615988.269686602
4684.417170322456,14403500.042546447
2677.0860346225836,7653955.912671114
2707.020935311775,8372607.432603655
1038.8605482523935,3254128.3832290573
4111.9530986849895,12307606.233725365
1611.3443561017812,4583154.187720483
4548.256202175418,13325753.523700068
4598.708991486783,13937303.306450175
4744.895503433674,14549156.065149259
2841.037200963905,8459530.20474465
3546.9220315263997,10784400.059139596
4003.3214602774856,11991007.041766072
1089.5657839270953,3317960.36423398
3204.3073774887375,9512699.6411276
654.3405558649025,1972007.9572788617
2739.047375249266,9566162.354156513
1196.7920672910234,3746193.3512767823
1323.153166829381,4292107.979703665
2142.714050116707,6647153.953014169
2445.967250224264,7206493.339024262
3304.2759103948424,10559822.337830361
834.9278829733205,2359201.7637067907
2766.612925568501,8827366.051176779
1321.813086138955,3798335.7593836407
3082.8882876428383,8768678.603356495
3368.3207551753258,10287660.369644074
3005.1916544878422,8463240.785412474
3822.3297971523843,11734809.503965458
2010.241599084056,5433645.46920651
3942.979662349089,11669434.97181084
2447.4518676868715,6626490.754798244
2678.8302424516855,9448574.23205642
3416.459572674821,9422398.938216306
582.6127279965078,1752745.0541877255
3442.9739963911175,10900574.126338359
3283.6331708245193,10369092.466767069
1894.3120253897596,6108607.137255847
886.0742820477026,2499608.65203237
909.2095246086851,3403173.0469945567
4654.506861433529,14420216.129701678
3601.756945516267,10911420.64537904
1071.9617619683318,3336175.664768291
2105.254261890079,6163801.46186255
3166.1734725571837,9043694.404755034
4260.07267290792,13398793.506463118
696.4741792085383,2745526.534426381
1564.84909161504,4252492.704330159
4503.87045632921,13434718.786414536
541.2449758271741,1552023.3192520577
1406.2959625724934,4202559.935847325
4815.608791878347,14478973.814928832
3260.30830934977,10254355.6588724
1677.521149868779,4658954.795362966
801.4599247813142,1981206.2785876123
626.8610320124997,2498892.9671089863
1601.3528583661728,4572736.204157869
4466.686188150097,12768540.887661759
2371.6114443387924,6872269.361966442
3741.5001612469687,11059474.116118904
4632.28265920981,14674329.341492314
2336.182077212675,7470959.337826394
1360.7481696682867,4656004.817320981
2827.0306888561377,8891078.887741806
4586.376591769345,14232251.611115692
4119.684863619653,12015013.5275688
796.234295134192,2289401.8077258337
3616.5776003491183,10354775.14453558
3073.538851065292,9115372.53792736
4583.584293558915,14092805.376144117
1051.1663758263376,3220790.769885136
2903.162509420955,9365227.937743012
4457.582120803516,12802038.466296937
2345.1070403378435,7285440.296362651
2668.977129797902,7382779.988459047
817.0730495013123,2498307.3830907578
1751.6463820200986,5625105.857338535
1960.279921260263,5773588.480368679
4753.051019351991,14534716.360099452
1772.0031224352156,4836143.199889179
2573.909308713434,6889882.937042111
3520.869906039259,10841124.529361678
1229.8251758354481,4561480.64454421
2688.990742138435,7568949.75633036
3823.425677641584,12081374.12297815
4400.848458621796,13224257.080273595
3318.1667359809203,9286654.447096223
3510.7408189262655,9966469.806102715
1068.2756266305603,3212719.266572006
4755.994237608562,14065751.568863634
1096.5833486801707,2633293.5576613927
3986.028217318092,11111065.011341574
1691.6734480024347,4651660.680044051
4701.169146655632,14200411.944132457
3739.8179271626577,11216253.405186404
3892.16170840266,11425866.146457942
1485.7662787694749,4558242.433454166
2493.6798948582236,8001053.044506015
3280.1593756517887,10037541.38217244
3964.881281929704,11833989.510094322
967.8171916057531,3367487.5781476037
4830.643924045377,14012006.621027984
4505.9930174955025,13405519.282708831
1716.5686572301295,5049162.003890204
4202.421093645494,11988786.651715059
2832.4576536792056,8287435.879895438
2578.129167029084,6696907.660639601
1914.9534761513244,6700949.45228545
3114.358639842166,8874369.025308343
3784.50102966619,12146560.154709226
2349.1980723324123,7066636.469856983
3331.4863685373143,10276891.171689922
3646.908145198867,10696324.536421135
3700.0481765687864,11204109.375687197
733.8474415903111,2526787.144765151
4368.865125582801,13438871.583945492
2562.1399164427157,8073806.444365326
1680.872367632965,4858450.747879307
1587.940283658567,4523641.014730024
2673.563507797777,7223602.36075953
4490.741927610316,13733835.288419418
2202.564117571911,7148881.708377454
3873.765860525945,12429288.4215368
935.6842894424838,2959639.1856177053
2642.255159679778,7543525.59258505
4962.58763176731,14039214.823657203
3966.9701125655165,12421743.704238225
1447.3781979827586,3443996.310559508
2756.4866316405983,8099157.856049911
1551.3114364185494,4541780.895283826
2343.024172681292,6994344.949118366
4010.3781068073413,12049035.620439943
3970.5116688068165,11980608.784604238
1526.4517005607331,3371673.4706429346
4650.004931696871,13957342.750025675
3166.5568224417207,8384882.680269224
2209.6593093290653,6995086.964532693
2758.710113513873,7998567.762639812
3222.8206404698467,8589943.558797864
3019.5073933060344,8651419.841225415
2688.822659912802,7781430.310146079
2772.1976184023006,8911942.663984405
1293.8535969254876,3979879.6616515853
4157.298069371057,12644116.680288462
2937.921439734569,9404375.136314007
1089.8593776711639,3221505.989051247
3947.7069571225006,12220214.851883702
4695.997902698079,14429924.265060233
4762.881046566329,13645408.392914282
2160.579795850277,7218231.176365746
1109.8259310233932,2619326.9030348323
2832.798319848793,8957078.284285303
1006.7415320714931,2261688.077761663
4702.943383306778,14409448.54399617
1326.108323098157,4909282.408369557
1637.4463697802382,4805849.781065608
2329.864370982367,6861415.291520528
2224.2401085160664,6977940.325206623
4075.9830157905008,12063250.819390232
2553.4256924793303,8569416.429309402
1268.457170015016,3901467.6347743957
1702.4445296873334,4947248.834951637
2791.010233343849,8102887.936083705
1163.542628417607,3024153.6501663104
3252.4505404070633,9443474.127842445
3045.8628794801566,8962251.94161117
3716.1604237201595,10904661.734411187
4719.670769207154,13829924.670552911
4605.1455249552,14864857.19004182
4757.340281309741,13756973.305684479
1601.2201866066541,4876976.85364305
1092.0438798770958,3572392.144511724
1860.2451522340182,5895789.454493921
4527.883277448416,13554346.294454014
4874.240635805697,14502370.621493436
4366.962279817142,13326660.58507118
995.0797450739462,3118500.060210939
4763.4259912690695,14160798.556423452
2405.111123078537,6434394.083373395
541.8963084305916,1391727.064125151
2490.771833366871,6899040.418246884
707.3112635396042,1788354.0155856493
2947.450645225029,8858963.554933567
2023.493123466731,6249847.442398502
2630.4572011732193,8781597.979165861
3259.266623344027,9509096.680580173
4409.604931180191,13616127.611178149
3478.557094123679,10588651.294589955
2453.219908151813,8007658.559775334
4187.425341516642,12850390.38434774
4575.119619079095,13221118.143594127
1038.9198489448875,2255236.532189047
2893.6983989875616,8836726.046796437
1780.3038188409987,5076685.957572801
711.7753904462634,1645169.2983634914
3508.460128012934,9891591.531772263
4382.468498566515,13227893.244493123
1233.0619451482733,4453039.685101502
4155.861459307553,12263248.205069637
4340.280800916237,13315977.558286373
4614.531991999176,13792462.800888732
1693.7829008872359,4436657.658110011
4567.788793354502,14070772.051818714
1942.9823963139452,5281601.16692815
2985.5210605497628,8967376.49694607
727.2836187452696,2011090.648733156
697.4648976593462,2538933.4102608846
3741.679457294913,10695962.875649396
2500.1599009000597,7695914.656601159
1653.315689161479,4540048.363810086
1356.8607321120958,3815029.590171895
3514.7907088664815,8726772.012829393
501.8069481140294,2551470.1301510427
4126.5102613858435,12654809.250570647
856.6232275846796,2186195.9397849566
1361.7032670865374,3522781.957093115
2238.0637788459035,6466366.96009804
2681.8643287224663,8404032.753577124
2097.4780211627385,5346391.600695753
1943.2047424293226,5758822.017640798
4837.622054329348,15398187.099219384
3387.1085655952743,9594352.52880192
605.4482991532469,1856537.4168415682
2435.7915879994093,8409029.671627108
4437.539148847865,13628693.261388984
1856.5528388480059,5632620.426786746
925.503551484747,3029828.8819087422
3912.73147215463,11537761.748959038
3227.0622437123657,10331002.373788817
3066.4062852192674,8999553.844207697
741.0945182333356,1243692.7503320184
1132.245544079828,3201085.0802692543
3301.472282959012,9421049.583938682
1435.207286564761,4165024.853595569
2768.3153588679093,8175404.047063412
2951.9675871322706,9454614.361299265
1775.7823562192273,5674993.431989874
4767.913199936718,14435372.343597854
4291.088480760089,12871792.736613968
3750.680784347593,10722613.348613782
850.9723988423409,1462329.5776941841
977.5850868905875,2989335.266368154
2717.5160563923005,8549868.77096373
1223.2100713594355,3615463.2724560117
4902.194585882633,14439156.596254548
1213.3410531233426,3872274.2419771343
2693.6052595878828,8039149.678451475
2138.5447557867747,7258506.363347305
3377.2388965434407,10748080.860664465
1080.6638400024121,3721745.548518901
2436.4239261907587,7688138.835677228
1736.1726476321464,4563434.235670711
4494.881861022596,13816142.434094088
682.6357046061279,2236070.092641671
4611.773723029067,14138533.533282781
4248.473623488502,12991725.613872033
1839.0682239836694,5743585.965875041
4051.807946046971,13505857.072915712
640.461021524364,1883290.2295971327
4850.894976320271,15020853.619375478
2869.677241654052,8373536.819830155
1864.7646172945038,5989614.643827347
2131.624456676047,6864533.315144368
798.8240905722381,2578685.3102843883
4952.0728131891765,15690841.91075578
676.813753178116,1588303.2413541393
3447.0820541653657,10097635.691661986
2492.3116746790624,7583125.0670489315
4770.1229818492175,14750772.372289762
1606.9988313805782,4910711.254789201
2894.390707721051,9326051.641418435
2670.602938622388,7680963.880384005
3662.898998225456,10418407.749932092
806.0460437858923,2572202.299625929
1372.0510851050967,4077563.117258442
1465.5416904178242,4668056.931432582
3821.6783967876036,11451334.044929558
1351.1241334703304,3883362.5050992626
3080.712937509395,9204670.026666325
1468.5971922542917,4420216.024159468
4377.312275377903,12979446.176209543
4739.834545203374,14117937.612448405
2833.218387240082,8297858.493226791
2085.389978941302,6684502.49675861
1553.2599875787462,4756790.464989139
724.014506853697,3300419.7566454737
1708.2503428887292,5205103.304305418
3444.0610097539306,10056754.29409746
2901.276190891449,10039166.26010588
4748.185752264173,14451370.445649687
2283.2476812126524,7344805.437084366
3622.3850404777754,11163206.613034572
2701.9523636380463,8417362.605563013
2806.5929716589526,8687605.940653095
1704.9844157185287,4563910.964767554
2547.278495788999,7825600.011147703
2618.532486557183,7193166.807746429
3679.891347870203,10952492.625404341
4732.879996337512,13835831.260730894
1981.9457486712693,6124572.33893817
689.902108615843,2236769.449516646
2733.3280647528786,8440557.139641229
2950.0759946712587,8993876.270388318
1257.9824800936185,3470534.7693876564
3922.0907282423004,11635770.440051062
4932.180987986712,15256741.04458738
4755.986226538074,14801887.018261423
1386.9771747064349,3587539.97480603
4439.1345795534235,12551939.922403947
3670.2213638525814,10647219.399955388
2542.309537131102,8149532.402409431
2932.7494744612804,9405690.43847536
4323.200787421061,12507246.422062598
2660.6072283726794,8135476.361986208
2179.4331609730707,7455515.149489257
2719.6137186169362,8366496.894470976
3106.084118157721,10029003.997089712
1350.84944200257,4551911.611049259
4554.084786201458,13207155.005490419
3533.8412697332624,10506533.09745125
3349.7101280187003,10066507.623202024
947.7330178128716,2895265.7474492844
3218.782721776663,10114512.642049275
1044.3229800732156,3337311.321357351
854.1395383792958,1094318.1432488295
2872.89903039077,7962276.9546259465
2312.534903209227,5843914.25213966
3149.6462157030046,9536621.26743668
901.4997562575736,2824743.093506601
2439.423782812663,7459883.827743349
1286.5402177032108,3380156.5192523245
4941.950386658525,15162923.162535569
3025.1759559582847,9433659.116109118
3593.465874233903,10152823.08909913
1964.3822630717352,5160127.688490769
926.3251165070487,2778909.506407677
4891.418882525915,15570147.784384426
1788.1656592243244,6214368.348772294
2407.136833281084,7503112.680067278
3424.3876476615874,9908164.607194724
611.1378395875008,2276834.848506795
4146.166087327791,12212286.129578851
2914.601855128791,8360052.047049468
1751.9773418096997,4183948.6096181017
777.2359338161116,2382898.9006221616
1231.2428696349866,3378794.934336272
4527.652364840465,13631172.284285648
3587.1090077115095,9611648.175015997
1624.5577473660044,4958586.578389857
795.2034422526328,1170049.7447720845
3607.7689057398634,11367276.843853865
3075.834766854943,9488449.917632371
2320.3378600620576,6821681.194473879
2136.251521355287,6690114.4941069
1475.6642416809873,3937955.5937111853
3513.2506544188295,10575939.721063936
4868.0061250724175,15001405.394447422
1290.7186062657163,2325011.194251454
3187.024790069765,9337462.190370534
2408.8327508568927,7215176.187502491
2510.099247850992,7432150.934680093
1643.6627605751648,5659539.194839196
4213.106940476386,12077370.258967716
2683.650218662585,7740371.03426514
2945.3263348921882,7878044.491522341
1871.4241075879659,6369415.648400471
1318.1380955012737,3831269.215199421
886.5967469126922,2440585.796719723
3713.5361341621215,11114367.061331008
1383.0542675953502,4467280.717001213
3605.33909384959,10989698.983306833
2256.6940072112925,8094024.128412421
2370.986604453432,7339927.757562184
2611.298732417473,7601273.482667878
2154.6882865739444,6183386.490959859
952.7898975016553,2661990.2162965615
1893.343145012806,4929110.972723499
3486.804623122723,10480345.973113963
3496.0298066099194,10879823.472934216
1788.0093825799747,5057346.347428307
2570.461819509596,7307695.430386732
1370.5125260537186,4869510.151308273
1446.674366884261,3626781.5223422004
603.7118978297333,777226.5052505493
4535.359474584851,13029627.451930864
1448.1799928370779,3574323.6199490856
1523.902446214085,4764820.370694546
1758.2064469030931,5094267.0904844925
1073.3363226294305,3110165.4453763715
3376.6829743161325,10706516.011435784
838.1432892991395,2168762.4373160303
1103.9109184685763,3699277.461278549
3401.4052696554177,10959877.208567854
2028.4727921664924,5857587.127492647
3685.7652201553506,11425807.088244209
3008.411351015639,8904325.096782427
1652.0952787768088,5418334.9007508205
3428.725777201976,9500432.737817792
1023.2315613179629,2246938.561391216
2913.846723860137,8545906.31412664
2467.166472702656,6957037.013578082
1705.4311226784835,4857938.813320508
3218.0224898277506,9544304.178259682
4421.001165531272,13623010.262511943
4995.0711489338455,14781383.157518568
3234.9324593454103,9292866.722724687
2321.1764344812655,6787772.615064346
1513.431950972907,4155723.213015412
1656.9324022780029,4503794.455802652
2657.5474016739454,7166133.798233352
2152.7496557631916,6492988.025400114
4612.165351812249,13552143.20213822
2157.329604450693,6955128.182969414
2180.5006601544596,5817803.934433909
2225.905305952896,6406674.140334749
4264.790946654462,13700826.450292759
3428.547443811058,9815837.57288425
3263.759826435017,9673012.85325699
2003.6436007273799,5403008.8107694555
4180.568795745978,11867492.630847443
672.637376100655,2791567.6198458043
4418.58727552151,13341281.572883101
2807.3745490726833,8488963.066336863
2292.1260568853577,6028220.0530979615
2737.2527632295855,8391128.983742908
3503.36988740224,11088820.635203632
557.4444193305382,2247071.7884058794
4421.983354062115,13600116.676989423
2510.327863901268,6966240.802906102
2043.349338650352,6286609.724547552
1122.105045353257,3700107.6162980753
2477.59418461299,6535560.7612945195
2733.452470779705,7639717.616598222
2316.41012522065,7393309.036533671
3553.9704222210366,11099934.154999074
2394.0343794165174,6407811.621438855
4826.37910030958,14876648.030563328
3196.7488302061633,9637898.190195298
4133.650710433591,12791456.608604347
992.1015639926547,2659044.0302609936
2287.8108182565757,7186024.203010178
2015.8146565121872,6469358.356779374
3062.670746614663,9012344.772116132
4375.010840276415,13133908.793915888
852.5219799290301,2233305.1250347635
826.5865912011985,3305579.2479465352
4326.429686709194,12919153.0904647
1457.8253871726083,3912463.998929234
3509.389645024162,10170255.97813511
2942.9515956236232,8892240.087441925
4248.021176992533,13120729.116866704
1062.9000942638158,2520786.8602161864
1084.0233457517506,4175900.038726476
3005.682621252384,9171385.51078496
4758.703940112669,14509339.806822715
2367.489912668394,7053874.966093464
1971.2394511461273,5923347.837113945
3230.1019543904863,9616164.294207757
4687.01870245264,14569954.091875901
4266.175247800807,12794561.449675735
4979.676248299489,15322553.854144821
601.5586244106969,1587752.1115558045
1007.86165120743,3121405.217778448
3242.604935149799,9325854.633329686
4192.593977002323,13186046.047281738
1783.5995403804495,4933925.000781791
1576.4498961539844,4566859.96633129
4041.391097215404,11966693.085418839
753.7183423395421,2084179.333181742
2162.221914121633,6847913.6270863665
2776.1415016654837,8170095.62262813
3021.5690345764556,9761669.368999904
3778.768205567496,10927067.073637404
2096.805755437962,6375106.00128524
3257.0795510357325,9383345.658450898
3134.1894025593033,9613054.598943643
2964.272452941862,8884842.495337201
3382.1748191399547,10068993.435070626
1667.5212698063433,5596801.292670792
880.9193911308304,2315587.237864939
1036.7225241788456,3403425.1513455366
1510.6207219425548,4147382.2094902685
2750.8907098525337,8309014.729637788
4281.992377457091,12248189.46825955
3655.8200393977286,10636201.545039814
4050.6827189092123,12110976.633941203
2079.3903076674114,7145495.506663773
2320.941837418476,7013227.447485316
2271.5684869577576,7642039.618806627
1363.429329820257,4200449.63530623
775.4749616460741,2132882.762700753
3159.1224177225204,10247045.514467906
4951.475075392637,15072934.037214622
1250.733672276183,3430840.219887192
710.0816895467319,2365530.7983403443
4007.8925682076983,11877380.329669291
1636.637030081259,3915393.9921581284
4233.397124088178,13168177.951897344
3667.715001655319,11550612.032786923
4755.5309167286205,15185563.765182
2340.172560905024,7231589.528812704
3478.8642775278536,10312231.120542295
2591.8465136597183,8193034.254668448
3337.6491378884457,10437857.59632479
2523.195077034818,8388725.822672665
1348.845108908337,4024221.5151917897
2785.538372015214,8273825.629761845
2878.6289064684906,8278114.509526209
4147.717317170725,12711882.994874777
3809.8431760711155,10655398.694097929
3487.0623077364985,10849230.609640779
1010.2419299865765,3324643.350892624
3742.7733079867176,11520855.025189338
2751.3732035953167,8323232.22903687
4523.447912477716,14336832.861198692
4639.419203587442,14354254.343475757
748.2046577080346,1941075.3774362537
4192.887021595155,12284071.539936641
669.6382569020178,1569077.8639987349
2152.263315627602,6732431.613270599
2940.349890294856,8320980.21026459
1166.4535938220733,4041056.8532578964
3858.4121565608457,12236723.123855308
537.5961687746236,1173280.3718486452
1258.6957179531657,3683312.88656307
3113.5857343406406,9349067.693703128
3714.744029167816,11586223.667738281
4624.893962122623,14679353.574172808
3674.734933705807,10181458.604683133
3523.006716146897,10409929.78967735
2274.5351585779895,6690597.127953795
505.7799148706064,817004.8171685452
1040.7166643102987,2879594.9832788655
2905.495451402176,8930370.826381834
3538.084486299889,10474914.007479887
2378.517277534081,6363241.248298536
3788.055551877756,12801208.004638225
2848.3803289948046,8678229.919586504
833.7928801744049,2557225.7055765525
1364.0731293557697,3543256.206533786
4279.992004597743,12970329.094778867
3762.107359809978,11204215.187409187
4526.428941556227,12635025.118310979
1029.0076210442146,2551895.143125436
4956.001405767833,15265467.22614047
1442.330212774701,5298999.463324324
553.0094432898891,1842611.0323911896
4988.403225740994,15516751.316369664
1764.832484503009,5216619.7992174225
3506.0875363065197,10474989.528579257
1295.0704137933735,4430700.755189853
3111.028394896138,10164473.829278149
4568.157439045517,14355020.663869362
1940.8152534279736,5289264.222591512
3516.1428921996167,10514949.231441228
1345.5661495928744,4175460.791016771
3311.5792942342637,9804898.900949026
2014.0265831787956,6236008.521244185
1450.4371636457827,4761599.896771822
1909.319228166358,6229362.560476644
1304.784808285097,4757289.5009660525
4558.622485270473,13511146.903449
2287.3409884270795,6180006.382861582
1603.756872384653,4990387.914161186
2517.835284571698,8495411.369307496
1942.41275062923,5588750.321910661
3849.886642159967,11893083.41501176
4870.489603484725,14959341.706690496
2471.1514551394107,7509175.389090536
4374.650299875082,13127413.260147102
3046.3838310182878,8677436.890194166
1207.5604929240508,2481850.4425618635
3607.802339366037,10267481.664766096
2810.4552370661904,8236213.636642722
3427.7293546344654,10831899.40761475
4503.593356572492,13459216.038541788
2481.9555679522073,7186353.844397548
4555.2993044781,13220405.192457583
3878.010564267447,11962434.607057082
2698.7221664509316,8775345.082568098
3214.4996104608367,10175216.69231624
1965.1150963355515,6198420.138885889
4926.187848824484,14040757.17328198
3503.080233726782,10333403.57975846
697.3108362348346,3065584.6231493414
1969.7985758660393,6470370.97355573
3304.9149519157586,9145993.246629912
753.4997500965791,2232703.9886901015
607.4788609361425,2003985.799138947
2525.1090778751113,7194248.002112224
1997.105808617015,4836715.415146621
2472.3437361492465,7466443.230955956
1682.1198944600233,4652480.554569851
1241.2298612434142,3331768.7141879005
3601.1451064115195,10626095.13926918
2815.570023205102,8379872.1122879
1400.6939506221506,4197540.454818609
1938.1524181699924,5372462.305048976
3163.135584484967,9379301.988637863
825.0320672261503,1596384.516477073
1163.538541697808,3646135.157777463
829.6052184832555,1060677.9487791879
4155.4279972135355,12321538.951423798
3885.841549454042,12117117.725200603
3889.908193456657,11140054.23673256
3723.464045642126,11528607.238755079
3512.2344065144116,11114569.57560368
2646.4636192017874,6285440.881356668
3390.2517357820175,10095073.755558182
672.626996545886,579994.2758235203
3296.5899019555304,9830665.48308112
4000.4496749159475,11997763.419257179
2751.612621729756,7013565.872233849
2108.8099779225663,7288849.114807632
1748.420306604406,5388268.823630531
3392.6092257293712,9753315.961147096
3617.6053938345894,11585505.895253029
4419.3541993814415,12360255.987823166
2040.5033710744583,5506924.596464217
3963.975383235135,10742198.387870455
3026.1012088520206,9978826.224825729
4472.764208051356,13584465.80989007
2875.1544873302933,8955164.356915127
2829.3342277908523,8638503.300331796
3100.446866484091,9588224.480024567
3871.9190981409547,11654796.151370859
4841.107154728074,14658782.135537943
831.0350939709454,2546907.0000243117
740.4557107595772,1917071.2294940923
4718.976518333024,14133617.172391735
2884.4403148319275,8790118.231126621
3267.0635655512124,9856465.256429704
2670.90620717628,7273832.567652182
921.4585367336351,2091882.2758967006
3956.4022028839995,12410627.325610194
3862.510902898641,11434035.685754221
1902.664946717654,6000357.5136709325
1878.0766035278018,5088169.855722207
4270.286214074833,12074285.703901233
825.6076598359698,2055024.673242053
4464.973167604547,13283636.967427934
1654.9776045316148,4632362.663952638
3168.4313648997227,10152260.856252026
4711.973805508,14225683.06729273
3551.551256914909,11579123.080025658
2364.9341561016645,7297006.545340702
3602.903940074368,9602436.4112632
2047.9083634236658,6671745.893500275
1747.6628735713375,4488212.809479035
4985.074750706059,15070491.085723845
3878.556040309045,11248326.092095211
3401.2398982181794,11275075.211886631
2098.8033944869344,7016209.147175871
721.2237311977167,1792760.8727422708
639.7559421582002,1855588.992414045
2993.8156495195944,9103745.983383391
3929.14724467573,12219148.769807996
2918.206356997348,8769195.02715455
4283.5328237260155,12338151.021487614
650.4193989194973,1592478.8771584653
2150.3843439167304,6448912.133561796
1566.8167602838012,5317678.7702337485
2512.728356707049,7752104.000389169
825.6937693735512,2090373.8448131457
4793.592387069826,14704963.550064374
1504.6493048121242,4320455.494997293
4650.384989676131,14396358.971621813
2416.519197665068,8513062.802159507
4934.858599648481,14625162.613473667
2993.2627255709485,9380590.756576031
4688.747888791134,13693547.000354538
524.0704491240028,1516079.4637763598
3867.0746278140505,11616005.026878202
4563.7279389613195,13594341.98686177
1128.7425514052934,4617734.498603392
932.5663327946818,2644402.4610448545
2410.5767323368,7525155.966402833
4701.555077598208,13139621.79813291
2940.739520856974,9038216.844255727
2873.554086747795,9191689.556419507
1135.0675323469484,3141403.9257513196
503.5527999194845,255547.32923824713
4145.630408354576,12417565.340650063
894.0855334380719,2690848.52550698
3352.3241843089577,10419010.078299025
4615.7740453183615,14852773.6536618
1438.9336092129397,4126774.0023386655
3493.7277630660988,10053039.227368155
854.1435951837925,1978971.884865656
3216.8981472692585,9749733.750323575
1237.6927442894123,3952755.3622774878
3811.791022318301,11162545.369773611
1855.5408265725869,5955963.852580655
2585.259539620908,7988470.657272312
3197.4374391242977,9613928.16219534
1270.730347998078,3360983.6836221716
3837.370183779294,11271178.39359552
1861.8815328656656,4370766.9497557245
3480.6733696073907,10559913.640921189
1212.2737281471814,3649991.828815262
3596.529466428576,10883827.89483047
1076.846327647078,3482698.490723514
2414.1042332149264,7435223.44286089
1612.4273318249457,4782090.405151819
3867.6886224268214,11627399.88886184
1679.1575202809356,4335314.352494722
4467.727878779283,13111323.313493136
4513.190951329758,13564808.380831003
1383.9859185025364,3784030.967551429
3262.306752534759,10216995.65554055
894.7293877398395,2354872.1227420033
2261.916948207331,6893903.550246152
3709.9477827557253,11188126.176674843
3467.404610824623,10775352.629279073
3311.1530123297357,10383854.624003358
1771.433886480996,5661317.964926958
2201.112272454809,5550333.71667286
963.2576511512877,3486847.027460426
3735.6026919512046,11970462.187950913
2767.499585560731,8061436.614521457
3689.445345555446,11186659.493002763
1620.2458615859275,4415321.744692392
1959.972028857798,4905726.833207319
2003.969017670516,5642549.420240355
615.8408438624729,1577453.0118556134
2034.7154277378058,5926720.91753751
4114.8705808311515,11865154.697490461
4537.843230873823,13246817.10921285
2831.9824203616736,8490444.100270817
2549.7576284864913,7264159.393904403
638.7107841471661,2187894.5187165122
4456.419519134222,13710088.883101387
558.5459604164272,2865831.7543315263
4751.375360945953,14816966.04889959
2701.473119096408,8225970.886453431
2038.7052210862698,5805983.51492497
4658.9829567919705,14123822.54621291
609.7594689954353,1992576.386944484
3116.412026910892,9092579.536229847
2970.196360247019,9302454.779117497
1486.9418054512194,3761776.40901272
2429.993441075948,7167780.405459088
3435.188026746966,10583493.309899602
3772.0903859686737,11172479.084109973
503.225864179609,1406300.3908241915
4715.840435409569,14078628.375632567
1240.3641757676558,3303291.9069590946
1551.1119540006164,5240286.327788954
1685.630505622317,4547872.680905543
670.1906144841589,2169651.5071574193
1053.734556156462,3368027.617610573
4938.574653248729,14341413.009141704
1918.4753181977874,5791978.081783734
1018.8549065257221,2601748.633204815
981.4606752858049,3639903.263385387
3737.5698545148734,10643318.095056513
4345.558988146884,12709728.417324672
1656.2853477881144,4356743.539186553
594.0928055085574,1103429.0530918962
1503.905083004101,5307322.894453449
754.320608585408,2534349.162712505
965.2772148351868,2965978.3573558326
2441.7865393143907,6997071.136269712
1534.6326688773465,5057703.912155423
2821.7564533644054,8053158.140409489
1640.7218896573568,5318985.316137122
4732.417854963264,13760997.926586974
4576.747855668191,13407989.716066737
3050.627472547097,9531023.610700252
2094.9079639432375,6716637.563907596
2215.16096915631,6944219.374417311
2353.3352741502363,6535168.764572311
3774.106949607248,11098957.41596033
2532.375479834771,7675575.810103569
4355.284759276538,12641213.79687457
4748.42653668664,14930760.990124566
2011.7576902052024,4834299.598640334
3023.1251661905603,8680005.740887104
927.75441574654,2528479.9958047043
1402.1107149486154,2784360.3124599624
2360.5959501957204,6383673.285469065
1427.9122215580048,4596381.420945049
4444.52220854923,13348708.44392417
1212.2881522659413,4423432.467819275
2550.4736969889136,8424034.31390915
3225.6465820694407,9893462.935510295
3613.3875867238,10996781.884671755
2223.8121637692802,6704402.045597291
4410.945809261279,11905296.41884409
3057.4361798506648,8475028.782888956
2477.785012013983,7483692.787591416
802.5828532341648,2715761.41407633
2591.1026080032425,7918142.730078798
4193.311283670786,12133701.36715453
3265.4345819959194,10265006.887222506
4244.731041781033,13475415.139720418
2723.0525176968754,8638152.353236297
1033.0776729251684,3594032.6835707403
561.3793062614648,1404525.019806789
1864.4879602336603,6131430.942051381
3640.957121740066,10995750.684884027
4056.169567737622,12424286.467473868
1830.8877557914823,5675379.188786801
2730.442643974612,8130584.379203631
2395.0350699533674,6755103.972298952
2347.352529581425,7000989.256967252
1541.0692094006772,5116588.436943443
1113.6699726325628,3120272.0152412336
1385.098512040459,4601969.16742545
748.9957422350574,2615522.562014008
1391.5883382060965,4025296.3161083744
541.4040393142076,2318612.169752411
3322.662802861902,9790215.072990354
1923.689333244573,6525841.431040035
4879.151201421088,14854517.095033752
1371.7267284933405,4107247.2262532646
2056.2285663931725,5724785.00901069
2110.2852138868993,6286725.526593177
538.0317322810724,1512215.4400960072
4276.435788677565,12200159.173407242
643.9750706494613,1823117.5005895502
4730.809256281586,13790526.178796217
4514.334579921293,13835999.62425327
2909.848622386836,9382686.105024608
2946.1800871008145,8225082.423154823
3442.0006533027035,11182155.824091572
2241.7250537069913,6660899.643928409
3412.5002752903497,9749990.13340179
701.4577490981909,2483250.6373986644
743.2143230737695,2006415.7300937844
2557.5368882879498,7631742.326848102
2973.3003549771574,8717761.942825433
4495.179381511185,13077169.178601107
970.9728525855332,3274917.0739575517
4201.915672372503,12462596.315670414
1445.2130178143132,3617313.1573533164
2273.3764182951436,7095659.316993397
1924.710956723358,5171341.6946581965
2300.698727894295,6325466.097345256
1177.2297413266351,4127992.326468563
2766.065334815997,7700026.054842886
4107.3916542411525,11163952.534259712
2486.903046705036,7772139.882595856
2707.761091541896,7971351.559885123
4319.454133765914,12849534.840728683
3677.2615158711387,10874534.350938316
2707.0448383390312,8236969.484526457
1659.6304168513086,4602531.629602391
4482.17036080235,14184568.519689932
3096.5918076075127,8551660.18266784
1495.1642454981202,4707930.194832922
1711.0388868710465,5454177.162551432
4114.098900213106,11962470.82022263
698.6550293935495,1584097.8655417394
4964.41484162969,15401831.63197415
1086.582558716563,2764317.2991413316
4082.3083642862184,11943593.122483373
2276.488925472573,7273121.257647593
2714.972824793601,8162289.091150315
4462.927598590601,12490210.96195725
2358.10035315146,7947830.631731137
2918.7218915295553,8491160.295198683
721.8484808412647,1964166.7975705855
510.5636324035392,1659583.0233738003
1601.5994285077666,5117336.684025336
3562.6239181344527,11668423.900049092
1045.6920201161151,2307041.985645497
1011.9288146204724,3448762.54832439
2349.3227361615645,7419473.055509732
3415.266673737019,10177217.565774
3704.3239651156873,11506608.742755173
1303.0280334426866,4376221.109146333
858.146663174191,1883458.5970290708
4731.786652754949,15070243.21120526
1672.9987215294577,4239615.038019302
4340.059239239257,12452519.577098386
4385.711527082682,13026240.744435998
3976.35166293145,12891525.245387878
1259.7512299365653,3625125.3749330025
4198.106566643902,12578352.7549063
3961.6275165871402,12600921.851713702
3185.253455477977,9405601.295151193
2017.4091582602873,5463009.118315524
1681.2887191994485,4835248.739979188
1048.5014543616153,3830900.2799877343
2793.9068010539213,8417152.901689332
3133.6739397943093,10366350.948911058
2117.0254573210423,6720043.835094204
2639.1158045639086,7594942.945494984
2135.8150581617,6432983.326717639
3384.5272579431557,9726972.714758528
4555.666435084535,13332782.789929219
1237.641179211252,5952465.663146634
2216.3396445640556,7158331.188709072
1133.908717778876,3832275.147839965
3312.246966835244,9625150.7428517
3779.917292698681,12124543.911236584
4693.607296688551,14630529.69096212
1754.923668174342,6205581.649201911
4775.950426394435,15244408.35338253
784.6820231930366,1614501.4255303484
3213.5623851406467,9085767.410786986
757.0972370449849,1769397.8034031366
4521.983844928752,13093981.213120038
2884.1407568152435,8814148.452575926
3512.067578432582,10252801.009249838
4242.082666597036,13762547.270172367
1176.3978011778595,4481533.344574397
673.6620287216023,2017755.2891252867
4454.965156607835,14342558.577898398
1917.1995235651962,6495665.884315689
1080.4050856722438,3015861.977428102
2608.0755668918896,6819619.028662888
3192.3773406320847,9468147.82941589
639.3677154012955,1595792.08066465
1737.0304621568948,5314344.1990436
647.599434246032,1987412.4461754707
2391.5092513797454,7206036.583588851
4527.950130798099,13845692.763083879
4921.935851721061,14159546.581621345
3366.7139907663236,10305822.111083824
1227.369622030663,3462300.7895834865
4576.322254996876,13828957.864922471
2823.115204400272,8948050.53581691
1191.8719044631314,2963415.8267788794
4647.770012532476,13802663.211262645
3908.6107282539633,11666565.067747457
3792.673727254182,11120886.695977226
3691.313167074821,11523854.249290943
1401.5291949339903,3844393.405401735
1449.5301126838672,4070890.138330432
3597.3184929226477,10436995.91229191
1488.752375496786,5012284.832209759
2474.02263561372,7175845.850635052
4019.008215172736,12287047.340959987
4027.7863314402844,13071211.54493589
2539.677976366368,7581624.718923812
4064.854722238603,12750594.506732387
4273.798082891255,13657071.290720329
3446.490880779171,10853068.422357721
1527.9163353878907,4575348.348174802
1733.0530117349638,5520212.914704198
1916.7851993393092,5106666.301450254
1025.618484802784,2686833.8753333758
1729.218291664753,4885317.2841783
1442.8365094063945,5448815.588306325
2548.9793741387098,7240645.865288496
4587.968965425192,13350168.520644663
970.1614253928113,2388523.7860539425
3741.20565776328,11503522.85425522
3592.773519859075,10849631.255911667
930.8938939851095,3336061.1704686107
4651.5758220761,14290357.299266977
3058.124909705688,8484179.80575503
2136.764845110579,6006655.650326551
3904.42362572888,12395935.25132455
1658.1445628073532,4872784.5661336575
3620.7942667084417,11456178.709134331
678.7004340751125,1961260.828267679
4277.336169241724,12348180.29358091
2516.768811595933,7398676.045954446
3365.118114610738,9611329.446057366
1495.5701891300764,4203934.186189017
3546.8317069630157,10740957.97417167
3975.0812415197447,12181046.269743744
2629.4593409797944,7093282.361312234
3279.7711582780744,9830629.471079674
2553.4666572007936,7367092.103822505
4523.411161660304,13246026.080501506
2740.411312314436,8287576.246509847
4288.139190629685,12589191.635544447
4106.084262216118,13009321.784071691
2347.2716960676044,7635846.026328343
1535.3802133586378,5197054.787046934
2327.3695965189695,6734653.691811757
4217.9781909884905,12172685.15550581
1524.3464111872656,4614054.198255855
2859.963556359872,8504716.485936483
4127.435365823363,12077894.516258407
2090.6486380777046,5684078.690899633
3389.9433665121383,10149071.114902379
1605.3420832196655,4613991.52453276
991.7575041567197,3319446.030989169
4074.7290129178537,12556740.064514302
945.3588053391807,3386476.3187289005
1721.2162778581308,4534001.057634373
4347.992398988481,13244506.35081226
2059.111791854002,5813602.52244517
4878.704072813725,14025905.113035632
4908.804506482369,14512112.400972752
1707.2420920410052,5656078.766190324
684.402000124507,1867046.823588279
3672.784778924206,11801081.666752174
2529.439261917547,7862757.043512808
953.3877978180933,2663118.1539639914
3683.8526854011925,11631582.270656781
640.2870910036455,2143559.659068079
4415.88510721509,12781375.62742192
1123.9363810098666,4301210.460819857
1072.9034543602625,3348449.774624026
1290.5253408586304,3880974.118568637
4821.198613214299,14035829.504690088
3619.262121142307,11447555.49723079
4106.171909586365,12577153.442439746
2289.3574357973885,7182691.397539785
2013.4072737723,5786456.149554015
1555.1780305242648,5082584.377527828
2662.91612740584,8444655.179002922
2983.2293009037585,8615298.783320714
3342.9867964373993,9320465.319471702
1657.0332679941253,5261786.333651838
4768.943364063458,13520156.617387503
1263.9132419321113,3867747.6147152237
4845.4392864488555,14312695.306952912
566.8525512837671,2309890.2592457617
2665.065613175805,7798774.894143811
2000.1552715245325,6554102.300575499
2521.0553626861283,7306061.365876872
3067.990605413551,9703967.318770459
2460.1512110571907,8410624.405089987
2366.8108263571776,6566408.909888412
3797.2553693598793,11537783.968945092
3586.443237889091,12133720.921622306
4249.720769161315,12782456.720935406
1624.81541557773,4905340.381848014
3242.8782938932864,10122884.355355369
3133.3765342678425,9420670.034850905
2163.8201489270996,5637847.449496022
2687.258938562064,8627920.50310566
1912.0196448757792,4734584.7276947405
1138.2997892764333,3206503.542260129
1462.1054479822978,4990029.218525218
974.8114088054049,2746163.012094822
3573.8130883555586,10374591.018834474
3473.273268991182,10859451.759556824
4777.728672109428,13907628.62291109
3783.5528614125856,10739545.72444178
734.2062744025915,2339875.8169544158
4479.103282680294,13345848.198834587
4382.038233255766,12524278.142672876
2494.9414434771443,7803300.600428867
3136.3837273756467,9641394.984915556
4892.352496126335,14497179.980076188
2895.369637316748,8540442.90888777
4573.9482276924045,13957041.054081792
873.6744101458389,3216203.9403135497
1359.733409189073,3937803.622512556
2483.3972454859304,7777535.982961863
3131.405637517871,9676817.021095913
4173.0253333826,12958729.64650229
4947.17951814434,14861193.153804755
2249.831734133524,6293332.445367394
713.3703626303821,1908861.5112911619
4105.271764828962,12487242.02737771
3219.7132358726367,10568371.896808706
1393.4428649069075,3938318.7831225833
2726.7280547963906,8582577.886152871
3840.39610490176,11357160.089366898
3966.853041808897,11955793.50336976
2748.282853994429,9002546.936615083
1873.465385579866,6002542.4474498145
4881.84161917322,14024875.221149182
3485.131749304218,10169157.73600686
2337.068837058344,7639317.183395711
1762.0845089209358,5357192.548077055
3789.9634235160297,10795470.210740156
1589.8255051719545,4360000.293029004
1272.6949503815968,4169831.612500376
2884.2525003293163,9149962.641596764
1804.9432668986383,5423757.451437002
3330.0731521562675,11227876.356936853
1030.7240369340507,3504248.2925299713
3447.2349705529473,10219964.376842393
1774.83437598966,4916650.103919308
501.09320495530727,1015837.4625464012
1071.2122595337937,3381347.4388415655
4701.269200257923,13859419.078317067
4403.09587601911,14046159.50504904
1551.2406441630658,5386877.833948128
4002.6735704547104,12324553.985112745
3238.5721692828843,9126218.421370205
4869.071201524413,14271104.168297036
2181.225467903266,7171515.166580347
3566.572756327271,10418185.169084262
785.9107509076337,2918803.119682663
2283.113060673827,7086641.143538862
4837.179475346812,14537397.36844703
2925.4139350255423,8424825.398608906
1795.4577650068006,5339251.373258025
1041.2193340787308,3218481.9796736413
3665.877530816887,11513902.041601222
3401.8521954337707,9762688.785984434
2182.724211216986,6416764.212387901
4779.236083396254,14360119.816154905
599.9126584453264,2131077.1541790618
1866.7573323432161,5146039.82826826
4644.812688348116,13276153.168600742
1944.2094724374817,6169610.99316747
1635.1377523482668,4146438.699571449
2903.991844690613,9354465.391452923
4207.107874642421,12543360.57518581
964.1604239526248,2118715.7307206513
4743.593193405813,13990569.47051569
4077.827965315238,12423045.712480333
1315.6261499819839,3680527.9061684627
3704.035825391732,11122122.35058737
2232.3142518690074,7066981.9384596655
2310.3260513434343,6829882.986336493
4024.8054159748986,11605887.409691628
4832.531635913295,14348102.909053965
1069.9514278123727,3917274.351666748
2392.836065954687,8021040.370530653
2664.237236379366,6982748.6221669605
2193.403176297489,7125723.483488206
2134.3510567230123,6528127.028186715
735.2090040271844,2667618.3516416284
3584.923792531805,10479527.247461598
2462.9648770402046,6504762.876369871
1376.5721118976703,4421960.730016742
4172.150760359307,12045963.650436563
4111.523366682326,11640423.884304551
2688.762326400022,7407086.287963333
1843.0279751649223,5829540.816702434
3371.417266084036,10183978.031266706
1796.6846109983137,5781286.8439322775
1562.035686456704,5020644.686618295
3787.31594311847,11151481.047063526
681.4635787442782,2009153.9492941066
926.4581196556728,2523655.594575749
530.546783106154,1486476.4628857165
1188.2443391394177,3081105.6484277197
810.4550391970675,2626607.2645283705
4981.110655009634,15480892.339519778
1799.644864793403,4990628.079469716
1171.7060570116128,4155752.9937355095
1584.4831609816308,4810210.231183863
4712.565071930606,14258234.703994725
2840.7210036097804,7672448.251025582
2141.6814333853563,5521413.145373202
4430.261560591487,13362842.863164302
2277.456217470646,7227234.714727943
2007.538564809631,5686925.472606417
1432.77135147381,5133361.004712975
2200.085707592352,6967725.109904213
1925.079602076167,5321068.180374508
3547.8678168416345,10659027.784051657
1803.122171018272,6647831.079916522
3097.3988589015266,8670914.575304728
796.5147426438772,2653679.1973891845
1360.8012051343146,3921031.3390412726
2333.3237222510697,7353419.312212465
4716.271642589129,14782451.75092658
2197.6339357206293,6399783.262806204
3488.3335453992536,11024456.772051347
1647.8925008962917,6054279.199824856
1071.6510918795427,3248090.644310746
763.4147003602257,2682688.44482777
1874.3607434423811,5327861.8452255055
1209.4746205860858,3638053.516273864
1283.047016072559,3760803.501863556
3923.4168877412753,12168718.626053123
571.271319251934,2316151.925634265
3010.145565809455,8975609.272869637
2207.5762126705913,7389540.060878236
2779.4749995884627,9103448.719546203
3032.736067465713,9521635.073987091
1910.154625057752,5472450.609312392
1827.9898708292837,5178055.204117901
3800.3083220070757,10994734.288676208
4420.746446545207,13736822.3747547
1366.6173460633754,3493967.9344454445
939.2844224081703,3156272.0942800143
4540.081128764117,13079688.712380296
2074.529586413294,6635361.819160869
2980.9282579826636,8951394.565313272
2117.9441503400158,7020651.731949961
1066.110513557231,3769058.8298323285
3151.992402264776,10173509.912795385
2863.1338329633336,9319810.858034559
1413.4710163603875,4312228.466075261
2533.41070093525,7020835.569593448
4086.2637680704065,11732529.776712531
3156.917463985511,8427328.127298564
936.1279718014769,2266550.998690384
2966.096737531108,8932702.041445648
3662.322346803141,10707139.949996842
4067.165326013381,12111428.175835218
3331.0291038542005,10239445.021293301
1186.9617404335268,3408852.592267701
3695.779699655723,10526424.698760876
3548.0383073668236,10617498.088318756
609.9209732328495,1380517.676312126
2352.864504156094,6923200.26397875
1998.27611133068,6666216.816203541
3512.3542891413954,10401810.2153761
1472.6111553991432,5303312.242871301
3158.923653384163,10192588.953621475
4609.426828163776,13538627.830201807
4090.110674938735,11714770.141608318
4646.559812974387,13913402.357963063
4903.276851197105,15286494.435289761
548.0155715277324,1398951.261468853
3302.335743698649,10361052.380227016
2357.7772899150787,7677551.86431328
4369.345206508047,12721022.794342838
1633.1661590410927,4561472.932978985
4914.632701017843,15100229.119117033
3261.685862946863,9860981.363661375
4070.918310029739,11869724.166817376
885.1979877024575,2479503.7390475785
1325.5604814148928,3941421.667880969
3912.8165286539142,10956022.373484012
598.9393491769563,2179639.6007722165
4175.950936522022,12288506.71509647
562.7705841136016,296453.6404417553
3457.03477577573,10359168.843172465
2142.9226410431265,6057982.2936826255
3251.726837236396,10599591.607860526
3632.141331451012,10603701.483893052
2041.138486338369,5574593.777225802
985.8310164987599,3211459.384477288
813.4064048671954,2109995.5305977943
3150.212101531465,9060908.203968279
2842.949091803502,8783597.96682271
3839.9045410450963,10999479.969190506
2793.809795017717,7652792.555953424
2401.006055138956,8066017.166464037
2291.392302063039,7163926.27498944
619.0110616895035,1724928.542571328
2010.0074076349572,6028283.618053903
4892.090708860224,14929204.305638751
4431.000093021899,13779669.00387241
1982.2013016539795,5568616.259304432
3145.0793227986746,9618311.231378866
4312.835354909723,12685153.97662405
2485.734515375309,7362712.9238696145
580.8103868756793,1822777.5943594903
835.2970781838803,2502551.948025305
2796.7672460691797,8758085.187358826
4862.477190541453,14830974.851182153
3619.442939984905,10104244.215268627
819.1228614735628,1778456.9808879674
1352.1239410633825,3871513.480810501
3970.954144475825,12827175.064648388
4286.478919803101,12433640.843158502
3279.6256378486587,9734765.558739599
3399.9042633341746,9931539.776524263
627.5185267252309,1605533.3881316527
4228.386168116788,12774278.376302892
4047.238436768733,12842103.948404025
1665.6581484650621,5224958.6453354815
3689.0452398447815,10665370.238820799
1466.8457289124913,5777151.942139078
681.4857247318084,2083743.7846759884
1405.1144416566976,3926732.846779036
1303.8299453943478,4617538.023521838
2019.8659853068125,5825062.6469485285
2383.0227372895615,7980525.039362406
2788.4250117396855,7929953.639735723
2645.3924397874766,8651192.513823114
1718.0357268438022,5254631.012672254
631.2680085833351,2539330.142101222
3222.957300067178,10619754.754552307
2280.8517343130948,6276251.557678657
1844.0247082439737,6169960.035111082
4401.2346927373055,12499252.125999214
3860.344885091719,11057442.477651043
4359.9449676759905,12678130.173131753
2727.4225762060746,8434086.046707155
1089.1906345704988,3284079.8421789263
3632.996462545726,10815421.34555576
1427.3320097172887,4355113.668663046
2485.5335109127254,7752245.327384912
792.5035502699982,2711634.7127806707
4213.887810903421,13188746.85051783
1066.7328847137526,4110216.0605249773
4563.938781721894,13681135.158944942
4389.037710177007,12906568.649465565
2590.6224399766074,8078635.384522417
3849.656919367958,10976843.349971563
3287.50283218169,9523156.430489263
4113.840390519852,12841211.64475595
2443.122953536604,7267304.67320096
4036.138179099575,11504318.308119707
2581.0556767931657,6998265.49769691
4734.346045292572,14227396.475574618
2688.674453713164,8636971.629623497
2581.786723701783,8309633.0598709425
4032.8233770358074,12153910.38255384
4197.09961292377,13595753.548319373
2995.2010144452684,8933192.860365573
1309.0901607278392,3857986.6704848125
2604.912039309108,6531018.163057825
4856.326263093552,14345297.314700048
3888.437868676333,12091321.123483246
4150.231717456095,13232675.820798136
647.7147446865806,1528026.9172260996
2605.3675818537195,8047228.910207682
3409.795101458999,10752824.82053864
4235.147076326336,12711045.305576958
721.7314411224716,1023554.0946037993
4335.97498538843,13131569.955952415
2967.8042153386027,9284127.958046254
1387.9128675922698,3690027.1552675795
1927.6484740236501,5655868.156633757
1768.6829828820235,4728300.927581688
2888.865654298141,7381523.188604247
732.5855596000932,2711258.884694108
1213.412713249656,3638363.8728480423
4157.11869519102,13270193.583925553
1096.7179583606498,3718814.971035038
1550.2832125615714,4473744.75685199
2540.1677252187083,7578912.8456039205
2827.043996509987,8764220.684915047
3936.2471582637136,12292183.183169013
2512.995919997845,7700323.07536454
4054.3907946599247,12715968.956624517
3282.5583817045585,9699340.776776439
1008.9488274072011,2528274.7088287603
1203.4914727677738,3578069.791522756
2466.6517645239687,7502547.738939998
2286.0022689006782,6257239.109332391
3845.9492133678255,10869486.598030165
3113.317129088083,9563644.535500964
2246.5988645101215,6536618.167845152
1268.4212755267354,3722343.373749205
1520.766960464728,4382454.548543773
3089.7545831107655,10029564.200213902
2405.474622049066,7847304.446344698
2817.1737898730244,7832844.524599489
1268.0484588600516,3537748.7700399314
3483.078135550546,10874236.540636435
4336.424333851852,13310241.120107176
1660.7277805410527,4961454.360458265
2711.8140162432196,7566641.946247541
4889.872980594058,14328348.918705402
1999.5878324782743,5740379.713661678
3177.708552156925,9671622.822030326
905.8806509010997,3569505.530051918
3227.067511157494,9337762.416078418
903.3429798707806,2197011.3158347216
4816.559458957199,14395385.138457626
3720.481934325401,11677315.293233234
4046.719046610679,11416715.656451685
3668.469623472366,11732225.94585457
3153.780662344096,9375326.305974454
2524.607514884774,7206662.543497635
4362.680208924781,12287945.983393265
4805.760503943784,14770541.898541667
2745.6627780683657,8151402.73658433
4691.907721198679,14161075.904973289
3124.998094948329,8924588.414339306
2922.7288410339493,8608638.505976336
2545.172298299105,7392226.271719946
1441.7949268855393,4275088.227967515
516.7384736812663,1215439.2578558938
1586.7780208522756,3993243.5822132155
2793.7542722160433,9745512.689296434
2209.8197851688865,5947757.231837902
2518.1835260118523,7645280.081506826
4912.916988038223,13852737.049902648
2076.2256680119744,5230153.2857269365
2534.8232271204856,7653382.927287591
1100.8199810876881,3389643.7371472158
715.8097959664444,2778178.883300525
3989.3428156662258,12167801.86750653
3068.074287823904,9129317.504098816
3923.1716271975274,11294714.75956008
1174.3825949894822,4272653.819085221
3073.229470322109,9684114.03399144
1641.39113453619,4301008.664734358
1526.2781760500895,4597816.392255587
551.8670632384336,1727627.3054785493
1086.5332560608235,3086772.939879636
1891.706501748629,6061044.748149285
1025.9544226592257,3493729.8371517654
4936.362981849219,14713846.096645104
1888.8469183577781,5526106.132174505
1086.4577601604767,4008852.511815196
1395.8704077258099,4654030.669358549
3144.664527536644,9470173.777564125
788.1958573915483,1549983.0526346182
4380.953585635206,13314860.810058136
4826.748556567163,14829287.402160322
1610.363393003214,3453829.364810456
2525.428708658867,7702220.850135613
599.6050296327368,1590469.0955003425
3383.196011272497,10039160.893752715
2362.66726123665,6634311.30732829
1715.2630974570006,5071694.647169181
1430.7669977747382,4988296.78141488
3443.103849464422,10106112.29898551
2372.976639645415,7601716.698332837
1308.4668006346042,3522234.792464007
3600.990866690708,11182350.696400145
3042.8252736651216,9129303.74880634
4364.024247182733,13268085.155942839
1028.641544944218,3089501.2628813973
4035.499708750053,12427311.742470764
3530.8255406776657,9308684.063066117
1017.5492157264401,2342734.990450536
3626.693284422743,11088620.102272552
2486.9627999592367,6439119.222929592
4752.431535001294,13992004.427180277
1137.251077780547,3384582.812823316
3392.750258670821,9764180.707206015
2218.910204583257,6310949.912402883
4805.66601765895,14552789.153053647
1984.887028806244,6459308.564308637
4829.836592713101,14010285.087511899
4556.686329953371,13382529.891766427
1716.7245588979536,4784543.190030338
4115.937995718925,11137124.111218136
4980.218908115777,15011512.619506085
1636.9835097707705,5378309.402226558
2465.4972619549385,7904813.389522756
2840.8133145504185,8087056.755430886
1827.1901111173895,4855721.309092097
568.6917784071339,1716878.1090172443
1490.5815988888698,4886381.639949842
1768.715979537913,5383573.162768931
2496.198655931842,7633248.285732406
1269.9611528603084,4380798.922449042
4429.644605112527,12919365.535722228
3672.1000972910124,10906315.248536523
883.4021490184789,3467509.2029360374
3425.4160301296915,10177842.52884026
3441.454143825292,9690693.94849259
4802.995281396325,14074307.796063825
513.5939211027256,1071691.8376975558
1615.6960241261324,5025669.365229032
4675.0616571889195,13577211.469772369
4694.602619292274,14219324.984307442
3742.6388871678682,10859884.05223328
3945.93494471393,10776115.564942675
911.673310683412,2888329.8255411973
2812.441256502051,8511555.610279597
1542.1234608004972,4885249.290255912
1315.4811962612775,3609949.9792012046
4146.364846054997,12049322.300485302
1107.6716150624634,3523748.274428163
2608.9323664837334,8586306.88571669
4723.602078137149,14176390.23916461
1336.2442500440416,4221025.298155697
4900.970406822055,14542117.378253313
4974.295935924765,14151072.546837453
3000.2771960708133,9484546.29778947
1265.6423307972107,4251134.111934713
1922.4719957340303,6122802.999789688
2410.2177470444085,7139680.521962016
1891.9590096120032,5974405.07870528
1762.8601094443209,5735461.227026878
4875.033691473609,15435180.41689918
1190.1417233708553,4064688.222436287
3799.9755892258804,11431837.38019446
501.8463024762869,851412.2797166749
3182.8220123106958,9626295.185767958
4621.743517793236,13993519.25130436
1795.7034234194855,5741625.1579176085
1334.8668886597363,4681546.595640922
3432.5590769529213,10250101.974830374
3706.7063328427694,12170612.593434863
3596.137335283916,9908768.49583146
1936.9259600961832,6020448.816519362
1634.910809716989,4505472.233058953
4801.634599829199,13451292.799643194
4654.847787214682,13863656.173494468
2557.9247445176916,6945187.884342596
4307.87239769468,12842903.244067632
2535.4556493543323,7623751.572110225
2409.750581326297,7788522.448646866
1205.4332641968258,2862507.225208509
2418.8272542138775,7710704.345464519
2918.3762236991315,8804168.896237291
601.2694734290891,2318232.9970920645
2498.508523289329,7279649.982352423
4016.1029827784014,11382186.654953482
3560.2072536842143,10071872.097944709
3358.2064498877075,9428715.622829566
4592.999427967411,14017905.360362561
581.144044213535,2481893.1437479546
3006.7141378650535,8737666.65026755
4043.069817843682,12443777.102659937
2936.0092221557024,8046306.637399298
1957.5299866117061,5962750.584423768
1113.1275429139005,3673663.936910265
4494.033823172861,12758039.081880149
2618.430765744213,7753350.562742713
4451.518386435657,13712513.729549753
3136.3345509492574,7942118.329233034
3533.8645247675036,11269320.105153382
4119.175194703025,12534365.2720546
3466.199950700605,10756963.675960485
2291.2467830552196,6667380.709568276
2811.3502276789295,7572689.442254111
4113.7048610414595,12608146.061282855
2181.426333678429,6502983.83832703
2246.546555458237,6755697.394090871
930.6055222610053,3335620.0593824927
4615.629958497865,14227921.812424894
909.6634172544877,3689608.9603082696
3416.9412985185013,10327751.009992253
2359.3751546125895,6732519.244942211
2325.2872561494905,6881653.344994109
3557.9832645770775,10881781.480000537
801.9217968344542,2913693.6499998514
3171.676023281456,8781511.094125008
3974.1430368755964,11926697.918216374
4226.957410489674,13485643.059988206
1267.3867522719888,3682055.8213147065
4538.385725351782,14080663.103489898
3452.65741331349,10604531.003548473
4468.346603693073,13882970.11434171
2683.763226995892,7646409.41018771
2939.1500529374093,8414749.323779438
4635.67224662902,13917152.685948204
4549.592945096023,12882667.941667913
2516.723930160509,7415301.487175698
1734.856842360568,5331008.855839537
2269.2669555391885,7700118.670092452
2244.939478383874,6936177.529786533
1790.9009374225727,5685317.047704269
1708.6082194983496,5708062.582020052
4374.783214158737,12642020.848028682
814.3786430809776,2360594.59805744
3549.2503194481737,11860457.254246468
1277.6902315540353,3793509.583469852
2050.2765202732844,6709044.935210956
776.9436536067658,2812699.899406851
1714.8813658495792,4405587.240354893
3957.8948200275895,12028924.098585736
4482.568960462664,13521080.617490605
1496.8721835606516,4655595.944602173
2585.9652766651484,7380839.590099915
2616.4582157174286,7290914.891196206
4431.088875918804,13055261.627745986
3932.5957379411243,11748889.71528127
2808.847482656224,9019034.671768831
3518.3624021229803,11463742.616231743
4313.09774259215,13637592.15088804
542.9252931149523,2058868.484735779
2313.0051397252187,6436845.288025861
4582.594252746854,13543334.670745814
3831.4086387977814,11599188.942599842
2942.786184503336,8512139.03447192
2883.4003716581005,8938803.941238277
2064.96543921997,6555139.3717870535
2842.3424013868153,8795172.23544318
3449.2243975855395,10860240.49503541
2382.633672929569,6695605.41193217
3713.689158764783,11607481.828340447
4375.545022671737,12778812.342955112
1196.0818168318751,3117777.474174183
2531.9616026784097,7861942.87512842
2336.0904107828646,7616208.013448084
3593.5916182237765,11024781.597859334
1624.4035936606822,4883612.792868319
3381.129117285243,10298464.264906483
4448.7015877916965,13414318.22240873
2381.5921990713023,6581801.14914621
4599.57064990649,13177401.877247013
4969.236825200653,14868297.53586523
977.4142247657843,2972171.092182005
1548.739345931864,4651884.226979459
4776.7088816694195,14668177.451833215
4812.474589166241,14329685.409416553
939.6827392404132,3100537.8086736677
567.493251697115,1630186.3714281213
1224.9501046539,4586529.794979933
4982.057525220117,14986529.439023575
1309.9982747480908,5100356.130007111
2761.4642302491043,8460398.486292746
4317.8797689373,12846800.721517792
591.8072480969286,1325697.7561609484
3220.2004201630675,8939156.973460356
1746.6145199133096,4744122.41754185
4380.507123978792,12701718.217354381
1775.5751716883562,5524135.525271157
3590.40074126859,10508119.538275676
3533.988346013286,10695428.564317107
1496.72096986838,5131152.090793483
656.5963994075755,1925885.0224052998
2341.623082034288,8064447.595336266
1801.3691838464135,4816202.061369642
4140.399873261689,12345907.845597602
4101.638848049053,12035260.082341671
2556.6077848668147,8138076.657628948
3229.3050139544853,8568019.226680396
3219.1678219411633,8935945.821234584
4222.2116679243045,12612961.592547433
2412.510863554389,8013221.451167913
1739.5100590572908,5331451.094190527
1692.6571316324637,4402197.667765275
2912.8652567699187,8140012.473964641
2521.1669122949565,8399995.588307345
2480.543469432213,7131063.008898519
910.1180259036826,2258872.3914861656
3733.71683310588,11939836.779633071
1461.8150959185982,4890993.79054929
1386.291335939246,4795903.829451135
2357.4124412482706,6597216.3836119035
1525.0025372801065,3812454.7913331394
3127.362202886069,9448669.85333956
2171.585027005122,6682318.147552198
2520.102751667556,7742609.156855083
2917.26194721813,9490877.80947389
1415.9098511681218,3380846.008500241
1200.882302894884,4032494.4343335354
4461.898562931221,12837383.166720005
2451.7566627413944,7783137.648654603
2354.4212433464263,6825785.377778591
660.2546762277866,1573778.130738104
2740.8933616432696,7917728.731455208
2993.7637472495003,8258486.14136022
3014.783919295999,9064566.22780473
3681.6402619529795,10658584.09052871
1298.668257459553,4289153.887828798
1635.0041040377846,5225040.352629812
4148.287093536857,13288939.807061968
4762.267775795273,14469967.06915636
1111.697363152943,3595430.972998866
2739.422995273482,8918318.891734352
1463.7931373281408,4077548.0639710743
770.329257597421,1566858.6663807468
1964.7650215676094,5994342.094267026
1146.5943133289575,2728466.2053796705
3694.6988304541082,12311065.82782502
2901.7643615215,9433042.230603972
1147.255119456399,4523753.525019987
541.5871478248147,1655984.9318060088
4136.706720608958,12685406.958677672
1292.874827739114,3648886.7672410198
3227.974889993447,10125387.072773717
2016.148608845355,5440674.220510537
3134.6867224176603,8132513.572515591
1920.441321420458,5365968.654517091
891.2280231151437,1945947.3315367736
1503.2750385098911,5248788.483609441
1346.2635491558403,4946629.375007679
2426.087085978397,6576796.721728636
3462.277025417708,11032688.880013743
1687.127337258609,5537074.503526213
554.3147088527808,878055.7841989041
2835.218139191406,8310520.6521084085
3225.917702115374,9387671.245283863
4832.917223008144,14872749.368338032
3152.6186139196107,8843466.166306326
2620.2765172016384,7811393.238775174
3080.307316539667,8897954.697644193
4675.552834379122,14263329.09482994
4227.701655207408,12574708.94977826
1953.404300137136,5592590.048441211
1567.6446364571177,4596285.6215553135
1681.8512556473313,6063575.18336205
2769.8946787184586,8101234.218095681
3848.2225305286,11024164.982443906
2764.4864323233296,8585176.081547972
805.0837812265066,2343489.0089680417
3756.113151979914,10560722.490506506
4126.865579019292,13496344.904659111
1802.7403930387384,5231981.706322892
3488.565826775077,10276762.753344556
2419.6635547447704,7338908.34018836
4501.037100773492,14368169.686924897
4303.51501172333,12070672.37191049
2864.44399239339,8731324.90189044
3611.774956161175,11878960.949380338
4475.073654599468,13489585.304168228
2730.72654535224,7574512.646404981
1909.628332199699,5419686.570118771
3891.4976205931157,11777934.126657743
1490.298146531113,5136296.39741327
2248.3901660271895,6575502.575873538
4395.772566980571,13600643.599657929
3759.900531211918,10562017.18011231
2317.1495236137466,6229589.3860437125
1466.3502608376084,4157650.43817035
2101.8577587450645,7024587.637171825
1778.4686715234484,5369843.33432723
1292.4017957473427,4022110.985025338
3844.998111045455,11674034.130923128
1634.3144908257718,5457547.463770681
2543.7536157549375,7326150.500995886
2236.367510762491,7053245.086531589
4919.348203860339,14342603.27965345
2259.9150986669924,7771381.623961357
859.9211725853966,2179567.9656078448
904.2158865743781,2271453.008183824
3158.3917460887915,9750010.1450104
3197.1359828221953,9631302.164182749
2384.4154571719473,7316672.574646309
2443.2966154041333,7443546.743958559
742.6966227839205,1682893.7689480418
2824.45929675168,9280057.354794782
2771.3276392115827,8760754.020579303
1172.9719335062505,4198390.77615231
967.2772374991741,2637666.2679423103
1056.076207697707,3376490.395450707
954.6271092106633,2962565.5587493354
3243.686879915419,10295061.95284701
1384.1719358131338,4732639.8733542105
1631.4356848435855,4990832.456009814
1281.0746486814787,3084248.3801228106
4810.258870018264,15320607.553598637
4345.778584183259,13315329.469394846
1537.2267680818438,4307461.783549961
1974.048322649567,6125416.037082048
1444.517790372487,3578006.5968911997
2713.441817573707,8668001.986456644
588.2473961341411,1029136.3162628469
3521.1560400355806,10453050.8740882
2854.2116741793875,8684862.247340938
4543.875177354965,14151045.388055941
1239.7670794778637,3772573.5766507783
4118.491607275093,12672956.258631554
4063.8245651002208,12177390.241075886
1072.315351475991,3200853.0789558315
2293.516508648574,6923288.151119871
1265.686885150326,3702531.6950247907
1646.24225205897,4095441.6346361926
1684.6077867374495,4669661.613364034
3003.0637731159773,9131578.73990378
2351.3491929220945,6929487.077021924
4764.797618028374,14216488.312994167
1068.665638761523,3044320.0815652115
4881.614606825895,14213044.624111775
1537.8738809641877,4367071.912404416
3977.932713718339,11780382.26896072
2025.3646677776962,6078665.573604014
1143.8662793779126,3628288.010368594
4360.501333608079,12991228.855381368
1889.8740465640844,5154794.511846044
3464.84931902079,9695506.937102979
3048.9965828898194,10445708.35235707
2622.903392258934,7303802.661644521
2731.187626918426,7934250.380123086
3795.070613415294,11643711.99150285
894.9781135554827,2865364.645449288
3506.812978810573,10780871.782712506
4531.154456293604,13372104.834114725
760.0468865893887,2399419.6950879395
1132.9400265515003,3429491.911774933
3724.843715159141,11018465.46170678
2467.7674171007793,7526007.122188008
2315.9687936615974,7475589.154360145
1116.3498554490614,3337949.454629522
2780.4651832300465,8333621.972868352
1069.4539003836976,3742442.218589085
2644.7920533974316,8415056.340101702
3936.268845327455,12600774.756464107
1662.1896104922357,4108453.714236919
2663.537756808773,8443172.862011014
4964.07186228576,15193005.609558372
3589.9269050931675,10326954.51640287
4286.105470873394,12984110.371619605
2366.814229522456,7626003.562446367
3955.3741540663486,11451543.000956345
682.2912782359483,2268155.0492192484
1053.1003214401026,3594977.802185816
1413.8176681402797,3705943.2231550952
2308.783660768488,6855208.13608289
4305.851952465934,13068040.045719007
2058.1972285456873,5776525.932865584
3445.795370819583,9897809.512911975
3691.9143266156752,11008220.678915638
3137.8205933975364,9814281.638644455
2107.588856765613,6644633.570892894
3096.7400377109493,8859513.748539677
2040.195167553858,6446669.445219417
877.4318234840543,2214325.5823689085
4967.617901837065,14097768.80651448
1072.3210413462991,3033391.3385152817
825.5677272622581,3038187.8675796418
4453.388371432202,13688145.390367292
1858.2559740180282,5573982.018367487
3426.3363833307844,10070656.408196826
1980.5257834800477,5746696.282381928
2261.54421857512,6839025.108655758
1679.5083740755842,4504306.379303838
2043.698026068546,5957040.405604989
2348.151802639444,6936670.6772384485
3741.872310915543,10550079.70352088
2801.912874056563,7986514.496720901
4746.043477206396,14443383.82736238
688.4617722744898,2070141.2367939665
2763.8074518441267,8137041.459935688
3129.0115497427314,8931320.930459213
4640.886437334233,14711084.224797308
721.2133562964241,1744650.4615496132
3080.7481322084723,9368040.800256286
4341.334678375806,12780069.491090521
1588.6747765365647,4784163.975928862
4443.315568357719,13558751.576043343
585.6953417343132,1071957.7305989964
3796.0458311017837,11384829.371228607
4699.009495258939,14692392.81026674
3457.38947738028,11252919.378886841
2475.631597912016,7361887.807108482
701.9645741272311,2126734.325990148
4640.51215995183,15027202.994156256
2616.3330021120864,8416461.14713586
630.4853495117661,1582813.763907689
3604.1948209794286,10503092.737495225
2668.2676410931617,8483077.654173119
1059.5539284908482,2673143.220449679
1464.223141896168,4936532.8013579305
790.2080620513082,2537774.168029429
3084.320928688581,9511823.16807928
3299.1326566340417,9769031.068162099
2775.8403425994998,8012608.625675295
4176.959598511767,13261875.21096946
4374.539695886061,13000250.447381446
3270.3097850740696,9605461.816935278
557.4041586834375,1632143.9421104079
3628.53345086481,10982111.418953404
2380.996476141582,6627576.865065022
3045.0086745187414,8852590.276452769
3420.86270908498,9953572.090301912
2076.0647644718456,6650834.445718961
4626.943273273074,13437848.535819277
1102.8869003740156,2430776.77224302
3521.8031327646686,9581862.116840929
519.6181098046119,823664.262075977
4660.929974323313,14663559.024393994
1006.2685995714118,3026909.098456261
926.9790356640858,3031561.6503958586
1998.534348735099,6263846.909765962
2181.0482871758627,6571236.820723749
1464.3503254529537,4355660.328033207
3133.0474741720614,9921405.637425255
2493.113441188836,7552338.280722829
653.7901506848934,2660919.1916863876
1938.4342801488528,6125717.813091492
4146.948111079268,12131946.19649729
3603.656906878409,10562403.708700258
3761.918841109462,10922024.120101247
3641.526158375856,11533352.486102926
1899.3785962236498,5495610.312198173
948.4876493454915,2446226.5496366583
1726.102328148932,5338196.005010205
4243.033850833217,12680517.999313401
4912.11859002382,14883640.026359042
2722.311566337026,9111841.650957998
543.65159715369,2087490.1944254998
1130.2016546040306,3404110.240963045
1949.362588923196,5143876.074666584
3103.634068668274,9060920.957400503
837.9214061239129,2869287.2696443903
4745.107844194467,13649803.012752494
2142.876529779803,7499114.737504586
4606.628980661703,13827095.223302884
4012.348112406598,12061468.533824535
3899.467726320115,11365080.582481356
3230.2381090200442,9939083.205447992
3320.5271767333006,9382580.626938786
3371.0145584731167,11195489.96997008
3329.2462416151193,10646414.377171364
2991.7770412926257,9467479.3464764
4938.863083173,14121374.746624095
3795.3075534156324,11488629.295475774
3996.258747766345,12593319.442306038
4426.082667876533,13574800.70330847
1470.3789322663213,3910082.2444820767
877.1187159277736,2306309.2701289933
2673.024964693694,7793106.825078087
2813.3631302867293,8138370.473615885
4231.31800977463,13458343.447179042
2497.0261067705105,6530571.7508999035
3068.838614949407,9534475.414677639
2871.8192233105624,7969305.982467461
671.9125269082598,1535111.8369992455
3268.467034686113,8800534.42062398
4226.194785984135,12404057.142372971
1208.7524663411173,4381623.224792958
3174.492802669681,9655890.529241432
3171.2474500088647,8914561.576527046
1238.8323382536144,4225070.851950499
1055.5860817883122,3782410.377149279
4910.233743394181,14782724.470702086
2271.736263438669,7832583.369392302
1523.3977792558817,4980975.400079952
1270.9604500446871,4154207.603780356
3504.2077111245576,10110933.779790526
3242.503837972755,10041210.756728934
3395.984553443379,10296349.299132384
896.0271238015351,2947995.8727401188
4520.905625742966,13220424.067658233
2251.6987856407172,6819145.799101645
1910.1623289366107,5322056.236702353
2580.6265126148264,6668313.487861463
2255.297295864327,7265044.171882173
4386.096514126157,12407095.051533712
4681.674388390515,14098616.397562752
1865.539474023228,5763119.4867942035
4387.711133569796,13326414.908640916
4016.854082898802,11909022.71189728
4688.634525551428,14201509.31429427
1605.8764048364953,5053112.749402068
3096.3161755444057,9656430.93450921
1735.4506313320007,6073072.563688134
4208.425207179684,12742372.697288154
523.9588575697892,1603900.9952182185
3041.6862329887826,8671694.216291301
2026.415440723631,6297219.484120561
1952.076681850191,6189921.597120858
3402.0784573921264,10110083.780035565
4331.680021912973,13267346.317830937
3241.379261269968,9577879.687035233
4339.278403910252,13353331.537775218
1690.687003464635,5528362.1674087765
2837.758346442415,8962588.972692488
2527.4144258018423,7641165.440476177
552.402047763933,1137222.0674832733
3005.6546441333307,8711007.406079082
3476.859458657787,10728157.037915725
3163.6148198858155,10715250.612527559
3813.2595445253964,11269418.24781015
3071.027878038847,9441002.473310612
800.3761468284061,2123102.1617455166
1024.0048583812013,2585031.053019054
3184.1355989477856,9214248.865054676
1737.406363881381,4170983.103292807
858.4030806564463,3251926.773423214
2433.2123455184606,6184571.910098075
2994.451691376449,8851440.95892903
1979.3569475732295,5349006.895044661
3741.951660016001,10783664.8723669
3396.967736455601,10879164.539236136
1997.6826249125238,6093581.369753267
3896.926380088523,11208081.06067472
3419.1276913986594,9962624.507947722
3368.5042042305595,9722772.002470635
2990.424653541806,8949501.124585977
551.2535063984876,1740206.361589309
3634.282325646001,11850634.363552283
2192.188059991204,5618413.79697476
4741.74369571395,14207824.929762874
4180.9314698474245,12385010.563275013
3144.625112890905,9907149.602531105
1634.8189181867124,5081865.813649334
1416.7282697494998,4545365.913305973
2031.731769548971,6267738.401654454
2644.5557461100834,7467671.675688481
1832.294795175262,6102517.133772292
2817.1827292661724,8850800.640106352
1244.1669148093365,4190265.6402903814
4899.70765771475,15331148.058397833
985.6604973424724,3165819.0423533972
4693.748628444674,14821742.08739277
4611.101051312127,14022122.939829703
2864.122168187741,8482837.21055092
3762.0962232623797,11282986.714545457
2462.2173408766453,7374730.138561878
3335.1555989409717,9745771.135777643
2032.5917183950341,6913719.579370213
1855.215589034504,5713794.449855345
3102.0340377628117,9353471.351204889
2741.5835338279117,8418887.728946952
3107.913661174915,10813668.24189332
1789.9726157916034,4804055.75307498
2151.3102431764787,6031411.473671298
877.5408228300919,1942336.9597667775
735.2436752249257,2089431.4064570342
1640.5570835285732,5044430.4722494
834.1108669874559,2269671.341791829
966.9861888563331,2631095.1674931147
4158.177824272717,12545735.906132217
674.9316365751018,1773740.9973104566
3465.2425727063423,10550815.631710446
1726.5098696693024,5736646.782379209
4421.95556318657,13604381.924460113
2682.465280598748,8487902.515378844
1875.0940669752158,6168241.406679007
2829.3752106024554,8629539.711866718
2218.81108570371,6577112.74408958
3039.354791014236,8731937.83760111
1015.397907468567,2850604.64058784
4986.4572626564795,14697529.021630991
2415.0014496352287,7610840.512216142
2067.037878683159,6374504.913346575
3695.944317423192,11436211.883626727
2137.547329228996,5832473.559636913
4249.734372629409,13465077.860008767
2544.2182596219136,7419164.59311236
3738.012859694457,10664030.258046038
983.5394739884895,2731009.539554562
4307.536334998003,14164492.001287764
3810.7309405014944,11238334.3882587
1452.7255030788456,4195628.273501074
1153.7870438560399,3365308.7912532813
1923.3155692653097,5695636.516080202
4892.317637143569,14286214.87853008
1655.742085551764,5038832.798258357
2552.57244025985,8195514.774878715
635.0910157280134,2062417.704923394
2287.5238830480466,6306988.999694147
3070.9400694489623,9040647.255880032
4789.060756285843,14091418.568806715
2825.31220223029,8502406.34080827
4185.982967799595,13223174.739179943
2962.0743915600524,8811781.776669715
683.5325604598315,2006520.2469442992
1917.5372383539832,6641434.124471664
3089.9727852399647,9708021.351555724
4777.6728466900595,14620059.181123445
4366.08661888055,14077325.664292539
1527.6002638048144,4827706.41881145
1490.4942350862357,3478219.1342699453
1405.2783520125536,4632167.934977841
4651.245033361264,13157730.871524468
4336.997688957743,13236995.751164451
3986.9754451382696,11104054.548350189
2267.308014009024,6568496.336827113
2769.7131693444508,8127247.243228416
2589.4928515781876,7383419.001118686
1640.2914840171768,4746448.453455931
2772.626207669451,8834159.48318863
637.234465337395,1554726.9399324085
1093.1466807385664,3552010.4819709696
4489.653182760259,12986134.728477128
3882.5589516414047,11552927.06672815
2402.9078407658917,7370643.1554614
2827.1766302774477,7983265.682523062
2164.9949868198983,5839124.74400435
3833.509402223026,11746467.281958522
4028.842306544358,12648067.119303394
3934.783355914216,11764817.55799896
3751.752761755023,11026601.831986718
1420.269524117581,4338646.266196937
2020.8649065821546,6090334.679129154
2614.3044574265373,7964364.642635237
1988.5684614244503,4701582.834116494
3897.2309007124804,11157140.556554459
1982.090859124796,5523657.5246559605
1122.044390534017,3441566.9858578327
2295.6820342173683,6979985.044463238
4909.614947520711,15046935.086904151
1516.4663582010915,4678189.949208492
3254.7139652445308,9113774.360539924
2448.3787242786784,8068638.481628565
819.6105544219698,3094790.8149770927
2695.4447269912675,7457235.53596034
3659.739478917406,11145571.083939308
2809.4898912251842,8130757.481054044
4424.477286859615,13342863.855179118
1800.216574959122,5927304.864698301
888.1212708678422,3729415.945764006
4714.545252461027,14519274.609954387
2201.8835728769855,6753118.086186024
3093.82498154135,9111564.3604699
4064.014067585882,12283109.638263233
1959.4114874401125,6558120.408984495
3722.7404217992503,11145866.88701796
1109.3848241802261,2885098.1468668533
1810.8218624247738,4622620.654516008
1151.1978626143396,3710117.521548144
4150.53751280611,12575256.601232197
1501.9215585205343,4182810.588930455
3728.3159993234462,11697955.060823988
4744.842787605437,14023639.930622494
2874.9749408099465,8557602.776517441
2930.1313651730948,8782062.028870312
2574.651056440154,7548476.798251418
1966.5056452713923,6017449.468688962
2640.447639162127,8497100.490452882
3212.6338952004176,9066660.736542042
4936.962074767967,15055146.293540906
4719.940516932009,14245900.885599246
4379.688312319047,13215946.851729494
4501.087410671862,13939184.51695263
2605.3213248141933,7840612.687051159
3458.4994722985916,10615613.047848627
4527.800253212963,13941333.074424462
2268.278442461089,6552652.7271929635
4827.93115255461,14633385.18807073
2371.037279311324,6987718.034328655
3204.87199426947,9548275.092948463
3694.121209725674,10921332.930937855
4777.664058841722,14568532.37857361
1600.7732332351973,4843142.054214718
3857.58940207389,11770040.223380007
2843.6701376483697,8522251.731497234
1708.5071327928847,4323460.892143492
3994.7307790837576,11999876.545301126
2985.0002607823094,8986769.759925338
3474.382192923541,10544444.547347352
1953.0548086005547,5562299.828958793
2665.7327832242227,7399463.491339912
3278.094129446302,10146585.710786045
2322.098664214298,6829492.714375809
1392.676429314656,4263651.311786465
4827.382215418868,14341416.606312457
2801.6039301917785,8401780.877688538
3802.641666294652,11183282.324916054
2349.7123710022615,6565095.3184298705
2098.0929381157234,6531144.644731499
2332.2393431020623,6695157.985193127
2341.384897035424,7106130.431553677
2948.810521738791,9051661.676167412
2945.614414916134,8543436.88694686
2737.1921714729224,7609633.697232274
1106.5360321284716,4532650.903311941
2732.3396532523902,7933133.021784457
1260.9675518929316,4094611.234979374
1067.6110383309433,4172564.889777892
4696.9057280352545,14485671.05753271
3222.275059164669,9516603.773080232
3467.7052615606294,10369557.590914333
2308.071516500137,6507910.939630987
4590.414013616889,14212090.254329538
3370.6872031084945,10395196.963354828
3961.2644128561437,11626580.32943756
2158.5311106247123,5954505.928324915
4820.053463686065,13799543.522226349
4192.075805712418,13069484.419039352
4342.768083565446,13088490.81517412
1274.8742034158943,3932114.8784140586
1719.3344354204878,4746528.993330284
1785.3196985760967,4624207.544076087
1719.0915046109203,5638581.301188577
4349.336729469296,13069029.706906505
643.4815784386644,2384062.0653448035
842.4499504134844,2334383.287982671
1732.6169178345667,5079441.831985271
1399.4283859224965,4554934.246077806
1543.3682624728176,4996278.8272437155
4090.74435163985,12671015.866262527
3034.069672514211,8954608.390991285
525.967975818356,1885177.5462805019
2431.9524456688787,7850407.069744995
2335.4821708266154,6954060.506639079
1012.7537125004459,2781516.9556143107
3542.638048706557,11299287.947778054
3659.4373477077097,10651089.176347475
3744.0194857344395,11546796.705760557
3778.1192550136643,11305146.609781062
500.2377211953356,579930.3553437266
4792.64361731025,14942227.88567004
4163.939451745984,11112891.540464267
4567.917634651783,12711688.870576546
570.3948288834536,1974849.5263906966
4702.3645810358275,14370629.34244654
4144.048379096472,12113355.20835065
4267.486143314143,12876369.475094052
919.7932312488583,1493664.6708575727
3824.5011301336895,11826991.122636368
4819.62510338941,14583738.053695027
3553.4630363817228,10637567.682478271
3067.526320810729,9212999.703501074
4755.333549870486,14512627.737707976
2493.217047804962,7465200.381665955
3196.8210483971543,8653435.393825853
2643.5223207246477,9028733.079435205
4697.807996121346,14693824.398078265
842.3812704447827,1884671.4803569338
2755.0386537140666,8092547.345903905
3591.2859862344726,10655840.863625396
4063.579422900066,12730163.051954681
3123.5839134986136,8291117.272835956
4590.129848546543,13520885.413424734
4738.961510977423,13336566.311263518
789.4365043711259,2225761.7551992084
2310.6674279361846,6695751.8372661015
605.565597745195,1856543.826926941
1982.3749581849931,5644687.675050388
2915.9069808677095,8372209.246907866
4598.57718729477,14105559.907765884
4309.494451094313,13155819.723754229
1073.7487700239358,3496945.4814609285
918.6366863340306,2667460.013756671
3151.7030244050015,9169239.78210241
2894.530876064522,8624166.387183182
1698.6993864351073,5346679.194339548
4547.538880492259,12554226.790990852
4673.14884257699,14216502.492916401
2311.751472530732,7089823.511259595
4506.361507010841,13550159.974075384
2227.770024183377,6608653.3616142925
3815.675743233651,10163967.536734747
2641.739978964759,7705293.305344073
1051.6242042823235,4049591.9683856573
4675.703905566597,14033562.364483945
2543.434670198915,7476659.091259385
3805.1916814508163,11424028.142147506
2152.2821649408147,6634232.929136449
584.963953593056,2084301.9831239
952.3866141132617,2742719.760760814
2732.98765770466,8411422.774310822
3604.839607068631,11652844.222586572
2006.308969606756,6522052.3085366255
3629.6980662994265,12059244.30682677
3643.8601524438022,10603195.278155548
3667.711582975239,11841229.502676724
2716.348343092288,7753708.209315566
4616.987675546768,14027746.100010535
2701.38433091277,8470391.25735736
2526.1933707348717,7323191.516252379
1397.2136855478216,4235623.195380602
1884.4478931035144,6108574.230536464
690.5052163323651,1716380.1998411412
3350.908821272766,10887418.193592122
1618.410847671918,4162934.2306520795
1868.698645184593,6575941.656917971
3968.665347489445,12406659.109868132
1972.4953242265424,5872623.184515738
1589.8815140591398,4568310.436559053
1260.7598711016758,3528765.481909516
3986.8628098188015,11892690.609327896
1083.678160955121,3226786.55209095
2541.891921126591,8253288.886697064
2781.185522347375,9327883.617234416
3593.2546070857156,10879453.78158415
3349.7756704984795,9626512.767500738
4148.243028253286,12171866.064441761
701.3814526680717,2012598.965698573
1833.9832615072874,4986888.731873474
1760.6035344892089,4692339.902413937
1157.076075164487,4519791.831679975
1801.3021423539942,5555213.190035109
1893.9439136430653,5265265.174089022
2848.4800786736523,8953742.021199813
3486.670155168152,9870837.403101034
2214.9523112531633,6096850.909823963
3737.6160409102154,10811326.922198523
2012.74402360811,6865488.711256847
1806.2765479164216,5292389.610860078
2935.3462513566096,7585185.260618586
606.7236213760577,2425203.8307159697
859.0510563530017,2423962.4869778263
2380.8629461393716,6217884.835478912
4743.107201262904,14070979.859807007
3746.8030092954064,11500910.97618867
896.5695627525099,2891733.2715240144
4308.431057513932,13824500.662124205
3795.3534677368143,10959676.471925477
3249.2593656619392,9771138.157118304
4191.318322741297,12224170.32893468
2318.4943148433067,6184386.497436308
1496.7547288423375,4933027.87267999
2804.105250989417,8643950.537542012
2969.787900170632,9051202.925361322
2922.468674044604,8980801.118763134
3042.8320616604738,8785759.75863721
4769.172132076314,13804668.852569845
4560.105303933041,13699139.597883804
4440.726664515227,13902785.694751486
4106.375649088823,13123165.514993243
4745.426482693784,14633995.80148507
943.2258875573146,2844264.876055992
1693.0546765058277,5214055.994217451
2727.751755445632,8189052.195999582
4309.405219055323,12415243.987316255
2773.2457018522964,8332060.794662161
3866.1563270371494,10931055.572317202
1125.3195736201228,3313920.107808849
1635.8621583945207,5725639.030481722
3792.9924276695256,11790406.894400254
1241.3030399947584,3262349.5278660106
2081.1017059471706,6207090.58302037
1691.8981601610715,4658506.324605846
2074.377624001153,6191875.987914855
3687.4582208508664,11582928.57081488
2155.3123151426043,6792440.914582765
2998.684951735731,10238126.895579861
949.6934467448434,3445319.041488316
4122.579619555825,12469739.04920632
2164.498815416562,6832071.433316333
3418.403715650041,10153989.559858454
3764.253207478247,10729007.498891493
1443.474149502652,4983310.737651717
4481.037432290075,13947608.03533605
3273.0091322312883,9698500.289396882
2429.263137881667,7424757.28211067
1320.508326101988,4581994.571998367
4740.35422055543,14644238.3747693
3897.806918592313,10961870.130152091
1436.11053229962,4430141.607643773
2019.6984862590102,5975279.696032849
4143.53416139633,12987102.833758332
3630.549484469025,11407169.822798407
3946.0293172207594,12497391.8657513
2485.404959958196,6897267.710514483
3724.143181889751,10780373.778641133
2239.2217528876117,7274706.476730554
1450.6831262218839,4056226.4709944283
3347.04665678612,9280423.479901208
4892.062665194574,14942486.239390755
1897.7043712789832,5419503.893703964
2574.363164956428,8617984.880023485
3533.0061698143413,10747110.786437256
2936.7782695511955,8890464.45197442
4295.425080690722,12701653.296264289
3927.8421791128217,12578944.204301951
762.3374173806067,2466289.48208673
4992.895552656983,14774436.898892846
3885.8110417376024,11260391.271910084
4387.564923323509,13125958.242688417
3430.389704429059,9802345.694709774
4353.28307621043,13574287.949470764
1005.7233871791923,2112999.1345254597
2064.82026001692,6124703.765884225
4443.894246220218,13636749.511204619
1407.4484507010152,4393405.062157874
852.0894436101023,2197626.8443224723
4046.5352297534855,12469735.042613732
4259.687700394833,12336043.406991545
1231.934981854553,3684612.6173152537
4344.556922522219,13359591.553556835
3590.4550801872633,11002821.630308347
2840.3720744746274,8183596.717714148
4236.125867516233,13307124.860830879
2386.621621935346,7203212.151548805
1372.9728030052875,4490416.114485438
1781.8370447477614,6110061.637579908
2773.2380823199164,8878474.521347053
2890.9885670292906,9233030.404253393
4125.113718985551,12471681.121881388
4061.087256435505,12580229.32976177
3116.149507420587,9455246.809543919
4013.5346751446436,11435941.791544724
1362.9805623215193,4240313.583217079
725.2903719198246,2304051.6076287064
4431.352201856151,13585921.28632936
839.995221932463,2455987.1781906914
1610.0979338479879,4449566.023162038
3628.9352733097307,11215058.861516805
2342.515719322891,6370911.014342549
4443.41286461979,14059648.161787603
1840.909075980213,5407018.197338142
553.4210600121169,1783027.2660644348
1852.9503825233485,5838130.224210831
3101.3377213317426,9599357.186417324
2191.72268931482,5870675.917968593
2906.9274009143987,9132825.493015328
4444.691534757584,13485651.51846089
4606.182744036659,13500917.539830672
1696.8832909435046,4715816.397357557
2579.6321297145532,7571869.848115237
2971.1480685865304,8264073.3624543445
4771.006055997112,15174151.863484848
4993.777936239731,15724409.471290866
1559.3326197868698,4903847.959848579
3771.4094210561693,11202529.054997463
2201.1397800493783,6504865.346179438
536.4868859879596,1988493.5110508627
541.6363509615605,2503822.502635657
2572.547034030151,7432442.732292081
2697.507108519506,7533728.304246856
601.5636345804919,2578511.290539111
3591.1733754843613,9879950.832660858
1823.015248677289,4964780.3419055445
3019.5189569117724,8935127.92447989
1854.1358292443845,4782190.753830638
1252.1044169118823,4312387.782138946
2332.281823694939,7425298.106337367
1545.2301415572533,4348293.811064102
2906.604396136256,9359620.247997642
1394.7283862891597,4908831.3730693925
2787.8268949008216,8306895.360557432
1208.203316909904,3399275.8619457087
3519.3861926860322,11687959.591929337
3892.7195799864085,12038739.651001303
996.7740541247019,3118484.4888585326
2605.1108541680264,8497105.535823885
818.9226529469311,2607733.2763423035
3191.821004939011,9322652.721857438
1689.819340683404,5109537.9022939885
2874.3100557741855,9142257.310982423
2828.5745422293103,7489630.843513324
4659.594557872102,13834768.303896697
2970.874501559253,9604152.203968562
3123.4931587324204,9114545.275650503
2307.4390659397113,7695371.478034839
4770.858214322676,15019946.552647933
3997.3365924782433,11959245.219690256
1784.323806362787,5068701.76664386
4298.943135993044,12753149.970904315
2445.783620832905,8669658.108499432
4229.002145901173,13624218.661170142
4202.996307320759,12671684.407865647
1349.9158404328448,3745670.74548833
3655.135091226096,11023925.79146892
1807.8933618793899,5545593.548946552
1838.717014967007,4894471.676096343
1833.5663459626132,5540719.672495469
3765.0571140197667,11956373.504465165
1534.2171880664123,3702973.2235910003
504.07625860740603,1925520.758390842
3718.565840671849,11843096.507042937
1270.3313472580637,3530715.369227007
970.1707788852559,3757600.215751296
1568.8225426732706,4361299.096795639
2209.552350452168,6849198.382286706
2641.578473629403,7771349.078556394
700.5651832068387,1948197.3710392143
4867.579996823122,14294090.455590343
3722.2837403880117,11516138.961595045
1954.3732939595127,6287522.610744263
1934.137657784288,5770201.873564269
2518.441472158067,6875340.309638063
3318.1017024336484,10155890.190618139
1158.678799650355,3687043.5786564117
1350.1841619422853,3942194.9801336424
4367.455622750978,14035982.511843339
1653.1471575008266,4177476.840052152
2210.877490888299,5523990.617538112
4420.723329275526,12896752.537977742
3484.1652322992013,10807707.963943329
2037.7034570375974,5585188.052395873
3576.6479557607936,10239458.408019343
588.5744692163616,2241234.0757381623
3810.3919700511437,11662449.871552307
2691.572182323078,8263247.001783434
4159.319662780075,12868673.448072989
4795.869434029108,14175011.825450882
4666.048472725558,13808653.381147578
4591.6926955490335,14179967.722927812
2804.764801702492,7741851.014716876
2120.6395136252213,5290558.61767639
2592.6589612880275,7561334.797050155
3604.5320149101235,11279032.689263217
4477.98999592034,13561749.837254422
1431.438363500538,4722960.842563122
4631.8692130776635,12887460.484021408
4168.311043864501,12662681.535755249
4904.852068302056,15041488.457227357
4461.132979767592,12708000.227997432
1759.71798361358,5710182.746114012
976.8016010482146,2874645.3548917472
1005.0848239621488,4550922.822689448
1810.5049336022425,4342896.76635836
3263.8267579304265,10476037.457628654
4119.4414674372765,12161245.354048792
4546.626381417042,12831303.287031103
3306.8902296615474,9657193.117202146
525.3409073662418,1714762.3427674584
1338.4254943334008,4534009.817782724
948.7679173401557,3707285.896086555
2134.960140060545,7115826.964533807
2756.0794713518567,7785547.403703323
695.2873036035238,2650944.25694363
2068.1508910804487,6400095.151801783
1306.3085358139515,3591624.0969773605
3411.8157481649328,10129491.947756058
2589.22566195953,7412755.656156229
2728.9294112025896,8205334.404575997
2424.613046150575,6909010.197304665
4802.088697189552,13892269.054959934
1466.3080630470345,4638483.753032489
2824.9891692974343,8789332.782022122
3812.0781576440118,11342435.972886229
3005.7998591055316,9701225.22928458
4680.593985725605,13911566.66392926
2200.857600385779,6451185.528594567
2586.541125979301,8089867.869110751
898.3504184662779,2628838.4629271654
3240.495999733678,9763886.863714106
1796.9538580164772,4130642.338739899
1221.3906778200599,3672525.7258291673
2950.3908180702865,7937574.485475229
2895.3961852095977,8075713.270129358
841.4223855082139,1856605.8871468895
3641.9695407251274,10404617.045408469
3306.974857928838,9646497.643970387
1350.5777723592373,3808487.0093049696
2612.456879693197,8169508.241208154
3741.4531241535196,11335553.279527908
2882.460832435744,7696845.282898239
2279.700842826066,6880749.8472516015
1950.5230613642464,6010696.807384452
3246.772399898241,9576033.941568244
4725.989142396083,14147524.438734896
3522.8517821486753,10663710.409144554
836.3565663634197,2891369.4979080493
2573.082380669602,6931807.148277439
4508.708591797824,13403967.256073646
925.080916104891,3529410.7973435377
4949.940704618945,15558152.768005813
4770.812271404396,14737905.278101077
852.2351632844413,2825117.831831162
4700.3599420229975,14928397.200270036
2134.09665616758,7361213.969306073
4301.191251841381,12839033.761500718
2382.725019709722,6663458.837485005
2483.848007161321,7316397.862671716
3354.093909398942,11610629.485082852
3985.148386741925,11170766.988863178
652.0511792671189,1720883.968036648
3169.2019798721044,8801260.363369998
1340.2984734381694,4083277.351753201
2056.7728303844133,5568972.976705806
2065.858997698474,6143201.481678613
2610.7715309951914,6857267.012976195
2003.6138534427803,6319651.892870666
983.125033028005,3560547.7273180024
1155.3293233645313,3274016.1590618645
650.4709350249395,1883847.8015369675
2616.1208839793944,7766659.036572527
4795.014626838449,14475499.21812786
1020.5385064165245,3042530.7257663594
4758.190218513869,14658629.131756954
3800.126816294421,12016900.015608735
3368.7446132037344,9699198.22836511
3403.749898956033,10056585.450480951
4220.27441778327,13111632.977812184
981.1393897091962,2232583.6450980725
2771.3944560449377,7328822.727212029
3636.9101221734136,11023888.34296948
3140.6920028310365,9670249.214028355
4247.505819604826,12381367.364837682
825.2226905510818,2186342.544593018
3608.1546777462468,10444367.872368291
2903.12478673123,8275911.740521473
2206.2238879097454,6965419.5740315365
2031.2374200531387,5503463.016660597
3293.746847483868,9748479.111734929
4509.479185899192,13075769.473940149
2732.791667455019,7470730.514414448
4211.2542383461405,13068851.802411806
2309.703718297854,6669198.543806792
960.7750825692945,2976545.2879182617
776.7758140638734,1576289.5022911155
731.004670956549,1822044.2859914093
2210.6756388095146,7010070.856776047
2017.5698787612894,7346345.364206523
3730.716606301563,10204041.786709532
3842.696757131896,11427536.373750975
728.8428597518292,2392668.878327238
1495.0546830005674,4177113.9723820603
1734.1783257150487,5627295.970642207
2964.253928642642,8459395.45059777
1150.3185075812762,3527879.3528521494
1102.7354873000018,3047170.509650825
4747.050001435811,14850865.54578482
4118.913082840014,12018556.997002238
1312.9470594102663,3762904.280087541
2329.5551355747093,7461509.925472706
2100.298996659045,5786877.660430702
4059.518333294333,12212930.028264783
2795.9581241515493,7476607.200611347
1075.3238164706017,2682004.720097268
3825.4642842030976,11667458.490554696
2285.995902012135,6362638.951268288
1683.1591143446617,4777190.877122089
2189.743799093241,6815774.5983036915
2739.9045362310335,7930120.538119636
2044.0198238765424,6543480.508237806
1588.5759766629103,4873559.323731763
2293.2591296179116,7097618.944815987
586.2780983745421,2379317.0944928923
3976.2403074334125,12088632.45360727
1269.252021054136,4577179.70839708
697.5707613378676,2548343.425532514
3441.6441180728566,10063206.139301343
3982.712579706525,12594711.77663021
4162.2310921677945,12618626.286954857
2720.7913219726997,7965034.111587848
1424.1568311049339,4411663.340975243
3817.5245476242203,12008737.055067793
3648.708847194517,11173649.088704662
1608.2183034642796,5735851.326668537
4565.334901382568,14239269.983097116
969.6715613727305,3170594.7008192725
4922.097078160966,14253257.19311232
4371.115149398591,13023479.191190712
3595.5439046558386,10822463.783842942
4724.374497259248,14521439.242386615
3750.400257456685,11569867.293006152
1357.0564866352065,4155939.665014763
2489.702621507653,7529282.822211545
821.7636094923591,2825519.276015112
2253.4584002965194,6331082.088074566
3837.213588817439,12359398.676077245
2238.9950791886786,5693401.794984301
1986.3237896066034,6686676.109905825
3179.1007512964034,9514709.48967663
4424.9203804950275,13776051.04862088
714.124366457506,2324293.316518824
2234.6169561488095,6876868.073901829
1212.083338168682,3913377.2525193067
3629.094128293413,11291809.529424129
975.7605219401069,2762866.1525267004
3491.6349136111003,10992304.30609642
1787.813918590583,4821206.443982357
1395.1256618175112,4182711.6987894713
4713.586510212434,14558744.492773442
583.3605953568014,2247590.5758783487
2469.99772350306,7640387.594639881
597.321466078072,1595268.1792563482
2676.1687164694804,8476860.038592793
2754.713200074882,7929456.480665269
1947.4811212763616,6718147.90070354
1094.7279988626065,3241848.5478379875
2193.743919805139,5811418.912312436
3525.183229696547,9978207.955081366
4020.7811389000663,12084165.235139992
2888.3777107466403,8735045.767902948
3154.2547749789,10447592.66741225
1402.773670060937,3689071.341375698
1792.9864995244225,5398690.598225233
1228.530245235613,3155880.0321658105
1621.8290750207511,4619159.798455551
1511.990511014893,5377957.548079348
2837.519538760569,7944390.504703712
3032.099401058282,9389819.415208763
4752.26339369677,14453243.860597508
1380.0679119568538,4128118.022691457
3387.540695726732,10422340.398776064
4177.666710443853,11952989.940359915
3021.0865870237362,9891421.014972989
1647.5164362548408,5904972.056326282
1681.476035090001,5067980.45414966
676.6387388194996,3241469.2817652756
1874.4990194681677,5423983.0926295435
3850.7165555152105,11752365.663473772
713.8299074319967,2857434.2541832468
1486.8287712717379,4230984.083703759
3678.046243393019,10343364.200739337
4021.932032702945,11259937.565299409
2548.932845278678,8677211.817787364
3641.3345231539197,10659491.24414237
2245.784758947014,6644485.895131792
1219.6096026085738,3102446.768665194
2291.672720853079,7349187.802223831
3109.855190914143,8938785.643130137
4766.239768338006,14053087.791183356
809.379284399048,2577898.062905224
2783.2734223023226,7817797.303284181
1980.1390019482596,5851125.871087667
2787.4026242451255,9063312.667487012
607.8895131943925,2037795.7383416092
1908.614096157116,5791113.434685526
4189.406663871523,12675652.346346501
2992.7378023458687,8783645.859049324
2527.6212176725285,8580939.812895048
1784.8628227190281,4948509.902890051
1841.1913525611017,5629037.13866527
2223.95645115763,6729382.136644294
4260.068194840522,13284585.838088132
4852.459430637207,15108965.261308443
2473.9492160766854,7405838.245986521
2270.087774364928,6955596.569651309
4309.478491189382,13092702.85052512
2421.073942863366,6127151.000804794
2984.0817753304304,8157750.524752404
1539.2374906943498,4315180.626722065
3845.7614110058385,11256484.894829081
2893.9474322185183,8082201.085673489
4140.655476081538,12796757.713931428
4013.2972851290137,12040951.065895777
1467.5214572151285,4295217.097951966
3720.359977509931,10533002.295276098
4100.244835781172,12278462.075221121
2057.4825835207776,4859105.372563027
1276.7410080602353,3748744.8687777855
511.8447001081468,1567125.9347283186
2529.066438919167,7708156.808918251
2085.9472919247874,5475790.994034722
2997.09425221434,9103691.124988757
1346.1849166495358,3517839.115016336
4368.494964499138,12699249.977351248
1659.8984703264935,5338661.103890813
1518.933222894425,5563856.530363146
2663.213254179602,8015319.141940146
2744.829606849234,7825941.091227586
1467.8835295329177,4497985.812353753
1723.373270266621,5639634.389549436
1263.6735761986022,4101519.5115321744
3733.0708024542505,12570768.843594624
3965.4006406433687,11538533.137382774
2580.478238566772,7867550.455659964
3713.3916020825786,11914633.782956837
3811.7092637185046,12178207.40966478
1122.2398745501387,2391680.6603882257
4847.801111755415,14541724.525246255
4194.6437619339395,13326191.668726169
1420.1755753812058,5705848.221343186
1337.742660857316,4365125.924447357
1065.4751551081224,3012493.8184761256
1122.7035314386326,2863509.0180972028
3866.728095629133,12709555.965652823
2613.444156282306,8204703.262079797
4023.2037773294023,11645577.868545497
3858.147024575924,11472862.890560882
3220.7572107734973,9817364.890734844
3588.649729604058,11037852.515756233
582.6007597061381,1297992.9503455192
1902.9994106225988,5401903.02280505
3370.199806667346,9284132.138815558
542.0522906880989,2146038.0168666877
648.3962465716703,1774379.5063298529
4333.495921116724,13233648.587941818
3578.111877614323,11445464.887131132
1694.1637990415477,5192426.468311616
3595.8327805341905,10731013.103628037
4066.055011126685,12295125.77182202
1880.5742739954558,5673319.62391148
662.1681987463435,2609587.0951780025
4697.506061094805,14247937.38205381
2053.309272330337,5887727.307201555
979.1679347811787,3461428.332788411
2713.355921269163,8755309.941986665
3958.105080488602,11205149.928055575
1497.4129157790162,5258630.689721102
1712.705225600135,5320471.563404648
1592.2174405936241,4918287.296854172
4962.528737742552,15390898.529025912
1388.3168017874414,3881462.209860184
3089.840976347558,9746605.186138136
4663.69088745634,13802684.927500091
1161.0345599500065,2745628.3399948506
4868.843890404651,14107653.531660486
4763.64755478031,14574453.580792543
4480.573941762182,12968987.655289216
1465.50434598501,5201551.099549854
3353.247752049425,10654384.982868096
3924.0116283255807,12438754.467993226
4937.125676883934,14873766.320490507
1311.9071993661669,4064652.4067459805
3947.116547836834,11244493.716388363
2024.6052646720084,6571707.54909477
1290.3190950560106,4060874.0126865744
2396.1962354623474,7472241.519033172
4072.2616046687735,13060940.719732761
2591.8241166682346,7472490.858030949
2918.853950913718,8693491.077802494
4978.217345900545,15097987.49847272
2295.991848008417,6420257.841295897
3269.3033961915794,9714110.777936319
2143.5989072691737,6677271.6270410055
2267.5354084791725,6639895.589751102
3630.3833905043366,11545644.876377566
4720.491392426976,13406011.89637243
2940.6152772154464,9383231.451763012
3957.7996802695093,12203991.778216532
901.4295146763372,2419874.2502507167
1450.2111684436713,3888429.221216015
2759.592384137896,7238635.843792462
590.0527563294866,1372570.7627815427
1637.8474044315146,5437130.540796042
2828.3058042123475,8456874.549497705
567.3253921533532,2283466.6166559802
1690.4582880171877,4761439.328739286
2813.1386876414126,8792969.142977519
3079.1716159156053,8878765.546704605
4665.882618748875,13514860.353141705
3404.0553046277355,10158602.305297868
2366.311111384972,6766450.078494917
4686.580297098805,13288329.81677781
4031.9734252450744,12004762.925376726
1400.0401450073641,4253338.143237737
1088.790626069689,3900551.1839571013
3541.152360842298,11091859.921093425
3019.4742450964272,9668394.334905697
4053.531262067401,12520772.535398956
3824.622725354089,11640174.555537255
3313.4519023588177,9325883.253840506
4938.719772330015,14891095.415957684
2901.153785496839,9001858.245155925
1008.9759042577393,3755646.687458436
4227.231041671947,13024837.395881748
1633.3401305556904,5520212.108969782
3997.8596666476324,11477580.054260278
4806.981932000232,14257736.982926648
3635.5798128395354,11121414.795349242
3182.135724274105,10126883.518193595
2571.7377905376825,7642599.048693587
2139.8443969793148,6378310.211363368
2088.5213793732632,6609134.291121279
3363.6771756931576,9528096.11350691
3880.7290262198567,12445889.353571285
3553.326812679865,10220412.391485753
1392.8454553710321,3219241.654333445
2722.94231064571,8173860.436198422
4062.380324823783,13036370.325659132
2640.668351850753,8215231.620719064
2914.8047588097224,9119959.547930984
3970.1122167687,11931029.531459657
3475.6938781929116,10350892.885943146
2342.052143970767,6253701.747115742
4529.357200373985,12458378.472169861
1231.5518089856537,3792791.5961773926
4979.824018656462,15595746.653139498
1034.8366031430674,3276576.661843235
567.2748699690751,2013624.3734332318
4505.085055169441,14307113.938328095
1602.2907876468023,4971255.788660936
3783.648323510244,11289617.420376921
4149.569187194312,12039445.158757903
4365.438759644526,14107422.560419621
4962.17406048875,15149796.071043089
1823.1786951799959,4997735.227580322
3696.0950386726663,10502701.282117382
1019.299362263727,3684429.950255637
2330.6418111058224,6473204.585113305
4315.872619906657,13874534.938471083
2154.4612072659875,5085152.223252607
3159.929212410263,10191085.236125778
2766.9804967608534,8544388.895863542
3406.781890004203,10279642.881541045
4878.024752244627,14546345.039213
750.8098692563095,3197794.5320659433
3082.8268287573337,9602009.915472602
4383.629506626281,12699286.715431118
2666.222202867924,7139211.630589331
853.3723367370776,2648765.616784887
3022.427085875469,9066745.6908577
1994.332508707192,5223063.5074338205
1197.2380340207114,3564017.3393209665
4320.655309775629,12674998.612789785
2847.1978084600473,8546238.45953349
4699.7438557058,14462193.372941602
4127.074270713811,13127527.785873448
3618.373071981503,11309563.734129153
522.6147651439037,1207123.9205166083
2425.2055548721246,7460074.2290309705
1388.6882674341455,4197618.363048448
4598.590599719905,13129707.321844265
1285.6279310436212,4056000.1854769997
1787.2702324667848,6290146.8663592115
2825.765454805246,8493509.66650924
1685.1362854913566,4258317.516611369
1444.3910477560453,4348307.4788224455
3195.946962962386,8980984.789400533
900.1828523976073,3132351.310635966
761.7549142441612,2547697.2385950484
2175.1038283373214,6439856.458274593
3742.9900452853803,11063388.002928229
2996.630412232766,8883774.085890524
2402.9441081005048,7212969.571472674
3045.8820390106207,8751528.606361091
2144.531680939731,5739718.502318474
4712.658509444508,14707325.001680847
747.0720090984845,2048515.5390469744
3530.261655634258,10674306.518987346
4510.771991724878,13674956.95075838
4117.481189308641,12513453.80775353
1328.1846566965103,3397644.971540319
1831.6685704112977,4657085.62895797
3726.7157241819714,10885800.910199918
879.2175163134449,2835508.3151488113
4153.377649246628,12096158.014002725
3735.0812507215564,11027783.075315053
3783.2299215590415,12413338.471551908
951.0861662041613,1930546.5562102161
3729.9224516730387,10812250.357063867
3559.181563489865,11625846.72475656
4239.1512086983275,12695154.29009737
687.1818031541128,1708552.826712883
603.9980081050649,2396378.4828207544
2178.5319494535233,6563211.0666011255
1169.547277321188,3334487.6344415606
3012.730149065999,9134374.910716752
4628.07005678037,13555155.765649727
2261.6587865030706,6276230.828065173
4302.276697726718,12850031.62936278
501.08393533039913,997753.3259531939
1258.315895566329,3780294.3425972266
636.9059284433853,2087921.0690673254
1976.6623123178088,6356517.164979232
4586.853180634263,14324522.034661202
936.2845561954448,2605985.4177702083
3228.8439953471016,9936239.29001084
2531.731726037499,7841456.901215674
4723.106955646156,14333230.22484646
1051.3361414169221,2914278.7187755373
1454.1253272600302,3848342.075548035
632.9388587517197,2149817.520788439
2452.708623341182,6504694.588927021
1750.2480480409442,5116824.427838677
4414.576702506444,11966914.599695032
3222.2336593898976,8998499.76649056
3263.4083208906577,9351657.993448261
2893.598135965861,9229156.511712225
913.3265175314045,3084033.564796348
2502.5840767640984,7230784.888371174
4997.773353688324,15358004.958629848
4258.531808807067,13219406.908111399
4520.565743752022,13481364.807068706
4204.518616609248,11921366.777720898
963.6876204394221,2787106.706285209
1523.5171432915984,4521605.227288728
514.0474311038433,925915.097896417
1865.7955619515017,5780910.082319489
988.7333105592165,3106105.8588288273
2627.5700538571236,8105231.511518464
3547.073698582559,10780682.644331397
4435.273827671346,13670743.00057153
3871.4772429090417,11524767.714790609
4723.635181003274,14271798.096695298
742.5423067720496,2028756.778193383
554.8092593744365,1372178.1703123343
3476.021512262957,11097189.352169909
1802.085846000108,4384373.1872370755
1640.754572475979,5360643.7120050695
1988.9918946220741,5656705.246143392
1714.0822605156386,4767227.692725356
2801.4638283571426,8535180.227104131
2480.668012508596,6697199.231350287
2805.9284811949533,8009773.9076117575
3527.2112517519627,10157063.931999391
2242.0872903701675,6615562.7420179555
1630.8845921397055,4490584.932338772
1247.9024156393546,4544266.589737698
2072.633537896815,7116408.871939423
3838.129138607774,10503390.65444929
3905.172095501613,11987677.638887707
3501.0742400789463,10932554.439775627
1553.1267888809357,4930872.967838359
3146.3881063461395,9110107.572492572
3068.103477095816,9082262.650208177
2679.1978914937645,7663456.347092445
2974.905438727389,8714584.300602753
2713.0578468065064,7534191.026085931
3044.553647333487,9076266.531183185
3719.7767957950796,10407929.531732703
993.3268748154788,2879913.347332368
3873.315884670607,10995656.80946194
1111.4876755741739,3437871.2076182235
799.8259928466862,2059768.1980686134
4892.358587996604,14822365.93792708
4806.462959916987,14960179.24393335
771.9644522325382,3110616.8247499685
2494.6404866373296,6219919.165401744
1338.1022223489863,3597209.6201100675
2684.0520371048815,7900613.072758637
4235.797593498143,12937556.689685171
4777.752986343006,13508081.706951754
3354.1369405319183,9571364.618195647
2092.575502453177,6342905.108688085
3214.965045400693,9687339.256965412
1904.0058774880265,5900826.835674126
4594.206383744271,14004457.01467687
4416.802083976267,13419703.468486732
3012.0428762584743,9132956.28709117
1961.5951192116224,5912655.244298051
1820.2535401234027,5793142.165232389
650.3809761727675,831481.5952361899
4171.193829613829,13285748.232327102
2526.724458675536,6477932.350586446
1963.0981778011899,5349713.6249513235
2619.9965974898923,7746609.394144604
4184.320957045934,12889269.316682722
1060.7639346838455,1684658.3586517284
4359.451947088222,13064293.67929375
4538.7897579875935,14012566.793670649
4760.185617652497,14777815.91097173
2288.695965901825,6517423.068456746
1477.1318181695233,4280977.811031054
